<COLLADA xmlns="http://www.collada.org/2005/11/COLLADASchema" version="1.4.1">
  <asset>
    <created>2026-10-05T08:20:52.553504</created>
    <modified>2026-10-05T08:20:52.553504</modified>
    <up_axis>Y_UP</up_axis>
  </asset>
  <library_effects>
    <effect id="5d2abaccaafd4ce988fd1a4e839546a0" name="5d2abaccaafd4ce988fd1a4e839546a0">
      <profile_COMMON>
        <technique sid="common">
          <phong>
            <emission>
              <color>0.0 0.0 0.0 1.0</color>
            </emission>
            <ambient>
              <color>0.0 0.0 0.0 1.0</color>
            </ambient>
            <diffuse>
              <color>0.0 0.0 0.0 1.0</color>
            </diffuse>
            <specular>
              <color>0.0 0.0 0.0 1.0</color>
            </specular>
            <shininess>
              <float>0.0</float>
            </shininess>
            <reflective>
              <color>0.0 0.0 0.0 1.0</color>
            </reflective>
            <reflectivity>
              <float>0.0</float>
            </reflectivity>
            <transparent>
              <color>0.0 0.0 0.0 1.0</color>
            </transparent>
            <transparency>
              <float>1.0</float>
            </transparency>
          </phong>
        </technique>
        <extra>
          <technique profile="GOOGLEEARTH">
            <double_sided>0</double_sided>
          </technique>
        </extra>
      </profile_COMMON>
    </effect>
  </library_effects>
  <library_geometries>
    <geometry id="b571ce7f83fa4502918ca2d026822721" name="a5e582be07a54429a52c6ef3658366b7">
      <mesh>
        <source id="verts-array">
          <float_array count="25284" id="verts-array-array">-4.666686e-05 -0.006932662 0.01034077 -0.0001907067 -0.006951543 0.01027763 0.01289488 -0.0182123 0.04522771 0.009591359 -0.01910508 0.04452299 0.004085094 -0.01948783 0.04156347 -0.0002882991 -0.01803239 0.03637142 -0.001517502 -0.01653649 0.03315698 -0.001747179 -0.01587478 0.03193915 -0.00166381 -0.0136526 0.02840473 -0.000435752 -0.01118982 0.02522546 0.003819205 -0.007167945 0.02149508 0.005513141 -0.00609865 0.02086891 0.007356833 -0.00512618 0.0204963 0.01058855 -0.003809226 0.0204694 0.01191696 -0.003396268 0.02066559 0.0138921 -0.002916493 0.0211741 0.01766422 -0.00247978 0.02291971 0.01939836 -0.002533748 0.02413362 0.0225903 -0.00329729 0.0274407 0.02464145 -0.004872029 0.03131646 0.02523063 -0.006146792 0.03375794 0.02533316 -0.007218583 0.03555535 0.0246752 -0.009579528 0.03894058 0.02326573 -0.01167205 0.04140401 -0.0003278461 -0.006957815 0.01019862 -0.0004561509 -0.00695127 0.01010472 0.02250631 -0.0124999 0.04224758 0.02250631 -0.0124999 0.04224758 0.02118429 -0.01370634 0.04333693 0.01966425 -0.01485363 0.044202 -0.0005657147 -0.006933554 0.01000499 -0.0006626831 -0.006905156 0.009896031 -0.0007460265 -0.006866335 0.009779206 -0.0007178538 -0.007627014 0.011026 -0.0003085108 -0.007834094 0.01162634 -0.0002480514 -0.007740463 0.01151439 0.00229916 -0.008315232 0.02236016 0.0009771435 -0.009521679 0.0234495 0.0002177212 -0.01034953 0.02429308 -0.001191749 -0.01244205 0.02675651 -0.001849707 -0.01480299 0.03014174 -0.001157994 -0.01714955 0.03438064 0.0008931537 -0.01872429 0.0382564 0.002359788 -0.01921336 0.0399992 0.005819235 -0.0195418 0.04277738 0.007665127 -0.01941239 0.04376775 0.01156649 -0.01862531 0.04503149 -0.0001696727 -0.007646738 0.01141397 0.01422175 -0.01772673 0.04530565 0.01612662 -0.0168954 0.04520079 0.01797031 -0.01592293 0.04482818 0.02391921 -0.01083176 0.04047163 0.02514726 -0.008368974 0.03729236 0.02500095 -0.005485088 0.03254011 0.02377175 -0.00398919 0.02932567 0.02112366 -0.002808216 0.02569789 0.01581833 -0.002609188 0.02192934 0.009261699 -0.004294843 0.02039144 0.00974571 -0.003962946 0.02016938 0.00974571 -0.003962946 0.02016938 0.01825508 -0.002312672 0.0230338 0.01825508 -0.002312672 0.0230338 0.0249836 -0.004892509 0.03157184 0.0249836 -0.004892509 0.03157184 0.02559486 -0.007094666 0.03552531 0.02559486 -0.007094666 0.03552531 0.02539382 -0.008353678 0.0374279 0.02539382 -0.008353678 0.0374279 0.02485881 -0.00967772 0.03921845 0.02485881 -0.00967772 0.03921845 0.02400288 -0.01103434 0.04085317 0.02400288 -0.01103434 0.04085317 0.02284699 -0.01239038 0.04229207 0.02284699 -0.01239038 0.04229207 0.02230677 -0.01292522 0.04280472 0.02230677 -0.01292522 0.04280472 0.02230677 -0.01292522 0.04280472 0.02230677 -0.01292522 0.04280472 0.02110429 -0.01397025 0.04371107 0.02110429 -0.01397025 0.04371107 0.01789475 -0.01612826 0.04511074 0.01789475 -0.01612826 0.04511074 0.01588387 -0.01716244 0.04547431 0.01588387 -0.01716244 0.04547431 0.01160978 -0.01875771 0.04527344 0.01160978 -0.01875771 0.04527344 0.009451132 -0.01927977 0.04471394 0.009451132 -0.01927977 0.04471394 0.007348507 -0.01959951 0.04386416 0.007348507 -0.01959951 0.04386416 0.005353358 -0.01970913 0.0427449 0.005353358 -0.01970913 0.0427449 0.001876934 -0.01929256 0.03981335 0.001876934 -0.01929256 0.03981335 0.02106276 -0.02198056 0.03960514 0.02106276 -0.02198056 0.03960514 -0.001377891 -0.01234844 0.02648528 -0.001377891 -0.01234844 0.02648528 -6.876949e-05 -0.01041542 0.02421328 -6.876949e-05 -0.01041542 0.02421328 0.001753885 -0.008572964 0.02242213 0.001753885 -0.008572964 0.02242213 0.002285576 -0.008126712 0.02204698 0.002285576 -0.008126712 0.02204698 0.004593072 -0.006486304 0.02089714 0.004593072 -0.006486304 0.02089714 0.005251482 -0.006087627 0.02068101 0.005251482 -0.006087627 0.02068101 0.008227078 -0.001508583 0.0007516838 0.008286343 -0.001517767 0.0007842254 0.008339305 -0.001533412 0.0008243291 0.008366947 -0.001539092 0.0008577321 0.008366947 -0.001539092 0.0008577321 0.008420224 -0.001582004 0.0009222684 0.008420224 -0.001582004 0.0009222684 0.008320154 -0.001784992 0.0006102553 0.008420338 -0.001857635 0.00069547 0.0001345301 -0.00739693 0.01120827 0.008331668 -0.002016253 0.0004845717 0.0002579961 -0.007322894 0.01116891 0.008404754 -0.002100358 0.0005597223 0.008434022 -0.002164979 0.0006276396 0.008434022 -0.002164979 0.0006276396 0.008227595 -0.001926723 0.0004538559 0.0259772 -0.01787706 0.03587035 0.0259772 -0.01787706 0.03587035 0.004163329 -0.006013629 0.01159204 0.008265382 -0.002172979 0.0003512616 0.008318058 -0.00234571 0.0003896412 0.000767917 -0.00556782 0.008665963 -0.0003501169 -0.007926438 0.01174847 0.008442252 -0.001607947 0.0009678769 0.008442252 -0.001607947 0.0009678769 0.008442252 -0.001607947 0.0009678769 0.004378135 -0.004413739 0.009147861 0.00814629 -0.001896668 0.0004369759 0.00814629 -0.001896668 0.0004369759 0.008112425 -0.001990803 0.0003585823 0.008112425 -0.001990803 0.0003585823 0.008067037 -0.002080016 0.0002805372 0.008067037 -0.002080016 0.0002805372 0.008011119 -0.002162374 0.0002045669 0.008011119 -0.002162374 0.0002045669 0.007945603 -0.002235839 0.0001324143 0.007945603 -0.002235839 0.0001324143 0.007994211 -0.002276117 0.0001230935 0.00807553 -0.002364713 0.0001283029 0.008136582 -0.002462147 0.0001625497 0.008136582 -0.002462147 0.0001625497 0.008159225 -0.002515516 0.000192139 0.008270771 -0.002523133 0.0003763009 0.008167966 -0.001800094 0.0005137533 0.008167966 -0.001800094 0.0005137533 0.008177741 -0.00170164 0.0005885612 0.008177741 -0.00170164 0.0005885612 0.008175522 -0.001603065 0.0006601028 0.008175522 -0.001603065 0.0006601028 -0.001684891 -0.00932403 0.002518953 -0.001684891 -0.00932403 0.002518953 0.008167119 -0.001414414 0.0008272891 0.008281594 -0.001409469 0.0009485084 0.008281594 -0.001409469 0.0009485084 0.003834761 -0.006985209 0.01294754 0.008086737 -0.00135358 0.0009305815 0.008086737 -0.00135358 0.0009305815 0.00815397 -0.001361054 0.0009334183 0.00815397 -0.001361054 0.0009334183 0.00815397 -0.001361054 0.0009334183 0.00815397 -0.001361054 0.0009334183 0.00844222 -0.0015939 0.001002604 0.008421607 -0.001551403 0.000990269 0.008421607 -0.001551403 0.000990269 0.0083062 -0.001425283 0.0009532374 0.008220403 -0.001380067 0.0009395025 0.008132905 -0.001357503 0.0009321827 0.003233819 -0.003984429 0.008100289 0.007995433 -0.001361167 0.0009317832 0.007995433 -0.001361167 0.0009317832 0.007995433 -0.001361167 0.0009317832 0.007995433 -0.001361167 0.0009317832 0.00811682 -0.001463215 0.0007532564 0.00811682 -0.001463215 0.0007532564 0.008161215 -0.001506128 0.0007270757 0.008161215 -0.001506128 0.0007270757 -0.002807217 -0.009476384 0.003759415 -0.002807217 -0.009476384 0.003759415 0.003446328 -0.004638394 0.008905242 0.01259533 -0.004602874 0.01959761 0.01222591 -0.003667083 0.02017739 0.004924619 -0.005893625 0.01189283 0.009248996 -0.004292199 0.01686955 0.009475368 -0.004668953 0.01694862 0.0002199739 -0.00548449 0.008191468 0.008673524 -0.004155089 0.01740314 0.009043376 -0.004306729 0.01750712 0.005258533 -0.006445529 0.01300111 0.009637621 -0.004768901 0.01771633 0.009393541 -0.00454309 0.01762502 0.008902989 -0.004455191 0.01815393 0.009284472 -0.004543544 0.01825256 0.002274393 -0.005559176 0.009630735 0.009760723 -0.004662296 0.01869359 0.003225492 -0.005500449 0.01015392 0.009675607 -0.004684695 0.01836573 0.009969042 -0.004821062 0.01845211 0.008611993 -0.003968629 0.01703297 0.008890228 -0.004097035 0.01710759 0.003792452 -0.00374245 0.008108159 0.009148947 -0.0042744 0.01718937 0.009378172 -0.004509421 0.01727736 0.007977294 -0.00452677 0.0181926 0.008034664 -0.004257963 0.01763777 0.00840275 -0.004260868 0.01769784 0.008678313 -0.004299996 0.01775589 0.00905168 -0.004404752 0.01785355 0.009425592 -0.00457838 0.01796892 0.009788054 -0.004817341 0.01808927 0.008428082 -0.00454252 0.01841978 -0.0004446107 -0.008366956 0.01239848 0.008697739 -0.004530931 0.01845695 0.009116412 -0.004553756 0.01853744 0.003310665 -0.004758503 0.009011027 0.01006985 -0.004744234 0.01877294 0.01048557 -0.004875844 0.01887403 0.01090243 -0.005010244 0.0189651 0.008517167 -0.004635694 0.01878437 0.008883867 -0.004596122 0.0188283 -0.0004907812 -0.006478011 0.009318014 0.009261053 -0.004582135 0.01888849 0.009760121 -0.004599918 0.01898853 0.01018011 -0.004641805 0.01907982 0.01061031 -0.004701346 0.01916956 0.01104346 -0.0047671 0.01925041 0.001242947 -0.007344393 0.01184363 0.01158004 -0.004834758 0.01933365 0.01200114 -0.004861456 0.01938679 0.008161227 -0.004798794 0.01911017 0.008617409 -0.004683118 0.01913717 0.008994331 -0.004609419 0.01917399 -0.0004179659 -0.006266749 0.00902407 0.009377566 -0.004556041 0.01922061 0.01008836 -0.004508014 0.01933479 0.01094842 -0.004502763 0.01948135 0.01170398 -0.004519941 0.01958472 0.002314532 -0.00540537 0.009408507 0.01217474 -0.004374499 0.0197247 0.008210014 -0.004837394 0.01942228 0.008914827 -0.00461638 0.01948489 0.009451874 -0.004480185 0.01953131 0.002614225 -0.00683959 0.0119193 0.01021158 -0.004342408 0.01961907 0.0110594 -0.004243435 0.0197344 0.01166856 -0.004126859 0.01986097 -0.0004334266 -0.00547036 0.008053263 0.008228361 -0.004839888 0.01956429 0.008966531 -0.004579728 0.01963842 0.00948713 -0.004389058 0.01974682 0.01029887 -0.004175867 0.0198164 0.01068846 -0.004163989 0.01980293 0.004909686 -0.00640524 0.01270936 0.01235917 -0.004003624 0.01996866 0.003218606 -0.003947542 0.008101738 0.008814657 -0.004599392 0.01976774 0.00991852 -0.00422651 0.01984698 0.004972494 -0.006343705 0.0126508 0.01152251 -0.003853974 0.02004287 0.008253415 -0.004800519 0.01984579 0.008964643 -0.004466715 0.01993882 0.005057666 -0.005601759 0.0115079 0.00954572 -0.004231785 0.01997634 0.0103876 -0.003958568 0.02003394 0.01121407 -0.003753978 0.02011567 0.002429952 -0.006912184 0.01191684 0.02711822 -0.01283664 0.02847183 0.02711822 -0.01283664 0.02847183 0.002279382 -0.0071323 0.01217449 0.008256317 -0.0047393 0.01999445 0.002286954 -0.007147607 0.01220411 0.002297879 -0.007161392 0.01223345 0.008888536 -0.00444159 0.02001991 0.009579549 -0.004112479 0.02009136 0.01022661 -0.003789085 0.02020091 0.01022661 -0.003789085 0.02020091 0.01049379 -0.003696407 0.02022526 0.01049379 -0.003696407 0.02022526 0.01049379 -0.003696407 0.02022526 0.01138427 -0.003408344 0.02033901 0.01138427 -0.003408344 0.02033901 0.004771188 -0.00490629 0.01019864 0.01701158 -0.02424611 0.04033053 0.01701158 -0.02424611 0.04033053 0.008253131 -0.004693096 0.0200635 0.008253131 -0.004693096 0.0200635 0.0006999243 -0.007374547 0.01153944 0.003373474 -0.004696967 0.008952449 0.0120149 -0.003223931 0.02045094 0.0120149 -0.003223931 0.02045094 0.0120149 -0.003223931 0.02045094 -0.002742614 -0.009569185 0.003448966 -0.002742614 -0.009569185 0.003448966 0.008924227 -0.004283826 0.02015435 0.008924227 -0.004283826 0.02015435 0.008924227 -0.004283826 0.02015435 0.008924227 -0.004283826 0.02015435 0.008924227 -0.004283826 0.02015435 0.01078414 -0.003598958 0.02025684 0.002327651 -0.007182959 0.01228768 0.001313022 -0.008098764 0.01310733 0.01168694 -0.003317815 0.02038949 -0.002928872 -0.009821866 0.004076254 -0.002928872 -0.009821866 0.004076254 0.008246381 -0.004637525 0.02012322 0.008255692 -0.004725841 0.02001701 0.002345165 -0.007190675 0.0123115 0.008256106 -0.0047765 0.01991648 0.001757237 -0.005543316 0.009269088 0.008251475 -0.004809516 0.01981183 0.008242356 -0.004830462 0.01969578 0.008078844 -0.00469132 0.01866972 0.008060466 -0.003993389 0.01713943 0.008579082 -0.003963082 0.01703564 0.008942588 -0.004040737 0.01691685 0.009179048 -0.004182896 0.01679144 0.009263259 -0.004270202 0.01672769 0.009330899 -0.004368161 0.01666157 0.009386309 -0.004482109 0.01658907 0.009592547 -0.004826435 0.0172791 0.009808137 -0.00500422 0.01770634 0.009935639 -0.005072488 0.01789943 0.01039126 -0.00520045 0.01840205 0.01075115 -0.005226398 0.0186778 0.01098677 -0.005221055 0.01882228 0.002443062 -0.007204493 0.01239737 0.01123614 -0.005201034 0.01895199 0.007391914 -0.00513071 0.02005089 0.007374711 -0.005572386 0.002741707 0.007374711 -0.005572386 0.002741707 0.007369168 -0.005184204 0.01984098 0.005592582 -0.005665905 0.0119591 0.007317022 -0.005184769 0.01956879 0.008235952 -0.004572332 0.02017313 0.008235952 -0.004572332 0.02017313 0.006531487 -0.005383065 0.02037489 0.006531487 -0.005383065 0.02037489 0.006531487 -0.005383065 0.02037489 0.006541325 -0.005427147 0.02034152 2.124218e-05 -0.007476281 0.01126272 0.00654172 -0.005547404 0.02014133 0.006530751 -0.005564035 0.02006818 0.006494245 -0.005576217 0.01989714 0.006441197 -0.005561244 0.01970342 0.00604748 -0.00523707 0.0186231 0.007733151 -0.004062901 0.0171852 0.00284475 -0.007688885 0.0217032 0.00284475 -0.007688885 0.0217032 0.002752937 -0.007825595 0.02168397 0.001377253 -0.008964542 0.02268882 0.001925742 -0.008477374 0.02225629 0.02228626 -0.02115764 0.03907124 0.02228626 -0.02115764 0.03907124 0.0008175031 -0.007102422 0.01117638 0.001621882 -0.008819998 0.02232433 0.0002320779 -0.007252705 0.01103869 0.0015709 -0.008870321 0.02219382 -0.0003081985 -0.006147736 0.008903255 0.001980243 -0.008408061 0.02155019 0.004299856 -0.004394361 0.009065752 0.0003914503 -0.00998895 0.0236257 0.0006107282 -0.009847475 0.02324572 0.002312253 -0.005505459 0.009568667 0.0003539918 -0.01015855 0.02342706 0.0005071207 -0.009960519 0.02303345 0.0003732797 -0.01001103 0.02286331 2.674479e-05 -0.01004788 0.02254992 0.0002326763 -0.01003405 0.02272315 0.00654726 -0.005465068 0.02030237 0.006549415 -0.005496993 0.0202577 0.006514177 -0.005573934 0.01998319 0.002935618 -0.005415514 0.009828409 0.001247689 -0.007045982 0.01136479 0.006403664 -0.005541436 0.0195818 0.006361818 -0.005514293 0.01945471 0.006267154 -0.005440866 0.0191874 0.001089515 -0.006357059 0.01014944 0.005930177 -0.005117866 0.01833919 0.005813036 -0.004994568 0.01806284 0.005595416 -0.005983169 0.02046787 0.005904143 -0.005866767 0.02020557 0.005828638 -0.005870562 0.01993757 0.0026671 -0.006830917 0.01193973 0.001375994 -0.007052528 0.0114587 0.004951604 -0.004626538 0.009864156 0.004939747 -0.006355504 0.0206616 0.004327603 -0.006931181 0.01318049 0.005003164 -0.006165238 0.01978675 0.004808079 -0.006038787 0.01936763 0.00457603 -0.005860121 0.01890832 0.004275813 -0.00676357 0.0209042 0.005019482 -0.006286279 0.01258855 0.004553654 -0.006616179 0.02058356 0.0003016304 -0.008158616 0.01254687 0.004457228 -0.006614748 0.02033419 0.005091794 -0.006117819 0.01236352 0.001728419 -0.005614124 0.009364784 0.001967871 -0.0227613 0.02845933 0.001967871 -0.0227613 0.02845933 0.003638564 -0.00718708 0.02118525 0.003582883 -0.007246987 0.02100566 0.001075899 -0.00731646 0.01168995 0.003486322 -0.007257851 0.02078262 0.003670911 -0.007002634 0.02035902 0.003265743 -0.006905185 0.01985484 0.002772837 -0.006523938 0.01896741 0.002730107 -0.00787524 0.02159279 0.002661638 -0.007922201 0.02141568 0.000475557 -0.005836441 0.008909785 0.002555879 -0.007931947 0.02120601 0.005149919 -0.004467161 0.009735579 0.0002363285 -0.005528595 0.00825715 0.007403179 -0.005674204 0.002915747 -0.0002681182 -0.008297442 0.01240084 -0.00046589 -0.006554733 0.009458019 0.00191037 -0.008550448 0.02215795 0.001675525 -0.008649147 0.02168271 0.001909428 -0.008254491 0.02113301 0.001727549 -0.008202655 0.02090323 0.001221096 -0.008046522 0.02035134 0.004973425 -0.004536676 0.009733227 0.0008670831 -0.00949619 0.02312021 0.0001001111 -0.005164894 0.008061061 0.001402439 -0.007485793 0.01217554 -2.553953e-05 -0.009739888 0.02203527 -0.0003599631 -0.005653197 0.008132426 -4.197088e-05 -0.01059926 0.02405879 -6.952151e-05 -0.01068459 0.02397059 -8.742591e-05 -0.0107146 0.02393616 -0.0002329616 -0.01084482 0.02375878 -0.0002875732 -0.01087518 0.02370891 -0.0003640816 -0.01091034 0.02364562 -0.0005593952 -0.01097703 0.02350487 -0.0007999595 -0.01103427 0.02335397 0.0004206258 -0.008918 0.02112174 0.001247226 -0.007866544 0.02009618 0.002230582 -0.006862351 0.01917398 0.002921801 -0.006281011 0.01867191 0.003700149 -0.005731434 0.01822881 0.005260466 -0.004899576 0.01764534 0.005594742 -0.004758174 0.01755896 0.006547973 -0.00552319 0.02020778 0.000696462 -0.005864508 0.009098659 0.005929186 -0.005703574 0.02050116 0.005929186 -0.005703574 0.02050116 0.004038869 -0.006843365 0.02111361 0.004038869 -0.006843365 0.02111361 0.000778931 -0.009485318 0.02326207 0.000778931 -0.009485318 0.02326207 0.001291782 -0.005987496 0.009684024 0.0001702392 -0.005351373 0.008089666 -0.0009492985 -0.0119222 0.02475449 -0.0007706591 -0.01164546 0.02458372 -0.0007250822 -0.0116114 0.02476812 -0.000487539 -0.01124042 0.02456372 0.007071666 -0.005844849 0.00260541 0.007071666 -0.005844849 0.00260541 0.007071666 -0.005844849 0.00260541 0.007071666 -0.005844849 0.00260541 0.007071666 -0.005844849 0.00260541 -0.0005121081 -0.01116793 0.02476644 -0.001537658 -0.01327878 0.02635761 0.00248087 -0.007201944 0.01241786 0.007931687 -0.005336818 0.003400546 -0.001189527 -0.01238982 0.02595827 -0.001323749 -0.01246856 0.02635927 -0.001323749 -0.01246856 0.02635927 -0.001600481 -0.01309861 0.0257444 -0.001568009 -0.01318908 0.02598266 -0.0009281669 -0.01166544 0.02423681 0.004155547 -0.006966004 0.01312496 0.0004480558 -0.005586652 0.008488502 -0.0009222457 -0.01188119 0.02536759 0.009876675 -0.02596938 0.03847766 0.009876675 -0.02596938 0.03847766 -0.0009737089 -0.01178814 0.02559582 0.02524651 -0.01878505 0.03686193 0.02524651 -0.01878505 0.03686193 -0.001546292 -0.01325185 0.02620921 -0.001535593 -0.013293 0.02662281 -0.0009335156 -0.01196629 0.02508743 0.0006618474 -0.006680904 0.01039452 -0.000323132 -0.006659352 0.009719793 0.001269959 -0.006077359 0.009814949 -0.0001857273 -0.01081337 0.0238066 -0.000135323 -0.0107711 0.02386552 -5.583845e-05 -0.01065365 0.0240041 -3.941693e-05 -0.01054155 0.02411184 -4.835604e-05 -0.01048027 0.02416332 -0.001009205 -0.01170428 0.02568366 -0.001009205 -0.01170428 0.02568366 -0.001624151 -0.01308767 0.02719695 -0.001624151 -0.01308767 0.02719695 -0.001546802 -0.01327078 0.02680765 0.001167895 -0.006263334 0.01004903 0.004472997 -0.004806394 0.009843578 0.003191365 -0.004984389 0.009298293 -0.002125247 -0.0148518 0.02724335 0.003413526 -0.006846621 0.01245004 -0.002026503 -0.0142822 0.02683766 -0.001938175 -0.01423623 0.0270381 -0.001879453 -0.01377689 0.02640644 -0.001797805 -0.01398471 0.02725883 0.003358466 -0.004298246 0.008298878 0.008003549 -0.005308805 0.003495121 -0.001653331 -0.01301626 0.0272735 -0.001864208 -0.01627941 0.02852534 0.008521289 -0.005121586 0.004242375 0.008521289 -0.005121586 0.004242375 0.0002438605 -0.005869228 0.00881219 -0.001652142 -0.0169244 0.03167557 -0.001732163 -0.0167416 0.0322738 0.003952663 -0.004171716 0.008480616 0.002757172 -0.007095074 0.01242476 0.02716737 -0.01352495 0.02991651 0.02716737 -0.01352495 0.02991651 0.02227425 -0.02140732 0.03916548 0.02227425 -0.02140732 0.03916548 0.00454531 -0.004637934 0.009618558 0.00122804 -0.007856062 0.01266017 9.259812e-05 -0.007803902 0.01183824 0.001809868 -0.005485346 0.00920968 0.001780637 -0.005513967 0.009236906 0.0002710183 -0.005622537 0.008431413 0.001732898 -0.005652415 0.009429517 0.00174047 -0.005667721 0.009459147 0.001781166 -0.005703074 0.009542716 0.001798681 -0.00571079 0.009566527 0.001896578 -0.005724607 0.009652405 0.001934386 -0.005722059 0.009672893 0.003679596 -0.004503554 0.008839001 0.003527902 -0.004583699 0.008869929 0.003263678 -0.004815928 0.00907327 0.003436791 -0.005227909 0.009851108 0.003525588 -0.005236517 0.009922677 0.003635277 -0.005233369 0.009988863 0.003721967 -0.005222229 0.01002722 0.003832205 -0.003848096 0.008120117 -0.0003231785 -0.005749067 0.008249675 0.00841026 -0.005369698 0.004314983 -0.001925983 -0.01624767 0.03242522 -0.001925983 -0.01624767 0.03242522 0.004369408 -0.005300272 0.01057393 -0.001723204 -0.01667519 0.02964498 0.002303635 -0.005391636 0.009379169 -0.00179722 -0.01651609 0.03150552 -0.001965847 -0.01611739 0.03218888 -0.001965847 -0.01611739 0.03218888 -0.001773794 -0.01653565 0.03076218 -0.001984921 -0.009350446 0.002669813 -0.001984921 -0.009350446 0.002669813 -0.000153742 -0.006034521 0.008820733 -0.000393897 -0.005567847 0.008079695 0.008193723 -0.005271177 0.003796348 -0.002000287 -0.01598806 0.03195765 -0.002000287 -0.01598806 0.03195765 0.004647883 -0.005868839 0.01167296 -0.001823813 -0.01634814 0.02972261 0.004580273 -0.005076746 0.01034989 0.001337808 -0.007737049 0.01253935 0.004057079 -0.005118768 0.01007785 0.004119801 -0.005088527 0.01006979 0.004208773 -0.005038623 0.01004692 0.004363202 -0.004925355 0.009964402 0.004426011 -0.004863819 0.009905825 0.004508889 -0.004749074 0.009774384 -0.0005484035 -0.008085867 0.01187704 0.004545785 -0.004595079 0.009549636 0.004537599 -0.004555087 0.009479775 0.004520892 -0.004518358 0.009409634 0.004495799 -0.004485297 0.009339898 0.004444048 -0.004443984 0.009239559 0.004211059 -0.004385753 0.008994173 0.003835085 -0.00444384 0.008843669 0.003744601 -0.004476076 0.00883686 0.001000456 -0.006443949 0.01023186 0.00438157 -0.005923724 0.01158863 0.01125664 -0.02581767 0.0391292 0.01125664 -0.02581767 0.0391292 0.007684703 -0.005470298 0.003132602 0.01702075 -0.02403289 0.04029331 0.01702075 -0.02403289 0.04029331 0.004074387 -0.006063585 0.01161491 0.003992813 -0.006118279 0.01165021 0.003857149 -0.006238389 0.011756 0.003774271 -0.006353133 0.01188743 0.003749972 -0.006409513 0.01196273 0.003905024 -0.006688468 0.01251396 0.004072072 -0.006716403 0.01266765 0.0007624025 -0.005894805 0.009190356 0.003396918 -0.02453391 0.03225042 0.003396918 -0.02453391 0.03225042 -0.0001560564 -0.006687338 0.009873474 -0.002034993 -0.01565352 0.02806946 -0.001879492 -0.01615755 0.03073144 -0.0004129237 -0.005520689 0.008062898 0.002835917 -0.006859378 0.01209536 0.004181761 -0.006713254 0.01273383 -0.002073735 -0.01560783 0.03129592 -0.002073735 -0.01560783 0.03129592 -0.002066019 -0.01527364 0.02784887 -0.001962472 -0.01572595 0.0287878 0.02709188 -0.01514724 0.03248734 0.02709188 -0.01514724 0.03248734 -0.001971464 -0.01583029 0.03087223 0.0005001183 -0.008164074 0.01268463 -0.002100535 -0.01536212 0.03088174 -0.002100535 -0.01536212 0.03088174 -0.001950742 -0.01560849 0.02909155 -0.001951505 -0.01563164 0.02983692 -0.002042089 -0.01537862 0.0303999 -4.636731e-05 -0.006684189 0.009939657 -0.002030252 -0.01511546 0.02792658 -0.001967886 -0.01512841 0.02863917 -0.001981585 -0.01511392 0.02926597 -0.002037792 -0.01498489 0.02969317 0.01172577 -0.01100927 0.01585175 0.01172577 -0.01100927 0.01585175 -0.002110286 -0.01488997 0.03011286 -0.002110286 -0.01488997 0.03011286 -0.002110286 -0.01488997 0.03011286 -0.002008012 -0.01480737 0.02767948 -0.001949249 -0.01477671 0.02814004 -0.00196934 -0.01474435 0.02884721 -0.002072857 -0.01444277 0.029415 -0.002072857 -0.01444277 0.029415 -0.002072857 -0.01444277 0.029415 -0.001825073 -0.01391408 0.0268311 -0.001820264 -0.01392955 0.02779331 0.004849567 -0.004812566 0.01009823 -0.001910022 -0.01366672 0.02826752 -0.001910022 -0.01366672 0.02826752 -0.001910022 -0.01366672 0.02826752 -0.001910022 -0.01366672 0.02826752 0.004268452 -0.006702114 0.01277219 0.003886813 -0.00399392 0.008199357 0.0001534409 -0.00589466 0.008794462 -0.002096748 -0.01466327 0.02975559 0.00423784 -0.02501223 0.03356927 0.00423784 -0.02501223 0.03356927 -0.002029584 -0.01585987 0.03173166 -0.002029584 -0.01585987 0.03173166 -0.001702345 -0.01681215 0.03212245 -0.001678618 -0.01686682 0.03195923 -0.0021466 -0.01550771 0.0269011 -0.002171456 -0.01543851 0.02693798 -0.002208931 -0.01528134 0.02698285 -0.002220628 -0.01519408 0.02698998 -0.002227163 -0.01510457 0.02698659 -0.002153896 -0.01439802 0.02670674 0.0007443672 -0.006314639 0.009856622 -0.00153545 -0.0132866 0.02642296 -0.001542114 -0.0132808 0.02675156 -0.001552616 -0.01325788 0.02686217 -0.001569254 -0.01321952 0.0269764 -0.001588126 -0.01317478 0.02706946 -0.001599122 -0.01314838 0.02711361 -0.001611118 -0.01311936 0.02715611 -0.001638226 -0.01305331 0.02723609 -0.001638226 -0.01305331 0.02723609 -0.001669492 -0.01297648 0.02730917 -0.001669492 -0.01297648 0.02730917 0.002868392 -0.006961679 0.0122816 0.004603564 -0.006598653 0.01282282 0.005055372 -0.00622896 0.01251935 0.005079672 -0.00617258 0.01244406 0.005084084 -0.006034972 0.01222474 0.004757572 -0.00586569 0.01173914 0.004703715 -0.005865557 0.01170395 0.004561163 -0.005879926 0.0116346 0.004472017 -0.005898344 0.01160635 0.004291086 -0.005955961 0.01158183 0.0002199176 -0.006629251 0.01002399 -0.003088828 -0.008070537 0.005434681 -0.003088828 -0.008070537 0.005434681 -0.00430316 -0.004770261 0.007455693 -0.004287901 -0.004741247 0.00746828 -0.004202582 -0.004639441 0.007506202 -0.004162146 -0.004608348 0.007514905 -0.002968003 -0.008216086 0.005334995 -0.003007124 -0.008185493 0.005356424 -0.003067786 -0.008112828 0.005407681 -0.003067786 -0.008112828 0.005407681 -0.004269547 -0.00478311 0.007442083 0.004245396 -0.002632133 0.01017132 0.004169753 -0.002579101 0.01004664 0.003970118 -0.0025009 0.009820282 0.003684564 -0.002463936 0.009619052 0.002540555 -0.002782906 0.009542323 0.002435226 -0.002853623 0.009598878 0.002126286 -0.003165175 0.009929808 0.002087453 -0.003233834 0.01001896 0.002059357 -0.003301532 0.01011276 0.002210689 -0.005615189 0.0096798 0.0002519645 -0.003857928 0.009826795 0.0001334208 -0.003844902 0.00972159 0.002245163 -0.005587798 0.009657968 -0.0002135728 -0.003871412 0.00951206 0.002297794 -0.005529828 0.00959856 0.002321907 -0.005481793 0.009536628 0.002326583 -0.005458968 0.009502873 0.002326244 -0.005437385 0.009467807 0.002289433 -0.005379493 0.009350387 0.002273836 -0.005370018 0.009324941 0.002226865 -0.005354014 0.009268555 0.002158452 -0.005348536 0.009215243 0.002120616 -0.005351033 0.00919476 0.002194047 -0.00534946 0.009239885 0.002867041 -0.005366736 0.00970507 0.003635006 -0.005481893 0.01038997 0.003490936 -0.005500723 0.01032684 0.003353798 -0.005506994 0.01024783 0.003115959 -0.005482785 0.01005419 0.003018961 -0.005454336 0.009945238 0.003215755 -0.005103911 0.009507219 0.003783984 -0.005450554 0.01043624 0.003309705 -0.00656548 0.0119286 0.003373134 -0.006383273 0.01167554 0.003511972 -0.006195917 0.01146318 0.003939639 -0.005872073 0.01121811 -0.001094888 -0.006605982 0.009132066 0.002697989 -0.007132101 0.01244616 -0.0002448536 -0.00667873 0.009801901 0.002791647 -0.007067683 0.01240293 0.002844278 -0.007009713 0.01234353 0.002873067 -0.006938853 0.01224784 0.002872728 -0.00691727 0.01221277 0.00282032 -0.006849903 0.0120699 0.002704937 -0.006828421 0.01196021 0.004909998 -0.004718882 0.009986282 0.004682101 -0.004993128 0.01028107 0.003266591 -0.004468247 0.008513738 0.0003104293 -0.006597067 0.01003079 0.0009662105 -0.007319607 0.01162376 0.003150332 -0.004550203 0.008570475 0.004499146 -0.005651601 0.01122558 0.001022042 -0.007316326 0.01165475 0.004648155 -0.005620314 0.01127185 0.005167201 -0.005619422 0.01160763 0.005264198 -0.005647872 0.01171659 0.005347542 -0.005686693 0.01183341 0.006597844 -0.001054339 0.002756043 0.006597844 -0.001054339 0.002756043 0.00659886 -0.001029419 0.002737038 0.006604931 -0.001003385 0.002718803 0.006604931 -0.001003385 0.002718803 0.006615674 -0.0009781568 0.002702745 0.006615674 -0.0009781568 0.002702745 0.0066883 -0.0009000262 0.002665842 0.0066883 -0.0009000262 0.002665842 0.002845401 -0.004871318 0.008890912 0.004125929 -0.006716535 0.01270283 0.006022727 0.0008125714 0.00483537 0.006022727 0.0008125714 0.00483537 0.005916192 0.0007309587 0.004863823 0.005901533 0.0007066513 0.004877941 0.005901533 0.0007066513 0.004877941 0.005891253 0.0006807956 0.00489461 0.005891253 0.0006807956 0.00489461 0.005888379 0.000612788 0.00494652 0.005888379 0.000612788 0.00494652 0.005888379 0.000612788 0.00494652 0.006935983 -0.001428547 0.001773881 0.006935983 -0.001428547 0.001773881 0.006891363 -0.001464148 0.001781015 0.006891363 -0.001464148 0.001781015 0.006891363 -0.001464148 0.001781015 0.006857457 -0.001511649 0.001795767 0.006857457 -0.001511649 0.001795767 0.006843669 -0.001547202 0.001809161 0.006843669 -0.001547202 0.001809161 -0.002663583 -0.00826553 0.005245005 -0.002712742 -0.008273145 0.005250947 -0.002754808 -0.008275793 0.005258212 0.006837742 -0.001583219 0.001824407 0.006837742 -0.001583219 0.001824407 0.006839371 -0.001617644 0.001840461 0.006839371 -0.001617644 0.001840461 0.006812699 -0.001194676 0.002238079 0.006812699 -0.001194676 0.002238079 0.006783386 -0.001219188 0.002245219 0.006783386 -0.001219188 0.002245219 0.007185516 -0.00324121 0.009078366 0.006758682 -0.001248632 0.002256558 0.006758682 -0.001248632 0.002256558 0.0219439 -0.02040926 0.04107823 0.02008359 -0.02156866 0.04174176 0.01379865 -0.02419802 0.04190445 0.009537457 -0.02503985 0.04049518 0.007542325 -0.02514946 0.03937592 0.005703507 -0.02504633 0.03801456 0.01021327 -0.01021819 0.01333195 0.006740439 -0.001281474 0.002271652 0.006740439 -0.001281474 0.002271652 0.004065933 -0.02473288 0.03644441 0.001548958 -0.02351084 0.03283552 0.0003084984 -0.0218192 0.02929765 -0.001457926 -0.01719177 0.03425396 -0.001457926 -0.01719177 0.03425396 -0.0006400876 -0.01807047 0.03620443 -0.0006400876 -0.01807047 0.03620443 0.000480681 -0.01877652 0.03807279 0.000480681 -0.01877652 0.03807279 0.003514521 -0.019606 0.04138352 0.003514521 -0.019606 0.04138352 0.00672982 -0.001315754 0.002289552 0.00672982 -0.001315754 0.002289552 0.01023868 -0.01028677 0.01345708 0.01377164 -0.01804611 0.04552898 0.01377164 -0.01804611 0.04552898 0.01051348 -0.01072072 0.01432607 0.01975511 -0.01496889 0.04444722 0.01975511 -0.01496889 0.04444722 0.01123747 -0.01115736 0.01547513 0.01141179 -0.01121368 0.01566532 0.01157411 -0.01125597 0.01582489 0.02545701 -0.005931485 0.03355725 0.02545701 -0.005931485 0.03355725 0.02418626 -0.004003251 0.02961767 0.02418626 -0.004003251 0.02961767 0.02308446 -0.003285407 0.02774255 0.02308446 -0.003285407 0.02774255 0.02170519 -0.002756583 0.02599232 0.02170519 -0.002756583 0.02599232 0.02008215 -0.00242965 0.02440984 0.02008215 -0.00242965 0.02440984 0.01626866 -0.002408464 0.02189787 0.01626866 -0.002408464 0.02189787 0.01417152 -0.002714759 0.02102984 0.01417152 -0.002714759 0.02102984 0.01268974 -0.004901237 0.01941231 0.006726938 -0.001349244 0.002309049 0.006726938 -0.001349244 0.002309049 0.0142038 -0.008664383 0.01708208 0.01636036 -0.008155257 0.01766112 0.01845751 -0.007849026 0.01852915 0.02227094 -0.007870174 0.02104109 0.02389396 -0.008197113 0.02262355 0.02527322 -0.008725941 0.02437375 0.02704752 -0.01511813 0.03584952 0.02619161 -0.01647475 0.03748423 0.02503576 -0.01783082 0.03892309 0.006700968 -0.001314303 0.002465809 0.02449552 -0.01836561 0.03943575 0.02449552 -0.01836561 0.03943575 0.01177288 -0.005120236 0.01917024 0.01022767 -0.005170128 0.01824683 0.01007564 -0.005127624 0.01807944 0.006876499 -0.001713154 0.001708975 0.01120337 -0.00881631 0.0148403 0.01148223 -0.009002449 0.0153947 0.01159238 -0.009041669 0.01556027 0.01183659 -0.009089384 0.01586381 0.01232494 -0.009087567 0.01630398 0.01360494 -0.008828927 0.01693203 0.008456678 -0.001636487 0.00101495 0.008480728 -0.001801311 0.0009054482 0.008477013 -0.001963567 0.0007938675 0.008477013 -0.001963567 0.0007938675 0.00839882 -0.002290175 0.0005558292 0.00839882 -0.002290175 0.0005558292 0.00834661 -0.00240214 0.0004703963 0.008179687 -0.002634225 0.0002880301 0.008179687 -0.002634225 0.0002880301 0.01080426 -0.009741612 0.01347124 0.01097309 -0.009430553 0.01360533 0.01106078 -0.009091118 0.01377086 0.01107112 -0.008977282 0.01383018 0.008428904 -0.001532085 0.001242103 0.006942655 -0.001774952 0.0012366 0.006942655 -0.001774952 0.0012366 0.006951026 -0.001744879 0.001228567 0.008173913 -0.002568482 0.0002293577 0.008173913 -0.002568482 0.0002293577 0.008106212 -0.002408507 0.0001404367 0.008041237 -0.002323442 0.0001222692 0.006731391 -0.003239608 -0.0009429003 0.006731391 -0.003239608 -0.0009429003 0.006731391 -0.003239608 -0.0009429003 0.006776019 -0.003286554 -0.0009576626 0.000544408 -0.007434208 0.01153477 0.006964163 -0.001716488 0.00122177 0.006964163 -0.001716488 0.00122177 0.006929824 -0.003680736 -0.0008032444 0.006929824 -0.003680736 -0.0008032444 0.006797665 -0.003312845 -0.0009616994 0.006818526 -0.003340839 -0.0009632627 0.006849184 -0.003387871 -0.0009603422 0.006875986 -0.003437083 -0.0009506523 0.006889833 -0.003467053 -0.0009416242 0.006981652 -0.001690427 0.001216347 0.006981652 -0.001690427 0.001216347 0.006901797 -0.003496919 -0.000930312 0.006919747 -0.003555087 -0.0009015462 0.006929878 -0.003612304 -0.000863764 0.006594382 -0.003592759 -0.001143976 0.007028201 -0.001647512 0.001210001 0.007028201 -0.001647512 0.001210001 0.001742748 -0.005567631 0.00929898 0.006650655 -0.003697088 -0.001107154 0.001728758 -0.005635706 0.009399846 0.006725233 -0.003831524 -0.0009493846 0.006725233 -0.003831524 -0.0009493846 0.00692595 -0.003584426 -0.0008834444 0.0006094147 -0.007406729 0.01153263 0.006247457 -0.003561647 -0.001231659 0.006247457 -0.003561647 -0.001231659 0.006247457 -0.003561647 -0.001231659 0.006296302 -0.003626017 -0.001260304 0.006296302 -0.003626017 -0.001260304 0.006296302 -0.003626017 -0.001260304 0.006313386 -0.003651028 -0.001266572 0.006330008 -0.003676721 -0.001270624 0.006330008 -0.003676721 -0.001270624 0.006330008 -0.003676721 -0.001270624 0.006361571 -0.003729707 -0.001272018 0.006361571 -0.003729707 -0.001272018 0.006361571 -0.003729707 -0.001272018 0.006920448 -0.001305553 0.0019919 0.006381104 -0.00377799 -0.001267605 0.006381104 -0.00377799 -0.001267605 0.00639025 -0.003783748 -0.001264437 0.00639025 -0.003783748 -0.001264437 0.006405806 -0.003853359 -0.001247995 0.006405806 -0.003853359 -0.001247995 0.006415945 -0.003889628 -0.001232471 0.006415945 -0.003889628 -0.001232471 0.006436189 -0.003889505 -0.001223496 0.006436189 -0.003889505 -0.001223496 0.006436189 -0.003889505 -0.001223496 0.006459294 -0.003964623 -0.001169971 0.006459294 -0.003964623 -0.001169971 0.006459294 -0.003964623 -0.001169971 0.006459294 -0.003964623 -0.001169971 0.006833007 -0.001104847 0.002337642 0.006464593 -0.003989188 -0.00114667 0.005978649 -0.003674216 -0.001289163 0.005978649 -0.003674216 -0.001289163 0.006094649 -0.003831131 -0.001330416 0.006094649 -0.003831131 -0.001330416 0.006157933 -0.003981038 -0.001299918 0.006431123 -0.003956538 -0.001191618 0.006431123 -0.003956538 -0.001191618 0.00626363 -0.004133556 -0.001128398 0.006419197 -0.004067166 -0.001090355 0.006719455 -0.0008823776 0.002662333 0.006719455 -0.0008823776 0.002662333 0.006719455 -0.0008823776 0.002662333 0.00666166 -0.0009204885 0.002673001 0.00666166 -0.0009204885 0.002673001 0.00666166 -0.0009204885 0.002673001 0.006631011 -0.0009538429 0.002688851 0.006631011 -0.0009538429 0.002688851 0.006272053 -0.003592782 -0.001248006 0.006272053 -0.003592782 -0.001248006 0.005810501 -0.003914013 -0.001365279 0.005840236 -0.003971038 -0.001368284 0.005869146 -0.004028076 -0.001360843 0.005896461 -0.004083616 -0.001343156 0.005921481 -0.004136221 -0.001315697 0.005943501 -0.004184427 -0.001279188 0.005954399 -0.004209234 -0.001254956 0.005964065 -0.004232021 -0.001228357 0.005972447 -0.004252659 -0.001199614 0.00230659 -0.005877053 -0.001409929 0.002271617 -0.005785746 -0.001485274 0.002229472 -0.005677389 -0.00152672 0.002184294 -0.00556261 -0.001530216 0.00213012 -0.005426486 -0.001482098 0.00213012 -0.005426486 -0.001482098 0.002326434 -0.005929898 -0.001336117 0.005780738 -0.003858532 -0.001351919 0.005760451 -0.003821654 -0.00133672 0.005740779 -0.003786684 -0.001316876 0.005740779 -0.003786684 -0.001316876 -0.001602986 -0.006800571 -0.001458569 -0.001479027 -0.007209961 -0.001268634 0.004836832 -0.006463813 0.01275658 -0.004343374 -0.007228271 -4.148158e-05 -0.004535709 -0.007334549 0.000147642 0.0001505325 -0.005298866 0.008070923 -0.004569616 -0.007409842 0.0002581031 -0.004667458 -0.007054165 0.0002057487 -0.004694509 -0.007152652 0.000225646 0.001860955 -0.005723631 0.009627772 -0.004703323 -0.007274536 0.0002812673 0.003027152 -0.004654256 0.008658499 0.01344667 -0.0110187 0.01689097 0.01344667 -0.0110187 0.01689097 -0.004796426 -0.007307522 0.0004463187 0.006604561 -0.001087759 0.002784193 0.006604561 -0.001087759 0.002784193 -0.004884349 -0.007037873 0.00039336 -0.004907873 -0.007150838 0.0004619676 0.002322103 -0.005420677 0.009438136 -0.004946701 -0.007207117 0.0006004451 0.005973738 0.0008442522 0.004894388 0.005973738 0.0008442522 0.004894388 0.001844342 -0.005457955 0.009187852 0.005935181 0.0008144092 0.004897583 0.005935181 0.0008144092 0.004897583 0.005902924 0.0007772922 0.004908935 0.005902924 0.0007772922 0.004908935 0.005880338 0.0007363127 0.004927756 0.005880338 0.0007363127 0.004927756 -0.005056848 -0.007060272 0.0006561813 0.005869138 0.0006953487 0.004951934 0.005869138 0.0006953487 0.004951934 -0.005041985 -0.006731482 0.00056908 -0.005107677 -0.006818709 0.0006294479 -0.005107677 -0.006818709 0.0006294479 -0.005107677 -0.006818709 0.0006294479 -0.00429265 -0.007444406 3.844674e-05 -0.004310473 -0.00740125 1.114175e-05 -0.004343616 -0.007161726 -4.338729e-05 -0.004668097 -0.006993549 0.0002211409 -0.004668097 -0.006993549 0.0002211409 -0.004910099 -0.006815293 0.0004460422 -0.004910099 -0.006815293 0.0004460422 0.005868807 0.000657947 0.004978693 0.005868807 0.000657947 0.004978693 0.005868807 0.000657947 0.004978693 0.005868807 0.000657947 0.004978693 0.005917553 0.0008629322 0.004950054 0.005917553 0.0008629322 0.004950054 0.005885136 0.0008253342 0.00495454 0.005885136 0.0008253342 0.00495454 0.00586095 0.0007827143 0.004967479 0.00586095 0.0007827143 0.004967479 0.005847261 0.0007392315 0.004987635 0.005847261 0.0007392315 0.004987635 0.005844369 0.0006988441 0.005012555 0.005844369 0.0006988441 0.005012555 0.005850745 0.0006643476 0.005039394 0.005850745 0.0006643476 0.005039394 0.005850745 0.0006643476 0.005039394 0.005892034 0.0009073839 0.005003525 0.005892034 0.0009073839 0.005003525 0.01465488 -0.01097036 0.01729281 0.01606752 -0.01061097 0.01763023 0.02011821 -0.01010877 0.01945115 0.02446195 -0.01082746 0.02343411 0.02526298 -0.01124396 0.02462719 0.02670094 -0.01613992 0.03346802 0.02627918 -0.01701438 0.03460617 0.02570777 -0.01790109 0.03566689 0.02499398 -0.01878877 0.03663666 0.00586069 0.0008699775 0.005001156 0.00586069 0.0008699775 0.005001156 0.005835934 0.0008264762 0.005007622 0.005835934 0.0008264762 0.005007622 0.005820462 0.0007808964 0.005022721 0.005820462 0.0007808964 0.005022721 0.005815307 0.0007375316 0.005044644 0.005815307 0.0007375316 0.005044644 0.005819567 0.0006998533 0.00507062 0.005819567 0.0006998533 0.00507062 0.005857775 0.0009475059 0.005057988 0.005857775 0.0009475059 0.005057988 0.005828679 0.00091097 0.005049068 0.005828679 0.00091097 0.005049068 0.005804594 0.0008672975 0.005048744 0.005804594 0.0008672975 0.005048744 0.005788341 0.0008201897 0.005057906 0.005788341 0.0008201897 0.005057906 0.005781483 0.0007741351 0.005075674 0.005781483 0.0007741351 0.005075674 0.005783809 0.0007331462 0.005099671 0.005783809 0.0007331462 0.005099671 0.005793598 0.0006997924 0.005126905 0.005793598 0.0006997924 0.005126905 0.005793598 0.0006997924 0.005126905 0.005817614 0.0009814986 0.005110173 0.005817614 0.0009814986 0.005110173 0.005791531 0.0009466573 0.005095406 0.005791531 0.0009466573 0.005095406 0.005769038 0.0009038454 0.005088458 0.005769038 0.0009038454 0.005088458 0.00575291 0.0008560968 0.005091174 0.00575291 0.0008560968 0.005091174 0.005745003 0.0008078802 0.005103773 0.005745003 0.0008078802 0.005103773 0.005745664 0.0007637106 0.005124621 0.005745664 0.0007637106 0.005124621 0.005753765 0.0007268093 0.005150846 0.005753765 0.0007268093 0.005150846 0.005747038 0.0009773245 0.005141588 0.005747038 0.0009773245 0.005141588 0.005727228 0.0009361361 0.005128392 0.005727228 0.0009361361 0.005128392 0.00376224 -0.006583797 0.01225219 0.003919958 -0.006176853 0.01169742 0.0001285187 -0.007746634 0.01176904 0.003394357 -0.02475686 0.03230764 0.003394357 -0.02475686 0.03230764 0.01040423 -0.01007991 0.01353803 0.01040423 -0.01007991 0.01353803 0.01611933 -0.01039149 0.01737668 0.01611933 -0.01039149 0.01737668 0.002802805 -0.006842187 0.01204609 0.02502573 -0.01873535 0.03693935 0.02502573 -0.01873535 0.03693935 0.01594329 -0.01036788 0.0175253 0.01594329 -0.01036788 0.0175253 0.008375078 -0.005331141 0.004204016 0.005712346 0.0008887217 0.005124448 0.005712346 0.0008887217 0.005124448 0.005704345 0.0008391533 0.005131052 0.005704345 0.0008391533 0.005131052 0.00570403 0.0007920953 0.005147567 0.00570403 0.0007920953 0.005147567 0.005710695 0.0007516294 0.005171626 0.005710695 0.0007516294 0.005171626 0.005722663 0.0007199634 0.005200004 0.005722663 0.0007199634 0.005200004 0.005756783 0.001010992 0.00516799 0.005756783 0.001010992 0.00516799 0.005635706 0.001003602 0.005214563 0.005635706 0.001003602 0.005214563 0.005635706 0.001003602 0.005214563 0.005681456 0.0009632434 0.005166493 0.005681456 0.0009632434 0.005166493 0.0002052157 -0.00544486 0.008150232 0.005668687 0.0009172307 0.005156087 0.005668687 0.0009172307 0.005156087 0.005661515 0.0008672723 0.005156222 0.005661515 0.0008672723 0.005156222 0.0056609 0.000818069 0.005167405 0.0056609 0.000818069 0.005167405 0.005666601 0.0007741486 0.00518807 0.005666601 0.0007741486 0.00518807 0.005666601 0.0007741486 0.00518807 0.005683957 0.0007244647 0.00523014 0.005683957 0.0007244647 0.00523014 0.005624296 0.0009638988 0.005194324 0.005624296 0.0009638988 0.005194324 0.005616574 0.000917094 0.005182608 0.005616574 0.000917094 0.005182608 0.005613873 0.000866738 0.005181836 0.005613873 0.000866738 0.005181836 0.005616739 0.0008174996 0.005192617 0.005616739 0.0008174996 0.005192617 0.005616739 0.0008174996 0.005192617 0.00563 0.0007554186 0.005226637 0.00563 0.0007554186 0.005226637 0.005642778 0.0007254784 0.00525648 0.005642778 0.0007254784 0.00525648 0.005642778 0.0007254784 0.00525648 0.005577939 0.001017028 0.005251016 0.005577939 0.001017028 0.005251016 0.005577939 0.001017028 0.005251016 0.005577939 0.001017028 0.005251016 0.00557031 0.0009811272 0.005226432 0.00557031 0.0009811272 0.005226432 0.00531934 -0.004925963 0.01058662 0.005565684 0.0009371482 0.005208922 0.005565684 0.0009371482 0.005208922 0.0055651 0.0008878625 0.00520161 0.0055651 0.0008878625 0.00520161 0.005569058 0.000837529 0.005206224 0.005569058 0.000837529 0.005206224 0.005582383 0.0007705305 0.005233956 0.005582383 0.0007705305 0.005233956 0.005594497 0.0007363617 0.005262247 0.005594497 0.0007363617 0.005262247 0.005512708 0.001008734 0.005269843 0.005512708 0.001008734 0.005269843 0.005510287 0.0009727821 0.005244236 0.005510287 0.0009727821 0.005244236 0.005510881 0.0009289477 0.005225848 0.005510881 0.0009289477 0.005225848 0.005515088 0.0008798887 0.005217907 0.005515088 0.0008798887 0.005217907 0.00552281 0.0008300041 0.005222229 0.00552281 0.0008300041 0.005222229 0.005533316 0.0007840507 0.0052384 0.005533316 0.0007840507 0.0052384 0.005545416 0.0007457936 0.005263906 0.005545416 0.0007457936 0.005263906 0.00555786 0.0007171016 0.005295102 0.00555786 0.0007171016 0.005295102 0.00555786 0.0007171016 0.005295102 0.005448557 0.0009956824 0.005282911 0.005448557 0.0009956824 0.005282911 0.005451281 0.0009602925 0.005256616 0.005451281 0.0009602925 0.005256616 0.005457033 0.000917085 0.005237643 0.005457033 0.000917085 0.005237643 0.005457033 0.000917085 0.005237643 -0.005134296 -0.006859392 0.0006773582 -0.005134296 -0.006859392 0.0006773582 0.005471297 0.0008439162 0.0052298 0.005471297 0.0008439162 0.0052298 0.003862711 -0.005702603 0.005333267 0.005483509 0.0007960683 0.005240236 0.005483509 0.0007960683 0.005240236 -0.005177726 -0.006849863 0.0007950537 -0.005177726 -0.006849863 0.0007950537 -0.005177726 -0.006849863 0.0007950537 0.00176557 -0.005693598 0.009517267 0.003745531 -0.006547068 0.01218205 0.00551991 -0.00601656 0.01247819 0.004538557 -0.006626131 0.01282496 0.003433592 -0.006289642 0.01156358 0.004188073 -0.02520186 0.03354204 0.004188073 -0.02520186 0.03354204 0.01066443 -0.01049082 0.01436344 0.01066443 -0.01049082 0.01436344 0.001228352 -0.006169703 0.009937079 0.004929361 -0.005595213 0.011414 0.002740532 -0.006829345 0.01198485 -0.0004538865 -0.006324017 0.009093269 0.002667474 -0.007961206 0.002567434 -0.0006544919 -0.006105077 0.008609296 0.007739532 -0.005436484 0.003185201 0.01257366 -0.01114556 0.01625148 0.01257366 -0.01114556 0.01625148 0.005496472 0.0007541895 0.005261732 0.005496472 0.0007541895 0.005261732 0.005509042 0.0007209894 0.005290994 0.005509042 0.0007209894 0.005290994 0.005509001 0.0006947076 0.005326645 0.005509001 0.0006947076 0.005326645 0.005541673 0.0007023199 0.005318661 0.005541673 0.0007023199 0.005318661 0.005836581 0.000665965 0.005088943 0.005836581 0.000665965 0.005088943 -0.005177189 -0.006783549 0.0007814782 -0.005177189 -0.006783549 0.0007814782 0.005866541 0.0006396674 0.005031673 -0.005099129 -0.006671556 0.0006633003 -0.005141519 -0.006652222 0.0007618828 -0.005125497 -0.006621343 0.0007588668 -0.005064145 -0.006539832 0.00075492 -0.005064145 -0.006539832 0.00075492 -0.004970154 -0.00649482 0.0006957753 -0.004970154 -0.00649482 0.0006957753 -0.004970154 -0.00649482 0.0006957753 -0.005142739 -0.006974451 0.000804063 -0.005142739 -0.006974451 0.000804063 -0.005145672 -0.006954248 0.0007753396 0.003901624 -0.004033659 0.008240601 -0.005143356 -0.006911826 0.0007219174 -0.005075375 -0.006770782 0.0005931468 -0.004999025 -0.006616197 0.0005868522 -0.005012533 -0.006494677 0.0007564412 -0.005036427 -0.006513687 0.0007553533 0.005885169 0.0006405398 0.004923895 0.005885169 0.0006405398 0.004923895 -0.005160073 -0.00693832 0.0008169899 -0.005160073 -0.00693832 0.0008169899 -0.005160073 -0.00693832 0.0008169899 -0.005137021 -0.00699332 0.0008332841 -0.005137021 -0.00699332 0.0008332841 -0.00479677 -0.00691589 0.0003347616 -0.00479677 -0.00691589 0.0003347616 -0.004528703 -0.007046406 0.000108983 -0.004528703 -0.007046406 0.000108983 -0.004432148 -0.007066869 3.691028e-05 -0.004432148 -0.007066869 3.691028e-05 -0.00308194 -0.006114219 -0.0005389889 -2.076944e-06 -0.005954322 0.008789796 0.006510205 -0.003380381 -0.001090261 0.006510205 -0.003380381 -0.001090261 0.006386741 -0.002382987 -0.0004124535 0.006127638 -0.002479384 -0.0005353537 0.002747203 -0.02398505 0.03094194 0.002747203 -0.02398505 0.03094194 -0.002835979 -0.006011902 -0.0006504332 0.005521469 -0.002606467 -0.0006035143 0.005965902 -0.00246375 -0.0005286451 0.001576889 -0.00789635 0.01295191 0.005899641 -0.002392687 -0.0004192321 0.005794738 -0.002403233 -0.000376117 0.005935873 -0.002331286 -0.0002139556 0.005613024 -0.002530053 -0.0005391748 0.005608771 -0.002674646 -0.0006731451 0.005863541 -0.002578003 -0.0006222871 0.007855947 -0.005372231 0.003309628 0.006358107 -0.002346359 -0.0003893383 0.006254456 -0.002258042 -0.0002742784 0.006218808 -0.002243392 -0.0002235557 0.00632762 -0.002313446 -0.0003604205 0.007832027 -0.005243232 0.003111974 0.007832027 -0.005243232 0.003111974 0.007173275 -0.00186392 0.0002520641 0.007109067 -0.001838915 0.0003332145 0.006185808 -0.002238296 -0.000170595 0.006291101 -0.002281691 -0.0003203282 0.008093794 -0.001444392 0.00076969 0.008093794 -0.001444392 0.00076969 0.008070524 -0.001427615 0.0007881732 0.008070524 -0.001427615 0.0007881732 0.008028383 -0.001403045 0.0008264777 0.008028383 -0.001403045 0.0008264777 0.00798788 -0.001386778 0.0008694018 0.00798788 -0.001386778 0.0008694018 0.00798788 -0.001386778 0.0008694018 0.007960432 -0.001380289 0.0009022621 0.007960432 -0.001380289 0.0009022621 0.005935133 0.0007539452 0.004852168 0.005935133 0.0007539452 0.004852168 0.005935133 0.0007539452 0.004852168 0.005957871 0.0007748964 0.004843376 0.008037918 -0.00135508 0.0009305005 0.005983265 0.000792812 0.00483781 0.005983265 0.000792812 0.00483781 0.005983265 0.000792812 0.00483781 0.008336599 -0.001448661 0.0009602089 0.008358861 -0.001469163 0.0009662666 0.008384556 -0.001497428 0.0009745643 0.008388774 -0.001456853 0.001215383 0.008349387 -0.001409448 0.001196752 0.008065085 -0.001296709 0.00112827 0.008029016 -0.00129911 0.001124402 0.007993257 -0.001304777 0.00112148 0.007923667 -0.001325316 0.001118588 0.007923667 -0.001325316 0.001118588 0.007934914 -0.001378012 0.0009359391 0.007934914 -0.001378012 0.0009359391 0.007934914 -0.001378012 0.0009359391 0.007934914 -0.001378012 0.0009359391 0.007204444 0.0014264 0.005629613 0.003204355 -0.003913193 0.008106496 0.008302358 -0.001369123 0.001179193 0.008135947 -0.001124176 0.001726 0.008005917 -0.00109896 0.001691412 0.005360721 -0.006337308 0.01289274 0.008238818 -0.001106996 0.002088618 0.008129058 -0.0009126817 0.002322206 0.008022056 -0.0008532807 0.002260872 0.007893919 -0.0008325875 0.002217216 0.007698832 -0.0007950372 0.002306758 0.007698832 -0.0007950372 0.002306758 0.006004788 0.0008478681 0.00488212 0.008361947 -0.001377623 0.001697448 0.008279038 -0.001182023 0.00213394 0.008180962 -0.0009471519 0.002547314 0.008068666 -0.0006752862 0.002933527 0.005981989 0.0008805348 0.00492795 0.007957384 -0.0005486109 0.002799094 0.007731972 -0.0005044191 0.00269239 0.007661586 -0.000515918 0.002678791 0.007958035 -0.001313525 0.001119536 0.00812873 -0.0013003 0.001137359 0.00819055 -0.001313816 0.001149099 0.008248962 -0.001337 0.001163165 0.008411069 -0.00149328 0.001228691 0.006479062 0.001851695 0.006228772 0.006792851 0.001798844 0.006076362 0.007028925 0.00166986 0.005895041 0.007028925 0.00166986 0.005895041 0.007028925 0.00166986 0.005895041 0.007167304 0.001503101 0.005709902 0.009081519 -0.004110571 0.0168505 0.009020696 -0.004076048 0.01688168 0.008775153 -0.003990454 0.01697873 0.008357251 -0.003961105 0.01708654 -7.027446e-06 -9.31169e-05 0.0067891 0.004404639 -0.005315649 0.0179209 -0.006449553 -0.003572861 0.005771509 -0.006413861 -0.003461441 0.00585268 -0.006376683 -0.003384222 0.005905985 -0.006226814 -0.003178699 0.006037275 -0.001655779 -0.01294773 0.02543304 -0.001973133 -0.01375741 0.02622236 -0.002074775 -0.01408265 0.02648785 -0.00219461 -0.0146145 0.02682936 -0.002221064 -0.01483187 0.02692322 -0.00222686 -0.01492314 0.02695211 -0.002229047 -0.01501413 0.0269736 -0.002192414 -0.01536293 0.02696538 -0.005343091 -0.006549984 0.001951896 -0.005441166 -0.006315112 0.002365273 0.005939266 0.0009240948 0.004994345 -0.005553461 -0.006043246 0.002751484 0.0008272442 -0.006199895 0.009725181 0.005886958 0.0009607421 0.005057107 -0.001647527 -0.01690196 0.03066857 -0.001637375 -0.01693992 0.03102841 -0.00163864 -0.01694811 0.03136468 0.003292628 -0.005178338 0.009677292 -0.001768483 -0.0166541 0.03241127 -0.00181163 -0.01654873 0.0325328 -0.001844362 -0.01646808 0.03260394 -0.001880402 -0.01637875 0.0326665 -0.001880402 -0.01637875 0.0326665 0.0007853117 -0.006606868 0.01035516 0.005382184 0.0009919081 0.005305471 0.005390737 0.0009524933 0.005269596 0.005390737 0.0009524933 0.005269596 0.005413964 0.0008650637 0.005236885 0.005423295 0.000833746 0.005236236 0.005432952 0.0008029494 0.005240943 0.005432952 0.0008029494 0.005240943 0.005442604 0.0007737492 0.005250715 0.005452309 0.0007459494 0.005265781 0.02317719 -0.02052214 0.03825542 0.02092093 -0.02212618 0.03937991 0.01696926 -0.02411364 0.04002191 0.01415192 -0.02506137 0.03972182 0.01000801 -0.02579717 0.0382176 0.005360058 -0.02539354 0.03454578 0.01754686 -0.01012103 0.01786741 0.01754686 -0.01012103 0.01786741 0.005476518 0.0006852964 0.005331869 0.005469529 0.0007012041 0.00530751 0.005461221 0.0007219656 0.005284668 0.005461221 0.0007219656 0.005284668 0.01893596 -0.009950304 0.01849432 0.01893596 -0.009950304 0.01849432 0.02026896 -0.009881548 0.01924942 0.02026896 -0.009881548 0.01924942 0.02376631 -0.01028926 0.02218016 0.02376631 -0.01028926 0.02218016 0.02553452 -0.01105214 0.02456104 0.02553452 -0.01105214 0.02456104 0.00540535 0.0008955591 0.005242764 0.00540535 0.0008955591 0.005242764 0.005397365 0.0009256439 0.005254061 0.02727058 -0.01520261 0.03239172 0.02727058 -0.01520261 0.03239172 0.001104702 -0.0005942605 0.005444511 0.001116177 -0.0006246742 0.005443813 0.001127536 -0.0006547376 0.005448443 0.001127536 -0.0006547376 0.005448443 0.0210657 -0.02220877 0.03967453 0.0210657 -0.02220877 0.03967453 0.01977354 -0.02295571 0.04004119 0.01977354 -0.02295571 0.04004119 0.01841732 -0.02363717 0.04026047 0.01841732 -0.02363717 0.04026047 0.01557427 -0.02477481 0.04025046 0.01557427 -0.02477481 0.04025046 0.01412369 -0.02521652 0.0400213 0.01412369 -0.02521652 0.0400213 0.01267835 -0.02556564 0.03964595 0.01267835 -0.02556564 0.03964595 0.008556089 -0.02601893 0.0376996 0.008556089 -0.02601893 0.0376996 -0.004038181 -0.006111361 0.0007218417 -0.004038181 -0.006111361 0.0007218417 -0.00418677 -0.0059033 0.001436288 -0.004253312 -0.00573557 0.001798155 0.006159319 -0.02581016 0.03580512 0.006159319 -0.02581016 0.03580512 0.005113659 -0.02555446 0.03471284 0.005113659 -0.02555446 0.03471284 0.02656265 -0.01696997 0.03478592 0.02656265 -0.01696997 0.03478592 -0.003014664 -0.005856133 -0.0002362127 -0.004081424 -0.006056826 0.0009673861 -0.004081424 -0.006056826 0.0009673861 -0.004043443 -0.006052039 0.000974155 -0.004043443 -0.006052039 0.000974155 0.001452935 -0.02332881 0.02995447 -0.003985359 -0.006059242 0.0009882297 -0.003985359 -0.006059242 0.0009882297 -0.003985359 -0.006059242 0.0009882297 -0.003949374 -0.006073734 0.0009995153 -0.003949374 -0.006073734 0.0009995153 -0.003892915 -0.006120669 0.00102344 -0.003892915 -0.006120669 0.00102344 -0.003892915 -0.006120669 0.00102344 -0.004056413 -0.006077686 0.0008742745 -0.004056413 -0.006077686 0.0008742745 -0.004056413 -0.006077686 0.0008742745 -0.004056413 -0.006077686 0.0008742745 -0.00403768 -0.006074144 0.0008790613 -0.00403768 -0.006074144 0.0008790613 -0.003961221 -0.006079561 0.000902547 -0.003961221 -0.006079561 0.000902547 -0.003943207 -0.006085862 0.0009090744 -0.003943207 -0.006085862 0.0009090744 -0.003883053 -0.006126873 0.0009348248 -0.003883053 -0.006126873 0.0009348248 0.001948762 -0.02395874 0.03129395 0.00263318 -0.02453749 0.03267331 -0.004008236 -0.006104008 0.0007124949 -0.004008236 -0.006104008 0.0007124949 0.006353598 -0.006327617 0.002714315 -0.003953493 -0.006094813 0.0007357969 -0.003953493 -0.006094813 0.0007357969 -0.003953493 -0.006094813 0.0007357969 -0.003913583 -0.006099979 0.0006649737 -0.003913583 -0.006099979 0.0006649737 -0.003913583 -0.006099979 0.0006649737 -0.003882749 -0.006110638 0.0007685829 -0.003882749 -0.006110638 0.0007685829 -0.003882749 -0.006110638 0.0007685829 -0.00398356 -0.006114609 0.00062869 -0.00398356 -0.006114609 0.00062869 -0.00398356 -0.006114609 0.00062869 -0.003949352 -0.006103297 0.0006462512 -0.003949352 -0.006103297 0.0006462512 -0.003852037 -0.006102989 0.0006080531 -0.003852037 -0.006102989 0.0006080531 -0.003852037 -0.006102989 0.0006080531 -0.003846067 -0.00611711 0.0007013131 -0.003846067 -0.00611711 0.0007013131 -0.003846067 -0.00611711 0.0007013131 -0.003846067 -0.00611711 0.0007013131 -0.00391973 -0.006107677 0.00056539 -0.00391973 -0.006107677 0.00056539 -0.003885948 -0.006101212 0.0005867568 -0.003885948 -0.006101212 0.0005867568 0.0008795183 -0.007330748 0.0115854 -0.00379163 -0.006105553 0.0005634443 -0.00379163 -0.006105553 0.0005634443 -0.00379163 -0.006105553 0.0005634443 -0.003885991 -0.006108613 0.0004929082 -0.003885991 -0.006108613 0.0004929082 -0.003854688 -0.006099547 0.0005169519 -0.003854688 -0.006099547 0.0005169519 -0.003822574 -0.006098691 0.0005409358 -0.003822574 -0.006098691 0.0005409358 -0.003822574 -0.006098691 0.0005409358 -0.003844521 -0.00610608 0.0004224821 -0.003844521 -0.00610608 0.0004224821 -0.003844521 -0.00610608 0.0004224821 -0.003816527 -0.006094755 0.000449462 -0.003816527 -0.006094755 0.000449462 -0.003816527 -0.006094755 0.000449462 -0.003787072 -0.006091568 0.0004764704 -0.003787072 -0.006091568 0.0004764704 -0.003758059 -0.0060961 0.0005019102 -0.003758059 -0.0060961 0.0005019102 -0.003788132 -0.006092848 0.0003773039 -0.003788132 -0.006092848 0.0003773039 -0.003788132 -0.006092848 0.0003773039 -0.003788132 -0.006092848 0.0003773039 -0.0003719394 -0.008016301 0.0118794 -0.003736258 -0.006082966 0.0004368198 -0.003736258 -0.006082966 0.0004368198 -0.003736258 -0.006082966 0.0004368198 -0.003693533 -0.006104827 0.0004971593 -0.003734185 -0.006121185 0.0005610796 -0.003757129 -0.006129877 0.0006051453 0.003983275 -0.006707795 0.01259607 -0.003815722 -0.006148613 0.000754419 -0.003846653 -0.006153892 0.0008689482 0.01557389 -0.02456969 0.04022006 0.01557389 -0.02456969 0.04022006 -0.003868079 -0.006152147 0.0009849144 -0.003901524 -0.006104043 0.001108828 -0.003901524 -0.006104043 0.001108828 -0.003920893 -0.006081256 0.001099196 -0.003944697 -0.006061266 0.001089889 -0.003944697 -0.006061266 0.001089889 -0.0039712 -0.006045654 0.001081637 -0.0039712 -0.006045654 0.001081637 -0.004046957 -0.006026405 0.001066066 -0.00411296 -0.006071807 0.0009479593 -0.00411296 -0.006071807 0.0009479593 -0.00411296 -0.006071807 0.0009479593 -0.004080097 -0.006096353 0.0008306575 0.02695007 -0.0127647 0.02854759 0.02695007 -0.0127647 0.02854759 -0.003969563 -0.006118856 0.0005880229 0.003518925 -0.02504209 0.03406365 -0.003940835 -0.006118302 0.000542389 -0.003876523 -0.00611183 0.0004560049 -0.003701188 -0.006070071 0.0003796592 -0.003701188 -0.006070071 0.0003796592 0.001410595 -0.007525733 0.0122454 0.004799079 -0.004205666 0.009085351 0.001685942 -0.004669224 -0.00076116 0.003538705 -0.00381693 -0.0006705218 0.003538705 -0.00381693 -0.0006705218 0.003538705 -0.00381693 -0.0006705218 0.005727666 -0.00245799 -0.0002366997 0.002548722 -0.006241758 0.002468267 0.0006607304 -0.00687119 0.002504779 -0.003112812 -0.00739532 0.002973469 -0.001257167 -0.009231974 0.002663696 -0.001257167 -0.009231974 0.002663696 -0.001257167 -0.009231974 0.002663696 -0.002719589 -0.005778996 -0.0002377355 -0.002378 -0.005673049 -0.0004325102 0.009455376 -0.02584747 0.03922143 0.001410149 -0.00756864 0.01231432 0.006792417 -0.001972532 0.0006223573 0.006821262 -0.001961554 0.0006647052 0.006946395 -0.001897065 0.001060585 0.006950666 -0.00187234 0.001267756 0.006950666 -0.00187234 0.001267756 0.007324559 -0.003104057 0.003209081 0.007313617 -0.003156285 0.003183098 0.007258628 -0.003267729 0.003133969 0.007227834 -0.003305019 0.003119991 0.007201887 -0.003330722 0.003111309 0.007201887 -0.003330722 0.003111309 0.01090212 -0.02568923 0.03990591 0.001397998 -0.007623349 0.01239486 0.01238916 -0.02542625 0.04044743 -0.005134998 -0.003505797 0.004773253 0.01546337 -0.02458495 0.04108623 -0.005134442 -0.003429813 0.004857247 0.01843765 -0.02338969 0.04108845 -0.004954712 -0.003128148 0.005115588 -0.004954712 -0.003128148 0.005115588 -0.004915247 -0.003095843 0.005134663 -0.004915247 -0.003095843 0.005134663 -0.004872968 -0.003065792 0.005150103 -0.004872968 -0.003065792 0.005150103 0.001058809 -0.0004717206 0.005513817 0.005640014 0.001026736 0.005234866 0.007592501 -0.0005376517 0.002673603 0.007592501 -0.0005376517 0.002673603 0.006728279 0.001564034 0.005369689 0.006728279 0.001564034 0.005369689 0.006728279 0.001564034 0.005369689 0.006707731 0.001606655 0.00542563 0.006707731 0.001606655 0.00542563 0.00373785 -0.006464273 0.01204326 0.00484634 -0.005874246 0.01181072 0.0003927432 -0.007514405 0.0115657 0.004101399 -0.004388953 0.008927992 8.237999e-05 -0.005117926 0.008069888 0.002742599 -0.02422509 0.03102537 0.002742599 -0.02422509 0.03102537 0.01069508 -0.0104352 0.01395928 0.01069508 -0.0104352 0.01395928 0.01139723 -0.01092119 0.01551825 0.01139723 -0.01092119 0.01551825 0.01078819 -0.01060288 0.01462658 0.01078819 -0.01060288 0.01462658 0.001073584 -0.007969277 0.01274269 0.0003330336 -0.005850863 0.008840433 0.007304715 -0.005755873 0.002859279 0.002868588 -0.006900562 0.0121831 0.004290347 -0.004983928 0.01001161 0.002773349 -0.006833899 0.01201352 -0.002255806 -0.009393789 0.00286144 -0.002255806 -0.009393789 0.00286144 -0.0004150522 -0.005919067 0.008464535 0.0006182112 -0.005845182 0.009016546 0.02437989 -0.01968246 0.03774804 0.02437989 -0.01968246 0.03774804 0.02437989 -0.01968246 0.03774804 0.02437989 -0.01968246 0.03774804 0.001828137 -0.005719077 0.009599102 -0.0009614138 -0.004224569 0.008716552 0.006677938 0.00165026 0.005486605 0.006677938 0.00165026 0.005486605 0.006635813 0.001692119 0.005550805 0.006635813 0.001692119 0.005550805 -0.0009910953 -0.006887071 0.009653519 0.006578379 0.001729292 0.005616399 0.006578379 0.001729292 0.005616399 0.006530018 0.001750198 0.00566001 0.006530018 0.001750198 0.00566001 0.006407831 0.001778449 0.005743109 0.006407831 0.001778449 0.005743109 0.005874249 0.001746374 0.005933521 0.005874249 0.001746374 0.005933521 0.0001868043 -6.092928e-05 0.006338553 0.0001868043 -6.092928e-05 0.006338553 0.0001868043 -6.092928e-05 0.006338553 -0.00261507 -0.001249125 0.006207922 -0.00261507 -0.001249125 0.006207922 0.0004442847 -0.008167356 0.01265363 0.02365346 -0.02014054 0.03923029 -0.006141304 -0.003235512 0.005499075 -0.006141304 -0.003235512 0.005499075 0.0001282565 -0.006971564 0.01051725 -0.00615948 -0.003274372 0.005463683 -0.00615948 -0.003274372 0.005463683 -0.006179908 -0.003346416 0.00539246 -0.006179908 -0.003346416 0.00539246 -0.002861803 -0.009814621 0.004492491 -0.002861803 -0.009814621 0.004492491 -0.006183265 -0.00337976 0.005356952 -0.006183265 -0.00337976 0.005356952 0.02543503 -0.01844967 0.0376573 0.02619662 -0.01752784 0.03666337 0.003737374 -0.006507129 0.01211218 0.0004816866 -0.007464449 0.01154283 0.02733234 -0.01357287 0.02979994 0.02733234 -0.01357287 0.02979994 0.002241095 -0.02361328 0.02971158 0.002241095 -0.02361328 0.02971158 0.02721057 -0.01432544 0.03123732 0.02721057 -0.01432544 0.03123732 0.001385731 -0.007449066 0.0121054 0.003240875 -0.005137025 0.009576953 4.032424e-05 -0.00667305 0.009978021 -0.005293296 -0.005615447 0.0025014 -0.005293296 -0.005615447 0.0025014 -0.004435994 -0.005277636 0.002512854 -0.004435994 -0.005277636 0.002512854 -0.0008146027 -0.006817557 0.009655874 0.02684888 -0.01654925 0.03550692 0.02334291 -0.02034036 0.03843787 0.02334291 -0.02034036 0.03843787 -0.001180477 -0.00914165 0.002472221 -0.001180477 -0.00914165 0.002472221 0.02750323 -0.01214276 0.02881587 0.02712122 -0.01144452 0.02744011 0.02657336 -0.01081634 0.02606966 0.02586716 -0.01027155 0.02473104 0.02399696 -0.009457481 0.02220126 0.02165566 -0.00906512 0.02004634 0.02039135 -0.00902843 0.01916562 0.018894 -0.009105061 0.01831646 0.01740187 -0.009292988 0.01765052 0.01594712 -0.009572891 0.0171573 -0.000440797 -0.006587794 0.009527759 0.01356471 -0.01017917 0.01654303 0.0123098 -0.01039246 0.01586333 0.01201212 -0.01040315 0.01561683 0.01149588 -0.01034253 0.01504842 0.01112632 -0.01017498 0.01443893 -0.000376254 -0.005611996 0.008103059 0.01839435 -0.02343312 0.04021717 0.01839435 -0.02343312 0.04021717 0.01091593 -0.01066842 0.01448391 0.01091593 -0.01066842 0.01448391 0.02699549 -0.01607535 0.03362236 0.02699549 -0.01607535 0.03362236 0.01055766 -0.01017303 0.01345467 0.01055766 -0.01017303 0.01345467 0.003839111 -0.006658224 0.01242226 0.005416118 -0.005735471 0.01195674 0.005067404 -0.005998296 0.0121546 0.008133505 -0.005276034 0.003691495 0.00360103 -0.006109028 0.01138076 0.01163015 -0.01101808 0.0154961 0.01163015 -0.01101808 0.0154961 0.0267437 -0.01216556 0.02714473 0.0267437 -0.01216556 0.02714473 0.02471529 -0.01062401 0.02333737 0.02471529 -0.01062401 0.02333737 0.01367035 -0.01104135 0.01676889 0.01367035 -0.01104135 0.01676889 -0.000482596 -0.006518003 0.009387879 0.004666285 -0.006568412 0.01281475 0.01439783 -0.01077429 0.01716805 0.01439783 -0.01077429 0.01716805 -0.002804284 -0.009614615 0.003575958 -0.002804284 -0.009614615 0.003575958 0.003268861 -0.004070205 0.008112147 -0.0008216458 -0.007345925 0.01050456 0.003287865 -0.00411731 0.008128975 0.01192724 -0.01108586 0.01577943 0.01192724 -0.01108586 0.01577943 0.01291014 -0.01114006 0.01644153 0.01291014 -0.01114006 0.01644153 0.001751395 -0.005681507 0.009488479 0.003787359 -0.00661691 0.01232192 0.004357626 -0.006683748 0.01280043 0.003992073 -0.005146247 0.01007999 0.002861016 -0.006885255 0.01215347 0.003813183 -0.003797493 0.008110373 0.003702887 -0.006025461 0.01131193 -0.0005236539 -0.005253781 0.00810022 0.01124557 -0.01087585 0.01503296 0.01124557 -0.01087585 0.01503296 0.0008141549 -0.005936118 0.009290695 0.00415723 -0.004385672 0.008958979 0.001733123 -0.00559135 0.009331017 -0.0008362699 -0.006322087 0.008841718 -0.0003710088 -0.006209272 0.008961825 0.01459688 -0.01071311 0.01720791 0.01459688 -0.01071311 0.01720791 0.0009665076 -0.007071136 0.01122265 0.001290852 -0.007794525 0.01260159 0.004075126 -0.007285473 0.002427391 0.004075126 -0.007285473 0.002427391 0.01327808 -0.01110722 0.01661609 0.01327808 -0.01110722 0.01661609 0.0140651 -0.01094547 0.01689199 0.0140651 -0.01094547 0.01689199 0.00115516 -0.007914581 0.01270738 0.01445032 -0.01082666 0.01698442 0.01445032 -0.01082666 0.01698442 0.003925532 -0.004418459 0.008861388 0.008548343 -0.005173356 0.003868462 0.008548343 -0.005173356 0.003868462 0.008476198 -0.005169542 0.003726877 0.008476198 -0.005169542 0.003726877 0.008321782 -0.005195949 0.003468551 0.008321782 -0.005195949 0.003468551 0.001308887 -0.00737469 0.01193533 0.0009846424 -0.008019233 0.01276556 0.007538732 -0.005665952 0.002674052 0.007538732 -0.005665952 0.002674052 0.007362988 -0.005815102 0.002578324 0.007362988 -0.005815102 0.002578324 0.006992037 -0.005921296 0.002581368 0.006992037 -0.005921296 0.002581368 0.007608201 -0.005391236 0.002905468 0.007608201 -0.005391236 0.002905468 0.008019532 -0.005145616 0.003329871 0.008019532 -0.005145616 0.003329871 0.008199104 -0.005082546 0.003585403 0.008199104 -0.005082546 0.003585403 0.008349879 -0.005065493 0.003849102 0.008349879 -0.005065493 0.003849102 0.008471553 -0.005092372 0.004112899 0.008471553 -0.005092372 0.004112899 0.008563439 -0.005160854 0.004368959 0.008563439 -0.005160854 0.004368959 0.00863421 -0.005287063 0.00465014 0.00863421 -0.005287063 0.00465014 0.01037842 -0.01001035 0.01341115 0.01037842 -0.01001035 0.01341115 0.01053229 -0.01010451 0.01332975 0.01053229 -0.01010451 0.01332975 0.008788024 -0.00538102 0.004568363 0.008788024 -0.00538102 0.004568363 -0.00353834 -0.006973773 0.003285465 -0.00353834 -0.006973773 0.003285465 -0.00353834 -0.006973773 0.003285465 -0.003451101 -0.007190613 0.003151175 -0.003934361 -0.006006791 0.001493942 -0.004003789 -0.005832245 0.001875222 -0.004091277 -0.005612987 0.002259595 -0.004117978 -0.004581911 0.007520369 -0.004238752 -0.004674639 0.007494408 -0.004270027 -0.004713547 0.007479664 -0.004321534 -0.004818078 0.007433575 -0.004332344 -0.004866809 0.007409449 -0.004335614 -0.004915628 0.007383771 -0.004331369 -0.004963709 0.007357007 -0.004324385 -0.004994932 0.007338786 -0.004314078 -0.005025212 0.007320418 -0.004828547 -0.003442616 0.00508978 -0.004828547 -0.003442616 0.00508978 -0.004753777 -0.003370315 0.0051567 -0.004753777 -0.003370315 0.0051567 -0.004700673 -0.003333714 0.005181997 -0.004700673 -0.003333714 0.005181997 -0.004700673 -0.003333714 0.005181997 -0.004672127 -0.003317295 0.00519065 -0.0005069774 -0.001433874 0.005517302 -4.51981e-05 -0.002678006 0.007735977 -4.51981e-05 -0.002678006 0.007735977 -4.51981e-05 -0.002678006 0.007735977 -0.002913402 -0.008245189 0.005308306 -0.00285296 -0.008264676 0.005284818 -0.002791015 -0.008274713 0.005266327 -0.00263058 -0.008256847 0.005243029 -0.003262412 -0.0071748 0.003122151 -0.003368534 -0.007145039 0.003159309 -0.003498247 -0.007044102 0.003239551 -0.003515575 -0.007018886 0.003256581 -0.003040389 -0.008151319 0.005381483 0.006162214 -0.0006723143 0.007581489 0.00163197 -0.002017124 0.007758387 0.00163197 -0.002017124 0.007758387 0.00163197 -0.002017124 0.007758387 0.006092222 -0.0006176542 0.00762489 0.006144062 -0.000628796 0.007608585 0.006222128 -0.0006611453 0.007575582 0.006249088 -0.0006779554 0.007561157 0.006316962 -0.0007404764 0.007513937 0.006342823 -0.0007775941 0.007488781 0.006362705 -0.0008178565 0.007463104 0.007602054 -0.003908234 0.00555028 0.005803226 -0.001797865 0.009402407 0.006515198 -0.001628195 0.009354492 0.007081695 -0.002960069 0.008556925 0.006352636 -0.003247363 0.008547184 0.006027004 -0.00237396 0.007705709 0.005668395 -0.001427501 0.008230549 0.00556434 -0.001150376 0.008146796 0.005551577 -0.001116138 0.008113666 0.005540487 -0.00108631 0.00807656 0.005531151 -0.001061085 0.00803579 0.00621482 -0.002874168 0.007855006 0.006206561 -0.00285184 0.007818344 0.006197234 -0.002826749 0.007785657 0.006181718 -0.002785093 0.007743901 0.006164771 -0.002739767 0.007710677 0.00611003 -0.002593886 0.007659022 0.006089327 -0.002538896 0.007656807 0.006067683 -0.00248152 0.007663616 0.006045891 -0.002423858 0.007680925 0.005578724 -0.001188882 0.008175625 0.0055994 -0.001244069 0.008205147 0.005621545 -0.001303071 0.008224415 0.005644712 -0.001364659 0.008233018 0.005681986 -0.001463533 0.008224053 0.005695125 -0.001498297 0.008214036 0.005707797 -0.001531799 0.008200506 0.005052038 -0.001651723 0.008254325 0.005027585 -0.001593036 0.008267374 0.005002754 -0.001532888 0.00827004 0.004990641 -0.001503307 0.008267456 0.004978711 -0.001474054 0.008262359 0.004924483 -0.001338868 0.008200608 0.004896463 -0.00126697 0.008130867 0.004882073 -0.001228764 0.008072741 0.005655341 -0.003094692 0.007847526 0.005290769 -0.002335513 0.01012558 0.004888766 -0.001246709 0.008102812 0.004905195 -0.001289604 0.008156972 0.004914998 -0.00131473 0.008181145 0.004934455 -0.001364066 0.008217674 0.004944926 -0.001390321 0.008232395 0.004955842 -0.001417531 0.008244809 0.00506826 -0.001690324 0.008239601 0.005484003 -0.002668414 0.007666159 0.005506276 -0.002721798 0.007652956 0.005528601 -0.002775788 0.007648684 0.00555065 -0.002829585 0.007653111 0.005572069 -0.002882337 0.007666014 0.005591213 -0.00292993 0.007685712 0.005610218 -0.002977684 0.007714294 0.005628077 -0.003023161 0.007751895 0.005643814 -0.003063975 0.00779864 0.005046098 -0.00418602 0.009214139 0.004589973 -0.004133224 0.008832534 0.00444959 -0.00411705 0.008715157 0.004294893 -0.004117918 0.00861607 0.0041297 -0.00413583 0.008537698 0.003487695 -0.002470607 0.00953154 0.003591331 -0.002464331 0.009573314 0.003847574 -0.002477267 0.009721378 0.004077761 -0.002535118 0.009929165 0.003321708 -0.002499949 0.008790795 0.003309129 -0.002466719 0.008804157 0.003296144 -0.002432334 0.008814026 0.003267243 -0.002355719 0.008823338 0.00331627 -0.002492842 0.009481008 0.003870147 -0.003949314 0.008165335 0.003851865 -0.00390049 0.008138826 0.003749044 -0.003627464 0.008132276 0.00314578 -0.002031148 0.008624612 0.003152506 -0.00204932 0.008655072 0.003160104 -0.002069797 0.00868338 0.003168648 -0.002092753 0.008709639 0.003178156 -0.002118256 0.008733931 0.003194314 -0.002161513 0.008766703 0.003212144 -0.002209122 0.008792915 0.003231574 -0.002260887 0.00881159 0.003252506 -0.00231656 0.008821765 0.003282626 -0.002396522 0.008820405 0.003333837 -0.002531979 0.008773951 0.002690789 -0.002704372 0.008804493 0.002674744 -0.002666199 0.008819015 0.002662808 -0.002637629 0.008826656 0.002613887 -0.002519083 0.00883173 0.00257932 -0.00243385 0.00880897 0.00254807 -0.002355462 0.008764698 0.002538606 -0.002331377 0.008745208 0.002528807 -0.002306246 0.008721005 0.002520081 -0.002283603 0.008694841 0.002505611 -0.00224522 0.00863656 0.002512359 -0.002263281 0.008666713 0.002558024 -0.002380603 0.008781784 0.00256845 -0.002406749 0.008796531 0.002602078 -0.002490099 0.008826577 0.002625936 -0.002548498 0.008834359 0.002650535 -0.002608107 0.008831846 0.003158019 -0.003803012 0.008149418 0.003174186 -0.003841173 0.00812939 0.003189599 -0.003877836 0.008115391 0.003393155 -0.004392187 0.008473138 0.00292466 -0.004762166 0.008766194 0.002791272 -0.004978936 0.009029602 0.002175612 -0.003096095 0.009845959 0.002285911 -0.002976142 0.009714053 0.00235514 -0.002915265 0.009654195 0.002676027 -0.002706708 0.009492541 0.002067741 -0.005359704 0.009174333 0.002042241 -0.003367725 0.01021051 0.00276322 -0.005085595 0.009183633 -0.0003780633 -0.003910206 0.009451731 -0.0001136547 -0.003855353 0.00955971 -2.380237e-05 -0.003846283 0.009610603 0.0003562811 -0.003883243 0.009940896 0.0004456791 -0.003920128 0.01006249 0.0005194442 -0.003967806 0.01019016 0.001117435 -0.005656487 0.009036148 0.001030979 -0.005616924 0.008916096 0.0009083282 -0.005584045 0.008783331 0.000613248 -0.00556874 0.008566871 4.848541e-05 -0.005028335 0.008107865 -0.0003604182 -0.003949541 0.00874436 -0.0003851204 -0.003884282 0.008774607 -0.0003981312 -0.003849846 0.008784507 -0.0004810969 -0.003629384 0.00876448 -0.0005008501 -0.003576638 0.00873576 -0.0005152159 -0.00353819 0.008706925 -0.0005390934 -0.003474062 0.008636613 -0.0005390934 -0.003474062 0.008636613 -0.0005484516 -0.003448773 0.008595767 -0.0005484516 -0.003448773 0.008595767 -0.0005484516 -0.003448773 0.008595767 0.0002286621 -0.005507885 0.008222819 6.587311e-05 -0.005074242 0.008084733 -0.0005279799 -0.00350395 0.008673766 -0.0004595179 -0.003686887 0.008784065 -0.0004362912 -0.003748642 0.008793288 -0.0004116473 -0.003814037 0.008790923 -0.000372572 -0.003917458 0.008761228 -0.001119638 -0.003839068 0.008695658 -0.001129104 -0.003814981 0.008676142 -0.001159122 -0.003736789 0.008581356 -0.001159122 -0.003736789 0.008581356 -0.001159122 -0.003736789 0.008581356 -0.0002884897 -0.005843009 0.008423935 -0.00114571 -0.003772162 0.008631839 -0.001109648 -0.00386426 0.008712768 -0.001099247 -0.003890354 0.008727547 -0.00108835 -0.003917511 0.008740006 -0.001065618 -0.00397371 0.008757662 -0.001053809 -0.004002696 0.00876283 -0.001041758 -0.004032113 0.008765478 -0.001017163 -0.004091726 0.008762991 -0.001004912 -0.004121193 0.008757814 -0.0009929738 -0.004149764 0.008750191 -0.0009769279 -0.004187938 0.008735681 -0.0004920742 -0.005328605 0.008066197 -0.0004772893 -0.005364014 0.00805729 -0.0004630662 -0.00539831 0.008052536 -0.0004478941 -0.005435084 0.008051091 -0.0003497728 -0.005679235 0.008155584 -0.0003402158 -0.005703941 0.00818236 -0.0003313241 -0.00572727 0.008213479 0.0005270998 -0.006489392 0.009997717 0.02658235 -0.01210449 0.02724251 0.02658235 -0.01210449 0.02724251 -0.002419193 -0.009262769 0.003122966 -0.002419193 -0.009262769 0.003122966 -0.0005313401 -0.006000972 0.008521278 -0.0007569826 -0.006212986 0.008716995 -0.000890372 -0.006429757 0.008980399 0.001373728 -0.00767978 0.01247015 0.003736341 -0.005838393 0.005476255 0.0001294982 -0.006654684 0.01000626 -0.001463316 -0.009140425 0.00253606 -0.001463316 -0.009140425 0.00253606 0.01224787 -0.01112815 0.01603373 0.01224787 -0.01112815 0.01603373 0.02296805 -0.02063737 0.0397909 0.0210453 -0.02194221 0.04064885 0.01891996 -0.02311008 0.04115386 0.01665597 -0.02410574 0.04129075 0.01432124 -0.0248993 0.0410554 0.01198611 -0.02546697 0.0404549 0.00972061 -0.02579169 0.03950724 0.007592891 -0.0258636 0.03824098 0.005666837 -0.02568065 0.03669409 0.004000404 -0.0252483 0.03491314 0.002643606 -0.02457956 0.03295155 0.001637244 -0.02369449 0.03086837 0.02298229 -0.02050769 0.03998774 0.02104219 -0.02182436 0.04085343 0.01889763 -0.02300272 0.04136302 0.01661318 -0.02400736 0.04150114 0.01425739 -0.02480812 0.04126367 0.01190118 -0.02538095 0.04065773 0.009615196 -0.02570856 0.03970152 0.007468268 -0.02578115 0.03842382 0.005524813 -0.02559654 0.03686296 0.003843326 -0.02516027 0.03506593 0.002474283 -0.02448551 0.03308661 0.001458832 -0.02359245 0.03098462 0.0008201327 -0.008331297 0.01316268 0.002356352 -0.006965231 0.01195465 0.002312053 -0.007173484 0.01226223 0.00230372 -0.007023201 0.01201405 0.002327121 -0.006993853 0.01198188 0.001582525 -0.007098641 0.01166739 0.02295521 -0.02025661 0.04027295 0.02099576 -0.02158637 0.04114727 0.01882984 -0.0227765 0.04166195 0.01652262 -0.02379113 0.04180145 0.0141763 -0.02466609 0.04148547 0.01176367 -0.0251784 0.04094962 0.009454914 -0.0255093 0.03998389 0.007286588 -0.0255826 0.03869346 0.005323766 -0.02539614 0.03711704 0.003625532 -0.02495555 0.0353021 0.002242833 -0.02427404 0.03330307 0.001217273 -0.02337209 0.03118013 0.003811142 -0.005203863 0.01005546 0.003331871 -0.004228415 0.008204795 0.01407799 -0.02446254 0.04170315 0.003901561 -0.00517843 0.01007319 0.003917973 -0.004077775 0.008306356 0.003341455 -0.004253174 0.008231568 0.02289743 -0.02002835 0.04047406 0.02092906 -0.02136413 0.04135236 0.0187533 -0.02255968 0.04186935 0.01643561 -0.02357893 0.04200949 0.01164003 -0.02472007 0.04134495 0.009335766 -0.02530488 0.04018367 0.007157598 -0.02537853 0.03888738 0.005185863 -0.02519124 0.0373038 0.003479907 -0.02474864 0.03548061 0.00209093 -0.02406405 0.03347249 0.001060688 -0.02315795 0.03133992 0.02253879 -0.0209993 0.03989283 0.0212496 -0.02186331 0.04045057 0.01978894 -0.02271025 0.04086929 0.01698887 -0.02402059 0.04116602 0.01388768 -0.02506532 0.04083815 0.008076486 -0.02589815 0.03840738 0.006737461 -0.0258379 0.03744006 0.005521691 -0.0256681 0.03637591 0.004445631 -0.02539861 0.0352415 0.0008916352 -0.02255452 0.02878511 0.000401556 -0.02202438 0.02916849 0.0007311261 -0.02263213 0.03088508 0.002669693 -0.02421683 0.03470387 0.01596052 -0.02348648 0.04215997 0.01807272 -0.02260283 0.0421053 0.02329306 -0.01941063 0.04034209 0.02466075 -0.01890514 0.03899415 0.02466075 -0.01890514 0.03899415 0.02463053 -0.01923466 0.03860573 0.02463053 -0.01923466 0.03860573 0.01685419 -0.00925203 0.01743209 0.01910888 -0.008952274 0.018413 0.02121928 -0.00890582 0.01970919 0.02312185 -0.009114082 0.02128165 0.02475948 -0.00957074 0.0230832 0.02608292 -0.01026214 0.02505962 0.02705245 -0.01116748 0.0271516 0.02763889 -0.01225955 0.02929619 0.02782461 -0.0135055 0.03142904 0.02760408 -0.01486796 0.03348594 0.02698386 -0.0163059 0.0354052 -8.061381e-05 -0.007559848 0.01133155 0.002275241 -0.007115592 0.01214482 0.002390826 -0.006937839 0.01193282 0.001665869 -0.007137463 0.01178421 0.001485529 -0.00707019 0.01155843 0.00111055 -0.007052253 0.01128578 0.001734445 -0.007186241 0.01190755 0.002289233 -0.007047518 0.01204396 0.002274903 -0.007094009 0.01210975 0.002279607 -0.007071236 0.01207599 0.02598266 -0.01777617 0.03712905 0.01681322 -0.009019548 0.01742698 0.01908828 -0.008717072 0.01841675 0.02121773 -0.008670193 0.01972465 0.02313748 -0.00888033 0.02131131 0.02478991 -0.009341126 0.02312913 0.02612531 -0.01003878 0.0251234 0.02710357 -0.01095225 0.02723429 0.0276953 -0.01205417 0.02939824 0.02788273 -0.01331144 0.03155035 0.02766019 -0.01468616 0.03362584 0.02703437 -0.0161371 0.03556243 0.003203488 -0.004929628 0.009217765 0.0005294139 -0.005836574 0.008944973 0.003730129 -0.003577515 0.008157068 0.003350321 -0.00427645 0.008262696 0.02790913 -0.01307863 0.0316955 0.002706327 -0.002741056 0.008785341 0.02603466 -0.01749126 0.037428 0.01672465 -0.008653966 0.0174874 0.01902238 -0.00834849 0.01848703 0.02117306 -0.008301158 0.01980796 0.02311193 -0.008513368 0.02141043 0.02478084 -0.008978794 0.02324637 0.02612953 -0.009683352 0.0252605 0.02711755 -0.01060596 0.02739242 0.02771518 -0.01171885 0.02957794 0.02767972 -0.01437707 0.03384766 0.02704768 -0.0158425 0.03580356 0.01663855 -0.008372974 0.01758496 0.01894673 -0.008066134 0.01858913 0.02110718 -0.008018577 0.01991607 0.02305486 -0.008231758 0.02152582 0.02473135 -0.00869928 0.0233701 0.02608615 -0.009407018 0.02539339 0.02707869 -0.01033387 0.02753499 0.02767903 -0.01145182 0.02973044 0.02788447 -0.01281295 0.03186069 0.003770836 -0.003685126 0.008114966 0.02700849 -0.01559418 0.03598435 0.02598354 -0.01709931 0.03774907 0.02758255 -0.01379415 0.03405899 0.02778358 -0.01253514 0.03215643 0.02764573 -0.01137197 0.03018839 0.02717232 -0.01033299 0.02820301 0.02637498 -0.009443736 0.02624886 0.02044389 -0.007753189 0.01966506 0.01436874 -0.009125017 0.01686445 0.01441503 -0.009282762 0.01682368 0.01447241 -0.009503192 0.01679101 0.02286724 -0.009206257 0.02106148 0.02501635 -0.009820528 0.0234498 0.02772656 -0.01294638 0.0302588 0.02776663 -0.0137919 0.03165031 0.02763644 -0.01465938 0.03296661 0.02735407 -0.01553019 0.03418942 0.02459876 -0.01930461 0.03849456 0.02459876 -0.01930461 0.03849456 0.02465443 -0.01914815 0.03872578 0.02465443 -0.01914815 0.03872578 0.02466513 -0.01903647 0.03885794 0.02466513 -0.01903647 0.03885794 0.0246406 -0.01876224 0.03912493 0.0246406 -0.01876224 0.03912493 0.02460667 -0.01861774 0.03924181 0.02460667 -0.01861774 0.03924181 0.003989905 -0.006984169 0.01304667 0.01118193 -0.008949779 0.01445477 0.01141794 -0.009170062 0.01502485 0.01190817 -0.009319935 0.01573195 0.0122063 -0.009328697 0.01602525 0.01315788 -0.009178947 0.01661557 0.0111965 -0.009123366 0.01435836 0.003305462 -0.004161348 0.008152335 0.003321682 -0.004202376 0.008181629 0.0116599 -0.009446779 0.01530987 0.001679076 -0.007788129 0.01284354 0.0008986 -0.006527515 0.01030069 0.01268658 -0.009451838 0.01627205 0.0004197249 -0.005839723 0.00887879 0.01374862 -0.009206717 0.01674639 0.00319089 -0.005027244 0.009367216 0.005439557 -0.006227975 0.01276734 0.01129788 -0.009435535 0.01455861 -0.0001974034 -0.008347439 0.01252754 -0.000110715 -0.008387036 0.01264783 1.228358e-05 -0.008419884 0.01278082 0.0001531171 -0.00843603 0.01289834 0.0003082618 -0.008434989 0.01299746 0.0004739045 -0.008416824 0.01307576 0.0006459311 -0.00838195 0.01313129 0.01142818 -0.009533593 0.01483645 0.0009922064 -0.008266116 0.01316915 0.001157846 -0.008187924 0.01315055 0.004226081 -0.005983438 0.01158396 0.001453847 -0.008000733 0.01304057 0.01193584 -0.009588634 0.01559719 0.001757883 -0.007678745 0.01271814 0.001811409 -0.007570982 0.01257881 0.01223968 -0.009596623 0.01589616 0.01321244 -0.009442015 0.01650286 0.00118796 -0.005706355 0.009162576 0.01110821 -0.009414945 0.01402326 0.00391031 -0.004057058 0.008271977 0.01140277 -0.009710196 0.01475818 0.01155547 -0.009784402 0.01502037 0.002533774 -0.007193325 0.01243828 0.01191824 -0.009864532 0.01549127 0.01223312 -0.009873771 0.01579945 0.01271022 -0.00982356 0.01614777 0.01324284 -0.009718377 0.01642999 0.001838266 -0.007467381 0.01242899 0.01382369 -0.009571963 0.01664833 0.01111136 -0.009644533 0.01410601 0.002407439 -0.007203517 0.01237274 0.01151673 -0.009948478 0.01496055 0.001164696 -0.007325067 0.01176152 -0.0009184241 -0.006536416 0.00913443 0.0110518 -0.009790443 0.014046 0.003484241 -0.006896618 0.01257674 0.003570928 -0.006936215 0.01269704 0.003693956 -0.006969115 0.01283003 0.01123237 -0.009977317 0.01450396 0.0001023396 -0.006901376 0.01038704 0.0115532 -0.0101309 0.01504681 0.004755256 -0.006518508 0.01279188 0.004501806 -0.006880528 0.01321187 0.004673849 -0.006815295 0.01321835 0.01185911 -0.01014856 0.01541111 0.01218144 -0.01019519 0.01572813 0.00513552 -0.006549964 0.01308977 0.01269629 -0.010077 0.01610027 0.01324898 -0.01004276 0.01639467 0.01385736 -0.00982413 0.01662337 0.005493054 -0.006120161 0.01262801 0.00136064 -0.007416003 0.01203566 0.01099445 -0.01005852 0.0141339 0.0008392477 -0.005969179 0.009360431 0.01128119 -0.01026557 0.01472647 -6.479885e-05 -0.005984564 0.008797866 0.0008636643 -0.006088755 0.009569351 0.005696403 -0.005947046 0.01248054 0.01174018 -0.01038746 0.0153452 0.01269829 -0.01034882 0.016126 0.01403597 -0.01006295 0.01669747 0.01452108 -0.009727857 0.01679019 0.01444459 -0.009392181 0.01680387 0.01431508 -0.00895972 0.01692419 0.01428667 -0.008879052 0.01696067 0.01425811 -0.008802199 0.01700038 0.01304367 -0.008967456 0.01672125 0.01255251 -0.009060086 0.01645913 0.0121106 -0.009100104 0.01613193 0.01138048 -0.008952223 0.01521965 0.01108412 -0.008664083 0.01449339 0.0109922 -0.008473527 0.01411749 0.01102203 -0.008558161 0.01406593 0.01106496 -0.008768417 0.01394403 0.01104111 -0.009204602 0.01371359 0.01090109 -0.009586559 0.01353557 0.01088672 -0.009914607 0.01381134 0.01311771 -0.01027609 0.01635255 0.01455429 -0.009925127 0.0168211 0.007787036 -0.005477353 0.002855565 0.007787036 -0.005477353 0.002855565 0.008019803 -0.005329152 0.00308001 0.008019803 -0.005329152 0.00308001 0.008227397 -0.005228286 0.003333005 0.008227397 -0.005228286 0.003333005 0.008405642 -0.005176761 0.00360243 0.008405642 -0.005176761 0.00360243 0.008653982 -0.005209637 0.004113066 0.008653982 -0.005209637 0.004113066 0.00869252 -0.005236817 0.004218017 0.00869252 -0.005236817 0.004218017 0.008734141 -0.005280486 0.004348829 0.008734141 -0.005280486 0.004348829 0.005979413 -0.004270856 -0.001168962 -0.001741219 -0.007290496 -0.001242087 -0.001995246 -0.007382513 -0.001188144 -0.001995246 -0.007382513 -0.001188144 -0.001281751 -0.009314673 0.00239576 -0.001281751 -0.009314673 0.00239576 -0.001281751 -0.009314673 0.00239576 -0.001281751 -0.009314673 0.00239576 0.005858765 -0.006655836 0.002407646 0.005858765 -0.006655836 0.002407646 0.00647255 -0.004045651 -0.001074982 0.00647255 -0.004045651 -0.001074982 0.00647255 -0.004045651 -0.001074982 0.004343492 -0.005230082 0.01044372 0.007311666 -0.0259656 0.03680495 0.007311666 -0.0259656 0.03680495 6.292921e-05 -0.005926845 0.008787665 -0.0001021995 -0.006687471 0.009908662 0.00722723 -0.005700281 0.002665252 0.00722723 -0.005700281 0.002665252 -0.001937298 -0.006884222 -0.001417303 -0.001895222 -0.007014178 -0.001430099 -0.001849367 -0.007132717 -0.001397349 -0.002050817 -0.00728939 -0.001304869 -0.002050817 -0.00728939 -0.001304869 -0.002050817 -0.00728939 -0.001304869 -0.002026306 -0.007335094 -0.001260138 -0.002026306 -0.007335094 -0.001260138 -0.001485354 -0.007192437 -0.001297955 -0.001492491 -0.007171829 -0.001326422 -0.001500459 -0.007148062 -0.001353533 -0.001509176 -0.007121279 -0.001378785 -0.001516876 -0.007097101 -0.001397761 -0.001524953 -0.007071204 -0.001414876 -0.001533373 -0.007043731 -0.001429884 -0.001542082 -0.007014879 -0.001442564 -0.001559632 -0.00695531 -0.001460158 -0.001568453 -0.006924716 -0.001465088 -0.00157721 -0.006893943 -0.001467404 -0.001594703 -0.00683101 -0.001464098 -0.001610843 -0.006771228 -0.001450694 -0.001621716 -0.006729801 -0.001435015 -0.001631429 -0.006691823 -0.001415403 -0.001631429 -0.006691823 -0.001415403 -0.001880426 -0.006771258 -0.001394506 -0.001880426 -0.006771258 -0.001394506 -0.002157247 -0.006873607 -0.001343977 -0.002157247 -0.006873607 -0.001343977 -0.002117521 -0.007103798 -0.001382853 -0.002117521 -0.007103798 -0.001382853 -0.002109342 -0.007133163 -0.001378029 -0.002109342 -0.007133163 -0.001378029 -0.002091421 -0.007189665 -0.001361793 -0.002091421 -0.007189665 -0.001361793 -0.002071738 -0.007242167 -0.001337195 0.004448046 -0.006658316 0.01281816 -0.002151253 -0.00701034 -0.00137871 -0.002151253 -0.00701034 -0.00137871 -0.002144748 -0.007085284 -0.001376568 -0.002144748 -0.007085284 -0.001376568 -0.002473891 -0.006921214 -0.001211469 -0.002473891 -0.006921214 -0.001211469 0.004990531 -0.005923869 0.01198452 0.01265726 -0.02537047 0.03961825 0.01265726 -0.02537047 0.03961825 -0.00244488 -0.007082347 -0.001246034 -0.002414691 -0.007227515 -0.001216634 -0.002630046 -0.007379404 -0.0009916191 -0.002737291 -0.00697084 -0.001069436 -0.002737291 -0.00697084 -0.001069436 -0.002737561 -0.007035299 -0.00108477 -0.002735354 -0.007069317 -0.001089087 -0.002731466 -0.007104105 -0.001090884 -0.00270812 -0.007213756 -0.001078729 -0.002686675 -0.007275215 -0.001058507 -0.002660727 -0.007330394 -0.001029578 -0.002081769 -0.007216496 -0.001350502 -0.002081769 -0.007216496 -0.001350502 -0.002081769 -0.007216496 -0.001350502 -0.002148365 -0.006953754 -0.001373158 -0.002148365 -0.006953754 -0.001373158 -0.002153604 -0.006913023 -0.001360606 -0.002153604 -0.006913023 -0.001360606 0.004792194 -0.005601432 0.01133498 -0.00264572 -0.007356156 -0.001011429 -0.002721877 -0.007159343 -0.00108826 -0.004337924 -0.007098357 -3.649731e-05 -0.004337924 -0.007098357 -3.649731e-05 0.004994667 -0.006647942 0.01315653 -0.00433714 -0.007291961 -3.075237e-05 -0.004324923 -0.007353473 -1.130638e-05 -0.004266356 -0.007490823 7.830313e-05 -0.004401729 -0.007504951 0.0002197237 -0.004485511 -0.007484221 0.0002739416 -0.004570572 -0.007455895 0.000332436 -0.004682243 -0.007406348 0.0004148186 -0.004786724 -0.007346036 0.0004976945 -0.004884378 -0.007276489 0.0005800752 -0.004974517 -0.007198085 0.0006613275 -0.005064109 -0.007099815 0.0007499934 -0.0008524204 -0.01457876 0.01318408 -0.002386568 -0.01421174 0.01368739 0.0005429703 -0.02223708 0.02902567 0.0006236561 -0.02233015 0.02895941 0.0007109406 -0.02241606 0.02889574 0.001012555 -0.02262068 0.02872537 0.001127507 -0.02266852 0.0286767 -0.002633592 -0.009693789 0.004110703 -0.001708845 -0.01461245 0.01333641 -0.001926837 -0.01453462 0.01342179 -0.002119289 -0.01443098 0.01351597 -0.002472478 -0.009453278 0.003535123 -0.00230413 -0.01429152 0.01362797 -0.002275504 -0.009359483 0.003253521 -0.002462159 -0.01412504 0.01374919 -0.002082496 -0.009304986 0.003063577 -0.002554763 -0.01399202 0.01383931 -0.00176581 -0.009254457 0.002848828 -0.002629928 -0.01384149 0.01393544 -0.001533027 -0.009236703 0.002743131 -0.002888827 -0.009689616 0.004248988 -0.002888827 -0.009689616 0.004248988 -0.002869161 -0.009574601 0.003998481 -0.002869161 -0.009574601 0.003998481 -0.002721518 -0.009400732 0.003556092 -0.002721518 -0.009400732 0.003556092 -0.002015706 -0.0091794 0.002787229 -0.002015706 -0.0091794 0.002787229 -0.001813395 -0.009157323 0.002672454 -0.001813395 -0.009157323 0.002672454 -0.00165468 -0.009146351 0.002601046 -0.00165468 -0.009146351 0.002601046 -0.001694818 -0.009247584 0.002812538 -0.001977841 -0.009284086 0.002981642 -0.002142849 -0.009319508 0.003116923 -0.002432527 -0.009428886 0.003466221 -0.002545044 -0.00951095 0.003689128 -0.002578073 -0.009547953 0.003781804 -0.002609372 -0.009598362 0.003901638 -0.002628541 -0.009755284 0.004234425 -0.002610726 -0.009817243 0.004352145 0.0008886134 -0.006871941 0.005289017 -0.003042167 -0.007147015 0.003093279 -0.002592655 -0.00824378 0.005242496 0.001075924 -0.006886761 0.0054407 0.007347904 -0.004326532 0.005375345 0.007347904 -0.004326532 0.005375345 0.008454961 -0.005456674 0.004500024 0.006202991 -0.004577749 0.01059843 0.006762499 -0.004357277 0.01060591 0.006456457 -0.003528504 0.009068625 -0.0004903059 -0.006435157 0.009249095 0.007601239 -0.004051171 0.005476232 0.007570272 -0.004134269 0.005437018 0.007507649 -0.004219687 0.005402107 0.007437181 -0.00427945 0.005383236 0.007376699 -0.004314109 0.005376355 0.01446372 -0.01102874 0.01725564 0.01385293 -0.01120341 0.01710278 0.0133095 -0.01130796 0.01691118 0.01280252 -0.01135556 0.01667923 0.01253491 -0.01136083 0.01653324 0.01227873 -0.01135311 0.01637567 0.01183501 -0.01130678 0.01605259 0.01107352 -0.01109238 0.01527476 0.01074401 -0.01091257 0.01478344 0.01042751 -0.01062313 0.01411265 0.01057115 -0.01038367 0.01412804 0.01057115 -0.01038367 0.01412804 0.01107441 -0.01078697 0.01510633 0.01107441 -0.01078697 0.01510633 0.01123294 -0.01086017 0.01532157 0.01123294 -0.01086017 0.01532157 0.01202251 -0.01105897 0.01610157 0.01202251 -0.01105897 0.01610157 0.01233932 -0.01108692 0.01632785 0.01233932 -0.01108692 0.01632785 0.012688 -0.01109216 0.0165388 0.012688 -0.01109216 0.0165388 0.01389786 -0.01092187 0.01704308 0.01389786 -0.01092187 0.01704308 0.01464627 -0.01076552 0.01702354 0.01464627 -0.01076552 0.01702354 0.002171534 -0.005640793 0.009695779 -0.005025861 -0.006256011 0.001378114 -0.005025861 -0.006256011 0.001378114 -0.00517769 -0.006287114 0.001512223 -0.005254495 -0.006380189 0.00153817 -0.005291915 -0.006460584 0.001565852 0.02457016 -0.01057309 0.02346195 0.02457016 -0.01057309 0.02346195 -0.005364226 -0.006434989 0.001886944 -0.005193175 -0.005857887 0.002158092 -0.005193175 -0.005857887 0.002158092 -0.001116747 -0.0145401 0.01325754 -0.001116747 -0.0145401 0.01325754 -0.005289505 -0.006021172 0.002037194 0.003331555 -0.006475669 0.01179766 -0.005387421 -0.006148725 0.002088327 -0.005566984 -0.005989177 0.002704976 0.003616845 -0.004533743 0.008847065 -0.005105239 -0.006068589 0.001791261 -0.005373124 -0.005655171 0.002506797 -0.005424881 -0.005691598 0.002518593 -0.005508169 -0.005779753 0.002560592 -0.005537497 -0.005829141 0.002589679 -0.005567672 -0.005932023 0.002660206 0.0007903453 -0.007349113 0.01155716 -0.005260181 -0.006745583 0.001515404 -0.005215425 -0.006725404 0.001007001 -0.005210437 -0.006694006 0.0009986124 -0.005165745 -0.006577013 0.0009706079 -0.005085217 -0.006478749 0.0009525315 -0.004993732 -0.006417172 0.0009464044 -0.005171769 -0.00674561 0.0007747927 -0.005164938 -0.006716248 0.000770168 -0.005107567 -0.006592855 0.000756751 0.004014679 -0.004400041 0.008889636 -0.004971737 -0.006468205 0.0007595386 -0.004962103 -0.006403164 0.0009463794 -0.004962103 -0.006403164 0.0009463794 -0.005025141 -0.006434362 0.0009473866 -0.005055793 -0.006454925 0.0009494022 -0.00510786 -0.006500463 0.0009559191 -0.005128991 -0.006524225 0.0009600675 -0.005180529 -0.006604944 0.0009767767 -0.005192967 -0.006633973 0.000983541 -0.005217744 -0.006756603 0.001015697 -0.005214581 -0.006817447 0.001033587 -0.005206148 -0.006860157 0.001046951 -0.005193224 -0.006900046 0.00106006 0.007500452 -0.005598598 0.002981198 0.003579445 -0.00523665 0.009957868 -0.004039853 -0.006359236 3.431015e-05 0.00335854 -0.005208584 0.009768994 -0.004013845 -0.006243564 0.0001423728 -0.004930176 -0.00644766 0.0007640135 -0.004930176 -0.00644766 0.0007640135 -0.004975856 -0.006520754 0.0006606293 -0.004975856 -0.006520754 0.0006606293 -0.004989826 -0.006565527 0.0006208139 -0.004989826 -0.006565527 0.0006208139 -0.005002456 -0.006654323 0.0005671435 -0.005002456 -0.006654323 0.0005671435 0.002054408 -0.008267982 0.00229588 0.002054408 -0.008267982 0.00229588 -0.005003365 -0.006693767 0.0005511546 -0.005003365 -0.006693767 0.0005511546 -0.003086534 -0.006068105 -0.0005155519 -0.003083248 -0.00597577 -0.0004456035 -0.00307367 -0.005933888 -0.0003989354 -0.003058784 -0.005899338 -0.0003475399 -0.003039363 -0.005873586 -0.0002938793 -0.002584645 -0.005907506 -0.0007292865 -0.002689921 -0.005806781 -0.0005880328 -0.002596651 -0.005717565 -0.0005216845 0.01732435 -0.01009802 0.01798688 0.01732435 -0.01009802 0.01798688 0.01874214 -0.009915051 0.01861263 0.01874214 -0.009915051 0.01861263 0.02016624 -0.009837593 0.0194128 0.02016624 -0.009837593 0.0194128 0.0213685 -0.009868252 0.02024347 0.0213685 -0.009868252 0.02024347 0.02252165 -0.009998013 0.02120226 0.02252165 -0.009998013 0.02120226 0.02359794 -0.01023238 0.02228008 0.02359794 -0.01023238 0.02228008 -0.002316999 -0.005798015 -0.0007779592 0.02538212 -0.0109975 0.02467496 0.02538212 -0.0109975 0.02467496 0.02605727 -0.01151126 0.02594323 0.02605727 -0.01151126 0.02594323 -0.00239227 -0.005702305 -0.0006716692 -0.001291037 -0.009140263 0.002493654 -0.001291037 -0.009140263 0.002493654 -0.001291037 -0.009140263 0.002493654 -0.001291037 -0.009140263 0.002493654 -0.002147488 -0.005684946 -0.0007639806 -0.002486657 -0.005700588 -0.0006014155 0.02635521 -0.01693643 0.0348981 0.02635521 -0.01693643 0.0348981 0.02574247 -0.01786245 0.03599537 0.02574247 -0.01786245 0.03599537 -0.002698221 -0.00574056 -0.000432069 0.02423771 -0.01954528 0.03773534 0.02423771 -0.01954528 0.03773534 0.02423771 -0.01954528 0.03773534 0.02423771 -0.01954528 0.03773534 -0.003087364 -0.006023531 -0.0004862404 0.00447323 -0.005581412 0.01109537 0.0009219183 -0.008049475 0.01277362 0.01967502 -0.02278756 0.04000672 0.01967502 -0.02278756 0.04000672 -7.363332e-05 -0.005310622 -0.0009808861 0.0006815562 -0.006376176 0.009915195 0.0140789 -0.0250268 0.03998695 0.0140789 -0.0250268 0.03998695 -8.595353e-05 -0.005249442 -0.0009237777 -8.595353e-05 -0.005249442 -0.0009237777 -8.595353e-05 -0.005249442 -0.0009237777 0.01124621 -0.02562118 0.03910628 0.01124621 -0.02562118 0.03910628 0.009873131 -0.02577243 0.03845839 0.009873131 -0.02577243 0.03845839 0.008564274 -0.02582153 0.0376873 0.008564274 -0.02582153 0.0376873 0.002276626 -0.0233876 0.02967133 0.002276626 -0.0233876 0.02967133 0.006139123 -0.02560501 0.0357619 0.006139123 -0.02560501 0.0357619 0.005117585 -0.02534996 0.03468625 0.005117585 -0.02534996 0.03468625 -8.951726e-05 -0.005213503 -0.0008295361 -0.0001385757 -0.00524931 -0.000710656 0.001834311 -0.004691546 -0.001026988 0.00222037 -0.02283282 0.02837051 0.002556808 -0.02350008 0.0296667 0.003046181 -0.02409691 0.03094845 0.003682196 -0.02461563 0.03219943 0.004456777 -0.02504968 0.03340366 0.001810873 -0.004634012 -0.0009696106 0.006380459 -0.02564273 0.03561125 0.007505007 -0.02579414 0.03658644 0.008719351 -0.02584584 0.03745894 0.01135451 -0.02564871 0.03885276 0.01274171 -0.02540239 0.0393563 0.01556712 -0.02462996 0.03994462 0.01834048 -0.02351908 0.03995266 0.01966327 -0.0228538 0.03973777 0.001797853 -0.004604181 -0.0008748234 0.02209724 -0.02134564 0.03888369 0.02414696 -0.01966611 0.03750313 0.02414696 -0.01966611 0.03750313 0.003650035 -0.003843243 -0.0009311209 0.003616011 -0.003790684 -0.0008743104 0.0269677 -0.01528876 0.03226681 0.02707598 -0.01447188 0.03101799 0.0270244 -0.01369969 0.0297375 0.02681364 -0.01298209 0.02844167 0.02644638 -0.01232821 0.02714704 0.02592728 -0.01174634 0.02587012 0.003593621 -0.003764513 -0.0007885083 0.003593621 -0.003764513 -0.0007885083 0.02353443 -0.01050217 0.0223061 0.02249221 -0.01027221 0.02125755 0.0213486 -0.01014049 0.02030184 0.0188167 -0.01017738 0.01871633 0.01746071 -0.01034549 0.01810677 0.005092269 -0.006074964 0.01229461 -0.002021248 -0.005586985 -0.0005856139 -0.002021248 -0.005586985 -0.0005856139 -0.002021248 -0.005586985 -0.0005856139 0.0233837 -0.02056159 0.03852057 0.0233837 -0.02056159 0.03852057 -0.00203119 -0.005589391 -0.0006643933 -0.00203119 -0.005589391 -0.0006643933 -0.00203119 -0.005589391 -0.0006643933 -0.00203119 -0.005589391 -0.0006643933 0.000851513 -0.006143464 0.009649889 0.005253466 -0.002727503 -0.0004645878 0.005253466 -0.002727503 -0.0004645878 0.005257339 -0.002741236 -0.0004327505 0.005257339 -0.002741236 -0.0004327505 0.005253333 -0.002717954 -0.0005002353 0.005253333 -0.002717954 -0.0005002353 0.005256454 -0.002714112 -0.0005313501 0.005262639 -0.002714414 -0.0005629071 0.005262639 -0.002714414 -0.0005629071 0.005271639 -0.002718966 -0.0005932095 0.005042283 -0.005965182 0.01208486 0.0007664031 -0.008109136 0.01276895 0.005283124 -0.002727474 -0.000621547 0.005283124 -0.002727474 -0.000621547 0.005297152 -0.002740053 -0.0006478245 0.005297152 -0.002740053 -0.0006478245 0.005320649 -0.00275012 -0.0006687098 0.008342128 -0.005307305 0.004114375 0.005469074 -0.002610239 -0.0005856884 0.005469074 -0.002610239 -0.0005856884 0.005469074 -0.002610239 -0.0005856884 0.005469074 -0.002610239 -0.0005856884 0.005450748 -0.002599904 -0.0005517093 0.005450748 -0.002599904 -0.0005517093 0.01306054 -0.01107037 0.01672808 0.01306054 -0.01107037 0.01672808 0.005429518 -0.002597119 -0.0004952662 0.005429518 -0.002597119 -0.0004952662 0.005429518 -0.002597119 -0.0004952662 0.00541806 -0.002609417 -0.0004391753 0.00541806 -0.002609417 -0.0004391753 0.00541806 -0.002609417 -0.0004391753 0.00541806 -0.002609417 -0.0004391753 0.005640608 -0.002506449 -0.0005137919 0.005640608 -0.002506449 -0.0005137919 0.005704836 -0.002461678 -0.0004627925 0.005704836 -0.002461678 -0.0004627925 0.005704836 -0.002461678 -0.0004627925 0.005593431 -0.002498198 -0.0004264896 0.005593431 -0.002498198 -0.0004264896 0.005580907 -0.002507296 -0.0003901795 0.005580907 -0.002507296 -0.0003901795 0.005572824 -0.002522183 -0.0003562437 0.005572824 -0.002522183 -0.0003562437 0.005774931 -0.002404382 -0.0003464586 0.005774931 -0.002404382 -0.0003464586 0.005756682 -0.002412217 -0.0003117609 0.005756682 -0.002412217 -0.0003117609 0.005742587 -0.002426558 -0.000278595 0.005742587 -0.002426558 -0.000278595 0.005742587 -0.002426558 -0.000278595 0.005569082 -0.002541393 -0.0003262052 0.00541362 -0.002634933 -0.0003910981 0.005344944 -0.002777191 -0.0006937886 0.005344944 -0.002777191 -0.0006937886 0.005432452 -0.002688552 -0.0006547584 0.005566928 -0.002567546 -0.0005730357 0.005747924 -0.002432591 -0.0004227714 0.005866847 -0.002363096 -0.0002975218 0.005886262 -0.002387769 -0.0001227411 0.005886262 -0.002387769 -0.0001227411 0.005886262 -0.002387769 -0.0001227411 0.006760412 -0.001984433 0.0005848465 0.006760412 -0.001984433 0.0005848465 0.006760412 -0.001984433 0.0005848465 0.006760412 -0.001984433 0.0005848465 0.00590562 -0.002353011 -0.0001647922 0.00590562 -0.002353011 -0.0001647922 0.005919663 -0.002340007 -0.0001890956 0.005919663 -0.002340007 -0.0001890956 0.00682239 -0.00192069 0.0004671877 0.00682239 -0.00192069 0.0004671877 0.006801362 -0.001927619 0.0004975009 0.006801362 -0.001927619 0.0004975009 0.006801362 -0.001927619 0.0004975009 0.006801362 -0.001927619 0.0004975009 0.00678561 -0.001938865 0.0005241691 0.00678561 -0.001938865 0.0005241691 0.00678561 -0.001938865 0.0005241691 0.00678561 -0.001938865 0.0005241691 0.006773177 -0.00195408 0.0005493602 0.006773177 -0.00195408 0.0005493602 0.006773177 -0.00195408 0.0005493602 0.006773177 -0.00195408 0.0005493602 -0.003649971 -0.006086783 0.0004457232 -0.003672597 -0.006075136 0.0004181488 -0.003672597 -0.006075136 0.0004181488 -0.003736014 -0.006081403 0.0003260836 -0.003736014 -0.006081403 0.0003260836 -0.002775029 -0.005766281 -0.0003052798 -0.002756459 -0.005766424 -0.0002805367 -0.002756459 -0.005766424 -0.0002805367 0.007186074 -0.005977862 0.002508919 0.007186074 -0.005977862 0.002508919 0.007186074 -0.005977862 0.002508919 0.007186074 -0.005977862 0.002508919 0.007186074 -0.005977862 0.002508919 -0.002621561 -0.005713156 -0.0004587428 -0.002621561 -0.005713156 -0.0004587428 -0.002603704 -0.005706703 -0.0004235552 -0.002603704 -0.005706703 -0.0004235552 -0.002584366 -0.005707939 -0.0003899487 -0.002584366 -0.005707939 -0.0003899487 -0.002449748 -0.00569456 -0.0006220268 -0.002449748 -0.00569456 -0.0006220268 -0.002441098 -0.005674264 -0.0005887025 -0.002441098 -0.005674264 -0.0005887025 -0.002441098 -0.005674264 -0.0005887025 -0.00242292 -0.005657166 -0.000533734 -0.00242292 -0.005657166 -0.000533734 -0.002408396 -0.005655617 -0.0004970576 -0.002408396 -0.005655617 -0.0004970576 -0.002393126 -0.005661323 -0.0004628078 -0.002393126 -0.005661323 -0.0004628078 -0.002255201 -0.005678214 -0.0007181073 -0.002255201 -0.005678214 -0.0007181073 -0.002252053 -0.005652866 -0.0006889157 -0.002252053 -0.005652866 -0.0006889157 -0.002246483 -0.005633123 -0.0006546204 -0.002246483 -0.005633123 -0.0006546204 -0.002234184 -0.005617115 -0.0005977241 -0.002234184 -0.005617115 -0.0005977241 -0.002234184 -0.005617115 -0.0005977241 -0.002234184 -0.005617115 -0.0005977241 -0.002213266 -0.005622947 -0.0005238079 -0.002213266 -0.005622947 -0.0005238079 -0.002213266 -0.005622947 -0.0005238079 -0.002213266 -0.005622947 -0.0005238079 -0.002199114 -0.005634858 -0.000492894 -0.002552957 -0.005721077 -0.0003474537 -0.002792254 -0.005770733 -0.0003305895 -0.002792254 -0.005770733 -0.0003305895 -0.002649623 -0.005728527 -0.0004771331 -0.002649623 -0.005728527 -0.0004771331 -0.002890013 -0.009713176 0.003828113 -0.002890013 -0.009713176 0.003828113 -0.002046372 -0.005653183 -0.0007671573 -0.002046372 -0.005653183 -0.0007671573 -0.002046372 -0.005653183 -0.0007671573 -0.002046372 -0.005653183 -0.0007671573 -0.002045067 -0.005612781 -0.000718196 -0.002045067 -0.005612781 -0.000718196 -0.002045067 -0.005612781 -0.000718196 -0.002045067 -0.005612781 -0.000718196 -0.002043053 -0.005598903 -0.0006895967 -0.002043053 -0.005598903 -0.0006895967 -0.002043053 -0.005598903 -0.0006895967 -0.002034474 -0.005585385 -0.0006120723 -0.002034474 -0.005585385 -0.0006120723 -0.002034474 -0.005585385 -0.0006120723 -0.002034474 -0.005585385 -0.0006120723 -0.002023795 -0.005599217 -0.0005453491 -0.002023795 -0.005599217 -0.0005453491 -0.002023795 -0.005599217 -0.0005453491 -0.002023795 -0.005599217 -0.0005453491 -0.002046201 -0.005631004 -0.0007442685 -0.002046201 -0.005631004 -0.0007442685 -0.002046201 -0.005631004 -0.0007442685 -0.002045092 -0.005689318 -0.000792548 -0.002045092 -0.005689318 -0.000792548 -0.002045092 -0.005689318 -0.000792548 0.02152887 -0.00991563 0.02012307 0.02152887 -0.00991563 0.02012307 -0.002849046 -0.009657907 0.003690269 -0.002849046 -0.009657907 0.003690269 -0.002027746 -0.005584609 -0.0006332044 -0.002027746 -0.005584609 -0.0006332044 0.006859522 -0.001900467 0.0004993405 0.00684054 -0.001905759 0.0005473624 0.00684054 -0.001905759 0.0005473624 0.00684054 -0.001905759 0.0005473624 0.006829573 -0.001913781 0.0005619903 0.006829573 -0.001913781 0.0005619903 0.006804717 -0.001945891 0.0006027763 0.006804717 -0.001945891 0.0006027763 0.006899388 -0.001871737 0.0005752321 0.006899388 -0.001871737 0.0005752321 0.006899388 -0.001871737 0.0005752321 0.006899388 -0.001871737 0.0005752321 0.006851105 -0.001906863 0.0006278078 0.006851105 -0.001906863 0.0006278078 0.006835443 -0.001932083 0.0006515596 0.006835443 -0.001932083 0.0006515596 0.006948045 -0.001831022 0.0007005586 0.006948045 -0.001831022 0.0007005586 0.006948045 -0.001831022 0.0007005586 0.006899533 -0.001868093 0.0006609639 0.006899533 -0.001868093 0.0006609639 0.006877841 -0.001891709 0.0006841528 0.006877841 -0.001891709 0.0006841528 0.00686253 -0.00191934 0.0007053354 0.00686253 -0.00191934 0.0007053354 0.006952791 -0.001841196 0.0006161321 0.006952791 -0.001841196 0.0006161321 0.006920872 -0.001851861 0.0007219867 0.006920872 -0.001851861 0.0007219867 0.006899729 -0.001878067 0.000742756 0.006899729 -0.001878067 0.000742756 0.006885335 -0.0019077 0.000761725 0.006885335 -0.0019077 0.000761725 0.007006258 -0.001777144 0.0008148331 0.007006258 -0.001777144 0.0008148331 0.006975349 -0.001797271 0.000831308 0.006975349 -0.001797271 0.000831308 0.006949905 -0.00182355 0.0008484612 0.006949905 -0.00182355 0.0008484612 0.00693129 -0.001854175 0.0008652349 0.00693129 -0.001854175 0.0008652349 0.006919991 -0.001887011 0.000880698 0.006919991 -0.001887011 0.000880698 0.007064032 -0.001718419 0.0009340703 0.007064032 -0.001718419 0.0009340703 0.007013651 -0.00174395 0.0009500445 0.007013651 -0.00174395 0.0009500445 0.006985075 -0.001769459 0.000962902 0.006985075 -0.001769459 0.000962902 0.006962756 -0.001800167 0.0009766896 0.006962756 -0.001800167 0.0009766896 0.006947886 -0.001834108 0.0009905398 0.006947886 -0.001834108 0.0009905398 0.006940704 -0.001869092 0.001003641 0.006940704 -0.001869092 0.001003641 0.007050766 -0.001682468 0.001074688 0.007050766 -0.001682468 0.001074688 0.007050766 -0.001682468 0.001074688 0.007050766 -0.001682468 0.001074688 0.007004055 -0.001716262 0.001085686 0.007004055 -0.001716262 0.001085686 0.006979016 -0.001746416 0.001095503 0.006979016 -0.001746416 0.001095503 0.006960896 -0.001780705 0.001106707 0.006960896 -0.001780705 0.001106707 0.006950644 -0.001817036 0.00111857 0.006950644 -0.001817036 0.00111857 0.00694817 -0.001853132 0.001130347 0.00694817 -0.001853132 0.001130347 0.00694817 -0.001853132 0.001130347 0.006953267 -0.001883913 0.00116676 0.006930278 -0.001910907 0.0009571304 0.006905803 -0.001925244 0.0008592343 0.006869296 -0.001942281 0.0007581277 0.007057705 -0.001734916 0.0008845569 0.00707426 -0.001694649 0.001000087 0.007067383 -0.001626868 0.00120943 0.007003576 -0.00166686 0.001212333 0.007003576 -0.00166686 0.001212333 0.006939444 -0.001805149 0.001245409 0.006939444 -0.001805149 0.001245409 0.006941994 -0.001840285 0.001256624 0.006941994 -0.001840285 0.001256624 -0.002485746 -0.009453149 0.003083232 -0.002485746 -0.009453149 0.003083232 0.007000365 -0.001483689 0.001609057 0.007073381 -0.001642344 0.001159767 0.007012669 -0.001791594 0.0007331184 0.006893502 -0.001880558 0.0005350894 0.006154514 -0.002242899 -0.0001136766 0.007864334 -0.001188491 0.001524077 0.007864334 -0.001188491 0.001524077 0.0077912 -0.001016108 0.001913449 0.007190218 0.001456818 0.005601374 0.007170829 0.001486137 0.005572302 0.007154905 0.001504728 0.005552691 0.007136586 0.001522275 0.00553316 0.006958854 0.001596177 0.00541859 0.0001176604 -0.00521146 0.008058718 0.007626722 -0.0005255228 0.002675132 0.007696745 -0.0005088217 0.002684567 0.007793547 -0.0005030957 0.002711116 0.007852664 -0.0005101777 0.002735594 0.007907768 -0.0005254937 0.00276518 0.008000177 -0.0005788728 0.002836436 0.008035051 -0.0006155486 0.002876215 0.008054123 -0.0006443013 0.002904716 0.005846231 0.001835274 0.006249547 -0.00259452 -0.009328273 0.00334114 -0.00259452 -0.009328273 0.00334114 0.005874322 0.001809754 0.006363868 0.006132761 0.001781008 0.005862445 0.006132761 0.001781008 0.005862445 0.006151567 0.001852697 0.005967377 0.006178027 0.001881874 0.006052691 0.007293231 -0.0257653 0.03677066 0.007293231 -0.0257653 0.03677066 0.006204457 0.001890279 0.006134234 0.006147815 0.001875863 0.006227296 0.006326218 0.001873217 0.006229353 0.004533187 -0.004692694 0.009699087 -0.001163075 -0.01471322 0.01317345 -0.001163075 -0.01471322 0.01317345 0.006393382 0.001837947 0.005832176 0.006427319 0.001871007 0.005893302 0.004839519 -0.006737155 0.01319975 0.006464017 0.001890219 0.005961933 0.006519471 0.001888556 0.006070444 -0.001366319 -0.009314454 0.002414749 -0.001366319 -0.009314454 0.002414749 0.006553373 0.001867217 0.006139957 -0.0002353164 -0.006089215 0.008856039 0.006639149 0.001837465 0.006155742 0.006639149 0.001837465 0.006155742 0.006571395 0.00181106 0.005731785 0.008602673 -0.005217469 0.004509652 0.008602673 -0.005217469 0.004509652 0.006623371 0.001856175 0.005831655 0.002256321 -0.005362302 0.009301127 0.006730628 0.001852083 0.005940594 0.006785878 0.00181653 0.006027875 0.003248363 -0.004019868 0.008102468 0.002820878 -0.007039061 0.01237571 0.02738334 -0.01436488 0.03111215 0.02738334 -0.01436488 0.03111215 0.0008641113 -0.006045849 0.009500441 -0.002929432 -0.00990259 0.004244318 -0.002929432 -0.00990259 0.004244318 0.006754861 0.001748154 0.005607167 0.006755723 0.001796649 0.005700283 -0.002333459 -0.007399923 -0.001068144 0.006765615 0.001828774 0.00581314 0.00687587 0.001788831 0.005917237 0.0001885465 -0.005400254 0.008116199 0.003810163 -0.006295813 0.01181824 0.006884815 0.001771459 0.005738965 0.006979947 0.001724614 0.005843778 0.006795343 0.001585305 0.005374615 0.006795343 0.001585305 0.005374615 0.006795343 0.001585305 0.005374615 0.005423161 -0.005207103 0.01110806 0.006926087 0.001690525 0.005564824 -0.002584664 -0.007430043 -0.0009303922 -0.002584664 -0.007430043 -0.0009303922 0.006958518 0.001711962 0.005652377 0.007055522 0.001655536 0.005749475 0.006867722 0.001597319 0.005388482 0.006867722 0.001597319 0.005388482 0.002374621 -0.007198962 0.01234406 0.006928695 0.00159861 0.005406976 0.004712623 -0.004166103 0.008965295 0.007093134 0.001553128 0.005495182 0.007125338 0.001568753 0.00566626 -0.004237258 -0.007527243 0.0001220941 0.007109358 0.001588019 0.005801469 0.006973297 0.001711725 0.005946984 0.006918465 0.001744903 0.005991389 0.006572454 0.001844811 0.006189936 0.00626957 0.001848334 0.006301242 0.005950642 0.001808104 0.006381751 0.005581008 0.001752575 0.006387829 0.005569199 0.001767804 0.006329474 -0.001612656 -0.01463468 0.0133053 0.005561131 0.001773493 0.006280424 0.005554529 0.001773006 0.006230251 0.005548786 0.00176427 0.006170568 0.005545009 0.001720698 0.006057622 0.005545009 0.001720698 0.006057622 0.006330124 0.001785278 0.005783596 0.006330124 0.001785278 0.005783596 0.006472609 0.001766917 0.005702892 0.006472609 0.001766917 0.005702892 0.006760965 0.001575677 0.005371105 0.006831056 0.001592637 0.005380373 0.006898198 0.001598995 0.005396923 0.006988442 0.001591508 0.005431682 0.007043672 0.001576183 0.005461367 0.007069269 0.001565514 0.005477839 -0.002719208 -0.001259533 0.006247089 -0.002719208 -0.001259533 0.006247089 -0.00290817 -0.009987692 0.004408372 -0.00290817 -0.009987692 0.004408372 -0.002741164 -0.001228212 0.006329492 -0.002758904 -0.001213647 0.006451182 -0.002758834 -0.001242894 0.006600525 0.001352126 0.0004106753 0.006374534 0.001352126 0.0004106753 0.006374534 0.001341319 0.0004466194 0.006457293 0.002858737 -0.006985345 0.01231364 0.001339724 0.0004629564 0.006625538 0.001349676 0.000442596 0.006729133 0.002784414 0.0009074589 0.006716963 -0.002763456 -0.001272017 0.006650248 -0.005468355 -0.002572776 0.006132759 -0.005468355 -0.002572776 0.006132759 -0.005462073 -0.002568181 0.006083032 -0.005450432 -0.002570197 0.006023184 -0.005384203 -0.002634477 0.005844798 -0.005384203 -0.002634477 0.005844798 -0.005384203 -0.002634477 0.005844798 0.0028484 0.0008851617 0.006260236 0.0028484 0.0008851617 0.006260236 0.005548318 0.001673643 0.005990896 0.005548318 0.001673643 0.005990896 0.005548318 0.001673643 0.005990896 0.005548318 0.001673643 0.005990896 0.005545607 0.001746895 0.006113076 0.005594131 0.001729603 0.006440887 -0.006259137 -0.003374915 0.005411396 -0.006329356 -0.003464016 0.005381288 0.0007913237 -0.006257163 0.00979438 -0.006384817 -0.0035082 0.005418646 -0.006444067 -0.00358882 0.00548822 0.02621354 -0.01156818 0.02583558 0.02621354 -0.01156818 0.02583558 -0.006462981 -0.003693669 0.005501724 0.001896299 -0.02292936 0.028383 0.001896299 -0.02292936 0.028383 0.02269964 -0.01005214 0.02110415 0.02269964 -0.01005214 0.02110415 0.00285012 -0.006871521 0.01212413 -0.0003890447 -0.006629107 0.009628095 0.0001346089 -0.005256494 0.008062216 0.001883468 -0.005432298 0.009171871 -0.006467688 -0.00363656 0.005609649 -0.002669378 -0.009527247 0.003324572 -0.002669378 -0.009527247 0.003324572 -0.006341315 -0.003358309 0.00553498 0.003816202 -0.005946161 0.01125746 -0.006410255 -0.003417071 0.005615176 0.004466956 -0.005156046 0.01040435 -0.006437297 -0.003466537 0.005673436 -0.006447432 -0.003560031 0.005771399 -0.0004781839 -0.006380396 0.009168563 0.0003754353 -0.006569589 0.01002865 0.004869633 -0.004255587 0.009211778 0.0004381572 -0.006539347 0.01002058 -0.006189982 -0.003213691 0.005554128 -0.006261661 -0.003225484 0.005617021 -0.006310795 -0.003247507 0.00567633 -0.002188355 -0.009207259 0.002910348 -0.002188355 -0.009207259 0.002910348 -0.006349913 -0.003282918 0.005744745 -0.00153951 -0.009317522 0.002464757 -0.00153951 -0.009317522 0.002464757 -0.006404994 -0.003394336 0.005795566 0.0008559552 -0.006005908 0.009430568 -0.006350159 -0.003297867 0.005878498 0.003227787 -0.004873248 0.009142467 0.007105471 -0.005936527 0.002775458 0.007105471 -0.005936527 0.002775458 -0.006180006 -0.00311332 0.005709822 -0.006254371 -0.003151272 0.005845964 -0.006281143 -0.003241194 0.005997177 -0.005994659 -0.002954358 0.005782081 -0.006043854 -0.002955376 0.005879284 -0.006072414 -0.002973258 0.005964168 -0.006154893 -0.003074688 0.006029772 -0.005847856 -0.00292669 0.005717197 -0.005847856 -0.00292669 0.005717197 -0.006018795 -0.002959886 0.006099406 -0.005415301 -0.002598503 0.005910785 0.003199047 -0.005067184 0.009437086 -0.005705899 -0.002730751 0.005933182 0.02682838 -0.01597263 0.03364909 0.02682838 -0.01597263 0.03364909 -0.005743045 -0.00273471 0.006078489 -0.005750015 -0.002773152 0.006192564 -0.005832839 -0.0028498 0.006209699 -0.006052738 -0.003013881 0.006130231 -0.00633258 -0.00331214 0.005953788 -0.006463935 -0.003676791 0.005690247 -0.006462901 -0.003754051 0.005625352 -0.006453836 -0.003820836 0.005565645 -0.00641966 -0.003771755 0.005314599 -0.006398379 -0.003720711 0.005281641 -0.006282579 -0.00358472 0.005212745 -0.006179124 -0.0034413 0.005286929 -0.006179124 -0.0034413 0.005286929 -0.006172141 -0.003311357 0.005428086 -0.006172141 -0.003311357 0.005428086 -0.006117074 -0.003194674 0.005534117 -0.006117074 -0.003194674 0.005534117 -0.006086246 -0.003151747 0.005568643 -0.006086246 -0.003151747 0.005568643 -0.006044143 -0.003102113 0.005605836 -0.006044143 -0.003102113 0.005605836 -0.005991057 -0.003048013 0.005643359 -0.005991057 -0.003048013 0.005643359 -0.005648332 -0.00278859 0.005785793 -0.005648332 -0.00278859 0.005785793 -0.005435026 -0.002580145 0.005966333 -0.005443138 -0.002574254 0.005994265 -0.005471537 -0.002582919 0.006181927 -0.005471145 -0.002602489 0.006239751 -0.005469234 -0.002614926 0.006267076 -0.005466288 -0.002628846 0.006293083 -0.005561804 -0.006016722 0.002728107 -0.00556897 -0.005960818 0.002682285 -0.005557529 -0.005880309 0.002623182 -0.005470286 -0.005733514 0.002536682 -0.005334148 -0.005633645 0.002502473 -0.006157519 -0.003513762 0.005197488 -0.006157519 -0.003513762 0.005197488 -0.006190832 -0.003528273 0.00519811 -0.006222965 -0.003545017 0.005200884 -0.006253627 -0.0035639 0.005205773 -0.006328905 -0.003625965 0.005230023 -0.006367853 -0.003671689 0.005253193 -0.006431137 -0.003823475 0.005351213 -0.006432527 -0.003874457 0.005390507 -0.006427534 -0.003908701 0.005418827 -0.006417684 -0.003941561 0.005447572 0.0006086741 -0.006434697 0.009962412 0.0008569135 -0.008076953 0.01277576 0.0006759827 -0.008134569 0.01275123 0.0005868089 -0.008152934 0.01272299 0.0003904276 -0.008167223 0.01261844 0.0002233526 -0.008139236 0.01246476 0.0001574407 -0.008108991 0.01237306 0.0001056868 -0.00806768 0.01227272 -0.004198535 -0.005344853 0.002639825 -0.004198535 -0.005344853 0.002639825 -0.004279595 -0.005271562 0.002557095 -0.004336376 -0.005260633 0.002530798 -0.004366901 -0.005261319 0.002521745 -0.004401778 -0.00526696 0.002515239 -0.004401778 -0.00526696 0.002515239 -0.005116916 -0.003577115 0.004686503 -0.005116916 -0.003577115 0.004686503 -0.005074624 -0.003564734 0.004690028 -0.005074624 -0.003564734 0.004690028 -0.005043716 -0.0035605 0.004696418 -0.004984139 -0.003564386 0.004718096 -0.004957046 -0.003572357 0.004732824 -0.004885379 -0.003631935 0.004801894 -0.004885379 -0.003631935 0.004801894 -0.004885379 -0.003631935 0.004801894 0.007044859 -0.003165971 0.003231369 0.007092609 -0.00313412 0.003239053 0.0071505 -0.003076845 0.0032584 0.007182404 -0.003034757 0.003274748 0.007206093 -0.00299294 0.003292557 0.007222766 -0.002951339 0.003311672 0.007233565 -0.00290979 0.003331932 0.007239353 -0.002866922 0.003353878 0.007239259 -0.002823788 0.003377153 0.007218151 -0.002735052 0.00342921 0.007305389 -0.002951893 0.003294921 0.007320354 -0.003000939 0.003265495 0.007326783 -0.003051985 0.003236713 0.007300579 -0.003193285 0.003165747 0.007282554 -0.003230441 0.003149298 0.005860397 -0.004417384 0.002792518 0.004304699 -0.005403884 0.002570374 -0.001284077 -0.007258907 0.002682933 -0.003170477 -0.007392351 0.002986549 -0.003222209 -0.007382446 0.00300218 -0.003263881 -0.007369208 0.003017627 -0.00330189 -0.007352256 0.003034335 -0.003459502 -0.007086195 0.00320915 -0.003416021 -0.007119474 0.003182564 -0.003317318 -0.007163497 0.003139174 -0.003203602 -0.007178511 0.00310844 -0.00314049 -0.007173511 0.00309856 -0.003093199 -0.00716369 0.003094428 -0.003426629 -0.007238757 0.003120365 -0.003393559 -0.00728241 0.003090239 -0.003351957 -0.007320574 0.003061368 -0.003778392 -0.006137414 0.0006522625 -0.003881284 -0.006140793 0.001123001 -0.003881284 -0.006140793 0.001123001 8.059467e-05 -0.008034618 0.01220299 -0.004015668 -0.006030502 0.001071267 -0.004015668 -0.006030502 0.001071267 -0.004015668 -0.006030502 0.001071267 -0.004015668 -0.006030502 0.001071267 -0.004081117 -0.006027553 0.001062138 -0.004081117 -0.006027553 0.001062138 -0.004081117 -0.006027553 0.001062138 6.388793e-05 -0.007997889 0.01213285 -0.004132693 -0.006040348 0.001059759 -0.004132693 -0.006040348 0.001059759 -0.004307019 -0.005264078 0.002542681 -0.004254839 -0.005282838 0.002573673 -0.004233371 -0.005297654 0.002591976 -0.004215766 -0.005315593 0.002611529 -0.004215766 -0.005315593 0.002611529 0.00196057 -0.005718511 0.009684128 -0.003973728 -0.005917012 0.001622803 -0.003973728 -0.005917012 0.001622803 -0.003995775 -0.005890294 0.001607051 -0.003995775 -0.005890294 0.001607051 -0.003995775 -0.005890294 0.001607051 -0.004058517 -0.005850738 0.00157835 -0.004058517 -0.005850738 0.00157835 -0.004058517 -0.005850738 0.00157835 -0.004134788 -0.005838451 0.001559403 -0.004134788 -0.005838451 0.001559403 -0.004134788 -0.005838451 0.001559403 -0.004134788 -0.005838451 0.001559403 -0.00417224 -0.00584296 0.001554767 -0.00417224 -0.00584296 0.001554767 -0.004082344 -0.005656021 0.002096262 -0.004082344 -0.005656021 0.002096262 -0.004082344 -0.005656021 0.002096262 -0.004137817 -0.005614758 0.002058961 -0.004137817 -0.005614758 0.002058961 -0.004137817 -0.005614758 0.002058961 0.001484451 -0.00829018 0.002401522 0.001484451 -0.00829018 0.002401522 0.001484451 -0.00829018 0.002401522 5.570295e-05 -0.007957897 0.01206299 -0.004192137 -0.005599396 0.002037175 -0.004192137 -0.005599396 0.002037175 -0.004230431 -0.005597903 0.002027314 -0.004230431 -0.005597903 0.002027314 -0.004230431 -0.005597903 0.002027314 -0.004230431 -0.005597903 0.002027314 -0.004230431 -0.005597903 0.002027314 -0.004338163 -0.005522541 0.002167404 -0.004911729 -0.003599331 0.004768158 -0.004911729 -0.003599331 0.004768158 -0.00501329 -0.003560385 0.004705858 -0.005127153 -0.003390835 0.004897375 -0.005127153 -0.003390835 0.004897375 -0.005127153 -0.003390835 0.004897375 -0.005115237 -0.003351616 0.004935836 -0.00509882 -0.003312399 0.004972348 -0.005023888 -0.003198185 0.005067209 5.617789e-05 -0.007915042 0.01199406 -0.004746639 -0.003071714 0.0051185 -0.004746639 -0.003071714 0.0051185 -0.004676023 -0.003213599 0.005115499 0.008248608 -0.005274772 0.003902026 -0.004659512 -0.003253057 0.005139625 -0.004659512 -0.003253057 0.005139625 -0.004659512 -0.003253057 0.005139625 -0.00464752 -0.003285556 0.005172304 -0.004642342 -0.003302178 0.005196641 -0.004855246 -0.003480348 0.0050478 -0.004886216 -0.003557148 0.004949248 -0.004886216 -0.003557148 0.004949248 -0.004889531 -0.003594753 0.004894158 -0.004889531 -0.003594753 0.004894158 -0.004886655 -0.003620088 0.004854277 -0.004886655 -0.003620088 0.004854277 -0.00490216 -0.003587367 0.004833408 -0.00490216 -0.003587367 0.004833408 6.82999e-05 -0.007860281 0.01191353 -0.004932707 -0.003584091 0.004749658 -0.004984082 -0.0035292 0.004770753 -0.004984082 -0.0035292 0.004770753 -0.005030992 -0.003519209 0.004754408 -0.005030992 -0.003519209 0.004754408 -0.005080117 -0.003519067 0.004745923 -0.005080117 -0.003519067 0.004745923 -0.005126846 -0.003527899 0.004745356 -0.005126846 -0.003527899 0.004745356 -0.004913245 -0.003542129 0.004866142 -0.004913245 -0.003542129 0.004866142 -0.004913245 -0.003542129 0.004866142 -0.004960915 -0.0035024 0.004829534 -0.004960915 -0.0035024 0.004829534 -0.004960915 -0.0035024 0.004829534 -0.005028162 -0.003477535 0.004805769 -0.005028162 -0.003477535 0.004805769 -0.00512479 -0.003476174 0.00480236 -0.00512479 -0.003476174 0.00480236 -0.004919939 -0.003495844 0.004896747 -0.004919939 -0.003495844 0.004896747 -0.004973094 -0.00345554 0.004865249 -0.004973094 -0.00345554 0.004865249 -0.0005074868 -0.005291942 0.008080192 -0.005077431 -0.003472365 0.00480004 -0.005077431 -0.003472365 0.00480004 -0.005114622 -0.003425714 0.004855009 -0.005114622 -0.003425714 0.004855009 -0.004881125 -0.003510674 0.004978266 -0.004881125 -0.003510674 0.004978266 -0.004881125 -0.003510674 0.004978266 -0.004897806 -0.003526377 0.004922983 -0.004897806 -0.003526377 0.004922983 -0.004897806 -0.003526377 0.004922983 -0.004922285 -0.003447865 0.004926665 -0.004922285 -0.003447865 0.004926665 -0.004922285 -0.003447865 0.004926665 -0.004979871 -0.003406782 0.004901938 -0.004979871 -0.003406782 0.004901938 -0.004979871 -0.003406782 0.004901938 -0.004979871 -0.003406782 0.004901938 -0.005042877 -0.003430661 0.004850531 -0.005042877 -0.003430661 0.004850531 -0.005073917 -0.003377413 0.004899823 -0.005073917 -0.003377413 0.004899823 -0.005073917 -0.003377413 0.004899823 -0.005073917 -0.003377413 0.004899823 -0.004872299 -0.003464734 0.005002422 -0.004872299 -0.003464734 0.005002422 -0.004872299 -0.003464734 0.005002422 -0.004981318 -0.00335753 0.004938256 -0.004981318 -0.00335753 0.004938256 -0.005027268 -0.003338279 0.004939301 -0.005027268 -0.003338279 0.004939301 -0.005072534 -0.003327391 0.004949154 -0.005072534 -0.003327391 0.004949154 -0.005072534 -0.003327391 0.004949154 -0.005072534 -0.003327391 0.004949154 -0.004852365 -0.003434302 0.005037598 -0.004852365 -0.003434302 0.005037598 -0.004852365 -0.003434302 0.005037598 -0.004904693 -0.003415586 0.004964636 -0.004904693 -0.003415586 0.004964636 -0.004904693 -0.003415586 0.004964636 -0.004882288 -0.003383912 0.004999526 -0.004882288 -0.003383912 0.004999526 -0.004933931 -0.003334262 0.004977457 -0.004933931 -0.003334262 0.004977457 -0.004933931 -0.003334262 0.004977457 -0.004976358 -0.003307089 0.004975175 -0.004976358 -0.003307089 0.004975175 -0.005020438 -0.003287419 0.004982821 -0.005020438 -0.003287419 0.004982821 -0.005062144 -0.003275991 0.004998447 -0.005062144 -0.003275991 0.004998447 -0.005062144 -0.003275991 0.004998447 -0.005062144 -0.003275991 0.004998447 -0.004834955 -0.003388572 0.00505493 -0.004834955 -0.003388572 0.00505493 -0.004834955 -0.003388572 0.00505493 -0.004834955 -0.003388572 0.00505493 0.0001754766 -0.007689156 0.01170679 -0.004869851 -0.003335454 0.005021 -0.004869851 -0.003335454 0.005021 -0.004869851 -0.003335454 0.005021 -0.004943971 -0.003269368 0.005008252 -0.004943971 -0.003269368 0.005008252 -0.002885109 -0.00963144 0.004125888 -0.002885109 -0.00963144 0.004125888 -0.005005644 -0.003236424 0.005025558 -0.005005644 -0.003236424 0.005025558 -0.005042884 -0.003224491 0.005046134 -0.005042884 -0.003224491 0.005046134 -0.004795498 -0.003391026 0.005112053 -0.004795498 -0.003391026 0.005112053 -0.004795498 -0.003391026 0.005112053 -0.004806 -0.003360064 0.005082385 -0.004806 -0.003360064 0.005082385 -0.004825359 -0.003324348 0.005057632 -0.004825359 -0.003324348 0.005057632 -0.004870087 -0.003267924 0.005036938 -0.004870087 -0.003267924 0.005036938 -0.004926346 -0.00321856 0.005041199 -0.004926346 -0.00321856 0.005041199 -0.004926346 -0.00321856 0.005041199 -0.004998733 -0.003178139 0.005078987 -0.004998733 -0.003178139 0.005078987 -0.004766886 -0.003348594 0.005120749 -0.004766886 -0.003348594 0.005120749 -0.004790817 -0.003296381 0.005080839 -0.004790817 -0.003296381 0.005080839 -0.004790817 -0.003296381 0.005080839 -0.004816567 -0.003256965 0.005064504 -0.004816567 -0.003256965 0.005064504 -0.004865569 -0.003199547 0.005061389 -0.004865569 -0.003199547 0.005061389 -0.004917431 -0.003154451 0.005082979 -0.004917431 -0.003154451 0.005082979 -0.004726449 -0.003336568 0.00515605 -0.004726449 -0.003336568 0.00515605 -0.004726449 -0.003336568 0.00515605 -0.004736206 -0.003306759 0.005124952 -0.004736206 -0.003306759 0.005124952 -0.004752978 -0.003270302 0.005099423 -0.004752978 -0.003270302 0.005099423 -0.004805092 -0.003187948 0.005078444 -0.004805092 -0.003187948 0.005078444 -0.004805092 -0.003187948 0.005078444 -0.004964226 -0.003194318 0.005056642 -0.004964226 -0.003194318 0.005056642 -0.004964226 -0.003194318 0.005056642 -0.004866371 -0.003117634 0.005103873 -0.004866371 -0.003117634 0.005103873 -0.004866371 -0.003117634 0.005103873 -0.004691561 -0.003298973 0.00515414 -0.004691561 -0.003298973 0.00515414 -0.004704317 -0.003265944 0.005124886 -0.004704317 -0.003265944 0.005124886 -0.004723015 -0.003226237 0.005103325 -0.004723015 -0.003226237 0.005103325 -0.004723015 -0.003226237 0.005103325 -0.004746629 -0.003182897 0.005092735 -0.004746629 -0.003182897 0.005092735 -0.004773084 -0.003139996 0.005094681 -0.004773084 -0.003139996 0.005094681 -0.004812514 -0.003084759 0.005118879 -0.004812514 -0.003084759 0.005118879 -0.004835506 -0.003057411 0.005144874 -0.004835506 -0.003057411 0.005144874 -0.00468865 -0.003185609 0.005105675 -0.00468865 -0.003185609 0.005105675 0.0002382861 -0.007627621 0.01164822 -0.004702504 -0.003156419 0.005100919 -0.004702504 -0.003156419 0.005100919 -0.004717044 -0.00312719 0.005101495 -0.004731682 -0.00309909 0.005107291 -0.004731682 -0.00309909 0.005107291 -0.004760464 -0.003047695 0.00513394 -0.004760464 -0.003047695 0.00513394 -0.004781915 -0.003013399 0.005169639 -0.004781915 -0.003013399 0.005169639 -0.0005769705 -0.001256982 0.005422028 -0.0005583169 -0.00130192 0.005423015 -0.0005583169 -0.00130192 0.005423015 -0.0005583169 -0.00130192 0.005423015 -0.000540702 -0.001345421 0.005435828 -0.0005300598 -0.001372338 0.005450597 -0.0005300598 -0.001372338 0.005450597 -0.000520653 -0.001396707 0.005469893 -0.0005130593 -0.00141697 0.005492049 0.005912383 -0.0006292974 0.007654417 -0.0005955585 -0.001213288 0.005432971 -0.0005955585 -0.001213288 0.005432971 -0.0005955585 -0.001213288 0.005432971 -0.0006128787 -0.001173652 0.005455093 -0.0006128787 -0.001173652 0.005455093 -0.0006294793 -0.001137023 0.005491233 0.001072827 -0.0005093467 0.005477636 0.001072827 -0.0005093467 0.005477636 0.001087987 -0.0005498191 0.005455481 0.001087987 -0.0005498191 0.005455481 0.001138504 -0.0006837018 0.005458267 0.001153545 -0.0007233226 0.005482136 0.001153545 -0.0007233226 0.005482136 0.001153545 -0.0007233226 0.005482136 0.001165793 -0.0007554429 0.005514475 0.001172194 -0.0007721733 0.005539741 0.006285583 -0.0007070991 0.007538183 0.006193211 -0.0006466152 0.007589171 0.006038695 -0.0006133044 0.007637902 0.005984372 -0.0006156508 0.007647439 0.005948205 -0.0006209834 0.00765177 0.005606656 0.0007119684 0.00529457 0.005606656 0.0007119684 0.00529457 0.005709663 0.0007107461 0.005231569 0.005756651 0.0007016944 0.005190077 0.005756651 0.0007016944 0.005190077 0.005880986 0.0006208853 0.004994866 0.006792431 -0.001524937 0.002107864 0.007587955 -0.003863182 0.005577367 0.007232471 -0.002779983 0.003402132 0.007125343 -0.003104772 0.00324834 0.007013542 -0.003182791 0.003228531 0.0069781 -0.003198402 0.00322719 0.0069781 -0.003198402 0.00322719 0.007411368 -0.004295884 0.005379353 0.007476831 -0.004249199 0.005391972 0.007543705 -0.004176593 0.005418793 0.007588963 -0.004092625 0.005456493 0.007608461 -0.00400228 0.005498287 0.007608877 -0.0039548 0.005523806 0.005084029 -0.001727536 0.008220173 0.005720072 -0.001564206 0.008183455 0.0003111692 -0.0075691 0.01160101 0.005469297 -0.002633468 0.007680042 0.005454866 -0.002599406 0.007698067 0.006129052 -0.00264449 0.007668762 0.006147045 -0.002692432 0.007685711 0.01158817 -0.01768322 0.04352418 0.01275221 -0.01732131 0.04369613 0.01391492 -0.01689581 0.04376443 0.01558411 -0.01616733 0.04367253 0.01719968 -0.01531516 0.04334603 0.01868405 -0.01437817 0.04279733 0.02001604 -0.01337285 0.04203927 0.0211745 -0.01231568 0.0410847 0.0211745 -0.01231568 0.0410847 0.02183994 -0.01159021 0.0403455 0.02241256 -0.01085387 0.03952848 0.02307503 -0.009756597 0.03818686 0.0234887 -0.008695826 0.03674256 0.02365159 -0.00768777 0.03522046 0.02356175 -0.006748582 0.03364542 0.02336049 -0.006168754 0.03257827 0.02304546 -0.005631536 0.03150601 0.02228337 -0.004857924 0.02976153 0.02124809 -0.004251627 0.02810977 0.01996291 -0.003823068 0.02658259 0.01845104 -0.003582516 0.02521186 0.01693145 -0.003535223 0.02414814 0.01531396 -0.003648657 0.02328029 0.01362603 -0.003917917 0.0226185 0.01189528 -0.004338359 0.0221729 0.01073124 -0.004700263 0.02200097 0.009568538 -0.005125764 0.02193267 0.007899346 -0.005854245 0.02202455 0.006283771 -0.006706417 0.02235106 0.004799406 -0.007643403 0.02289977 0.003467413 -0.008648723 0.02365782 0.002308957 -0.009705899 0.02461238 0.001643518 -0.01043137 0.02535158 0.001070869 -0.01116765 0.02616861 0.0004084222 -0.01226498 0.02751023 -5.240707e-06 -0.01332575 0.02895453 -0.0001681409 -0.01433381 0.03047663 -7.829651e-05 -0.01527299 0.03205166 0.0001229598 -0.01585282 0.03311882 0.0004379927 -0.01639004 0.03419108 0.001200086 -0.01716365 0.03593556 0.002235367 -0.01776995 0.03758732 0.003520541 -0.01819851 0.0391145 0.005032412 -0.01843906 0.04048523 0.006552002 -0.01848635 0.04154895 0.008169493 -0.01837292 0.0424168 0.009857422 -0.01810366 0.04307859 0.02424309 -0.01975976 0.03751211 0.02424309 -0.01975976 0.03751211 0.02315143 -0.02071525 0.03834581 0.02315143 -0.02071525 0.03834581 0.01839865 -0.02363779 0.03997744 0.01839865 -0.02363779 0.03997744 0.01647217 -0.02444818 0.04003441 0.01647217 -0.02444818 0.04003441 0.0144991 -0.02510148 0.03980745 0.0144991 -0.02510148 0.03980745 0.008784003 -0.02597991 0.03751273 0.008784003 -0.02597991 0.03751273 0.005606221 -0.02560409 0.03484101 0.005606221 -0.02560409 0.03484101 0.004599551 -0.02531071 0.03353447 0.004599551 -0.02531071 0.03353447 0.009170133 -0.02604255 0.03768602 0.009170133 -0.02604255 0.03768602 0.01101559 -0.02590082 0.03865614 0.01101559 -0.02590082 0.03865614 0.01492375 -0.02505243 0.03982534 0.01492375 -0.02505243 0.03982534 0.01689037 -0.02436662 0.03999566 0.01689037 -0.02436662 0.03999566 0.02060821 -0.02255575 0.03948688 0.02060821 -0.02255575 0.03948688 0.02710559 -0.01542592 0.03219444 0.02710559 -0.01542592 0.03219444 0.02721349 -0.01429603 0.03043984 0.02721349 -0.01429603 0.03043984 0.02701146 -0.01326036 0.02863609 0.02701146 -0.01326036 0.02863609 0.02650449 -0.01234441 0.0268275 0.02650449 -0.01234441 0.0268275 0.02570504 -0.01157072 0.02505856 0.02570504 -0.01157072 0.02505856 0.02463272 -0.01095822 0.02337275 0.02463272 -0.01095822 0.02337275 0.02331395 -0.01052205 0.0218115 0.02331395 -0.01052205 0.0218115 0.02007191 -0.01021691 0.01921219 0.02007191 -0.01021691 0.01921219 0.01822833 -0.01035543 0.01823804 0.01822833 -0.01035543 0.01823804 0.01665923 -0.01052879 0.01767727 0.01665923 -0.01052879 0.01767727 0.02039993 -0.01013696 0.01947492 0.02039993 -0.01013696 0.01947492 0.02207795 -0.0102319 0.02071853 0.02207795 -0.0102319 0.02071853 0.0248441 -0.01099186 0.02374317 0.0248441 -0.01099186 0.02374317 0.02586426 -0.01163825 0.02544985 0.02586426 -0.01163825 0.02544985 0.02660697 -0.01244248 0.02723113 0.02660697 -0.01244248 0.02723113 0.02705395 -0.01338474 0.02904322 0.02705395 -0.01338474 0.02904322 0.02719422 -0.01444187 0.03084157 0.02719422 -0.01444187 0.03084157 0.02702432 -0.01558789 0.03258198 0.02702432 -0.01558789 0.03258198 0.02577834 -0.01803257 0.03572029 0.02577834 -0.01803257 0.03572029 0.02473284 -0.01927103 0.03704106 0.02473284 -0.01927103 0.03704106 0.02385737 -0.01938678 0.03747719 0.02069583 -0.0217978 0.03931655 0.01682275 -0.02374581 0.03994593 0.0154484 -0.02425188 0.03987024 0.01406126 -0.02467476 0.0396519 0.01267904 -0.02500908 0.03929367 0.008736382 -0.02544377 0.03743403 0.006443855 -0.02524476 0.03562303 0.00544364 -0.02500047 0.0345787 0.003175618 -0.02372961 0.03105272 0.002171697 -0.022947 0.02831853 0.002171697 -0.022947 0.02831853 0.002557603 -0.0236891 0.02976769 0.002557603 -0.0236891 0.02976769 0.003305111 -0.02449083 0.03154808 0.003305111 -0.02449083 0.03154808 0.004329709 -0.02513443 0.03325316 0.004329709 -0.02513443 0.03325316 0.007103254 -0.02588825 0.0362726 0.007103254 -0.02588825 0.0362726 0.0106072 -0.02587691 0.03853092 0.0106072 -0.02587691 0.03853092 0.01252796 -0.02558165 0.03930216 0.01252796 -0.02558165 0.03930216 0.02023119 -0.02269025 0.03963794 0.02023119 -0.02269025 0.03963794 0.02192478 -0.02162889 0.03902425 0.02192478 -0.02162889 0.03902425 0.002206704 -0.02301618 0.02827425 0.002206704 -0.02301618 0.02827425 0.002206704 -0.02301618 0.02827425 -0.0008839384 -0.0146964 0.01312683 -0.0008839384 -0.0146964 0.01312683 0.003898906 -0.02332205 0.02777247 0.003898906 -0.02332205 0.02777247 0.003898906 -0.02332205 0.02777247 0.004130093 -0.0238071 0.028706 0.004130093 -0.0238071 0.028706 0.004469309 -0.02427431 0.02968094 0.004469309 -0.02427431 0.02968094 0.005512674 -0.02510811 0.03170537 0.005512674 -0.02510811 0.03170537 0.01047539 -0.02600383 0.03637641 0.01047539 -0.02600383 0.03637641 0.01139888 -0.02593168 0.03685987 0.01139888 -0.02593168 0.03685987 0.0127932 -0.02572996 0.03744005 0.0127932 -0.02572996 0.03744005 0.01421321 -0.02541937 0.03786111 0.01421321 -0.02541937 0.03786111 0.01562404 -0.02501086 0.03811804 0.01562404 -0.02501086 0.03811804 0.0182234 -0.02399406 0.03816493 0.0182234 -0.02399406 0.03816493 0.01937306 -0.02342564 0.03799398 0.01937306 -0.02342564 0.03799398 0.02042904 -0.02282908 0.03771673 0.02042904 -0.02282908 0.03771673 0.02210104 -0.02170574 0.03698901 0.02210104 -0.02170574 0.03698901 0.02475549 -0.01915993 0.03460237 0.02475549 -0.01915993 0.03460237 0.02616277 -0.01602524 0.03045453 0.02616277 -0.01602524 0.03045453 0.02611337 -0.01505515 0.02885582 0.02611337 -0.01505515 0.02885582 0.02598022 -0.01459419 0.0280249 0.02598022 -0.01459419 0.0280249 0.02518334 -0.01342114 0.02561277 0.02518334 -0.01342114 0.02561277 0.02329146 -0.01235931 0.02266868 0.02329146 -0.01235931 0.02266868 0.01574691 -0.01250164 0.01799658 0.01574691 -0.01250164 0.01799658 0.01629569 -0.01068503 0.01751468 0.01629569 -0.01068503 0.01751468 0.02178111 -0.0102729 0.02041319 0.02178111 -0.0102729 0.02041319 0.02669043 -0.0166223 0.03385675 0.02669043 -0.0166223 0.03385675 0.0259782 -0.01785574 0.03538589 0.0259782 -0.01785574 0.03538589 0.02520608 -0.01884879 0.03648793 0.02520608 -0.01884879 0.03648793 0.02426708 -0.01983054 0.03746326 0.02426708 -0.01983054 0.03746326 0.02373948 -0.02031237 0.03789856 0.02373948 -0.02031237 0.03789856 0.02226801 -0.02147516 0.03882031 0.02226801 -0.02147516 0.03882031 0.01880083 -0.0235275 0.03988191 0.01880083 -0.0235275 0.03988191 0.0129493 -0.02556803 0.03937515 0.0129493 -0.02556803 0.03937515 0.007458308 -0.0259898 0.03648859 0.007458308 -0.0259898 0.03648859 0.005922195 -0.02574384 0.03509331 0.005922195 -0.02574384 0.03509331 0.003522904 -0.02470109 0.0318504 0.003522904 -0.02470109 0.0318504 0.002718685 -0.02392991 0.03008252 0.002718685 -0.02392991 0.03008252 0.01471738 -0.01108109 0.01712872 0.01471738 -0.01108109 0.01712872 0.02654846 -0.01679468 0.03422165 0.02654846 -0.01679468 0.03422165 0.02357159 -0.01051923 0.02215302 0.02357159 -0.01051923 0.02215302 0.01857877 -0.01023675 0.0184528 0.01857877 -0.01023675 0.0184528 0.01863172 -0.01008656 0.01906276 0.02111353 -0.01005021 0.02061661 0.02325617 -0.01040451 0.02258096 0.02416543 -0.01072332 0.02368654 0.02662224 -0.01509576 0.03234403 0.02636088 -0.01593003 0.03352146 0.02595544 -0.01677311 0.03461957 0.02540794 -0.01762805 0.03564447 0.02391538 -0.0193311 0.03742502 0.00269596 -0.02314464 0.02979639 0.003799059 -0.02423809 0.03227888 0.004558289 -0.0246635 0.03345923 0.00754612 -0.02539315 0.03657886 0.009999508 -0.02539606 0.03817762 0.01131933 -0.02525053 0.03880015 0.01816675 -0.02316298 0.039878 0.0194633 -0.02251089 0.03966731 0.02184861 -0.0210328 0.0388302 0.02290697 -0.02022572 0.03821446 -0.000838307 -0.01475981 0.01308355 -0.000838307 -0.01475981 0.01308355 -0.00258978 -0.0100168 0.00428593 -0.00258978 -0.0100168 0.00428593 0.0007703001 -0.01487164 0.01270303 0.0007703001 -0.01487164 0.01270303 0.0007703001 -0.01487164 0.01270303 0.01502397 -0.01916872 0.02779684 0.009590751 -0.0260216 0.03583025 0.009590751 -0.0260216 0.03583025 0.007973764 -0.02589846 0.03458084 0.007973764 -0.02589846 0.03458084 0.006604559 -0.0255827 0.03318125 0.006604559 -0.0255827 0.03318125 0.004927364 -0.02471223 0.03068575 0.004927364 -0.02471223 0.03068575 0.009461137 -0.02011459 0.02583567 0.01101161 -0.01882463 0.02472454 0.01229566 -0.01751744 0.02345959 0.01699318 -0.02451921 0.03821374 0.01699318 -0.02451921 0.03821374 0.01370854 -0.01561353 0.02139578 0.01427735 -0.01454456 0.0201285 0.0147653 -0.01317759 0.01839188 0.01486285 -0.01274291 0.01781181 0.01486285 -0.01274291 0.01781181 0.01730329 -0.01217248 0.01847619 0.01730329 -0.01217248 0.01847619 0.01891586 -0.01196782 0.01919348 0.01891586 -0.01196782 0.01919348 0.02052677 -0.01192212 0.02016639 0.02052677 -0.01192212 0.02016639 0.02130938 -0.01196833 0.02074945 0.02130938 -0.01196833 0.02074945 0.02206354 -0.01206435 0.02139451 0.02206354 -0.01206435 0.02139451 0.02434634 -0.01281496 0.02408997 0.02434634 -0.01281496 0.02408997 0.02577198 -0.01415663 0.02718297 0.02577198 -0.01415663 0.02718297 0.02594876 -0.01702375 0.03192792 0.02594876 -0.01702375 0.03192792 0.02551377 -0.01801211 0.03324146 0.02551377 -0.01801211 0.03324146 0.02382873 -0.02021043 0.03569674 0.02382873 -0.02021043 0.03569674 0.0227456 -0.02119781 0.03658754 0.0227456 -0.02119781 0.03658754 0.02138346 -0.02221834 0.03735058 0.02138346 -0.02221834 0.03735058 0.0105519 -0.01077319 0.01403418 0.0105519 -0.01077319 0.01403418 0.01114909 -0.01120548 0.01510896 0.01114909 -0.01120548 0.01510896 0.01179568 -0.01140169 0.01579811 0.01179568 -0.01140169 0.01579811 0.01250481 -0.01147356 0.01631372 0.01250481 -0.01147356 0.01631372 0.01311261 -0.01309953 0.01729967 0.01311261 -0.01309953 0.01729967 0.01207977 -0.01313558 0.01679233 0.01207977 -0.01313558 0.01679233 0.01138268 -0.01306466 0.016328 0.01138268 -0.01306466 0.016328 0.01077424 -0.01291584 0.01579833 0.01077424 -0.01291584 0.01579833 0.009435579 -0.01193842 0.01358324 0.009435579 -0.01193842 0.01358324 0.01366756 -0.01302324 0.01750584 0.01366756 -0.01302324 0.01750584 0.0103536 -0.01042648 0.01335537 0.0103536 -0.01042648 0.01335537 0.01060189 -0.01076473 0.0142285 0.01060189 -0.01076473 0.0142285 0.01090929 -0.01100874 0.01482001 0.01090929 -0.01100874 0.01482001 0.01127594 -0.01118448 0.01532601 0.01127594 -0.01118448 0.01532601 0.01217784 -0.01137827 0.01615063 0.01217784 -0.01137827 0.01615063 0.01277067 -0.01139463 0.01651596 0.01277067 -0.01139463 0.01651596 0.01453252 -0.01113824 0.01709319 0.01453252 -0.01113824 0.01709319 0.01403819 -0.01128599 0.01697539 0.01403819 -0.01128599 0.01697539 0.0136102 -0.01138251 0.01683898 0.0136102 -0.01138251 0.01683898 0.01322021 -0.01144115 0.01668434 0.01322021 -0.01144115 0.01668434 0.01284729 -0.01147032 0.01650651 0.01284729 -0.01147032 0.01650651 0.01220335 -0.01145694 0.01611644 0.01220335 -0.01145694 0.01611644 0.01145365 -0.01131827 0.01546948 0.01145365 -0.01131827 0.01546948 0.01086418 -0.01105008 0.01468301 0.01086418 -0.01105008 0.01468301 0.01068484 -0.0109114 0.0143443 0.01068484 -0.0109114 0.0143443 0.01450028 -0.01106402 0.0171309 0.01450028 -0.01106402 0.0171309 0.01468853 -0.01100594 0.0171674 0.01468853 -0.01100594 0.0171674 0.02472511 -0.01848423 0.03658348 0.02672827 -0.0142951 0.03111995 0.02667762 -0.01353829 0.02986483 0.02647093 -0.01283498 0.0285947 0.02611081 -0.01219407 0.02732575 0.02560192 -0.01162384 0.02607416 0.02495068 -0.01113149 0.02485591 0.02223453 -0.0101792 0.02155328 0.01990747 -0.01001921 0.01978289 0.01730256 -0.01025141 0.01846541 0.01593697 -0.01051173 0.01799846 0.01455234 -0.01086408 0.01766786 -0.000728306 -0.01411522 0.01340917 0.002366185 -0.02249061 0.0285259 0.008159499 -0.005623895 0.005578263 0.008163487 -0.005638008 0.005607076 0.008156913 -0.005663351 0.005688298 0.008149644 -0.005667603 0.005715232 0.008140724 -0.005669284 0.005738854 0.008130501 -0.005669158 0.005760505 0.008108062 -0.005665105 0.005797961 -0.002280314 -0.009912363 0.005613478 -0.002221576 -0.009692082 0.005719585 -0.002251826 -0.009755339 0.005639934 -0.002262594 -0.009767642 0.005606475 -0.002285903 -0.009774396 0.005524125 -0.002298227 -0.009764086 0.005473821 -0.001229841 -0.009455243 0.002656444 -0.001229841 -0.009455243 0.002656444 -0.001229841 -0.009455243 0.002656444 -0.001229841 -0.009455243 0.002656444 -0.001561284 -0.009463529 0.002756601 -0.001561284 -0.009463529 0.002756601 -0.001864642 -0.009493944 0.00291215 -0.001864642 -0.009493944 0.00291215 -0.002159046 -0.009553982 0.003142992 -0.002159046 -0.009553982 0.003142992 -0.002238683 -0.009578289 0.003225205 -0.002238683 -0.009578289 0.003225205 -0.002388197 -0.009640221 0.003416817 -0.002388197 -0.009640221 0.003416817 -0.002577474 -0.009803543 0.003842277 -0.002577474 -0.009803543 0.003842277 -0.002602128 -0.009866711 0.0039845 -0.002602128 -0.009866711 0.0039845 -0.002640671 -0.009762544 0.003943933 -0.002640671 -0.009762544 0.003943933 -0.002609542 -0.009702016 0.003804793 -0.002609542 -0.009702016 0.003804793 -0.002281011 -0.009493365 0.00322551 -0.002281011 -0.009493365 0.00322551 -0.00183489 -0.009398298 0.002860913 -0.00183489 -0.009398298 0.002860913 -0.001465832 -0.00937132 0.002692444 -0.001465832 -0.00937132 0.002692444 -0.002607452 -0.009941389 0.00414059 -0.002607452 -0.009941389 0.00414059 -0.002533557 -0.009744409 0.003699033 -0.002533557 -0.009744409 0.003699033 -0.002504352 -0.009716575 0.003627733 -0.002504352 -0.009716575 0.003627733 -0.002470335 -0.009689968 0.003556786 -0.002470335 -0.009689968 0.003556786 -0.002073354 -0.009532274 0.003065241 -0.002073354 -0.009532274 0.003065241 -0.001659777 -0.009470722 0.002799852 -0.001659777 -0.009470722 0.002799852 -0.001460533 -0.009458469 0.002718973 -0.001460533 -0.009458469 0.002718973 0.002418275 -0.01439517 0.01263185 0.01268294 -0.01706039 0.02298749 0.01189298 -0.01795864 0.02390148 0.01065085 -0.01914832 0.02501709 0.01027617 -0.01946813 0.02529728 0.00742737 -0.0214956 0.02684434 0.005985417 -0.02231742 0.02733255 0.003991902 -0.01915248 0.02113211 0.006029919 -0.01666095 0.01829604 0.003233421 -0.01649644 0.01651545 0.006800421 -0.01469319 0.0157048 0.001299496 -0.01630346 0.01532559 0.008424741 -0.01389819 0.01561023 0.009238124 -0.01153483 0.01281622 0.009238124 -0.01153483 0.01281622 0.009595981 -0.01215954 0.0140235 0.009595981 -0.01215954 0.0140235 0.009783692 -0.01235687 0.01443423 0.009783692 -0.01235687 0.01443423 0.01023497 -0.01268151 0.01517011 0.01023497 -0.01268151 0.01517011 0.01176057 -0.01311417 0.01659479 0.01176057 -0.01311417 0.01659479 0.0125581 -0.01313737 0.01704961 0.0125581 -0.01313737 0.01704961 0.01414851 -0.01292855 0.01765174 0.01414851 -0.01292855 0.01765174 0.01001144 -0.0147193 0.01780843 0.009179347 -0.01436435 0.01678147 0.007766849 -0.01329635 0.01425163 0.01031787 -0.01028218 0.01327652 0.01031787 -0.01028218 0.01327652 0.01034295 -0.01034998 0.01340022 0.01034295 -0.01034998 0.01340022 0.007237984 -0.006118431 0.002769595 0.007237984 -0.006118431 0.002769595 0.007237984 -0.006118431 0.002769595 0.007237984 -0.006118431 0.002769595 0.007668702 -0.005754549 0.002998627 0.007668702 -0.005754549 0.002998627 0.008151963 -0.005483124 0.00349943 0.008151963 -0.005483124 0.00349943 0.008524256 -0.00552539 0.004230072 0.008524256 -0.00552539 0.004230072 0.008553949 -0.005566294 0.00433329 0.008553949 -0.005566294 0.00433329 0.008577287 -0.005616262 0.004435164 0.008577287 -0.005616262 0.004435164 0.01032879 -0.01035933 0.01323277 0.01032879 -0.01035933 0.01323277 0.01397458 -0.01121922 0.01700303 0.01397458 -0.01121922 0.01700303 0.01343 -0.01133253 0.01681907 0.01343 -0.01133253 0.01681907 0.0124712 -0.0113952 0.01634429 0.0124712 -0.0113952 0.01634429 0.01169969 -0.01130744 0.01576706 0.01169969 -0.01130744 0.01576706 0.01110949 -0.01111508 0.01511497 0.01110949 -0.01111508 0.01511497 0.01044652 -0.01056399 0.01380445 0.01044652 -0.01056399 0.01380445 0.01004813 -0.01041774 0.01441904 0.01038473 -0.01072067 0.01509859 0.01068647 -0.01089407 0.0155358 0.01093142 -0.01099813 0.01582402 0.01120387 -0.0110868 0.01609729 0.01191486 -0.0112176 0.01665395 0.0122962 -0.01124197 0.0168845 0.01269283 -0.01123894 0.01708667 0.01366942 -0.01110753 0.01746099 0.01435345 -0.01092227 0.01763163 0.01302325 -0.01121419 0.0172311 0.01161807 -0.01117831 0.01644463 0.008018581 -0.005623553 0.005880355 0.008249171 -0.005763113 0.005754191 0.006769514 -0.00556047 0.0031067 -0.002273861 -0.009774727 0.005568639 -0.0022413 -0.009738268 0.005670115 -0.002231154 -0.009717019 0.005696746 -0.00220986 -0.009654239 0.005743661 0.008000265 -0.005192685 0.004778413 -0.00127578 -0.008730856 0.002999179 -0.001645628 -0.008735112 0.003112224 0.007715598 -0.004974804 0.003993765 -0.001975139 -0.008782628 0.003324352 -0.002352504 -0.008929262 0.003787004 -0.002497305 -0.009126156 0.0042646 -0.002500572 -0.00918655 0.00439048 0.007376606 -0.005085864 0.003519801 -0.002305646 -0.009747836 0.005438407 0.007016357 -0.005330937 0.003212342 -0.002464879 -0.009316626 0.004638557 -0.002473727 -0.00906104 0.004118217 -0.002425272 -0.008991838 0.003951285 -0.002254605 -0.008873515 0.003627084 -0.002130614 -0.008824868 0.003473299 -0.001777167 -0.008749229 0.003184206 -0.001262099 -0.009369915 0.002636447 -0.001262099 -0.009369915 0.002636447 -0.001262099 -0.009369915 0.002636447 -0.001262099 -0.009369915 0.002636447 -0.001661436 -0.009381267 0.002770188 -0.001661436 -0.009381267 0.002770188 -0.001661436 -0.009381267 0.002770188 -0.002004273 -0.009423789 0.00297291 -0.002004273 -0.009423789 0.00297291 -0.002155852 -0.009456533 0.003098334 -0.002155852 -0.009456533 0.003098334 -0.002396053 -0.009539067 0.003369565 -0.002396053 -0.009539067 0.003369565 -0.002485704 -0.009587956 0.003511031 -0.002485704 -0.009587956 0.003511031 -0.002556058 -0.009641411 0.00365421 -0.002556058 -0.009641411 0.00365421 -0.002654674 -0.009825689 0.004079435 -0.002654674 -0.009825689 0.004079435 -0.002652382 -0.00988941 0.004207553 -0.002652382 -0.00988941 0.004207553 -0.00263541 -0.009953388 0.004329208 -0.00263541 -0.009953388 0.004329208 0.006915169 -0.005417208 0.003156318 0.006915169 -0.005417208 0.003156318 0.007191201 -0.00604717 0.002745519 0.007191201 -0.00604717 0.002745519 0.007191201 -0.00604717 0.002745519 0.007191201 -0.00604717 0.002745519 -0.001481134 -0.008725886 0.003044114 -0.001481134 -0.008725886 0.003044114 -0.001481134 -0.008725886 0.003044114 0.00290131 -0.007346275 0.002913885 0.003071517 -0.007952087 0.002538681 0.003071517 -0.007952087 0.002538681 0.007219148 -0.01254143 0.0126755 0.005646731 -0.01322854 0.01261808 0.004045102 -0.01384698 0.01260351 0.003234575 -0.01412993 0.01261232 0.003102426 -0.008031293 0.002561647 0.003102426 -0.008031293 0.002561647 0.008472089 -0.005407085 0.00415226 0.008472089 -0.005407085 0.00415226 0.009801179 -0.009965969 0.01354987 0.009826001 -0.01003311 0.01367306 0.008414014 -0.005376175 0.004008892 0.008414014 -0.005376175 0.004008892 0.007518028 -0.005756868 0.002903907 0.007518028 -0.005756868 0.002903907 0.008244565 -0.005363808 0.003683402 0.008244565 -0.005363808 0.003683402 0.008376722 -0.005365518 0.003927642 0.008376722 -0.005365518 0.003927642 0.008526311 -0.005462025 0.004315458 0.008526311 -0.005462025 0.004315458 0.008566394 -0.005539171 0.004478909 0.008566394 -0.005539171 0.004478909 0.00833509 -0.005359821 0.00384435 0.00833509 -0.005359821 0.00384435 0.008488201 -0.005493259 0.00412531 0.008488201 -0.005493259 0.00412531 0.008445794 -0.005469671 0.004018799 0.008445794 -0.005469671 0.004018799 0.008363604 -0.005450019 0.003843827 0.008363604 -0.005450019 0.003843827 0.008265543 -0.005454412 0.003669849 0.008265543 -0.005454412 0.003669849 0.008023062 -0.005536243 0.003335189 0.008023062 -0.005536243 0.003335189 0.007861834 -0.005624065 0.003162863 0.007861834 -0.005624065 0.003162863 0.007478914 -0.005902902 0.002874565 0.007478914 -0.005902902 0.002874565 0.007360754 -0.006004995 0.002815898 0.007360754 -0.006004995 0.002815898 0.008158063 -0.00538255 0.00354905 0.008158063 -0.00538255 0.00354905 0.008052778 -0.005419866 0.003405241 0.008052778 -0.005419866 0.003405241 0.007936295 -0.005475128 0.003266449 0.007936295 -0.005475128 0.003266449 0.007811264 -0.005547155 0.003137315 0.007811264 -0.005547155 0.003137315 0.007678618 -0.00563577 0.003020445 0.007678618 -0.00563577 0.003020445 0.007443545 -0.005817897 0.002858464 0.007443545 -0.005817897 0.002858464 0.007369232 -0.005881986 0.002818548 0.007369232 -0.005881986 0.002818548 0.007098964 -0.005265633 0.003267445 0.007235305 -0.005170639 0.003379654 0.007502748 -0.005026519 0.003670336 0.007615703 -0.004989525 0.003829016 0.007802439 -0.004982022 0.004162635 0.007876135 -0.005010759 0.004333708 0.007921184 -0.005044945 0.004458071 0.00795319 -0.005085718 0.004565717 0.008162129 -0.005655655 0.005656701 0.008088391 -0.005658636 0.005823153 0.008066687 -0.005649442 0.005845496 0.008043307 -0.005637704 0.005864669 -0.0002383874 -0.001078248 0.0280598 -0.0002383874 -0.001078248 0.0280598 -0.0002383874 -0.001078248 0.0280598 -0.0001051047 -0.001110701 0.02820057 0.001237117 -5.574525e-05 0.02736602 0.002739238 0.0009291546 0.02674587 0.007874199 0.003264922 0.02627889 0.01145608 0.004148189 0.02714917 0.01766329 0.003994833 0.03135706 0.01882072 0.003556222 0.03279894 0.02047843 0.002251803 0.0359482 0.02094363 0.001413618 0.03758892 0.02066632 0.002319737 0.03595557 0.02066632 0.002319737 0.03595557 0.01901757 0.003636644 0.03279203 0.01901757 0.003636644 0.03279203 0.01786626 0.004083981 0.03134003 0.01786626 0.004083981 0.03134003 0.01652727 0.004377217 0.03001524 0.01652727 0.004377217 0.03001524 0.01502829 0.004510337 0.02884508 0.01502829 0.004510337 0.02884508 0.01340035 0.004480518 0.02785372 0.01340035 0.004480518 0.02785372 0.01167704 0.004288488 0.02706167 0.01167704 0.004288488 0.02706167 0.006297026 0.002794518 0.02602265 0.006297026 0.002794518 0.02602265 0.002905162 0.00114394 0.02650379 0.002905162 0.00114394 0.02650379 -2.382141e-06 -0.0008778468 0.02788914 -2.382141e-06 -0.0008778468 0.02788914 -2.382141e-06 -0.0008778468 0.02788914 -0.003758158 -0.006680316 0.03479413 -0.003758158 -0.006680316 0.03479413 -0.003698943 -0.007683628 0.03644033 -0.003698943 -0.007683628 0.03644033 -0.003375357 -0.008595514 0.03810881 -0.003375357 -0.008595514 0.03810881 -0.001967797 -0.01007035 0.04137155 -0.001967797 -0.01007035 0.04137155 0.006852492 -0.01085439 0.04825833 0.006852492 -0.01085439 0.04825833 0.007462646 -0.01061798 0.04827244 0.006263268 -0.01085593 0.04788845 0.005088247 -0.01102179 0.04740433 0.002856131 -0.01113141 0.04615531 0.001820539 -0.01107414 0.04540245 -3.998334e-05 -0.01073809 0.04367619 -0.001561179 -0.0101187 0.04171232 -0.002175657 -0.009709842 0.04066458 -0.00308294 -0.008713273 0.03848785 -0.003366993 -0.008135181 0.03737983 -0.003533929 -0.00751122 0.0362729 -0.003515623 -0.006173521 0.03414012 -0.001567914 -0.002553799 0.02958033 0.01692693 -0.007660863 0.04957275 0.01753625 -0.007167422 0.04917065 0.01858561 -0.006153182 0.04821448 0.02007668 -0.004064202 0.04581727 0.02116239 0.0001163026 0.0398083 0.02115153 0.0004742247 0.0392276 0.01976575 0.002971106 0.0343402 0.01631802 0.004277602 0.03004509 0.01481338 0.00439852 0.0288908 0.01318121 0.004355099 0.02791864 0.009674499 0.003782229 0.0265987 0.006093282 0.002607257 0.02619649 0.004369443 0.001823172 0.02635326 -0.0008800301 -0.001825311 0.02885157 -0.002162605 -0.003289548 0.03038031 -0.002658707 -0.004026014 0.0312443 -0.003051787 -0.004756509 0.03216452 -0.003338285 -0.005474496 0.0331327 -0.003582203 -0.006847292 0.0351777 -0.002684541 -0.009239862 0.03958629 -0.000846971 -0.0104626 0.04271942 0.0008520517 -0.0109426 0.04457341 0.003948893 -0.01111394 0.04682475 0.008674787 -0.01031014 0.04855265 0.01398203 -0.008816557 0.04954582 0.01398203 -0.008816557 0.04954582 -0.002019892 -0.005810035 0.03451216 -0.002019892 -0.005810035 0.03451216 -0.001417737 -0.004199265 0.03231411 -0.001417737 -0.004199265 0.03231411 9.180385e-05 -0.00221395 0.03009497 9.180385e-05 -0.00221395 0.03009497 0.001145204 -0.001237454 0.02920186 0.001145204 -0.001237454 0.02920186 0.004021257 0.0007263905 0.02788931 0.004021257 0.0007263905 0.02788931 0.007398809 0.002259917 0.02758669 0.007398809 0.002259917 0.02758669 0.01261742 0.003416883 0.02906285 0.01261742 0.003416883 0.02906285 0.01621714 0.003199568 0.03170891 0.01621714 0.003199568 0.03170891 0.01695721 0.00298529 0.03252481 0.01695721 0.00298529 0.03252481 0.0179143 0.0025534 0.03382806 0.0179143 0.0025534 0.03382806 0.01867627 0.001996744 0.03520686 0.01867627 0.001996744 0.03520686 0.01923024 0.001323978 0.03663901 0.01923024 0.001323978 0.03663901 0.01899793 -0.002531725 0.0426719 0.01899793 -0.002531725 0.0426719 0.01748836 -0.004516987 0.04489104 0.01748836 -0.004516987 0.04489104 0.01355891 -0.007457327 0.04709669 0.01355891 -0.007457327 0.04709669 0.01018135 -0.008990854 0.04739932 0.01018135 -0.008990854 0.04739932 0.009113836 -0.009344125 0.04728422 0.009113836 -0.009344125 0.04728422 0.008050832 -0.009637396 0.04707598 0.008050832 -0.009637396 0.04707598 0.006481003 -0.009962858 0.04659568 0.006481003 -0.009962858 0.04659568 0.003520898 -0.01018897 0.04506879 0.003520898 -0.01018897 0.04506879 0.001363023 -0.009930504 0.0432771 0.001363023 -0.009930504 0.0432771 -0.0003341337 -0.009284336 0.04115795 -0.0003341337 -0.009284336 0.04115795 -0.001096102 -0.008727681 0.03977915 -0.001096102 -0.008727681 0.03977915 -0.001650075 -0.008054915 0.03834701 -0.001650075 -0.008054915 0.03834701 -0.001983144 -0.007274742 0.0368837 -0.001983144 -0.007274742 0.0368837 0.02133812 0.0005313155 0.03925147 0.02133812 0.0005313155 0.03925147 0.021438 -0.0005081671 0.04104483 0.02153745 -0.0004587918 0.04107683 0.02186716 -0.0002325761 0.04122243 0.02186716 -0.0002325761 0.04122243 0.0215002 -0.0001774803 0.04056803 0.0215002 -0.0001774803 0.04056803 0.02143416 -0.0001126133 0.04039256 0.02143416 -0.0001126133 0.04039256 0.02134801 0.0002638733 0.03969409 0.02134801 0.0002638733 0.03969409 0.02176641 -0.0002546693 0.04106456 0.02176641 -0.0002546693 0.04106456 0.02167032 -0.0002513282 0.04090495 0.02167032 -0.0002513282 0.04090495 0.02158079 -0.0002250305 0.04074049 0.02158079 -0.0002250305 0.04074049 0.001374707 0.0001696225 0.02708891 0.001374707 0.0001696225 0.02708891 0.001374707 0.0001696225 0.02708891 0.004557309 0.002025005 0.02614591 0.004557309 0.002025005 0.02614591 0.00808827 0.003436688 0.02613658 0.00808827 0.003436688 0.02613658 0.009894072 0.003938106 0.02648532 0.009894072 0.003938106 0.02648532 0.01995741 0.003044473 0.03434122 0.01995741 0.003044473 0.03434122 0.02112966 0.001477397 0.0376017 0.02112966 0.001477397 0.0376017 0.02134255 0.0004495254 0.03938638 0.02134255 0.0004495254 0.03938638 0.02134624 0.0003585492 0.03953728 0.02134624 0.0003585492 0.03953728 0.02134742 0.0003115871 0.03961522 0.02134742 0.0003115871 0.03961522 0.02134736 0.0001671041 0.03985316 0.02134736 0.0001671041 0.03985316 0.02139538 4.016234e-05 0.03976343 0.02139538 4.016234e-05 0.03976343 0.02124682 0.001140917 0.03790392 0.02124682 0.001140917 0.03790392 0.02076686 0.002117875 0.03603132 0.02076686 0.002117875 0.03603132 0.01887248 0.003600105 0.03244594 0.01887248 0.003600105 0.03244594 0.01591331 0.004329483 0.02938783 0.01591331 0.004329483 0.02938783 0.006104082 0.002568032 0.02595066 0.006104082 0.002568032 0.02595066 0.004144634 0.001665898 0.02614614 0.004144634 0.001665898 0.02614614 0.002310617 0.0006259893 0.02664261 0.002310617 0.0006259893 0.02664261 -0.001046333 -0.002003843 0.02871592 -0.001046333 -0.002003843 0.02871592 -0.001046333 -0.002003843 0.02871592 -0.001973307 -0.003028839 0.02976753 -0.001973307 -0.003028839 0.02976753 -0.001973307 -0.003028839 0.02976753 -0.001973307 -0.003028839 0.02976753 -0.002867942 -0.004316963 0.03126149 -0.002867942 -0.004316963 0.03126149 -0.002470965 -0.009778244 0.04027007 -0.002470965 -0.009778244 0.04027007 -0.001432473 -0.01046926 0.04204079 -0.001432473 -0.01046926 0.04204079 -0.0001195034 -0.01097399 0.0436879 -0.0001195034 -0.01097399 0.0436879 0.003182978 -0.01137561 0.04643977 0.003182978 -0.01137561 0.04643977 0.00507235 -0.01113409 0.04757056 0.00507235 -0.01113409 0.04757056 0.00337095 -0.01124941 0.04666944 0.00337095 -0.01124941 0.04666944 0.00178427 -0.01119784 0.04557403 0.00178427 -0.01119784 0.04557403 0.000345939 -0.01098055 0.04430752 0.000345939 -0.01098055 0.04430752 -0.0009136584 -0.010602 0.04289674 -0.0009136584 -0.010602 0.04289674 -0.002794179 -0.009396791 0.03976423 -0.002794179 -0.009396791 0.03976423 -0.003551705 -0.005606885 0.03320503 -0.003551705 -0.005606885 0.03320503 -0.00308396 -0.004486056 0.03170669 -0.00308396 -0.004486056 0.03170669 -0.00308396 -0.004486056 0.03170669 -0.002364865 -0.003341484 0.03033082 -0.002364865 -0.003341484 0.03033082 -0.002364865 -0.003341484 0.03033082 -0.001409587 -0.002197503 0.02910655 -0.001409587 -0.002197503 0.02910655 -0.001409587 -0.002197503 0.02910655 0.01073059 -0.009779473 0.04901343 0.01073059 -0.009779473 0.04901343 0.02220416 -0.003342595 0.05287072 0.02220416 -0.003342595 0.05287072 0.02185292 -0.001773006 0.05057792 0.0217938 -0.001292104 0.04984875 0.02074992 -0.00376625 0.04601131 0.01942579 -0.005114091 0.04708496 0.02006953 -0.006836802 0.0506578 0.02006953 -0.006836802 0.0506578 0.0209904 -0.006354409 0.05094513 0.0209904 -0.006354409 0.05094513 0.02171349 -0.005757983 0.05131242 0.02171349 -0.005757983 0.05131242 0.02184524 -0.005594239 0.0514152 0.02184524 -0.005594239 0.0514152 0.02195707 -0.00542528 0.05152196 0.02195707 -0.00542528 0.05152196 0.02204993 -0.005251313 0.05163249 0.02204993 -0.005251313 0.05163249 0.02212511 -0.005072899 0.05174646 0.02212511 -0.005072899 0.05174646 0.02220192 -0.004822523 0.05190727 0.02220192 -0.004822523 0.05190727 0.02225124 -0.004571855 0.05206903 0.02225124 -0.004571855 0.05206903 0.02228614 -0.004080332 0.052388 0.02228614 -0.004080332 0.052388 0.02226711 -0.003710035 0.05262966 0.02226711 -0.003710035 0.05262966 0.02103671 -0.006035881 0.05050185 0.02206294 -0.002946488 0.05121975 0.02199066 -0.003234856 0.05004631 0.02198144 -0.003808666 0.05021969 0.02188974 -0.004314735 0.050164 0.02164053 -0.003913316 0.04888426 0.02143139 -0.004516267 0.04903462 0.02116833 -0.004799208 0.04886542 0.02092343 -0.005237641 0.04911364 0.01937008 -0.006143317 0.04880456 0.02047466 -0.00531577 0.04856221 0.02188158 -0.001641122 0.04924176 0.02194644 -0.002478353 0.04972365 0.02183068 -0.003435513 0.04916831 0.02066933 -0.004706227 0.04775225 0.02187943 -0.002253705 0.04856211 0.02178413 -0.002817684 0.04822541 0.02161497 -0.003292181 0.04793841 0.02136125 -0.003739517 0.04766634 0.02186848 -0.0008068057 0.04788141 0.02190476 -0.001249215 0.04760398 0.02190033 -0.001566472 0.04740474 0.02185179 -0.001993573 0.04713604 0.02179745 -0.002246733 0.04697652 0.02175591 -0.002393982 0.04688363 0.02158139 -0.002830779 0.04660751 0.02145505 -0.003054363 0.04646575 0.0212599 -0.003320204 0.04629671 0.02102546 -0.003559068 0.04614426 0.02062306 -0.006279333 0.05034234 0.02004018 -0.005549061 0.04842763 0.02099061 -0.004168806 0.04740816 0.02043136 -0.003937027 0.04590079 0.02089772 -0.003663321 0.04607748 0.02247171 0.001176067 0.04259319 0.02247171 0.001176067 0.04259319 0.02242534 0.0006976549 0.04228679 0.02242534 0.0006976549 0.04228679 0.02224999 0.0001467269 0.04184425 0.02224999 0.0001467269 0.04184425 0.02218446 3.629275e-05 0.04172519 0.02218446 3.629275e-05 0.04172519 0.02210967 -6.049327e-05 0.04159978 0.02210967 -6.049327e-05 0.04159978 0.02194759 -0.0001949922 0.04134672 0.02194759 -0.0001949922 0.04134672 0.02171894 -0.0003479583 0.04114838 0.02133533 -0.0005519387 0.04101623 0.02123024 -0.0005903525 0.04099103 0.02111996 -0.0006243113 0.04096855 0.02079941 -0.002300771 0.04345151 0.02079941 -0.002300771 0.04345151 0.02170482 -0.002545029 0.04678823 0.02175069 -0.0002534306 0.04822768 0.02190231 0.001202164 0.04583988 0.02103522 -0.002692791 0.04435791 0.02132448 -0.002484994 0.0444861 0.02156434 -0.002238793 0.04463779 0.02199938 -0.001177746 0.04529073 0.02204229 -0.0006894892 0.04559098 0.02198729 6.43768e-05 0.0460546 0.02099524 -0.002213798 0.04347188 0.02143443 -0.001484196 0.04274063 0.02175911 -0.001204581 0.0429128 0.02194706 -0.0009526284 0.04306774 0.02226021 0.0003359131 0.04386036 0.02220103 0.001074591 0.04431611 0.02174654 -0.001951501 0.04481465 0.02196441 -0.002601903 0.0533599 0.02196441 -0.002601903 0.0533599 0.02139262 -0.006065783 0.05112133 0.02139262 -0.006065783 0.05112133 0.01894262 -0.00728425 0.05039927 0.01894262 -0.00728425 0.05039927 0.01625786 -0.008142817 0.04991832 0.01625786 -0.008142817 0.04991832 0.02079895 -0.006628796 0.05077204 0.02079895 -0.006628796 0.05077204 0.02171038 -0.005972822 0.05117263 0.02171038 -0.005972822 0.05117263 0.0219039 -0.005759921 0.05130562 0.0219039 -0.005759921 0.05130562 0.02206134 -0.005541623 0.05144316 0.02206134 -0.005541623 0.05144316 0.02240004 -0.004646589 0.05201604 0.02240004 -0.004646589 0.05201604 0.02244328 -0.004207945 0.05230035 0.02244328 -0.004207945 0.05230035 0.02243204 -0.003757844 0.05259374 0.02243204 -0.003757844 0.05259374 0.02236016 -0.003311861 0.05288619 0.02236016 -0.003311861 0.05288619 0.02133911 -0.0006134256 0.05467271 0.02133911 -0.0006134256 0.05467271 0.02133911 -0.0006134256 0.05467271 0.02118769 -0.0006583015 0.0546479 0.02118769 -0.0006583015 0.0546479 0.02118769 -0.0006583015 0.0546479 0.01956331 0.0005438038 0.03810231 0.01956331 0.0005438038 0.03810231 0.01539991 0.003351953 0.03094302 0.01539991 0.003351953 0.03094302 0.01405926 0.003458031 0.02991722 0.01405926 0.003458031 0.02991722 0.01109916 0.003231922 0.02839033 0.01109916 0.003231922 0.02839033 0.009529332 0.002906459 0.02791004 0.009529332 0.002906459 0.02791004 0.008466356 0.002613135 0.02770179 0.008466356 0.002613135 0.02770179 0.005663173 0.0015558 0.02760767 0.005663173 0.0015558 0.02760767 0.002504717 -0.0002105987 0.02842343 0.002504717 -0.0002105987 0.02842343 -0.0007658527 -0.003206567 0.03113885 -0.0007658527 -0.003206567 0.03113885 0.0148729 0.01450567 0.05140919 0.0148729 0.01450567 0.05140919 -0.001853907 -0.005175847 0.03360135 -0.001853907 -0.005175847 0.03360135 0.01462131 0.01513758 0.05180334 0.01462131 0.01513758 0.05180334 0.014517 0.01453618 0.0526526 0.014517 0.01453618 0.0526526 0.014517 0.01453618 0.0526526 0.01476083 0.01392376 0.05227056 0.01476083 0.01392376 0.05227056 -0.0008337792 -0.005029818 0.03395451 -0.0005903832 -0.004437946 0.033161 -0.0002565731 -0.003835953 0.03240905 0.0001644813 -0.003229715 0.03170592 0.01508022 0.01468599 0.05125242 0.01508022 0.01468599 0.05125242 0.00190649 -0.001443583 0.02995431 0.004242163 0.0001748737 0.02885056 0.01174482 0.00269873 0.02959334 0.01352028 0.002785934 0.03058682 0.01434402 0.002740336 0.03118566 0.0164658 0.002253899 0.03331978 0.01752266 0.001655146 0.03495423 0.01792742 0.001281341 0.03581191 0.01824431 0.0008624766 0.03668563 0.01847024 0.0004026878 0.03756697 -0.002082532 -0.006425251 0.03545835 -0.002082532 -0.006425251 0.03545835 0.0006229537 -0.009716227 0.0424612 0.0006229537 -0.009716227 0.0424612 0.002180253 -0.01008289 0.044043 0.002180253 -0.01008289 0.044043 0.004962745 -0.01014782 0.04592316 0.004962745 -0.01014782 0.04592316 0.01191699 -0.008286738 0.04737835 0.01191699 -0.008286738 0.04737835 0.01507545 -0.006520339 0.04656258 0.01507545 -0.006520339 0.04656258 0.01643496 -0.005493482 0.04578415 0.01643496 -0.005493482 0.04578415 0.01834602 -0.00352437 0.04384717 0.01834602 -0.00352437 0.04384717 0.01943407 -0.00155509 0.04138466 0.01943407 -0.00155509 0.04138466 0.01960005 -0.0009209034 0.04047386 0.01960005 -0.0009209034 0.04047386 0.01966273 -0.0003057376 0.03952766 0.01966273 -0.0003057376 0.03952766 0.01858506 -0.001176524 0.04017195 0.01819107 -0.002344522 0.0417929 0.01785723 -0.002946464 0.04254485 0.0156942 -0.005338885 0.04499958 0.01497258 -0.005904322 0.04544543 0.006790483 -0.009349258 0.04574563 0.005855836 -0.009481147 0.04536056 0.002486305 -0.009418157 0.04310881 0.001776764 -0.009255479 0.04239514 7.802824e-05 -0.008437615 0.03999966 -0.0006436277 -0.007644946 0.03826826 0.02241814 0.0001247098 0.04189528 0.02241814 0.0001247098 0.04189528 0.0222436 -0.0001553985 0.04160706 0.0222436 -0.0001553985 0.04160706 0.02216256 -0.0002395573 0.04148685 0.02216256 -0.0002395573 0.04148685 0.02199099 -0.0003531144 0.0412404 0.02199099 -0.0003531144 0.0412404 0.02182809 -0.0003961848 0.0409978 0.02182809 -0.0003961848 0.0409978 0.02173592 -0.0003950452 0.04084735 0.02173592 -0.0003950452 0.04084735 0.02142958 -0.0001577847 0.04010844 0.02142958 -0.0001577847 0.04010844 0.02139731 -2.418477e-05 0.03986822 0.02139731 -2.418477e-05 0.03986822 0.02135655 5.951241e-05 0.04003806 0.02135655 5.951241e-05 0.04003806 0.02138614 -3.361932e-05 0.04021723 0.02138614 -3.361932e-05 0.04021723 0.02202592 -0.0001409827 0.04146717 0.02202592 -0.0001409827 0.04146717 0.02230609 0.0002681248 0.04195776 0.02230609 0.0002681248 0.04195776 0.02237504 0.000472238 0.04212425 0.02237504 0.000472238 0.04212425 0.02149951 -0.0002708134 0.04035334 0.02149951 -0.0002708134 0.04035334 0.02155136 -0.0003195558 0.04048573 0.02155136 -0.0003195558 0.04048573 0.02160892 -0.0003562024 0.04061163 0.02160892 -0.0003562024 0.04061163 0.02167077 -0.0003812593 0.04073182 0.02167077 -0.0003812593 0.04073182 0.0220773 -0.0001964602 0.04113774 0.02181088 -0.0002495258 0.04067041 0.02173611 -0.000222076 0.04050689 0.02160427 -6.007136e-05 0.04007054 0.02189147 -0.0002551941 0.04082467 0.02167097 -0.0001716544 0.04033351 0.02158753 8.988083e-06 0.03993968 0.007086022 -0.0109406 0.0482336 0.007086022 -0.0109406 0.0482336 0.005084318 -0.01126186 0.04747102 0.005084318 -0.01126186 0.04747102 0.001432784 -0.01127879 0.04516741 0.001432784 -0.01127879 0.04516741 -0.003207308 -0.008919257 0.03842304 -0.003207308 -0.008919257 0.03842304 -0.003621796 -0.007915323 0.03654905 -0.003621796 -0.007915323 0.03654905 -0.003703339 -0.006793292 0.03469815 -0.003703339 -0.006793292 0.03469815 -0.003449795 -0.005583063 0.03291979 -0.003449795 -0.005583063 0.03291979 5.04074e-05 -0.001004379 0.02781366 5.04074e-05 -0.001004379 0.02781366 5.04074e-05 -0.001004379 0.02781366 0.0006510325 -0.0005239193 0.02742683 0.0006510325 -0.0005239193 0.02742683 0.0006510325 -0.0005239193 0.02742683 0.008136669 0.003308205 0.02606139 0.008136669 0.003308205 0.02606139 0.01018806 0.003866713 0.02647539 0.01018806 0.003866713 0.02647539 0.01220346 0.004228602 0.02718159 0.01220346 0.004228602 0.02718159 0.01412901 0.004384282 0.02816113 0.01412901 0.004384282 0.02816113 0.01750867 0.00406575 0.03082894 0.01750867 0.00406575 0.03082894 0.01996829 0.002944989 0.03419565 0.01996829 0.002944989 0.03419565 0.02002995 0.003120629 0.03395338 0.01883504 0.003787981 0.03212092 0.01563426 0.004476968 0.02897328 0.01372363 0.004482009 0.0277457 0.01165885 0.004257252 0.02678804 0.00951258 0.003808461 0.0261376 0.007362115 0.003153878 0.02581435 0.00525378 0.002309866 0.02582176 0.00147971 0.0002080855 0.02678223 -0.001553698 -0.002354275 0.02895389 -0.002706603 -0.003792316 0.03052335 -0.003841702 -0.006436206 0.03403743 -0.001809067 -0.01045402 0.04177588 -0.000480091 -0.0110183 0.04352882 0.002849503 -0.01149261 0.04641443 0.004714377 -0.01141042 0.04747298 0.006684267 -0.01112669 0.04827548 0.008721982 -0.01064496 0.04880391 0.01078432 -0.01000806 0.04909921 0.008723728 -0.01053969 0.04863628 0.008723728 -0.01053969 0.04863628 0.01078117 -0.009904227 0.04893072 0.01078117 -0.009904227 0.04893072 0.008673644 -0.01041616 0.04871819 0.008673644 -0.01041616 0.04871819 0.02157802 0.0002496412 0.04854178 0.0223025 0.002581909 0.04343576 0.0223025 0.002581909 0.04343576 0.02176228 -0.0008756693 0.04920658 0.0219364 -0.002258777 0.05130144 0.02202921 -0.002687547 0.05192948 0.02143893 0.005398685 0.04509819 0.02143893 0.005398685 0.04509819 0.02143893 0.005398685 0.04509819 0.02221453 0.003386856 0.04391863 0.02221453 0.003386856 0.04391863 0.02243433 0.001882895 0.04301916 0.02243433 0.001882895 0.04301916 0.0223945 -0.003425084 0.05304768 0.02228196 -0.005095321 0.05172731 0.02228196 -0.005095321 0.05172731 0.02218621 -0.005319574 0.0515841 0.02218621 -0.005319574 0.0515841 0.02130094 -0.006314035 0.05096238 0.02130094 -0.006314035 0.05096238 0.01953372 -0.007207681 0.05043194 0.01953372 -0.007207681 0.05043194 0.01631425 -0.008266178 0.04983638 0.01631425 -0.008266178 0.04983638 0.01622376 -0.00832726 0.0498765 0.02035991 -0.006952179 0.05081045 0.02124843 -0.006453 0.05110963 0.02160045 -0.00618109 0.05127643 0.02187568 -0.005905948 0.05144755 0.02212372 -0.005564289 0.05166278 0.02230603 -0.005181023 0.05190701 0.02238836 -0.004910216 0.05208092 0.02244209 -0.004627087 0.05226366 0.02247262 -0.004039135 0.05264565 0.0224481 -0.003715914 0.05285672 0.01275758 0.02092032 0.06833753 0.02211582 -0.002557101 0.05338469 0.02211582 -0.002557101 0.05338469 0.01257601 0.02097105 0.06813973 0.01257601 0.02097105 0.06813973 0.01841634 0.0111095 0.05049227 0.01841634 0.0111095 0.05049227 0.02128759 0.005358252 0.04506629 0.02128759 0.005358252 0.04506629 0.02128759 0.005358252 0.04506629 0.0220632 0.003346495 0.04388677 0.0220632 0.003346495 0.04388677 0.01651085 0.01520201 0.0540166 0.01651085 0.01520201 0.0540166 0.01860303 -9.363627e-05 0.03844744 0.01703388 0.001980382 0.03412084 0.01582389 0.002473063 0.03255875 0.01511435 0.00263574 0.03184509 0.01265109 0.002772013 0.03005433 0.0108102 0.002566789 0.02920826 0.009856205 0.002377511 0.02890282 0.007927005 0.001834613 0.0285418 0.006970382 0.001486222 0.0284897 0.006031379 0.001090866 0.02852415 0.005119036 0.000652356 0.02864483 0.003409171 -0.0003369218 0.02913937 0.002628107 -0.0008781466 0.02950846 0.001251235 -0.002027722 0.0304726 0.0006687239 -0.002625069 0.03105835 -0.0009844024 -0.005605892 0.03478194 0.01864144 -0.0006217517 0.03931857 -0.001040778 -0.006160664 0.03563533 -0.001002371 -0.00668878 0.03650646 -0.0008695785 -0.007185104 0.03738693 -0.0003267605 -0.008063757 0.03914198 0.0005668053 -0.008762851 0.04083305 0.001134884 -0.009036368 0.04163411 0.003256636 -0.009522751 0.04376823 0.004080382 -0.00956835 0.04436708 0.004949568 -0.009554429 0.04489955 0.007744454 -0.009159927 0.04605108 0.009673653 -0.008617029 0.04641209 0.01063028 -0.008268639 0.0464642 0.01156928 -0.007873282 0.04642974 0.01248162 -0.007434772 0.04630907 0.01335852 -0.006957341 0.04610333 0.01419149 -0.006445494 0.04581453 0.01634942 -0.004754694 0.04448129 0.01693196 -0.0041574 0.04389554 0.01743618 -0.003552701 0.04324798 0.01843447 -0.001752649 0.04099938 0.02262532 0.0008724916 0.04218549 0.02257422 0.0006132203 0.04201897 0.02250703 0.0003895489 0.04185782 0.02218781 -0.0001185411 0.04130999 0.0220624 -0.0002541229 0.04122114 0.02192143 -0.0003784574 0.04113928 0.02192143 -0.0003784574 0.04113928 0.02207796 -0.0003053065 0.04136499 0.02207796 -0.0003053065 0.04136499 0.02232013 -5.237388e-05 0.04172668 0.02232013 -5.237388e-05 0.04172668 0.02249805 0.0003291138 0.04205808 0.02249805 0.0003291138 0.04205808 0.0226027 0.0008100897 0.0423781 0.0226027 0.0008100897 0.0423781 0.02262052 0.001615988 0.04286674 0.02262052 0.001615988 0.04286674 0.02249693 0.002700831 0.0432858 0.02266168 0.001272285 0.04242927 0.02163231 -0.0001206125 0.04020177 0.02197433 -0.0002405444 0.04096963 0.02227358 -3.271528e-05 0.04144326 0.02235942 8.315394e-05 0.04158248 0.02243467 0.0002174672 0.04171476 -7.558667e-05 -0.0009627323 0.02766655 0.003233952 0.001292684 0.02616325 0.01735121 0.00424479 0.03044147 0.02089628 0.002268783 0.03587203 0.02141899 0.001252648 0.03783461 0.02158292 9.264271e-05 0.03979892 0.001126868 -0.01136976 0.04511791 -0.002834498 -0.009691238 0.0398986 -0.00353071 -0.008744494 0.03793646 -0.003869222 -0.007645951 0.03595922 -0.003452647 -0.005142588 0.03221188 -0.00217324 -0.003069533 0.02970514 -0.0008528757 -0.001650602 0.02827318 0.01603042 -0.008454984 0.04995789 0.02137016 -0.0007112679 0.05484429 0.0221457 -0.002653047 0.05355754 0.01916949 -0.007444301 0.05052467 0.01267582 0.02698782 0.05855827 0.01267582 0.02698782 0.05855827 0.01037017 0.03217306 0.06178306 0.01037017 0.03217306 0.06178306 0.02147347 0.005510395 0.044936 0.01282719 0.0270282 0.05859015 0.01282719 0.0270282 0.05859015 0.02245892 0.002605723 0.04345786 0.02245892 0.002605723 0.04345786 0.02224787 0.003500597 0.0437576 0.009625924 0.03059604 0.07435949 0.009589629 0.03073848 0.07443487 0.009547368 0.03089167 0.07448984 0.009476045 0.03113114 0.07453125 0.009439049 0.03124889 0.07453243 0.009401355 0.03136606 0.07452152 0.009281612 0.03173047 0.07440434 0.009210649 0.03194908 0.07425629 0.009146659 0.03215545 0.07402127 0.009112644 0.03227323 0.07378916 0.009103899 0.03230568 0.07368782 0.009098207 0.03232834 0.07358318 0.009097598 0.03234026 0.07329001 0.009506823 0.03184615 0.06798946 0.009595429 0.03198476 0.06677583 0.009863122 0.0328843 0.06346948 0.009950578 0.03273998 0.06328433 0.009950578 0.03273998 0.06328433 0.009726877 0.03197166 0.06577245 0.009726877 0.03197166 0.06577245 0.009633549 0.03175461 0.06698571 0.009633549 0.03175461 0.06698571 0.00925189 0.03185704 0.07195526 0.00925189 0.03185704 0.07195526 0.009146974 0.03214075 0.07328357 0.009146974 0.03214075 0.07328357 0.009144475 0.03214615 0.07341707 0.009144475 0.03214615 0.07341707 0.009146741 0.03213535 0.07353956 0.009146741 0.03213535 0.07353956 0.009153356 0.03211005 0.07365437 0.009153356 0.03211005 0.07365437 0.009164175 0.03207109 0.0737625 0.009164175 0.03207109 0.0737625 0.009179077 0.03201932 0.07386493 0.009179077 0.03201932 0.07386493 0.00921995 0.03188288 0.07404644 0.00921995 0.03188288 0.07404644 0.009239024 0.03182091 0.07410527 0.009239024 0.03182091 0.07410527 0.009259924 0.03175378 0.07415822 0.009259924 0.03175378 0.07415822 0.009369588 0.03140579 0.07431327 0.009369588 0.03140579 0.07431327 0.009473623 0.03106506 0.07432633 0.009473623 0.03106506 0.07432633 0.009535839 0.03084421 0.07426541 0.009535839 0.03084421 0.07426541 0.01272737 0.02101609 0.06816466 0.01272737 0.02101609 0.06816466 0.009407251 0.03069925 0.07419472 0.009407251 0.03069925 0.07419472 0.009573377 0.03069974 0.07419191 0.009573377 0.03069974 0.07419191 0.009504972 0.03095611 0.07430346 0.009504972 0.03095611 0.07430346 0.00944145 0.03117297 0.07433546 0.00944145 0.03117297 0.07433546 0.009408235 0.03128166 0.07433214 0.009408235 0.03128166 0.07433214 0.009331105 0.03152791 0.07427757 0.009331105 0.03152791 0.07427757 0.009294168 0.03164482 0.07422559 0.009294168 0.03164482 0.07422559 0.009197631 0.03195662 0.07395972 0.009197631 0.03195662 0.07395972 0.009154625 0.03211672 0.07315385 0.009154625 0.03211672 0.07315385 0.008991746 0.03211619 0.07315645 0.008991746 0.03211619 0.07315645 0.008984395 0.03213925 0.07327928 0.008984395 0.03213925 0.07327928 0.008984453 0.03213171 0.07355784 0.008984453 0.03213171 0.07355784 0.009010086 0.03203815 0.0738327 0.009010086 0.03203815 0.0738327 0.009032242 0.0319623 0.07395414 0.009032242 0.0319623 0.07395414 0.009140313 0.03161071 0.07424548 0.009140313 0.03161071 0.07424548 0.009179158 0.03148662 0.0742945 0.009179158 0.03148662 0.0742945 0.009206434 0.03139901 0.07431758 0.009206434 0.03139901 0.07431758 0.009271933 0.03118518 0.07433815 0.009271933 0.03118518 0.07433815 0.009297334 0.03109984 0.07433279 0.009297334 0.03109984 0.07433279 0.009357856 0.03088739 0.07428476 0.009357856 0.03088739 0.07428476 0.009385716 0.03078347 0.07424132 0.009385716 0.03078347 0.07424132 0.009319768 0.03102285 0.07432126 0.009319768 0.03102285 0.07432126 0.009229275 0.03132523 0.07433025 0.009229275 0.03132523 0.07433025 0.009099244 0.03174233 0.07416872 0.009099244 0.03174233 0.07416872 0.009064723 0.03185437 0.07407698 0.009064723 0.03185437 0.07407698 0.009048048 0.03190945 0.07401965 0.009048048 0.03190945 0.07401965 0.008994522 0.03209342 0.07370505 0.008994522 0.03209342 0.07370505 0.008981482 0.03214565 0.07342273 0.008981482 0.03214565 0.07342273 0.01029682 0.0313406 0.06287702 0.01089768 0.02973396 0.06225659 0.01218444 0.02334394 0.06408571 0.01126527 0.02453138 0.06965588 0.01120237 0.02483955 0.06881388 0.01112966 0.02553572 0.06710335 0.01112435 0.02634752 0.06537962 0.0111641 0.02701859 0.06412425 0.01082719 0.02886876 0.06344659 0.01028731 0.02748388 0.07146208 0.01026882 0.02761897 0.07056173 0.01027136 0.02803116 0.0686904 0.01030699 0.0286585 0.06677149 0.009521101 0.03010672 0.07300639 0.009200561 0.03166998 0.07056583 0.009200561 0.03166998 0.07056583 0.009396236 0.03164857 0.06796637 0.009396236 0.03164857 0.06796637 0.009574219 0.03200709 0.06560887 0.009574219 0.03200709 0.06560887 0.009761321 0.03185609 0.06469895 0.018027 0.01143003 0.05152275 0.018027 0.01143003 0.05152275 0.01800689 0.011459 0.05148521 0.01800689 0.011459 0.05148521 0.01825234 0.01110487 0.05079367 0.01825234 0.01110487 0.05079367 0.01825234 0.01110487 0.05079367 0.01827958 0.01107505 0.05078936 0.01827958 0.01107505 0.05078936 0.01835041 0.01096364 0.0507936 0.01835041 0.01096364 0.0507936 0.01838048 0.01087479 0.05079159 0.01838048 0.01087479 0.05079159 0.01838048 0.01087479 0.05079159 0.01836738 0.0109205 0.05079332 0.01836738 0.0109205 0.05079332 0.01832849 0.01100641 0.05079238 0.01832849 0.01100641 0.05079238 0.01830302 0.01104548 0.05078968 0.01830302 0.01104548 0.05078968 0.01846599 0.01163222 0.04984031 0.01855126 0.01177445 0.04948342 0.01855126 0.01177445 0.04948342 0.01861469 0.01172742 0.04941823 0.01861469 0.01172742 0.04941823 0.01861469 0.01172742 0.04941823 0.01861469 0.01172742 0.04941823 0.01863948 0.01170164 0.0493824 0.01863948 0.01170164 0.0493824 0.01866037 0.01167376 0.04934367 0.01866037 0.01167376 0.04934367 0.01866037 0.01167376 0.04934367 0.01855832 0.0115254 0.04974861 0.01855832 0.0115254 0.04974861 0.01846971 0.01131584 0.05016971 0.01846971 0.01131584 0.05016971 0.01851243 0.01155443 0.04984227 0.01834273 0.01126904 0.05048997 0.01858455 0.01175237 0.04945286 0.01858455 0.01175237 0.04945286 0.01858455 0.01175237 0.04945286 0.01852339 0.01179239 0.04950403 0.01852339 0.01179239 0.04950403 0.01849265 0.01181484 0.04952246 0.01849265 0.01181484 0.04952246 0.01854371 0.01224985 0.04936507 0.01854371 0.01224985 0.04936507 0.01854371 0.01224985 0.04936507 0.01854371 0.01224985 0.04936507 0.01240766 0.02589957 0.06013121 0.009784464 0.03274565 0.06326082 0.009784464 0.03274565 0.06326082 0.0101841 0.03249804 0.06206732 0.0101841 0.03249804 0.06206732 0.01653696 0.01643808 0.05243829 0.01653696 0.01643808 0.05243829 0.01656862 0.01647086 0.0524556 0.01656862 0.01647086 0.0524556 0.01660968 0.01653843 0.05248454 0.01660968 0.01653843 0.05248454 0.01662585 0.01658545 0.05250123 0.01662585 0.01658545 0.05250123 0.01662585 0.01658545 0.05250123 0.0166348 0.01663608 0.05251685 0.0166348 0.01663608 0.05251685 0.0166348 0.01663608 0.05251685 0.01663604 0.01668892 0.05253091 0.01663604 0.01668892 0.05253091 0.01663604 0.01668892 0.05253091 0.01678806 0.01663349 0.05211328 0.01678806 0.01663349 0.05211328 0.01678806 0.01663349 0.05211328 0.01678806 0.01663349 0.05211328 0.01678578 0.01658696 0.05210927 0.01678578 0.01658696 0.05210927 0.01678578 0.01658696 0.05210927 0.01678578 0.01658696 0.05210927 0.0167715 0.01653588 0.05211243 0.0167715 0.01653588 0.05211243 0.0167715 0.01653588 0.05211243 0.0167715 0.01653588 0.05211243 0.01629248 0.01555492 0.0535628 0.01629248 0.01555492 0.0535628 0.01629248 0.01555492 0.0535628 0.01633344 0.01557325 0.05358852 0.01633344 0.01557325 0.05358852 0.01633344 0.01557325 0.05358852 0.01636899 0.01559544 0.05362039 0.01636899 0.01559544 0.05362039 0.01641548 0.01577828 0.05389489 0.01641548 0.01577828 0.05389489 0.01641548 0.01577828 0.05389489 0.0166294 0.01674218 0.05254287 0.0166294 0.01674218 0.05254287 0.0166294 0.01674218 0.05254287 0.01659116 0.01650277 0.05247014 0.01659116 0.01650277 0.05247014 0.01659116 0.01650277 0.05247014 0.01641488 0.01523049 0.05368466 0.01641488 0.01523049 0.05368466 0.01641488 0.01523049 0.05368466 0.01647265 0.01523394 0.0537593 0.01647265 0.01523394 0.0537593 0.01650914 0.0152287 0.05385134 0.01650914 0.0152287 0.05385134 0.0165177 0.01522275 0.05390156 0.0165177 0.01522275 0.05390156 0.01651916 0.01521472 0.05395294 0.01651916 0.01521472 0.05395294 0.01651916 0.01521472 0.05395294 0.01651916 0.01521472 0.05395294 0.01642738 0.01575637 0.05386111 0.01642738 0.01575637 0.05386111 0.01642738 0.01575637 0.05386111 0.01643546 0.01572956 0.0538201 0.01643546 0.01572956 0.0538201 0.01643685 0.01570232 0.05377888 0.01643685 0.01570232 0.05377888 0.01642969 0.01567036 0.05373079 0.01642969 0.01567036 0.05373079 0.01641354 0.01564 0.05368567 0.01641354 0.01564 0.05368567 0.01639376 0.01561667 0.05365126 0.01639376 0.01561667 0.05365126 0.01649394 0.01523241 0.05380355 0.01649394 0.01523241 0.05380355 0.01649394 0.01523241 0.05380355 0.01644609 0.01523322 0.05371947 0.01644609 0.01523322 0.05371947 0.01644609 0.01523322 0.05371947 0.01637238 0.01522461 0.05365017 0.01637238 0.01522461 0.05365017 0.01637238 0.01522461 0.05365017 0.01637238 0.01522461 0.05365017 0.01632563 0.01521616 0.05362431 0.01632563 0.01521616 0.05362431 0.01632563 0.01521616 0.05362431 0.01632563 0.01521616 0.05362431 0.01783617 0.01156743 0.05137323 0.01783617 0.01156743 0.05137323 0.01783617 0.01156743 0.05137323 0.01797746 0.01148541 0.05144559 0.01797746 0.01148541 0.05144559 0.01797746 0.01148541 0.05144559 0.01797746 0.01148541 0.05144559 0.01804009 0.01139714 0.05156051 0.01804009 0.01139714 0.05156051 0.01804483 0.01137242 0.0515864 0.01804483 0.01137242 0.0515864 0.01804483 0.01137242 0.0515864 0.01804591 0.01134651 0.05161166 0.01804591 0.01134651 0.05161166 0.01519885 0.01451902 0.05114378 0.01519885 0.01451902 0.05114378 0.01514811 0.01457165 0.05117915 0.01514811 0.01457165 0.05117915 0.01482448 0.01534044 0.05166022 0.01482448 0.01534044 0.05166022 0.01482448 0.01534044 0.05166022 0.01482448 0.01534044 0.05166022 0.01482448 0.01534044 0.05166022 0.02265458 0.001705104 0.04269086 0.009767912 0.03270076 0.06339294 0.009767912 0.03270076 0.06339294 0.01003208 0.03279496 0.06288528 0.01003208 0.03279496 0.06288528 0.01014225 0.03274265 0.06253809 0.01014225 0.03274265 0.06253809 0.0105071 0.0322393 0.06183379 0.0105071 0.0322393 0.06183379 0.01026873 0.03236399 0.06192487 0.01026873 0.03236399 0.06192487 0.01009832 0.03261432 0.06223347 0.01009832 0.03261432 0.06223347 0.01001773 0.03270328 0.06241518 0.01001773 0.03270328 0.06241518 0.009937008 0.0327683 0.06263117 0.009937008 0.0327683 0.06263117 0.009871346 0.03279474 0.0628467 0.009871346 0.03279474 0.0628467 0.009820565 0.03278617 0.06305809 0.009820565 0.03278617 0.06305809 0.01054088 0.03217239 0.06178944 0.01054088 0.03217239 0.06178944 0.01041273 0.03240712 0.06197461 0.01041273 0.03240712 0.06197461 0.01031653 0.03255163 0.06214452 0.01031653 0.03255163 0.06214452 0.01022502 0.03266439 0.06233463 0.01022502 0.03266439 0.06233463 0.01008238 0.03278079 0.06271199 0.01008238 0.03278079 0.06271199 0.009984207 0.03278222 0.06309033 0.009984207 0.03278222 0.06309033 0.009880626 0.03293369 0.06332513 0.0101462 0.03289301 0.06236331 0.01043794 0.03251201 0.06180123 0.01050235 0.03239983 0.06170671 0.01852657 0.01228716 0.0493915 0.01852657 0.01228716 0.0493915 0.01850757 0.01231547 0.04941946 0.01850757 0.01231547 0.04941946 0.01850757 0.01231547 0.04941946 0.01850757 0.01231547 0.04941946 0.01847874 0.01233821 0.04945747 0.01847874 0.01233821 0.04945747 0.01847874 0.01233821 0.04945747 0.01847874 0.01233821 0.04945747 0.01847874 0.01233821 0.04945747 0.01844287 0.0123466 0.0494961 0.01844287 0.0123466 0.0494961 0.01844287 0.0123466 0.0494961 0.01841696 0.01234641 0.0495184 0.01841696 0.01234641 0.0495184 0.01833994 0.0123456 0.04956729 0.01833994 0.0123456 0.04956729 0.0183147 0.0123525 0.04958181 0.0183147 0.0123525 0.04958181 0.0183147 0.0123525 0.04958181 0.0182364 0.01239034 0.0496253 0.0182364 0.01239034 0.0496253 0.01818097 0.01242823 0.04965499 0.01818097 0.01242823 0.04965499 0.01661461 0.01636288 0.0521093 0.01661461 0.01636288 0.0521093 0.01665637 0.01638967 0.05211712 0.01665637 0.01638967 0.05211712 0.01669385 0.01642155 0.0521203 0.01669385 0.01642155 0.0521203 0.01669385 0.01642155 0.0521203 0.01669385 0.01642155 0.0521203 0.01673199 0.01646533 0.05211926 0.01673199 0.01646533 0.05211926 0.01673199 0.01646533 0.05211926 0.01677353 0.01669589 0.05213842 0.01677353 0.01669589 0.05213842 0.01677353 0.01669589 0.05213842 0.01677353 0.01669589 0.05213842 0.0128609 0.02714199 0.05842925 0.01056542 0.03227888 0.06162352 0.009108347 0.03230823 0.07310532 0.009095495 0.03234128 0.07347406 0.009124568 0.03223087 0.07388834 0.009175446 0.03206094 0.07414526 0.009251594 0.03182216 0.07435122 0.009313297 0.03163431 0.07444869 0.009357128 0.03150136 0.07449355 0.009512193 0.03101225 0.07451731 0.009678314 0.03219884 0.06566247 0.009316108 0.03186772 0.07054555 0.00921289 0.03203655 0.0718351 0.01035925 0.03263525 0.06192964 0.01028395 0.03273939 0.06206693 0.01021273 0.03282506 0.06221189 0.0100535 0.03296432 0.0626087 0.009978452 0.03299245 0.0628538 0.009920951 0.03298113 0.06309438 0.009350282 0.03168727 0.07073488 0.009350282 0.03168727 0.07073488 0.00953536 0.03162875 0.06829882 0.00953536 0.03162875 0.06829882 0.009936302 0.03270022 0.06339888 0.009936302 0.03270022 0.06339888 0.01794148 0.01150542 0.05140882 0.01794148 0.01150542 0.05140882 0.0179071 0.0115227 0.05138675 0.0179071 0.0115227 0.05138675 0.0179071 0.0115227 0.05138675 0.0179071 0.0115227 0.05138675 0.01786629 0.01154739 0.05137531 0.01786629 0.01154739 0.05137531 0.01780205 0.01159138 0.05137553 0.01780205 0.01159138 0.05137553 0.01776557 0.01161821 0.05138232 0.01776557 0.01161821 0.05138232 0.01768659 0.01167956 0.05140889 0.01768659 0.01167956 0.05140889 0.01768659 0.01167956 0.05140889 0.01768659 0.01167956 0.05140889 0.01512722 0.01419997 0.05121231 0.01512722 0.01419997 0.05121231 0.01839685 0.01146401 0.05017459 0.01821937 0.01113683 0.05080319 0.01821937 0.01113683 0.05080319 0.01818266 0.01116863 0.05081764 0.01818266 0.01116863 0.05081764 0.01838644 0.0123432 0.04953958 0.01838644 0.0123432 0.04953958 0.01838644 0.0123432 0.04953958 0.01650114 0.01641163 0.05242147 0.01650114 0.01641163 0.05242147 0.01475983 0.01545312 0.05200359 0.01475983 0.01545312 0.05200359 0.01475983 0.01545312 0.05200359 0.01475983 0.01545312 0.05200359 0.01647134 0.01639431 0.05241154 0.01647134 0.01639431 0.05241154 0.01628383 0.01520276 0.05360656 0.01628383 0.01520276 0.05360656 0.01628383 0.01520276 0.05360656 0.01473233 0.01450885 0.0529721 0.01473233 0.01450885 0.0529721 0.01473233 0.01450885 0.0529721 0.01473233 0.01450885 0.0529721 0.01495996 0.01383179 0.05254512 0.01495996 0.01383179 0.05254512 0.01471321 0.0144773 0.05294893 0.01471321 0.0144773 0.05294893 0.01471321 0.0144773 0.05294893 0.01471321 0.0144773 0.05294893 0.01471321 0.0144773 0.05294893 0.01471613 0.01444422 0.05292716 0.01471613 0.01444422 0.05292716 0.01471613 0.01444422 0.05292716 0.01471613 0.01444422 0.05292716 0.01450385 0.01457906 0.05268204 0.01450385 0.01457906 0.05268204 0.01449958 0.01462236 0.05271347 0.01449958 0.01462236 0.05271347 0.01449958 0.01462236 0.05271347 0.01449958 0.01462236 0.05271347 0.01463489 0.01481826 0.05288461 0.01463489 0.01481826 0.05288461 0.01463489 0.01481826 0.05288461 0.01463489 0.01481826 0.05288461 0.01460854 0.01518152 0.05183108 0.01460854 0.01518152 0.05183108 0.01460854 0.01518152 0.05183108 0.0147263 0.01543381 0.05199124 0.0147263 0.01543381 0.05199124 0.01459385 0.01479447 0.05285926 0.01459385 0.01479447 0.05285926 0.01459385 0.01479447 0.05285926 0.01455913 0.01476496 0.05283079 0.01455913 0.01476496 0.05283079 0.01455913 0.01476496 0.05283079 0.01453173 0.01473048 0.0528 0.01453173 0.01473048 0.0528 0.01453173 0.01473048 0.0528 0.01451239 0.01469209 0.0527678 0.01451239 0.01469209 0.0527678 0.01451239 0.01469209 0.0527678 0.01451239 0.01469209 0.0527678 0.0145029 0.01465783 0.05274052 0.0145029 0.01465783 0.05274052 0.01469735 0.01541224 0.05197745 0.01469735 0.01541224 0.05197745 0.01469735 0.01541224 0.05197745 0.01467179 0.01538785 0.05196191 0.01467179 0.01538785 0.05196191 0.01467179 0.01538785 0.05196191 0.01464994 0.01536101 0.05194482 0.01464994 0.01536101 0.05194482 0.01464994 0.01536101 0.05194482 0.0146321 0.01533213 0.05192646 0.0146321 0.01533213 0.05192646 0.01461204 0.01528058 0.05189374 0.01461204 0.01528058 0.05189374 0.01461204 0.01528058 0.05189374 0.01461204 0.01528058 0.05189374 0.01460468 0.0152267 0.05185962 0.01460468 0.0152267 0.05185962 0.01460468 0.0152267 0.05185962 0.01460468 0.0152267 0.05185962 0.01486344 0.01539982 0.0516919 0.01486344 0.01539982 0.0516919 0.01486344 0.01539982 0.0516919 0.01525835 0.01447368 0.05111195 0.01525835 0.01447368 0.05111195 0.01510948 0.01462662 0.0512149 0.01510948 0.01462662 0.0512149 0.01504723 0.01426136 0.05125322 0.01504723 0.01426136 0.05125322 0.01497812 0.01433179 0.05129907 0.01497812 0.01433179 0.05129907 0.01491793 0.01441528 0.05135239 0.01491793 0.01441528 0.05135239 0.01493464 0.01367279 0.05212486 0.01493464 0.01367279 0.05212486 0.01501423 0.01360662 0.05209135 0.01501423 0.01360662 0.05209135 0.01499147 0.01376808 0.05250606 0.01499147 0.01376808 0.05250606 0.01503357 0.01370833 0.05247081 0.01503357 0.01370833 0.05247081 0.0150819 0.01365701 0.05244188 0.0150819 0.01365701 0.05244188 0.01513781 0.01361133 0.05241754 0.01513781 0.01361133 0.05241754 0.01486579 0.01374679 0.05216523 0.01486579 0.01374679 0.05216523 0.0148058 0.01383259 0.05221497 0.0148058 0.01383259 0.05221497 0.01483383 0.01537319 0.05167874 0.01483383 0.01537319 0.05167874 0.01483383 0.01537319 0.05167874 0.01483383 0.01537319 0.05167874 0.01483383 0.01537319 0.05167874 0.01373433 0.0026563 0.03093119 0.01477282 0.002484871 0.03186888 0.01575659 0.002259328 0.03285836 0.01667615 0.001981868 0.03389013 0.01307826 0.002515046 0.03073886 0.01437546 0.00227899 0.03194533 0.01562397 0.001992776 0.03320112 0.01681179 0.001659125 0.03449412 0.01238203 0.002317865 0.0306106 0.01392598 0.002019918 0.03207381 0.01542726 0.0016757 0.03358379 0.01687131 0.001288695 0.03512603 0.01165226 0.002066545 0.0305477 0.01342861 0.001709946 0.03225318 0.01516813 0.001311155 0.03400282 0.01685409 0.0008739866 0.03577979 0.01012016 0.001411388 0.03062007 0.0123091 0.0009495621 0.03275764 0.01447279 0.0004535102 0.03493391 0.01659036 -7.192864e-05 0.03712793 0.009332352 0.001013706 0.03075481 0.01169745 0.0005061672 0.03307811 0.01404293 -3.154905e-05 0.03543724 0.0163462 -0.0005942674 0.03780947 0.008540033 0.0005740963 0.03095381 0.01105882 2.599799e-05 0.03344025 0.0135635 -0.0005482062 0.03595951 0.01602997 -0.001142998 0.03848734 0.007750706 9.677746e-05 0.03121524 0.01039919 -0.0004864326 0.03384065 0.01303896 -0.001091606 0.03649579 0.01564462 -0.00171297 0.03915508 0.006971921 -0.00041381 0.03153664 0.009724751 -0.001026218 0.0342756 0.01247422 -0.001656588 0.03704104 0.01519377 -0.002298716 0.03980633 0.006211032 -0.0009527285 0.03191501 0.009041917 -0.00158841 0.03474099 0.01187455 -0.002237825 0.0375901 0.01468165 -0.002894688 0.0404349 0.005475322 -0.001514954 0.03234676 0.008357088 -0.002167637 0.03523247 0.01124563 -0.002829865 0.03813781 0.01411312 -0.003495244 0.0410348 0.004771786 -0.002095158 0.0328278 0.007676733 -0.002758465 0.0357454 0.01059335 -0.003427112 0.03867898 0.01349357 -0.00409468 0.04160033 0.004107066 -0.002687752 0.03335358 0.007007268 -0.003355328 0.03627494 0.009923888 -0.004023975 0.03920853 0.01282888 -0.004687325 0.04212611 0.003487512 -0.003287188 0.03391911 0.006355019 -0.003952627 0.03681612 0.009243532 -0.004614803 0.03972146 0.01212531 -0.005267478 0.04260716 0.002919014 -0.003887796 0.03451901 0.005726093 -0.004544667 0.03736382 0.008558732 -0.005194082 0.04021293 0.0113896 -0.005829703 0.04303891 0.001956063 -0.005069498 0.03579881 0.004561724 -0.005690863 0.0384581 0.007201494 -0.006296036 0.04111324 0.009849952 -0.006879193 0.04373865 0.001570693 -0.005639419 0.03646656 0.00403716 -0.00623421 0.03899439 0.006541844 -0.006808415 0.04151366 0.009060654 -0.007356565 0.04400009 0.001254454 -0.006188149 0.03714443 0.003557726 -0.006750867 0.03951666 0.005903204 -0.007288584 0.04187578 0.008268306 -0.007796122 0.04419909 0.001010301 -0.006710488 0.03782597 0.003127897 -0.007235978 0.04001998 0.005291586 -0.007732031 0.04219626 0.007480528 -0.008193856 0.04433382 0.0007465951 -0.007656455 0.0391741 0.002432555 -0.008093624 0.04095107 0.004172079 -0.008492415 0.04270071 0.005948424 -0.008849013 0.04440619 0.0007293499 -0.008071112 0.03982788 0.002173431 -0.008458168 0.0413701 0.003674681 -0.008802334 0.04288009 0.005218661 -0.009100335 0.0443433 0.0007888989 -0.008441593 0.04045977 0.001976684 -0.008775193 0.04175278 0.003225196 -0.009061407 0.04300857 0.004522429 -0.009297515 0.04421503 0.0009245328 -0.008764337 0.04106376 0.001844091 -0.009041797 0.04209552 0.002827862 -0.009267338 0.04308501 0.003866355 -0.009438769 0.0440227 0.01064724 -0.006335725 0.0433763 0.007922067 -0.005710995 0.04063526 0.005179884 -0.0050823 0.03787714 0.002454714 -0.004457569 0.03513608 0.0006382151 -0.0003905328 0.02751688 0.0006382151 -0.0003905328 0.02751688 -0.0002051811 -0.001237299 0.02802393 -0.0002051811 -0.001237299 0.02802393 -0.0002051811 -0.001237299 0.02802393 0.02873272 -0.005911802 0.05335555 0.01007142 0.03170481 0.07444917 0.009700902 0.03787595 0.05973519 0.01139964 0.0328114 0.05962626 0.0231294 -0.004953102 0.05207868 0.01110551 0.03282966 0.05987717 0.007936478 0.03596557 0.0652 0.0221032 0.003482969 0.04369352 0.0221032 0.003482969 0.04369352 0.007577503 0.03812043 0.06170084 0.007139928 0.03727385 0.07615662 0.00721108 0.03829525 0.06216374 0.009400731 0.03083382 0.07451643 0.009400731 0.03083382 0.07451643 0.009024509 0.03735879 0.06075848 0.007772993 0.03804288 0.0616823 0.007222969 0.03910149 0.06122218 0.007146461 0.03534768 0.07043424 0.007146461 0.03534768 0.07043424 0.01004582 0.03797653 0.05955746 0.009238701 0.03136851 0.07456381 0.009238701 0.03136851 0.07456381 0.007385896 0.0610775 0.07231502 0.007385896 0.0610775 0.07231502 0.009481306 0.03745654 0.07969789 0.007402605 0.05759555 0.06085024 0.007402605 0.05759555 0.06085024 0.008610735 0.03693692 0.07898027 0.007358781 0.0514384 0.05732787 0.007358781 0.0514384 0.05732787 0.01162631 0.02540417 0.07300192 0.0285128 0.002933399 0.04165383 0.009108594 0.04376556 0.05775181 0.00857274 0.03744614 0.06138857 0.0008759202 -0.0002986523 0.02552581 0.002814794 0.001008834 0.02485073 0.007403964 0.0583334 0.06215989 0.004948313 0.002104987 0.02445532 0.007196088 0.003029676 0.02440761 0.009495965 0.003757402 0.02470893 0.00720563 0.04715273 0.0828599 0.00720563 0.04715273 0.0828599 0.01178444 0.004268088 0.02535097 0.01399818 0.004547497 0.02631594 0.01607598 0.004588085 0.02757721 0.01796057 0.004388551 0.02909994 0.0195997 0.003954512 0.03084198 0.01147171 0.03034082 0.06001388 0.02094813 0.003297974 0.03275521 0.02263293 0.001395473 0.03688056 0.000824347 -0.000104344 0.02570049 0.01107373 0.03300143 0.06323517 0.02837027 0.003928821 0.04227739 0.00732381 0.04764051 0.05696424 0.00732381 0.04764051 0.05696424 0.02182805 0.002602126 0.03492029 0.02272247 -0.005909062 0.05146814 0.002766776 0.001180798 0.02503223 0.00489001 0.002271617 0.02463873 0.007126923 0.003191848 0.02459126 0.009415673 0.003916097 0.02489113 0.01169311 0.004424277 0.02553006 0.01389613 0.004702392 0.02649038 0.01596394 0.004742707 0.02774554 0.0178394 0.004544185 0.02926092 0.0194706 0.00411226 0.03099455 0.008000646 0.04059531 0.05925734 0.02081251 0.003458898 0.03289855 0.02248919 0.001565573 0.03700396 0.01453787 0.04742346 0.08111804 0.01115094 0.03302084 0.06279338 0.0008228609 7.180698e-05 0.02595274 0.0217335 -0.005867609 0.05152386 0.0217335 -0.005867609 0.05152386 0.01170677 0.02545608 0.07119913 0.02198886 -0.005520263 0.0517426 0.02198886 -0.005520263 0.0517426 0.02200026 -0.002717055 0.05356731 0.02200026 -0.002717055 0.05356731 0.011385 0.02701543 0.07407737 0.011385 0.02701543 0.07407737 0.01099126 0.02709718 0.07404356 0.02231475 0.001674334 0.03710166 0.002764309 0.001335044 0.02534246 0.004857846 0.002410582 0.02495446 0.007063459 0.003317943 0.02490766 0.009320204 0.004032022 0.02520332 0.01156577 0.004533108 0.02583332 0.00741079 0.06004835 0.06437132 0.00741079 0.06004835 0.06437132 0.01373796 0.004807339 0.0267802 0.01577682 0.004847124 0.02801781 0.01762605 0.00465136 0.02951199 0.007362029 0.06004515 0.07549522 0.007362029 0.06004515 0.07549522 0.01304657 0.02773308 0.05760012 0.02207736 2.314248e-05 0.04127802 0.02207736 2.314248e-05 0.04127802 0.01353401 0.02808948 0.05733998 0.008939049 0.03231737 0.07389386 0.008939049 0.03231737 0.07389386 0.01923444 0.00422546 0.03122135 0.02055756 0.00358125 0.0330987 0.02155891 0.00273644 0.03509216 0.0009046558 0.0001911917 0.02629541 0.01901221 0.0264213 0.07026101 0.01901221 0.0264213 0.07026101 0.01876427 0.02613574 0.07061852 0.02210071 -0.006620086 0.05102327 0.002801333 0.001388254 0.02558699 0.004865512 0.00244877 0.02520444 0.007040224 0.003343411 0.02515828 0.009265361 0.004047463 0.0254498 0.01147946 0.00454153 0.02607097 0.0136212 0.004811934 0.02700459 0.01563152 0.004851116 0.02822485 0.01745483 0.004658115 0.0296981 0.01904067 0.004238216 0.03138351 0.02034528 0.003602994 0.03323456 0.02133257 0.002770054 0.03520008 0.02197531 0.00176234 0.03722583 0.009939202 0.03214324 0.07409677 0.007844359 0.03511808 0.07072238 0.02874938 0.001880483 0.04100789 0.008780572 0.03635978 0.06216591 0.01958484 0.02599398 0.07081176 0.01958484 0.02599398 0.07081176 0.01958484 0.02599398 0.07081176 0.009889012 0.03399796 0.07809068 0.008926525 0.0340581 0.07722283 0.008825403 0.04163093 0.05849855 0.02878847 0.005946042 0.044012 0.001027272 0.0002190988 0.02659014 0.002884743 0.001391415 0.02589636 0.01800518 -0.0149128 0.04733045 0.01534014 -0.01585894 0.04679864 0.01661108 -0.0151883 0.04729793 0.01347236 -0.01617949 0.04673724 0.02040514 -0.01388845 0.04817328 0.01579433 -0.01516724 0.04739853 0.015573 -0.01494707 0.04757508 0.02025939 -0.01357633 0.04848274 0.02044957 -0.01397024 0.04805883 0.02049227 -0.01404163 0.04793803 0.02055169 -0.01412621 0.04774767 0.02060432 -0.01418058 0.0475482 0.01790867 -0.01504683 0.04712797 0.01104705 -0.01714526 0.04615469 0.01094673 -0.0168933 0.04631185 0.004906257 0.002430002 0.02552172 0.007036026 0.003306132 0.02547651 0.009215141 0.003995679 0.02576201 0.01031329 0.03246275 0.06169909 0.01031329 0.03246275 0.06169909 0.02348752 -0.01340128 0.04628138 0.02564363 -0.01238207 0.04694486 0.02756557 -0.01114684 0.0477419 0.02830387 -0.01052596 0.04814015 0.02891227 -0.009907855 0.04853519 0.02940467 -0.009295931 0.048925 0.02979459 -0.008692545 0.04930824 0.03032075 -0.007519404 0.05005052 0.03059578 -0.006404628 0.05075248 0.02333114 -0.01335265 0.04738023 0.02541563 -0.01235168 0.04803146 0.02724147 -0.01115372 0.04880414 0.0279304 -0.01055846 0.04918578 0.02871462 -0.009682645 0.04974467 0.0292877 -0.008829583 0.05028686 0.02974982 -0.007735208 0.05097947 0.02998772 -0.006688177 0.05163919 0.03042995 -0.005532997 0.05182432 0.007253765 0.04129854 0.05901718 0.007253765 0.04129854 0.05901718 0.02865624 -0.01030477 0.0473623 0.02865624 -0.01030477 0.0473623 0.01138349 0.004479493 0.02637034 0.0103989 0.03230173 0.06158447 0.0103989 0.03230173 0.06158447 0.02104674 -0.01429379 0.04535427 0.02094084 -0.01432125 0.04596138 0.02349606 -0.01309904 0.04825759 0.02566777 -0.01198391 0.04898032 0.0264911 -0.01144096 0.0493297 0.02696825 -0.01107826 0.04956236 0.02746172 -0.01065177 0.04983533 0.02788288 -0.01023106 0.05010397 0.02913629 -0.008238702 0.05136862 0.0202062 -0.01344696 0.04857241 0.02303498 -4.95262e-05 0.03891213 0.0236478 -0.001566043 0.03787288 0.0236478 -0.001566043 0.03787288 0.02368921 -0.001655609 0.03812143 0.02396643 -0.001490057 0.03872965 0.02405451 -0.001385842 0.03885805 0.02412193 -0.001294515 0.03894385 0.02418659 -0.001196377 0.03901554 0.02388128 -0.00157399 0.03858581 0.0238156 -0.001624792 0.03845751 0.02375732 -0.001655038 0.03832437 0.02373173 -0.001661545 0.03825682 0.02370893 -0.001661867 0.03818907 0.02367287 -0.00164237 0.03805426 0.02365634 -0.00161172 0.03796236 0.007595679 0.04013541 0.05971262 0.007311835 0.04645061 0.05708134 0.007311835 0.04645061 0.05708134 0.02494552 -0.004275006 0.03677436 0.02503171 -0.004280851 0.03684633 0.02512398 -0.004278402 0.03691502 0.02540349 -0.004221723 0.03708755 0.02326487 0.002733086 0.04329673 0.02326487 0.002733086 0.04329673 0.02548683 -0.004189804 0.0371309 0.02062237 0.02355269 0.06913728 0.02556877 -0.004150537 0.03717024 0.02561348 -0.005433851 0.03675032 0.02545354 -0.005442203 0.03657925 0.02519618 -0.005351941 0.03616069 0.02513129 -0.005288323 0.03599701 0.02555186 -0.005142565 0.03673789 0.01170296 0.0327651 0.05947462 0.01091424 0.02710283 0.07398797 0.007370125 0.05281124 0.05774992 0.007370125 0.05281124 0.05774992 0.02234803 0.002696274 0.0432294 0.02234803 0.002696274 0.0432294 0.02527566 -0.005122532 0.0364798 0.007488389 0.03524124 0.07065794 0.009734908 0.03306874 0.06304452 0.009734908 0.03306874 0.06304452 0.02587099 -0.004577091 0.03703246 0.01348096 0.004744309 0.02728466 0.02779399 -0.00187388 0.05591368 0.01972079 0.02611259 0.07061081 0.01972079 0.02611259 0.07061081 0.007577129 0.03537102 0.07205403 0.02563945 -0.004789119 0.0368905 0.01544971 0.004782711 0.0284797 0.02544115 -0.004744061 0.03679757 0.02334967 -0.003893679 0.05460395 0.02506657 -0.004855346 0.03638013 0.0249676 -0.004798692 0.03622993 0.01251437 0.0220611 0.07062161 0.02508145 -0.00520244 0.03581521 0.007543804 0.03609143 0.06523175 0.02544349 -0.004392101 0.0369789 0.0072772 0.04325948 0.05797796 0.0072772 0.04325948 0.05797796 0.02256043 -0.001781288 0.05416025 0.02515371 -0.004564839 0.03670616 0.008055 0.03508825 0.07222202 0.02564824 -0.004103526 0.03720529 0.008757441 0.03355876 0.06973571 0.02531972 -0.004246479 0.03704051 0.02522055 -0.004267085 0.03697992 0.02483911 -0.004253934 0.03666994 0.02475234 -0.004218935 0.0365616 0.02470609 -0.004187097 0.03648479 0.02467313 -0.004149627 0.03640722 0.02467313 -0.004149627 0.03640722 0.02465891 -0.00412054 0.03635314 0.02528244 -0.005402623 0.0363294 0.02582085 -0.005379042 0.03691377 0.02540386 -0.006125442 0.03565148 0.0253971 -0.005838863 0.03631544 0.02558994 -0.006156851 0.03666134 0.02603718 -0.006302505 0.03721588 0.008916112 0.03242608 0.07313726 0.008916112 0.03242608 0.07313726 0.008916112 0.03242608 0.07313726 0.02568823 -0.007007773 0.03700741 0.02605173 -0.007052319 0.03747159 0.0225056 0.001232078 0.04235093 0.0225056 0.001232078 0.04235093 0.02553864 -0.007797721 0.03745411 0.02537233 -0.00792433 0.03738863 0.02537233 -0.00792433 0.03738863 0.02596724 -0.008026821 0.03801634 0.02596724 -0.008026821 0.03801634 0.02555804 -0.008095539 0.03783677 0.02527488 -0.008258348 0.03786372 0.02527488 -0.008258348 0.03786372 0.02554219 -0.006522775 0.03530196 0.02554219 -0.006522775 0.03530196 0.02539079 -0.005434829 0.03649744 0.02546119 -0.006270541 0.03618127 0.01723533 0.004593694 0.02992249 0.02554769 -0.006800099 0.03570009 0.02554769 -0.006800099 0.03570009 0.02562069 -0.005739461 0.03674338 0.02552603 -0.006804679 0.03615564 0.02578423 -0.006221153 0.03696179 0.02559786 -0.006688228 0.03666561 0.02168926 -2.946968e-05 0.04053311 0.02168926 -2.946968e-05 0.04053311 0.01079394 0.03283957 0.06030318 0.03089341 0.0002059038 0.04248272 0.009694247 0.03852377 0.05949294 0.01878842 0.004182423 0.03157306 0.01130673 0.03406044 0.05972358 0.02554072 -0.007208787 0.03667122 0.02551646 -0.0071929 0.03630918 0.02551646 -0.0071929 0.03630918 0.02577733 -0.007333292 0.03734018 0.02587496 -0.007662842 0.03767317 0.02593696 -0.005331287 0.03698351 0.025713 -0.005412908 0.03683568 0.02552241 -0.005442933 0.03665877 0.007416787 0.03612331 0.07467523 0.02545642 -0.007572964 0.03688233 0.02545642 -0.007572964 0.03688233 0.02338187 0.002105139 0.04292242 0.03099515 -0.006055588 0.05005487 0.03099515 -0.006055588 0.05005487 0.02973196 -0.009097569 0.04813154 0.02973196 -0.009097569 0.04813154 0.03011833 -0.007938807 0.04641083 0.02880414 -0.009926506 0.04667858 0.03127125 -0.004592665 0.04755947 0.02912959 -0.009184219 0.04568602 0.02937163 -0.008422265 0.04461987 0.02952274 -0.007647095 0.04348641 0.02808456 -0.009610753 0.04394215 0.02835934 -0.008801624 0.04282864 0.02852047 -0.007987169 0.04164017 0.02856137 -0.007176193 0.0403865 0.03073137 -0.00714798 0.04936616 0.03073137 -0.00714798 0.04936616 0.03033738 -0.008107819 0.04875933 0.03033738 -0.008107819 0.04875933 0.02924651 -0.009699885 0.04774828 0.02924651 -0.009699885 0.04774828 0.02808244 -0.01055623 0.04629282 0.02622525 -0.01179104 0.04553242 0.02457815 -0.01290303 0.04568831 0.02457815 -0.01290303 0.04568831 0.02112421 -0.01421811 0.04482654 0.02112421 -0.01421811 0.04482654 0.02112421 -0.01421811 0.04482654 0.02241345 0.0006244562 0.04194394 0.02241345 0.0006244562 0.04194394 0.03047524 -0.007318212 0.04677071 0.02967329 -0.008562277 0.0460484 0.02847669 -0.009800281 0.04532631 0.026801 -0.01099693 0.04462528 0.02456196 -0.01211724 0.04396607 0.007241566 0.04046576 0.05997464 0.03101215 -0.005740444 0.04690889 0.02986566 -0.007811961 0.04496729 0.02878097 -0.00902351 0.04427716 0.02604769 -0.01114638 0.04379801 0.01003159 0.0320252 0.07148229 0.02363227 -0.01218019 0.04319815 0.03108695 -0.004638752 0.04519279 0.03062718 -0.006209858 0.04509037 0.02997417 -0.007048558 0.04382725 0.02898697 -0.008233225 0.04315243 0.02745283 -0.009763007 0.04306804 0.02679845 -0.009863548 0.0422249 0.02556009 -0.01079316 0.04248207 0.03100123 -0.003510933 0.04342156 0.03063229 -0.005079529 0.04333045 0.00980048 0.03305926 0.0627991 0.00980048 0.03305926 0.0627991 0.02908752 -0.007437278 0.04196003 0.01137854 0.03121899 0.05982852 0.008451249 0.03430662 0.07258948 0.008824911 0.03829841 0.0603289 0.00993197 0.03908801 0.05926112 0.00993197 0.03908801 0.05926112 0.02254918 -0.006153368 0.0513141 0.02006605 0.003560351 0.03338585 0.030531 -0.004319207 0.04211217 0.029955 -0.005892572 0.04201513 0.02907655 -0.006643554 0.04070871 0.02792353 -0.008092878 0.04071042 0.02722496 -0.008567741 0.04042952 0.02644028 -0.008999958 0.04017459 0.02556463 -0.009383369 0.03994952 0.03145106 -0.002706442 0.0467884 0.0308368 -0.002175107 0.04174153 0.0308368 -0.002175107 0.04174153 0.03047267 -0.003256752 0.04105856 0.03047267 -0.003256752 0.04105856 0.02996768 -0.00434579 0.04036945 0.02996768 -0.00434579 0.04036945 0.02103295 0.002744603 0.03531074 0.02937895 -0.005300641 0.03976374 0.02937895 -0.005300641 0.03976374 0.0286554 -0.006192673 0.03919607 0.0286554 -0.006192673 0.03919607 0.02771796 -0.007043118 0.03865228 0.02771796 -0.007043118 0.03865228 0.0272091 -0.007398084 0.03842407 0.0272091 -0.007398084 0.03842407 0.02660296 -0.007742914 0.03820123 0.02660296 -0.007742914 0.03820123 0.024955 -0.009059142 0.03894332 0.02396444 -0.01069518 0.04093384 0.02330261 -0.01151587 0.04182703 0.02297433 -0.0135728 0.04525101 0.02297433 -0.0135728 0.04525101 0.02380593 -0.01324068 0.04546825 0.02380593 -0.01324068 0.04546825 0.02711833 -0.01151016 0.04658939 0.02711833 -0.01151016 0.04658939 0.01197025 0.03133003 0.05913835 0.01061768 0.03519899 0.05994279 0.02855315 0.001935862 0.04102787 0.02166239 0.001757744 0.03729461 0.007299834 0.03943769 0.06035917 0.007299834 0.03943769 0.06035917 0.02191279 -6.292513e-05 0.04099523 0.02191279 -6.292513e-05 0.04099523 0.007410191 0.0605905 0.06570131 0.007410191 0.0605905 0.06570131 0.008918924 0.03239272 0.07370435 0.008918924 0.03239272 0.07370435 0.01194227 0.02374292 0.07176824 0.02887486 0.005923646 0.04410299 0.007504566 0.03693284 0.07642865 0.009817262 0.03398634 0.07808503 0.0129871 0.02766491 0.05767152 0.02193605 -0.0007369072 0.04009139 0.009940873 0.03841422 0.05945964 0.01520341 0.04241743 0.06024687 0.01502547 0.04373102 0.05977368 0.01502547 0.04373102 0.05977368 0.01495453 0.04584306 0.05901108 -0.0001586935 -0.001257968 0.02603465 0.001617249 1.57046e-05 0.02512635 0.00570951 0.002192958 0.02424799 0.007489001 0.06128797 0.06841105 0.007489001 0.06128797 0.06841105 0.007918937 0.003039634 0.02430088 0.02864737 0.003927237 0.04231312 0.01121965 0.02709366 0.07412372 0.007184299 0.03671882 0.06480884 0.007293627 0.05536943 0.08082927 0.007293627 0.05536943 0.08082927 0.007373082 0.06058808 0.0741656 0.007373082 0.06058808 0.0741656 0.007373082 0.06058808 0.0741656 0.007373082 0.06058808 0.0741656 0.007409709 0.0593626 0.06310936 0.007409709 0.0593626 0.06310936 0.008156288 0.03582844 0.06515836 0.01237727 0.004139102 0.02538393 0.0145097 0.004363186 0.0263858 0.007150211 0.04005841 0.07992836 0.007150211 0.04005841 0.07992836 0.007405857 0.06054271 0.06657943 0.0287539 -0.001351405 0.05568874 0.008282124 0.0347455 0.06937658 0.01496733 0.04654117 0.05876562 0.01491838 0.04667499 0.05876658 0.02212044 0.00217025 0.03475923 0.02296168 0.000142165 0.03893869 0.02296168 0.000142165 0.03893869 0.008082829 0.03496472 0.06934397 0.02291876 0.0002173261 0.03898627 0.02291876 0.0002173261 0.03898627 0.02286666 0.0002893421 0.03903224 0.02286666 0.0002893421 0.03903224 0.0228229 0.0003383151 0.03906394 0.0228229 0.0003383151 0.03906394 0.02277696 0.0003816566 0.03909234 0.02277696 0.0003816566 0.03909234 0.02272607 0.0004223684 0.03911938 0.02272607 0.0004223684 0.03911938 0.02272607 0.0004223684 0.03911938 0.02266616 0.0004626959 0.03914662 0.0226034 0.0004980148 0.03917097 0.0226034 0.0004980148 0.03917097 0.0226034 0.0004980148 0.03917097 0.01027128 0.03618561 0.05993995 0.02238612 0.0005813114 0.03923183 0.02238612 0.0005813114 0.03923183 0.02218909 0.0006198909 0.03926457 0.02218909 0.0006198909 0.03926457 0.02197924 0.0006326956 0.039282 0.02197924 0.0006326956 0.039282 0.02131249 0.001659787 0.03739418 0.02131249 0.001659787 0.03739418 0.02073022 0.002600461 0.03551456 0.02073022 0.002600461 0.03551456 0.01983621 0.00338483 0.03368641 0.01983621 0.00338483 0.03368641 0.01721371 0.004407594 0.03037292 0.01721371 0.004407594 0.03037292 0.01555378 0.004619206 0.02897414 0.01555378 0.004619206 0.02897414 0.008001291 0.04125457 0.05883702 0.005607619 0.002622221 0.02582711 0.005607619 0.002622221 0.02582711 0.003654828 0.001685219 0.02608279 0.003654828 0.001685219 0.02608279 0.001836319 0.0006159374 0.02663633 0.001836319 0.0006159374 0.02663633 0.0001996497 -0.0005577666 0.02747327 0.0001996497 -0.0005577666 0.02747327 -0.0003943281 -0.001049713 0.02788274 -0.0003943281 -0.001049713 0.02788274 0.02920042 0.001692553 0.04105793 -0.0007526467 -0.001095547 0.02735078 -0.0008028783 -0.001130172 0.02724362 -0.00084407 -0.001172767 0.02713935 -0.0008755142 -0.001222827 0.02703948 -0.0009078385 -0.001342599 0.02685793 -0.0008620202 -0.00163414 0.02658246 0.006659099 -0.01241169 0.04881954 0.02896086 -0.003683583 0.05457327 0.007871058 0.04269466 0.05809941 0.01803107 0.02646621 0.07156599 0.008482201 0.03498604 0.06645535 0.008482201 0.03498604 0.06645535 0.007899862 0.0352468 0.06791708 0.004432743 -0.01272034 0.04789328 0.002334932 -0.01279068 0.046667 0.0004235404 -0.01262073 0.04517459 -0.001248565 -0.01221526 0.04345727 -0.002635224 -0.01158544 0.04156245 -0.003698038 -0.01074868 0.03954261 0.02347969 0.003890074 0.04220207 0.01306941 0.02202091 0.07079281 0.008267584 0.03632694 0.06380907 0.007148913 0.0395332 0.07907117 0.007206334 0.04708391 0.08254703 0.008555958 0.0353455 0.06500019 0.009177191 0.03756116 0.06041166 0.00857229 0.03593481 0.06361235 -0.00440771 -0.009728071 0.03745351 -0.004744578 -0.008551859 0.03535283 -0.004699363 -0.007252525 0.03329874 -0.004273286 -0.005866023 0.03134794 -0.003478135 -0.004430657 0.02955434 -0.002335861 -0.002986019 0.02796749 0.01322029 -0.01796198 0.04454179 0.0146771 -0.01741284 0.04459125 0.01746486 -0.01608044 0.04423459 0.02205744 -0.01273455 0.04180209 0.02419288 -0.00996808 0.03873005 0.02459999 -0.009058971 0.03753252 0.0248444 -0.008175895 0.03627286 0.02483486 -0.006532542 0.03363216 0.02458097 -0.005793178 0.03228486 0.02359123 -0.004526362 0.02962221 0.02200423 -0.003594231 0.02711489 0.02101094 -0.003269251 0.02595989 0.01868806 -0.002922168 0.0239208 0.01475446 -0.003155803 0.02178462 0.009058668 -0.004778687 0.0207508 0.006270903 -0.006111093 0.02110746 0.00376831 -0.007697496 0.02205324 0.002664507 -0.008561014 0.02273311 0.001678329 -0.009456977 0.02353996 0.0001074897 -0.01129998 0.02549187 -0.001108638 -0.01401563 0.0290692 -0.0004289026 -0.0170699 0.03439956 0.0001445404 -0.01766516 0.03571984 0.0008677702 -0.01817648 0.03700116 0.002724831 -0.01892228 0.03938216 0.005047711 -0.01926936 0.04142126 0.007640382 -0.01920764 0.0429771 0.01035512 -0.0187733 0.04401367 0.01174621 -0.0184234 0.04434062 0.02215685 0.005713446 0.04504615 0.02215685 0.005713446 0.04504615 0.02215685 0.005713446 0.04504615 0.01143816 0.03260632 0.06188191 0.01376846 -0.01772043 0.04474125 0.01376846 -0.01772043 0.04474125 0.01578204 -0.01688432 0.04468606 0.01578204 -0.01688432 0.04468606 0.0176983 -0.01590333 0.04433648 0.0176983 -0.01590333 0.04433648 0.0224102 -0.01234676 0.04164231 0.0224102 -0.01234676 0.04164231 0.02431466 -0.009760124 0.03871116 0.02431466 -0.009760124 0.03871116 0.01127215 0.032853 0.06222781 0.01127215 0.032853 0.06222781 0.01127215 0.032853 0.06222781 0.01127215 0.032853 0.06222781 0.009510287 0.03438009 0.06226382 0.02481572 -0.008496668 0.03700551 0.02481572 -0.008496668 0.03700551 0.02485411 -0.00618432 0.03332299 0.02485411 -0.00618432 0.03332299 0.0243905 -0.00519235 0.03143682 0.0243905 -0.00519235 0.03143682 0.0236176 -0.004343386 0.02958249 0.0236176 -0.004343386 0.02958249 0.02255444 -0.003658334 0.02780568 0.02255444 -0.003658334 0.02780568 0.02122724 -0.003154117 0.02615014 0.02122724 -0.003154117 0.02615014 0.01966861 -0.002843039 0.02465663 0.01966861 -0.002843039 0.02465663 0.01601545 -0.002826206 0.02229791 0.01601545 -0.002826206 0.02229791 0.01401087 -0.003120853 0.02149078 0.01401087 -0.003120853 0.02149078 0.01198956 -0.003768129 0.02100142 0.01338064 -0.003418227 0.02132838 0.01609539 -0.002983891 0.02236496 0.01738815 -0.002904497 0.02306276 0.01990082 -0.00304428 0.02489063 0.022868 -0.004015043 0.02834089 0.02416467 -0.005121623 0.03094249 0.02492304 -0.007330159 0.03496718 0.02492304 -0.007330159 0.03496718 0.02362828 -0.01089154 0.03985018 0.02291343 -0.01181767 0.04087857 0.02107126 -0.01363051 0.04260894 0.01996746 -0.01449403 0.04328882 0.01876019 -0.01531417 0.04383302 0.016098 -0.01678295 0.04448842 0.009891295 -0.004280193 0.02071986 0.009891295 -0.004280193 0.02071986 0.004189707 -0.007199054 0.02175999 0.004189707 -0.007199054 0.02175999 -0.0006548788 -0.01224055 0.02674995 -0.0006548788 -0.01224055 0.02674995 -0.001337253 -0.01470578 0.03026653 -0.001337253 -0.01470578 0.03026653 -0.001194327 -0.01581636 0.03213812 -0.001194327 -0.01581636 0.03213812 -0.0007307104 -0.01680833 0.0340243 -0.0007307104 -0.01680833 0.0340243 4.218716e-05 -0.01765729 0.03587862 4.218716e-05 -0.01765729 0.03587862 0.001105312 -0.01834229 0.03765544 0.001105312 -0.01834229 0.03765544 0.003991173 -0.01915764 0.04080448 0.003991173 -0.01915764 0.04080448 0.007644299 -0.01917442 0.04316321 0.007644299 -0.01917442 0.04316321 0.008981304 -0.01903573 0.04355742 0.006347615 -0.01928703 0.04227929 0.003834948 -0.01914725 0.04045142 0.00173154 -0.0185973 0.03822716 -0.0008452007 -0.01639835 0.03305719 -0.001099091 -0.01565899 0.0317099 -0.001187269 -0.01486137 0.03037487 -0.0008642183 -0.01313256 0.02780954 -0.0004571181 -0.01222345 0.026612 0.0008223386 -0.01037386 0.02446348 0.004975581 -0.006877359 0.02150904 0.007637772 -0.005408576 0.02085363 0.00659251 -0.0121749 0.04888526 0.01051548 -0.004229545 0.02080027 0.004376919 -0.01248207 0.04796348 0.002289229 -0.01255206 0.04674313 0.0003870931 -0.01238297 0.04525793 -0.00127694 -0.01197946 0.0435489 -0.002656918 -0.01135264 0.04166324 -0.003714597 -0.01051994 0.03965316 -0.00442083 -0.009504266 0.03757414 -0.004756078 -0.008333723 0.03548361 -0.004711067 -0.00704069 0.03343944 -0.00428704 -0.005660902 0.03149806 -0.003495758 -0.004232416 0.02971313 -0.002358996 -0.002794773 0.02813394 0.01440234 0.05319341 0.08013178 0.01441935 0.05088233 0.08091798 0.01444771 0.04968046 0.08109921 0.01447996 0.04841123 0.08114566 0.01262017 0.02083168 0.06839195 0.01440131 0.05208636 0.08058762 0.01457927 0.04644532 0.08100361 0.01465091 0.04536355 0.080814 0.01460399 0.04555465 0.08082233 0.01461342 0.04548452 0.08081235 0.01463129 0.04541687 0.08081052 0.01467322 0.04531513 0.08082122 0.01472539 0.04522755 0.08084498 0.007346359 0.05002743 0.05706003 0.007346359 0.05002743 0.05706003 0.006551161 -0.01195108 0.04888349 0.009401209 0.03743719 0.07969325 0.02205318 -0.0005302507 0.0549895 0.02205318 -0.0005302507 0.0549895 0.02205318 -0.0005302507 0.0549895 0.02216254 -0.005152379 0.05197704 0.02216254 -0.005152379 0.05197704 0.01476278 0.04516821 0.08086289 0.01481513 0.04506662 0.08088252 0.01483724 0.04501127 0.08088712 0.01485676 0.04495043 0.08088757 0.01487625 0.04486424 0.08088029 0.01488565 0.04477719 0.08086285 0.01164604 0.02565917 0.07132542 0.01487806 0.04464113 0.08081353 0.004351927 -0.01213666 0.04795286 0.002293441 -0.01220566 0.0467496 0.0004179196 -0.01203894 0.04528517 -0.001222823 -0.01164109 0.04360004 -0.002583493 -0.01102304 0.04174077 -0.003626389 -0.01020196 0.03975881 -0.004322719 -0.009200539 0.03770889 -0.004653281 -0.008046363 0.0356476 -0.004608889 -0.006771439 0.03363203 0.007137737 0.03584085 0.07350771 0.007137737 0.03584085 0.07350771 0.02224276 -0.0008114112 0.04064104 0.0223495 -0.0008008129 0.04077174 0.02182458 -0.0004730909 0.03947918 0.02184692 -0.0006201889 0.03977066 0.02216661 -0.0008105961 0.04053496 0.007643727 0.003402377 0.02587597 0.007643727 0.003402377 0.02587597 0.009709906 0.00400539 0.02622811 0.009709906 0.00400539 0.02622811 0.0117522 0.004415472 0.02687431 0.0117522 0.004415472 0.02687431 0.01371729 0.004621844 0.02779769 0.01371729 0.004621844 0.02779769 0.01865372 0.003992534 0.03195747 0.01865372 0.003992534 0.03195747 0.0215771 0.0003549869 0.03968414 0.0215771 0.0003549869 0.03968414 0.01871365 0.003368287 0.03129554 0.01717692 0.003764548 0.02967934 0.01142517 0.003617082 0.02624448 0.009290249 0.003126681 0.02566797 0.007163742 0.002438383 0.02541412 0.005090369 0.001568715 0.02548487 0.003114765 0.0005343584 0.02588217 0.001542773 -0.0004643349 0.02647984 0.007874098 0.0351077 0.06931638 0.02132901 0.0054923 0.04487164 0.02132901 0.0054923 0.04487164 0.02132901 0.0054923 0.04487164 0.02255168 0.0005155985 0.03920168 0.02255168 0.0005155985 0.03920168 0.007314184 0.04068115 0.05934231 0.007314184 0.04068115 0.05934231 0.01986076 0.02271206 0.06999889 0.02307321 -8.567498e-05 0.03914938 0.02295418 0.0001571441 0.03921539 0.008200252 0.03510716 0.07382729 0.02280778 0.0003230933 0.03920225 0.02270995 0.0003943317 0.03930932 0.007368951 0.03696503 0.07641552 0.0223929 0.0005062226 0.03942015 0.02201638 0.0005076747 0.03954384 0.007164545 0.04199938 0.08092099 0.02212321 0.003549371 0.04359983 0.008125933 0.03556905 0.07514621 -0.004190799 -0.005410949 0.03171782 0.008451094 0.03469015 0.06791618 -0.003410568 -0.004002492 0.02995786 0.02248363 0.00046733 0.03962104 -0.002289727 -0.002584929 0.02840077 0.006526351 -0.01171488 0.04882594 0.02315514 -2.77962e-07 0.03945482 0.02315514 -2.77962e-07 0.03945482 0.02291757 0.0002822235 0.03945063 0.009867775 0.03792956 0.05962416 0.02277571 0.0003947215 0.03958197 0.02230683 0.0004557158 0.03978341 0.008970083 0.03723588 0.07949954 0.02193752 0.0003159679 0.04001013 0.0232094 8.992368e-05 0.03961446 0.0232094 8.992368e-05 0.03961446 0.007634441 0.03535305 0.06790658 0.02271221 0.0004683144 0.03983305 0.02233116 0.0004325685 0.04002801 0.007481373 0.05658513 0.05981998 0.007481373 0.05658513 0.05981998 0.007403148 0.06081148 0.06778957 0.02835057 -0.004548739 0.05424476 0.02191381 0.0001941737 0.04034594 0.02323943 0.0001463612 0.03969563 0.02323943 0.0001463612 0.03969563 0.007340661 0.04954842 0.05731181 0.02311307 0.0003802154 0.03984942 0.0229655 0.0004076099 0.03979978 0.02213613 0.0003347136 0.04024192 0.02326702 0.0002018483 0.03976701 0.02326702 0.0002018483 0.03976701 0.007159152 0.03573317 0.06838574 0.02273093 0.0005347438 0.04008525 0.007912225 0.03664057 0.0765792 0.008131048 0.03903147 0.06039581 0.02203188 0.0002164935 0.04053026 0.009972298 0.03202928 0.07422529 0.008906496 0.03707135 0.06116795 0.008232418 0.03476553 0.07083929 0.02297423 0.0005191769 0.04000167 0.01272517 0.02715377 0.05832368 0.01338932 0.02034311 0.06966607 0.02235474 0.0004286524 0.04034779 0.009511906 0.03638223 0.06066211 0.02868118 0.005963106 0.04391614 0.01869159 0.02607075 0.07071161 0.008807996 0.03956279 0.05952336 0.02324494 0.00059373 0.04012946 0.008334607 0.03626113 0.06377624 0.01823155 0.02624979 0.07133579 0.02304808 0.000674727 0.04021609 0.02278979 0.0006758206 0.04036226 0.02249101 0.0005527567 0.04055902 0.007407905 0.06098247 0.06708305 0.007407905 0.06098247 0.06708305 0.008907857 0.03244341 0.07341429 0.008907857 0.03244341 0.07341429 0.0222414 0.0003574108 0.04078462 0.02197516 -4.111536e-05 0.04110387 0.02197516 -4.111536e-05 0.04110387 0.02345315 0.0006457431 0.04016459 0.02345315 0.0006457431 0.04016459 0.01125681 0.0329208 0.06237809 0.02315126 0.0008402329 0.04036672 0.02287302 0.000845751 0.0405433 0.02259251 0.0007147989 0.04075416 0.01022233 0.03122012 0.0745594 0.02236111 0.0005035396 0.04099207 0.02338883 0.001435036 0.04069651 0.023225 0.001221087 0.04063285 0.009261456 0.03763877 0.06026128 0.02302958 0.00137702 0.04092256 0.009435196 0.03892115 0.05945866 0.009860018 0.0353918 0.06068145 0.02274536 0.001105211 0.04108779 0.02252901 0.0008695186 0.04137327 0.02357438 0.001051704 0.04042079 0.02357438 0.001051704 0.04042079 0.009000081 0.0321096 0.0741898 0.009000081 0.0321096 0.0741898 0.02282536 0.001586285 0.0414166 0.02271805 0.001338243 0.04143263 0.007192906 0.0457344 0.08265276 0.007192906 0.0457344 0.08265276 0.02257489 0.001140137 0.04168263 0.02366372 0.001527212 0.04072031 0.02366372 0.001527212 0.04072031 0.02337824 0.001016249 0.04226318 0.007139674 0.03647855 0.07446593 0.02307049 0.001949499 0.04129522 0.02157058 0.0002354424 0.03989823 0.02157058 0.0002354424 0.03989823 0.01029249 0.03477935 0.06033071 0.02264627 0.001538714 0.04184075 0.02253016 0.001281236 0.04218029 0.02370357 0.002636106 0.04141702 0.02364119 0.003178014 0.04175665 0.00957027 0.04020523 0.05894617 0.004366691 -0.01189467 0.0478806 0.02330553 0.002386639 0.04135171 0.002337054 -0.01196271 0.04669417 0.0004878048 -0.01179831 0.04525027 -0.001129941 -0.01140605 0.04358877 -0.002471544 -0.01079667 0.04175554 -0.003499811 -0.009987119 0.03980135 0.02301939 0.003241036 0.04199851 0.007396807 0.06098985 0.0696297 0.0228243 0.002467607 0.04190702 -0.004186419 -0.008999671 0.03778015 0.02268468 0.002339068 0.04213428 -0.004512325 -0.007861705 0.03574774 -0.004468582 -0.006604597 0.03376042 0.02157503 0.0003820441 0.03963416 0.02157503 0.0003820441 0.03963416 0.02157259 0.0005071321 0.03941267 0.02157259 0.0005071321 0.03941267 0.02156773 0.0005874855 0.03927613 0.02156773 0.0005874855 0.03927613 0.02156773 0.0005874855 0.03927613 0.02156773 0.0005874855 0.03927613 0.02177329 0.0006207845 0.03928518 0.02177329 0.0006207845 0.03928518 -0.004056343 -0.005263188 0.03187302 0.01185914 0.03319974 0.05954175 -0.003287043 -0.003874459 0.03013773 0.01791699 -0.002732862 0.02336192 0.01791699 -0.002732862 0.02336192 0.02499701 -0.007294848 0.03519459 0.02499701 -0.007294848 0.03519459 0.02499701 -0.007294848 0.03519459 0.02499701 -0.007294848 0.03519459 0.02350618 -0.0110541 0.04026956 0.02350618 -0.0110541 0.04026956 0.02105368 -0.01360624 0.04279564 0.02105368 -0.01360624 0.04279564 0.02105368 -0.01360624 0.04279564 0.02304373 -7.302546e-05 0.0389858 0.02305675 -8.53826e-05 0.03906668 0.01947005 -0.01480157 0.04370112 0.01947005 -0.01480157 0.04370112 0.01170716 -0.0183911 0.0445007 0.01170716 -0.0183911 0.0445007 0.02340484 -0.01079958 0.04042831 0.02421332 -0.009505603 0.0388699 0.02309056 -7.631582e-05 0.03922508 0.02311021 -5.851522e-05 0.03930183 0.02311021 -5.851522e-05 0.03930183 0.02311021 -5.851522e-05 0.03930183 0.02471438 -0.008242147 0.03716426 0.02351628 -0.004088918 0.02974124 0.01185128 -0.003355061 0.02111916 0.01185128 -0.003355061 0.02111916 0.01195259 -0.003609529 0.02096042 0.01195259 -0.003609529 0.02096042 -0.00218191 -0.00247676 0.02860245 0.01800744 0.02652329 0.0716329 0.008465994 0.03610103 0.06369601 0.009061514 0.03207011 0.07137201 0.009061514 0.03207011 0.07137201 0.01243321 0.02207843 0.07054819 0.01243321 0.02207843 0.07054819 0.01236978 0.02288356 0.07127942 0.007159093 0.04143827 0.08093188 0.007159093 0.04143827 0.08093188 0.006519678 -0.01147938 0.048715 0.02336396 0.0004174186 0.03999067 0.02336396 0.0004174186 0.03999067 0.009648881 -0.01887977 0.04397033 0.009648881 -0.01887977 0.04397033 0.005742794 -0.01926781 0.04209919 0.005742794 -0.01926781 0.04209919 0.002432543 -0.01884656 0.03931097 0.002432543 -0.01884656 0.03931097 -0.001155933 -0.01350401 0.02845561 -0.001155933 -0.01350401 0.02845561 0.0001536006 -0.01094658 0.02519155 0.0001536006 -0.01094658 0.02519155 0.001249585 -0.009653919 0.02381879 0.001249585 -0.009653919 0.02381879 0.002606106 -0.008394439 0.02266547 0.002606106 -0.008394439 0.02266547 0.002606106 -0.008394439 0.02266547 0.005961483 -0.006097351 0.02112464 0.005961483 -0.006097351 0.02112464 0.007877715 -0.005116301 0.02077506 0.007877715 -0.005116301 0.02077506 0.002504764 -0.008139919 0.02282422 0.001148243 -0.009399399 0.02397754 5.226075e-05 -0.01069206 0.02535031 -0.0007561922 -0.01198609 0.02690869 -0.001257273 -0.01324949 0.02861436 -0.001438568 -0.01445131 0.03042527 0.001004001 -0.01808782 0.03781418 0.007494062 0.05925685 0.06279696 0.007494062 0.05925685 0.06279696 0.02964593 0.002694349 0.04208325 0.01776501 0.03263776 0.0612823 0.02337983 0.003234461 0.0418106 0.02326903 0.003246985 0.04185134 0.02179319 -6.93139e-05 0.04077005 0.02179319 -6.93139e-05 0.04077005 0.02287478 0.003211508 0.04212437 0.02273357 0.003159172 0.04228433 0.02266657 0.003123689 0.04237736 0.02341382 0.001543479 0.04258402 0.01110646 0.02709436 0.07409678 0.02911861 -0.004848369 0.05384353 0.02253208 0.003019213 0.04261684 0.007349891 0.05935867 0.07675674 0.007349891 0.05935867 0.07675674 0.02925881 -0.0008923435 0.05527505 0.02246824 0.0008427357 0.04190418 0.02217606 0.0001241343 0.04144962 0.02217606 0.0001241343 0.04144962 0.02164676 5.96163e-06 0.0404102 0.02164676 5.96163e-06 0.0404102 0.02161243 5.078827e-05 0.04028505 0.02161243 5.078827e-05 0.04028505 0.02158764 0.0001038606 0.0401589 0.02158764 0.0001038606 0.0401589 0.008676631 -0.01055501 0.04891101 0.008676631 -0.01055501 0.04891101 0.008949793 -0.01122872 0.04846443 0.02187241 -0.005696143 0.05163146 0.02187241 -0.005696143 0.05163146 0.02227677 -0.004709849 0.05226184 0.02227677 -0.004709849 0.05226184 0.02231969 -0.004256593 0.05255568 0.02231969 -0.004256593 0.05255568 0.0223048 -0.003832935 0.05283194 0.0223048 -0.003832935 0.05283194 0.02224552 -0.003479148 0.05306401 0.02224552 -0.003479148 0.05306401 0.03028861 0.003921309 0.04425548 0.009912971 0.03223749 0.07395281 0.02234168 -0.004243618 0.05273013 0.01069515 0.02715581 0.07372 0.01200736 0.02373478 0.07181241 0.02091171 -0.006522809 0.05112117 0.02091171 -0.006522809 0.05112117 0.02033275 -0.006960653 0.0511365 0.02022353 -0.007353539 0.05146263 0.02017191 -0.007644439 0.05160466 0.007435471 0.0390806 0.06068039 0.02014384 -0.007894567 0.05166864 0.02047481 -0.007986426 0.05178791 0.0204748 -0.008262832 0.05174666 0.01997355 -0.008951118 0.05139305 0.02099315 -0.006689148 0.05146275 0.02091102 -0.007002318 0.05168615 0.02085987 -0.007299319 0.05181959 0.0100317 0.03286628 0.06219791 0.0100317 0.03286628 0.06219791 0.0100317 0.03286628 0.06219791 0.02083328 -0.007553612 0.0518809 0.004417756 -0.01161696 0.04772913 0.002430077 -0.01168359 0.04656725 0.02162482 -0.006287128 0.05184658 0.02158268 -0.006593105 0.05202896 0.0006190635 -0.01152262 0.04515318 0.02140646 -0.007074891 0.05208116 0.02156143 -0.007071179 0.05217853 -0.0009652592 -0.01113843 0.04352603 -0.002279145 -0.01054161 0.04173069 -0.003286171 -0.009748776 0.0398169 0.02160859 -0.007564199 0.05217599 0.02181829 -0.005802713 0.05164039 0.02157306 0.0001662881 0.04002847 0.02157306 0.0001662881 0.04002847 -0.003958554 -0.008781803 0.03783747 -0.004277733 -0.00766734 0.03584708 -0.004234884 -0.006436237 0.03390083 -0.003831174 -0.005122542 0.03205245 0.0121909 0.03133493 0.05902219 0.0121909 0.03133493 0.05902219 0.02187404 -0.006928554 0.052363 -0.003077781 -0.003762512 0.03035303 0.02197675 -0.005588486 0.05179392 0.02204713 -0.005854597 0.05223932 0.01059023 0.03422208 0.06016078 0.02205818 -0.006142224 0.05239213 -0.001995474 -0.002393735 0.02884949 0.02208956 -0.006413652 0.0524895 0.007027476 -0.01095933 0.0485066 0.007027476 -0.01095933 0.0485066 0.02220312 -0.006909391 0.05254318 0.02231216 -0.007196068 0.05248327 0.02203666 -0.005490065 0.05186417 0.02231399 0.0003485886 0.04170891 0.02231399 0.0003485886 0.04170891 0.007442738 0.04283963 0.05806818 0.02234963 -0.006357901 0.05271633 0.0221848 -0.005170892 0.05209038 0.0223026 -0.005305878 0.05258807 0.009446107 0.03952829 0.05920592 0.02235819 -0.005575858 0.05274158 0.02243491 -0.005831345 0.0528466 0.008813215 0.03891935 0.05991606 0.009339714 0.03104434 0.07456466 0.009339714 0.03104434 0.07456466 0.0225538 -0.006457261 0.05282696 0.02281502 -0.006563132 0.05288564 0.02225652 -0.004938142 0.05225363 0.007396262 0.0612895 0.07041257 0.007396262 0.0612895 0.07041257 0.02923448 -0.005932354 0.05311273 0.008534666 0.03447045 0.07624969 0.02265281 -0.005739785 0.0530976 0.02279667 -0.005972017 0.05313071 0.02230418 -0.004704449 0.05241586 0.02238808 -0.004640424 0.05285567 0.01805616 0.02662787 0.07182936 0.0105061 0.02726234 0.07334951 0.02256326 -0.005101375 0.05316142 -0.001464535 -0.002060715 0.02882042 -0.001464535 -0.002060715 0.02882042 -0.00236306 -0.003093779 0.02990307 -0.00236306 -0.003093779 0.02990307 0.02316936 -0.00572475 0.05341565 -0.003222154 -0.004389815 0.03143245 -0.003222154 -0.004389815 0.03143245 0.02279343 -0.005087345 0.0534979 0.02232521 -0.003881278 0.05297057 0.02242372 -0.004189706 0.05327627 0.009373757 0.03394104 0.07786162 0.02259359 -0.004489559 0.05352822 0.01277353 0.02978044 0.05823877 0.02307016 -0.005173347 0.05368195 -0.001586457 -0.01052226 0.04230769 -0.001586457 -0.01052226 0.04230769 0.007882136 0.03837851 0.06119646 0.008685533 0.0370163 0.07912807 -0.000249212 -0.0110189 0.04395747 -0.000249212 -0.0110189 0.04395747 0.02265379 -0.004172284 0.05393727 0.003093111 -0.01140575 0.04671101 0.003093111 -0.01140575 0.04671101 0.02287773 -0.004347383 0.05409165 0.02287773 -0.004347383 0.05409165 0.02336685 -0.004569838 0.05417548 0.01959989 -0.007153459 0.05074871 0.01959989 -0.007153459 0.05074871 0.02029056 -0.006852397 0.05092465 0.02029056 -0.006852397 0.05092465 0.02109555 -0.006412143 0.05120092 0.02151164 -0.006109206 0.05141961 0.02233162 -0.004472054 0.05257537 0.02227054 -0.003559246 0.05317688 0.0227223 -0.004232344 0.05399476 0.02297844 -0.004408882 0.05413374 0.02318189 -0.006534288 0.05294411 0.02298049 -0.006850321 0.05274356 0.02276156 -0.007128416 0.05256665 0.02227711 -0.007611382 0.05225833 0.02170314 -0.008050423 0.05197668 0.01840851 -0.008860342 0.05128134 0.01832793 -0.008553618 0.05125064 0.01829463 -0.008397081 0.05119324 0.01826681 -0.008239198 0.05110445 0.008714231 -0.01092638 0.04926854 0.01824514 -0.008080581 0.05098175 0.01822223 -0.007654099 0.0504628 0.01822223 -0.007654099 0.0504628 0.01520323 0.04234419 0.06028223 0.01822677 -0.007866777 0.05075841 0.01831064 -0.00847557 0.05122571 0.01836611 -0.008708243 0.05127917 0.0184311 -0.008935284 0.05127332 0.0184545 -0.009009351 0.05125966 0.01848948 -0.0091144 0.05123071 0.008744132 -0.01110275 0.04937397 0.008761988 -0.0111932 0.04941459 0.01852576 -0.00921731 0.05119165 0.01586836 -0.009964741 0.05069683 0.008781561 -0.01128402 0.04944661 0.01586054 -0.009860985 0.05074029 0.008817441 -0.01143386 0.04948016 0.01586274 -0.00974653 0.05077795 0.008877147 -0.01164854 0.04948397 0.01588012 -0.009588798 0.05081157 0.01591063 -0.009426972 0.05082308 0.01598022 -0.009150234 0.05078486 0.008898101 -0.01171601 0.04947344 0.01610889 -0.00866571 0.05051642 0.01616849 -0.008298046 0.05010328 0.01616849 -0.008298046 0.05010328 0.01615195 -0.008441948 0.05028979 0.01613266 -0.00855361 0.05041199 0.01607307 -0.008811326 0.05062688 0.01602705 -0.008981329 0.05072251 0.01594329 -0.009289516 0.05081359 0.01589033 -0.009528101 0.05081869 0.01587182 -0.009648956 0.05080129 0.0158869 -0.01006547 0.05064632 0.01592034 -0.01017022 0.0505853 0.009040788 -0.01210627 0.04929788 0.008990802 -0.01197914 0.04937377 0.008940938 -0.0118438 0.0494367 0.008856624 -0.01157882 0.04948876 0.008689425 -0.01072954 0.04910511 0.008043548 0.03497941 0.07077303 0.007493921 0.06090247 0.06644289 0.007493921 0.06090247 0.06644289 0.008182638 0.03503951 0.06792143 0.007247021 0.05118606 0.08227811 0.007188467 0.04506097 0.08218193 0.0157004 -0.009203838 0.04952713 0.006931512 -0.01170686 0.04794269 0.004978974 -0.0119912 0.04715224 0.003128241 -0.01207822 0.04611047 0.001415389 -0.0119644 0.04483473 -0.001520676 -0.01108009 0.04154294 -0.003275774 -0.009413416 0.03775078 -0.003644102 -0.008337971 0.03579158 -0.00365414 -0.007150311 0.03388119 -0.002613597 -0.004543136 0.03036572 -0.002067598 -0.003774633 0.02948221 -0.0006858713 -0.002263795 0.02794201 0.01349348 0.003890301 0.02712664 0.01542379 0.003939014 0.02828065 0.01997774 0.002761818 0.0330746 0.02092786 0.0019685 0.03495291 0.02154737 0.00100689 0.03688987 0.02181951 -0.0001042421 0.03884487 0.02181951 -0.0001042421 0.03884487 -0.004463031 -0.006794011 0.03216232 -0.00387159 -0.005416264 0.03033113 -0.002939445 -0.004009879 0.02867148 -0.001964485 -0.002888869 0.02749659 -0.0008853572 -0.001557091 0.02664024 -0.0009016936 -0.00148223 0.02670486 -0.0009093706 -0.001410414 0.02677755 -0.0008966983 -0.001279736 0.02694543 0.02209732 -0.0008025579 0.04042553 -0.000694081 -0.001069394 0.02745929 -0.0005551355 -0.001043553 0.02767489 -0.001423128 -0.00301319 0.02867283 -0.00330947 -0.005876609 0.03205934 -0.002558461 -0.01033768 0.03969036 -0.0001876524 -0.01162689 0.04327043 0.0164018 0.03871675 0.0611105 0.0164018 0.03871675 0.0611105 0.01556268 0.04298806 0.0596956 0.01556268 0.04298806 0.0596956 0.01520565 0.04239861 0.06025419 0.01519694 0.04227023 0.06032265 0.01519834 0.04223638 0.0603379 0.0151105 0.04304336 0.06002148 0.0154699 0.04367405 0.0594488 0.0154699 0.04367405 0.0594488 0.0154699 0.04367405 0.0594488 0.02323767 -0.004289151 0.05250783 0.01486623 0.04675212 0.05878871 0.01037767 0.03068033 0.07443703 0.01494988 0.04660616 0.05876037 0.01497202 0.04647173 0.05878377 0.01522545 0.04582032 0.05878073 0.01522545 0.04582032 0.05878073 0.01462258 0.04720115 0.05887597 0.01463639 0.04714027 0.05887959 0.00896528 0.03222569 0.07404799 0.00896528 0.03222569 0.07404799 0.005010859 -0.01128582 0.04774281 0.005010859 -0.01128582 0.04774281 0.02137996 -0.006199973 0.05131774 0.02137996 -0.006199973 0.05131774 0.001324361 -0.01131601 0.04543814 0.001324361 -0.01131601 0.04543814 0.009652606 0.03297877 0.06352057 0.009652606 0.03297877 0.06352057 0.009652606 0.03297877 0.06352057 0.009893694 0.03234908 0.07308297 0.009893694 0.03234908 0.07308297 0.02122494 -0.0007757397 0.05485376 0.02122494 -0.0007757397 0.05485376 0.02122494 -0.0007757397 0.05485376 -0.002652497 -0.009838954 0.04053188 -0.002652497 -0.009838954 0.04053188 -0.003419417 -0.008986952 0.03867645 -0.003419417 -0.008986952 0.03867645 -0.003867203 -0.007988474 0.03678986 -0.003867203 -0.007988474 0.03678986 -0.003984177 -0.00686956 0.03492142 -0.003984177 -0.00686956 0.03492142 0.007777818 0.03678476 0.07650238 -0.00376727 -0.005659471 0.03311993 -0.00376727 -0.005659471 0.03311993 0.007335917 0.05833709 0.07769512 0.02298071 -0.005395413 0.05179503 0.0228654 -0.005656602 0.05162834 0.0211325 -0.007274547 0.05062534 0.01937407 -0.008038185 0.05017927 0.007998201 0.03541057 0.07362564 0.009742939 0.03397376 0.07807233 0.01032115 0.03140412 0.07662169 0.01032115 0.03140412 0.07662169 -0.0001492692 -0.0008416683 0.02770567 -0.0001492692 -0.0008416683 0.02770567 0.0001384903 -0.001531435 0.0272942 0.02324303 0.004593227 0.04264114 0.010428 0.03305417 0.06093157 0.01475447 0.0468921 0.05884501 0.01471598 0.04695345 0.05886107 0.01468207 0.04701839 0.05887251 0.01465624 0.04707936 0.05887842 0.01448283 0.05208371 0.05932155 0.01449295 0.05339409 0.05988999 0.01450314 0.05485638 0.06078317 0.01451092 0.05616701 0.06188704 0.01451865 0.05821701 0.06462117 0.01834074 0.03181869 0.06140214 0.01834074 0.03181869 0.06140214 0.01834074 0.03181869 0.06140214 0.01456734 0.05904502 0.06644368 0.01460654 0.05910311 0.06650286 0.01449779 0.04923986 0.05873218 0.01447138 0.05071213 0.0589228 0.01450975 0.05955068 0.06958525 0.01454041 0.05899746 0.06638101 0.01452378 0.0589575 0.06631175 0.01451838 0.05892707 0.06623932 0.01451612 0.05729587 0.06317624 0.01497388 0.05464287 0.06009275 0.01497388 0.05464287 0.06009275 0.0149804 0.05565734 0.06083032 0.0149804 0.05565734 0.06083032 0.01499218 0.05815381 0.06362661 0.01499218 0.05815381 0.06362661 0.01499311 0.05927068 0.06586881 0.01499311 0.05927068 0.06586881 0.01499144 0.05964392 0.06706627 0.01499144 0.05964392 0.06706627 0.01496321 0.05953318 0.07326545 0.01496321 0.05953318 0.07326545 0.01495404 0.05911742 0.07444878 0.01495404 0.05911742 0.07444878 0.01495404 0.05911742 0.07444878 0.01495404 0.05911742 0.07444878 0.01493287 0.0579212 0.07664957 0.01493287 0.0579212 0.07664957 0.007810647 0.0352778 0.07211966 0.01489727 0.05541883 0.07928427 0.01489727 0.05541883 0.07928427 0.01488483 0.05443512 0.07996484 0.01488483 0.05443512 0.07996484 0.01487221 0.05338735 0.08054196 0.01487221 0.05338735 0.08054196 0.01443035 0.05544423 0.07868534 0.01445319 0.05706867 0.0770387 0.01446382 0.0577462 0.07609954 0.01448719 0.05898906 0.07349982 0.01448719 0.05898906 0.07349982 0.01451881 0.05944453 0.07167775 0.01453893 0.05947196 0.07162203 0.01451748 0.05913812 0.06691171 0.01127233 0.03288543 0.06229486 0.01127233 0.03288543 0.06229486 0.01860412 0.02601784 0.07082193 0.01860412 0.02601784 0.07082193 0.01860412 0.02601784 0.07082193 0.007216161 0.03550425 0.07245362 0.007216161 0.03550425 0.07245362 0.00745708 0.05313781 0.05779114 0.00745708 0.05313781 0.05779114 0.0145025 0.05949713 0.07112253 0.01456171 0.05950034 0.07157523 0.01450407 0.05941997 0.07174699 0.01449854 0.05940296 0.07182091 0.01458861 0.05953197 0.07153201 0.01447379 0.05832408 0.07509599 0.01444199 0.05629867 0.07790366 0.01441644 0.05436179 0.07947537 0.007472612 0.036673 0.06397623 0.01406716 0.06072883 0.07042245 0.01384496 0.0608353 0.07042536 0.01363752 0.06090483 0.07042698 0.01344679 0.06094079 0.07042742 0.01325397 0.06069227 0.0725828 0.01315654 0.05442878 0.08106494 0.01308935 0.04817753 0.08266246 0.01306943 0.0460148 0.08246277 0.01363257 0.04604885 0.08236028 0.01385553 0.04608271 0.08226464 0.01447092 0.04622461 0.08186198 0.0149965 0.04639488 0.08136497 0.0149965 0.04639488 0.08136497 0.01496139 0.04830112 0.08157303 0.01496139 0.04830112 0.08157303 0.01491384 0.05008666 0.08149816 0.01491384 0.05008666 0.08149816 0.0148765 0.05182748 0.08114307 0.0148765 0.05182748 0.08114307 0.01490942 0.05632837 0.07850732 0.01490942 0.05632837 0.07850732 0.01492116 0.05715427 0.077642 0.01492116 0.05715427 0.077642 0.01494389 0.05857804 0.07558111 0.01494389 0.05857804 0.07558111 0.01497251 0.05985439 0.07184694 0.01497251 0.05985439 0.07184694 0.01360723 0.04817317 0.08256567 0.01365108 0.05240925 0.08186192 0.01369634 0.0561634 0.07977724 0.01373778 0.05900012 0.07655346 0.01375551 0.05996631 0.07462721 0.01375551 0.05996631 0.07462721 0.01377055 0.06059038 0.07256454 0.01388869 0.05030019 0.08228398 0.01393351 0.0543178 0.0808819 0.01397711 0.05763177 0.07821272 0.01400245 0.04817058 0.08238325 0.01404566 0.05234478 0.08168979 0.01409028 0.05604408 0.07963555 0.0141311 0.0588394 0.07645885 0.01414858 0.05979148 0.07456075 0.01414858 0.05979148 0.07456075 0.01416342 0.06040639 0.07252819 0.01453205 0.04816804 0.08199531 0.01455251 0.05021837 0.08183286 0.01457392 0.05221111 0.08132361 0.01459567 0.054088 0.08048244 0.01461714 0.05579419 0.07933391 0.01463768 0.05727989 0.07791157 0.01465668 0.05850169 0.076257 0.0146736 0.05942388 0.0744185 0.0146736 0.05942388 0.0744185 0.01468797 0.0600195 0.07244982 0.01311837 0.02035834 0.06946871 0.01311837 0.02035834 0.06946871 0.0134024 0.05033397 0.08245696 0.01344786 0.05440864 0.08103496 0.008279776 0.03476271 0.07237436 0.01349206 0.05776974 0.07832786 0.01360771 0.04442728 0.08195657 0.01477596 0.04464199 0.08125351 0.01504238 0.0447224 0.08099445 0.01504238 0.0447224 0.08099445 0.01407338 0.04612546 0.08214407 0.01348966 0.0460331 0.08240528 0.0133557 0.04602324 0.08243431 0.01489538 0.04474294 0.0808616 0.01544837 0.04051867 0.07958265 0.01544837 0.04051867 0.07958265 0.01544837 0.04051867 0.07958265 0.01495543 0.04060994 0.0791956 0.01495543 0.04060994 0.0791956 0.01482158 0.04179741 0.07964059 0.01469804 0.04301164 0.08004612 0.008233553 0.03592115 0.07697581 0.02085108 0.02388533 0.06874984 0.02085108 0.02388533 0.06874984 0.01148574 -0.01824728 0.0454674 0.0125 -0.01811883 0.04551757 0.0125 -0.01811883 0.04551757 0.0125 -0.01811883 0.04551757 0.01388115 -0.01763886 0.04562974 0.01388115 -0.01763886 0.04562974 0.01014258 0.03708185 0.05976421 0.01433164 -0.01746453 0.04563742 0.01433164 -0.01746453 0.04563742 0.01535184 -0.01703778 0.04560436 0.01535184 -0.01703778 0.04560436 0.0163538 -0.0165749 0.04550224 0.0163538 -0.0165749 0.04550224 0.01679273 -0.01635699 0.04543288 0.01679273 -0.01635699 0.04543288 0.008541317 0.03685061 0.07881491 0.02079424 -0.01429252 0.04670193 0.01894275 -0.01471523 0.04726921 0.01678171 -0.01540558 0.04698274 0.007252225 0.04318701 0.08194096 0.007252225 0.04318701 0.08194096 0.01167305 -0.01718901 0.04612569 0.007169618 0.04289086 0.08172105 0.007169618 0.04289086 0.08172105 0.0131445 -0.01779304 0.04566632 0.01386609 -0.01631389 0.0466018 0.01261217 0.02085633 0.0683473 0.01261217 0.02085633 0.0683473 0.02197981 -0.0007643442 0.0401981 0.01422466 -0.01740033 0.04574503 0.02313744 -0.003384416 0.05309975 0.007616687 0.03521233 0.06928711 0.02948135 0.003853461 0.04280938 0.007358533 0.05157137 0.05767692 0.009625243 0.03395615 0.07803226 0.02956445 0.001481205 0.04119276 0.01019386 0.03801239 0.05954339 0.03057712 0.002782189 0.05022581 0.01812479 0.02636885 0.07148932 0.01812479 0.02636885 0.07148932 0.01812479 0.02636885 0.07148932 0.01004062 0.03180394 0.07439716 0.0104043 0.03057759 0.07437997 0.008638176 0.03410163 0.06878863 0.01914505 0.03122327 0.06260416 0.02234285 -0.006390202 0.05116593 0.009427978 0.03215771 0.06639464 0.009427978 0.03215771 0.06639464 0.009427978 0.03215771 0.06639464 0.009427978 0.03215771 0.06639464 0.01498776 -0.01708318 0.04579035 0.01513685 -0.01634218 0.0463806 0.007154167 0.03538987 0.06876811 0.007154167 0.03538987 0.06876811 0.007154167 0.03538987 0.06876811 0.0159662 -0.01656024 0.04594303 0.007219554 0.04073631 0.08055323 0.007219554 0.04073631 0.08055323 0.01619063 -0.01602816 0.04639744 0.009988105 0.03796202 0.05957318 0.0110131 -0.01059152 0.04875991 0.01676708 -0.01622402 0.04592315 0.00855025 0.03408365 0.0708174 0.0285181 -0.003826216 0.05466637 0.007403969 0.06121943 0.06849962 0.007403969 0.06121943 0.06849962 0.01952196 -0.01493684 0.0454885 0.007686523 0.03924519 0.06045246 0.01762764 -0.01591413 0.04525568 0.01762764 -0.01591413 0.04525568 0.0186457 -0.01512994 0.04641074 0.01911368 -0.01509201 0.04589374 0.009162134 0.03397043 0.07761033 0.007773643 0.03558527 0.07349272 0.01951896 -0.01492667 0.0451877 0.01984153 -0.0146515 0.04648839 0.01346654 0.02035256 0.06970034 0.01950366 -0.014884 0.04491488 0.01504775 0.04007874 0.078978 0.00931318 0.03195159 0.06800853 0.00931318 0.03195159 0.06800853 0.01673906 -0.01634908 0.04567123 0.01512269 0.03964283 0.07879016 0.01628452 0.033142 0.07571027 0.01800674 0.02703164 0.07220025 0.007380309 0.05412902 0.05832104 0.007380309 0.05412902 0.05832104 0.008814261 0.04092036 0.05881307 0.01336411 0.02799723 0.05737938 0.008208591 0.03532917 0.06651236 0.008208591 0.03532917 0.06651236 0.01783923 -0.01544818 0.04640003 0.01775257 -0.01576804 0.04588768 0.007856901 0.04198972 0.05844426 0.02031262 -0.0145938 0.045752 0.02031262 -0.0145938 0.045752 0.02908731 0.003901192 0.04248861 0.02030295 -0.01451473 0.04481679 0.0108382 0.02711315 0.07391641 0.0223428 0.0004407234 0.04165027 0.004578997 -0.005995133 0.02102548 0.004578997 -0.005995133 0.02102548 0.005667601 -0.0053567 0.02069681 0.005667601 -0.0053567 0.02069681 0.01243504 -0.002663425 0.02069868 0.01243504 -0.002663425 0.02069868 0.01474521 -0.002181548 0.0214007 0.01474521 -0.002181548 0.0214007 0.01696867 -0.001938181 0.02242975 0.01696867 -0.001938181 0.02242975 0.02088405 -0.002182566 0.02532071 0.02088405 -0.002182566 0.02532071 0.02249265 -0.002665125 0.0271211 0.02249265 -0.002665125 0.0271211 0.02466157 -0.004167685 0.03091431 0.02466157 -0.004167685 0.03091431 0.02526849 -0.005168559 0.03290627 0.02526849 -0.005168559 0.03290627 0.02553763 -0.006312604 0.03491207 0.02553763 -0.006312604 0.03491207 0.02553763 -0.006312604 0.03491207 0.02553763 -0.006312604 0.03491207 0.02553633 -0.006997013 0.0360081 0.02553633 -0.006997013 0.0360081 0.02451689 -0.009873846 0.03996974 0.02253723 -0.01232852 0.04264134 0.02167518 -0.01312597 0.04336951 0.0207241 -0.01390109 0.04400505 0.01969245 -0.01464695 0.04454232 0.01969245 -0.01464695 0.04454232 0.01949545 -0.0147814 0.04463264 0.01949545 -0.0147814 0.04463264 0.01949545 -0.0147814 0.04463264 0.01949545 -0.0147814 0.04463264 0.01851857 -0.01539923 0.04499883 0.01851857 -0.01539923 0.04499883 0.01589662 -0.01679174 0.04555812 0.01589662 -0.01679174 0.04555812 0.01589662 -0.01679174 0.04555812 0.01479412 -0.01727661 0.04563086 0.01479412 -0.01727661 0.04563086 0.0145645 -0.01737106 0.04563589 0.0145645 -0.01737106 0.04563589 0.01276151 -0.01803429 0.04554868 0.01276151 -0.01803429 0.04554868 0.0115486 -0.01840498 0.04536889 0.0115486 -0.01840498 0.04536889 0.009226198 -0.01894903 0.04475866 0.009226198 -0.01894903 0.04475866 0.004881141 -0.01932253 0.0425841 0.004881141 -0.01932253 0.0425841 0.002950999 -0.01914413 0.04106602 0.002950999 -0.01914413 0.04106602 0.001267536 -0.01872466 0.03931903 0.001267536 -0.01872466 0.03931903 -0.001862166 -0.01618609 0.03325171 -0.001862166 -0.01618609 0.03325171 0.009182734 0.03153985 0.07452678 0.009182734 0.03153985 0.07452678 0.009182734 0.03153985 0.07452678 0.0003123703 -0.009432549 0.02381285 0.0003123703 -0.009432549 0.02381285 0.01180201 -0.003143628 0.02106447 0.01180201 -0.003143628 0.02106447 0.01180201 -0.003143628 0.02106447 0.0104914 -0.0035485 0.02087703 0.007324834 -0.004835245 0.02091861 0.003886814 -0.006817897 0.0219027 0.000956147 -0.009278651 0.02397703 0.000956147 -0.009278651 0.02397703 -0.001003607 -0.01198146 0.0270591 -0.001003607 -0.01198146 0.0270591 -0.001624227 -0.01407119 0.03001317 -0.001623578 -0.0147985 0.03117949 -0.0008726782 -0.01670442 0.03471425 0.0009544912 -0.01810394 0.03812414 0.0009544912 -0.01810394 0.03812414 0.001783349 -0.01843429 0.03918275 0.001783349 -0.01843429 0.03918275 0.001783349 -0.01843429 0.03918275 0.001783349 -0.01843429 0.03918275 0.002701205 -0.01868724 0.04017411 0.002701205 -0.01868724 0.04017411 0.004227431 -0.01892061 0.0415225 0.007719388 -0.01885666 0.04364886 0.00963133 -0.01855655 0.04438801 0.01293731 0.02992011 0.05832249 0.01286439 -0.01768867 0.04506032 0.01415418 -0.01721881 0.04513038 0.01603096 -0.01640192 0.04501875 0.01946898 -0.01441927 0.04403466 0.02239964 -0.01195852 0.04196032 0.02239964 -0.01195852 0.04196032 0.0243594 -0.009255705 0.03887825 0.02485204 -0.007931846 0.03707038 0.02498002 -0.007165974 0.03592419 0.02497937 -0.006438663 0.03475787 0.02497937 -0.006438663 0.03475787 0.02474227 -0.005429876 0.03298921 0.0224013 -0.003133227 0.02781322 0.02157244 -0.002802877 0.02675461 0.02157244 -0.002802877 0.02675461 0.02157244 -0.002802877 0.02675461 0.01912836 -0.002316563 0.02441487 0.01744666 -0.002259606 0.02325015 0.01071708 0.03207272 0.06653757 0.01071708 0.03207272 0.06653757 0.01372446 -0.00268062 0.02154935 0.001704521 -0.008090513 0.02254991 0.001704521 -0.008090513 0.02254991 -0.000803225 -0.001791782 0.02647902 0.003590512 0.001176097 0.02452556 0.01016104 0.003694058 0.02468286 0.01650264 0.004360433 0.02766228 0.01830403 0.004130891 0.02918003 0.01986679 0.003680613 0.0308994 0.0211501 0.003021328 0.03277547 0.02275247 0.001149616 0.03679886 0.02302979 -1.384598e-05 0.03884108 0.02302979 -1.384598e-05 0.03884108 0.0246523 -0.004088996 0.0362991 0.0246523 -0.004088996 0.0362991 0.0246523 -0.004088996 0.0362991 0.02791993 -0.009907262 0.05055588 0.02894228 -0.008343273 0.05147148 0.02929731 -0.007029444 0.05229009 0.0230728 -0.01310027 0.04855103 0.02508619 -0.01211014 0.04919978 0.02626374 -0.01134776 0.04969807 0.02719103 -0.01057681 0.05019859 0.02137505 -0.01292148 0.04284626 0.02273977 -0.01156948 0.04154981 0.02273977 -0.01156948 0.04154981 0.02453496 -0.008825357 0.03829647 0.02453496 -0.008825357 0.03829647 0.02453496 -0.008825357 0.03829647 0.02821273 -0.009373446 0.05096815 0.02491651 -0.007508046 0.03642823 0.02491651 -0.007508046 0.03642823 0.02856226 -0.008771334 0.05134677 0.02882287 -0.008168406 0.05172177 0.02459578 -0.005161783 0.0324621 0.02459578 -0.005161783 0.0324621 0.02910078 -0.007109561 0.0523777 0.01611217 -0.002347936 0.02253611 0.01611217 -0.002347936 0.02253611 0.01611217 -0.002347936 0.02253611 0.01374269 -0.01735746 0.04507454 0.01374269 -0.01735746 0.04507454 0.01587243 -0.0164575 0.04499118 0.01587243 -0.0164575 0.04499118 0.01788776 -0.01539851 0.04457978 0.01788776 -0.01539851 0.04457978 0.01788776 -0.01539851 0.04457978 0.01973382 -0.01420921 0.04385154 0.01973382 -0.01420921 0.04385154 0.02378372 -0.01019693 0.04000424 0.02378372 -0.01019693 0.04000424 0.02491603 -0.006287825 0.0344601 0.02491603 -0.006287825 0.0344601 0.02491603 -0.006287825 0.0344601 0.02491603 -0.006287825 0.0344601 0.02267871 -0.01302787 0.04876187 0.02388307 -0.004212536 0.03047386 0.02388307 -0.004212536 0.03047386 0.02388307 -0.004212536 0.03047386 0.02388307 -0.004212536 0.03047386 0.02454373 -0.01214568 0.04933901 0.02285786 -0.003424122 0.02855553 0.02285786 -0.003424122 0.02855553 0.02568087 -0.01144562 0.04979507 0.02661376 -0.01071843 0.05026572 0.02152777 -0.002832141 0.02675747 0.02152777 -0.002832141 0.02675747 0.01992902 -0.002452666 0.02512874 0.01992902 -0.002452666 0.02512874 0.01992902 -0.002452666 0.02512874 0.02760033 -0.009803367 0.05082097 0.0181053 -0.002296155 0.02371376 0.0181053 -0.002296155 0.02371376 0.0181053 -0.002296155 0.02371376 0.02837414 -0.008591778 0.05158415 0.02875496 -0.007202723 0.05248224 0.01398668 -0.002662745 0.02167258 0.01398668 -0.002662745 0.02167258 0.01398668 -0.002662745 0.02167258 0.02738774 -0.009611301 0.05102381 0.02134742 -0.01292609 0.04280542 0.02134742 -0.01292609 0.04280542 0.02270751 -0.01157855 0.04151334 0.02270751 -0.01157855 0.04151334 0.02808429 -0.008537144 0.05170339 0.02319589 -0.01252907 0.04916475 0.02455732 -0.005192413 0.03245612 0.02455732 -0.005192413 0.03245612 0.02462851 -0.01160884 0.04977275 0.0256095 -0.01094112 0.05020224 0.02628846 -0.01036955 0.05056821 0.03058924 0.002110235 0.0431214 0.01609884 -0.002435022 0.02257864 0.01609884 -0.002435022 0.02257864 0.01609884 -0.002435022 0.02257864 0.01609884 -0.002435022 0.02257864 0.02808067 -0.007745439 0.05223465 0.01374338 -0.01735431 0.04502511 0.01374338 -0.01735431 0.04502511 0.02853723 -0.006856245 0.05278395 0.02857888 -0.005886621 0.05340005 0.01586643 -0.01645721 0.04494201 0.01586643 -0.01645721 0.04494201 0.02506087 -0.005115171 0.03565901 0.02506087 -0.005115171 0.03565901 0.02940939 -0.005914853 0.05298891 0.02955616 -0.005880184 0.05285358 0.01971565 -0.01421601 0.04380597 0.01971565 -0.01421601 0.04380597 0.01971565 -0.01421601 0.04380597 0.02946221 -0.006916381 0.05220486 0.02933789 -0.007569305 0.05179227 0.02375279 -0.01021636 0.03997079 0.02375279 -0.01021636 0.03997079 0.02448144 -0.008856796 0.03825636 0.02448144 -0.008856796 0.03825636 0.02448144 -0.008856796 0.03825636 0.02486114 -0.007545916 0.0363972 0.02486114 -0.007545916 0.0363972 0.02488153 -0.006319569 0.03444412 0.02488153 -0.006319569 0.03444412 0.02488153 -0.006319569 0.03444412 0.02488153 -0.006319569 0.03444412 0.02454197 -0.005211061 0.03245038 0.02454197 -0.005211061 0.03245038 0.02547803 -0.006162893 0.03500535 0.02547803 -0.006162893 0.03500535 0.02282984 -0.00346486 0.02855815 0.02282984 -0.00346486 0.02855815 0.02282984 -0.00346486 0.02855815 0.02893424 -0.008716693 0.05106599 0.02856086 -0.009373598 0.05064946 0.02373143 -0.003327373 0.02897349 0.02373143 -0.003327373 0.02897349 0.01902882 -0.001939351 0.02374668 0.01902882 -0.001939351 0.02374668 0.01011951 -0.003364635 0.02034483 0.01011951 -0.003364635 0.02034483 0.0139866 -0.002705893 0.02169688 0.0139866 -0.002705893 0.02169688 0.007847406 -0.004268051 0.02034294 0.007847406 -0.004268051 0.02034294 0.003552197 -0.006666445 0.02144633 0.003552197 -0.006666445 0.02144633 0.002592341 -0.007366365 0.02195569 0.002592341 -0.007366365 0.02195569 0.01787218 -0.01540806 0.04450817 0.01787218 -0.01540806 0.04450817 0.009704696 0.03305755 0.06318351 0.009704696 0.03305755 0.06318351 -0.0008036197 -0.01081369 0.02531466 -0.0008036197 -0.01081369 0.02531466 0.02132903 -0.01294289 0.04276261 0.02132903 -0.01294289 0.04276261 0.02268526 -0.01159928 0.04147423 0.02268526 -0.01159928 0.04147423 -0.001641664 -0.01226997 0.02711435 -0.001641664 -0.01226997 0.02711435 0.02182012 -0.006843756 0.05088583 -0.00210124 -0.01367004 0.02906554 -0.00210124 -0.01367004 0.02906554 0.01763237 0.0335085 0.06133577 -0.002176644 -0.01498503 0.03112556 -0.002176644 -0.01498503 0.03112556 0.02031318 -0.01369882 0.04837951 -0.00116493 -0.01722974 0.03536987 -0.00116493 -0.01722974 0.03536987 -0.0001130858 -0.0180812 0.03740632 -0.0001130858 -0.0180812 0.03740632 0.00698829 -0.01925618 0.0438227 0.00698829 -0.01925618 0.0438227 0.02384054 -0.004272443 0.0304657 0.02384054 -0.004272443 0.0304657 0.01142288 -0.01808956 0.04556568 0.02149581 -0.002898202 0.02676603 0.02149581 -0.002898202 0.02676603 0.02149581 -0.002898202 0.02676603 0.02149581 -0.002898202 0.02676603 0.02149581 -0.002898202 0.02676603 0.01726107 0.03450755 0.06156395 0.01689819 0.03554513 0.06170048 0.01653226 0.03666803 0.06172574 0.01614007 0.0379753 0.06159308 0.01990429 -0.002520501 0.02514463 0.01990429 -0.002520501 0.02514463 0.01808875 -0.002364664 0.02373601 0.01808875 -0.002364664 0.02373601 0.01595706 0.03862926 0.06146377 0.01139153 -0.01801083 0.04561477 0.01374944 -0.01736565 0.04497728 0.01374944 -0.01736565 0.04497728 0.01136025 -0.01793219 0.0456638 0.01129784 -0.01777514 0.04576177 0.02748029 -0.008959326 0.05146617 0.02778983 -0.008418709 0.05180885 0.01079626 -0.01651537 0.04654759 0.02373373 -0.01024557 0.03993564 0.02373373 -0.01024557 0.03993564 0.02373373 -0.01024557 0.03993564 0.01064579 -0.01613745 0.04678333 0.007251213 -0.01254493 0.04885895 0.02483932 -0.00758184 0.03637101 0.02483932 -0.00758184 0.03637101 0.02483932 -0.00758184 0.03637101 0.02483932 -0.00758184 0.03637101 0.03048933 -0.003908365 0.0527063 0.02485964 -0.006358547 0.03442282 0.02485964 -0.006358547 0.03442282 0.02485964 -0.006358547 0.03442282 0.02485964 -0.006358547 0.03442282 0.03018873 -0.002097342 0.05384038 0.03084855 -0.003577867 0.05222896 0.0305415 -0.001727837 0.05338745 0.03080875 -0.005309019 0.05126178 0.005062893 -0.01289923 0.04803013 0.002981871 -0.01302939 0.04691048 0.01990084 -0.002545112 0.02514418 0.01990084 -0.002545112 0.02514418 0.02939102 -0.003583461 0.05429396 0.001062513 -0.01293203 0.04552926 -0.0006450473 -0.01260967 0.04392256 0.01399206 -0.002753977 0.02170755 0.01399206 -0.002753977 0.02170755 -0.002096212 -0.01207071 0.04213233 0.0300204 -5.166295e-05 0.05441349 0.01587005 -0.01648241 0.04487263 0.01587005 -0.01648241 0.04487263 0.03024908 0.000281039 0.05402606 0.03024908 0.000281039 0.05402606 0.0178721 -0.01543034 0.04446394 0.0178721 -0.01543034 0.04446394 0.01970604 -0.01424891 0.0437405 0.01970604 -0.01424891 0.0437405 0.02132173 -0.01297031 0.04272203 0.02132173 -0.01297031 0.04272203 0.02267512 -0.01162948 0.04143634 0.02267512 -0.01162948 0.04143634 0.03066015 -0.0009274917 0.05327144 0.03066015 -0.0009274917 0.05327144 0.02445546 -0.008908139 0.03820994 0.02445546 -0.008908139 0.03820994 0.03095595 -0.002206904 0.05247112 0.03095595 -0.002206904 0.05247112 0.03111794 -0.003534386 0.05163926 0.03111794 -0.003534386 0.05163926 0.03111218 -0.005051107 0.05068686 0.03111218 -0.005051107 0.05068686 0.02451577 -0.005274917 0.03242393 0.02451577 -0.005274917 0.03242393 -0.003253028 -0.01132931 0.04020534 0.02382799 -0.004317947 0.03045079 0.02382799 -0.004317947 0.03045079 0.02280955 -0.003534756 0.02854507 0.02280955 -0.003534756 0.02854507 0.0283133 -0.006903299 0.05276588 0.02820761 -0.00734796 0.05248557 -0.004085311 -0.01040478 0.03819195 0.01809629 -0.002461163 0.02372163 0.01809629 -0.002461163 0.02372163 0.01809629 -0.002461163 0.02372163 0.01611272 -0.002531297 0.02256795 0.01611272 -0.002531297 0.02256795 -0.004571309 -0.009321262 0.03614474 -0.004698315 -0.008107115 0.03411721 0.02687537 -0.009764405 0.05095434 0.009281709 0.03123369 0.07457497 0.009281709 0.03123369 0.07457497 0.02300903 -0.01245047 0.04922737 0.01860119 -0.009415784 0.05108698 0.02096913 -0.008490531 0.05169267 0.0233574 -0.006167871 0.05317602 0.02349101 -0.005736593 0.05344821 0.02355616 -0.005223477 0.05377108 0.02485253 -0.006400993 0.0343983 0.02485253 -0.006400993 0.0343983 0.02485253 -0.006400993 0.0343983 0.02355101 -0.004930113 0.05395527 0.02351197 -0.004608404 0.05415686 0.02214348 -0.003027862 0.054157 0.02234792 -0.003188284 0.05454467 0.02257808 -0.003256542 0.05480105 0.02278735 -0.003261299 0.05494223 0.01400924 -0.002824914 0.02169611 0.01400924 -0.002824914 0.02169611 0.01376714 -0.01740695 0.04491859 0.01376714 -0.01740695 0.04491859 0.01588053 -0.01651387 0.04483587 0.01588053 -0.01651387 0.04483587 0.01788042 -0.01546302 0.04442762 0.01788042 -0.01546302 0.04442762 0.0232242 -0.004523065 0.05417967 0.01971232 -0.01428285 0.04370497 0.01971232 -0.01428285 0.04370497 0.01971232 -0.01428285 0.04370497 0.02132624 -0.01300568 0.04268764 0.02308654 -0.004464993 0.05416323 0.008503468 0.03416677 0.0717043 0.02267815 -0.01166634 0.04140336 0.02267815 -0.01166634 0.04140336 0.02259046 -0.004110307 0.053874 0.02373114 -0.01030131 0.03988717 0.02248199 -0.003984691 0.05373489 0.02239666 -0.003858337 0.05358144 0.02445651 -0.008947946 0.03818051 0.02232249 -0.003707736 0.0533835 0.0248345 -0.00764302 0.0363298 0.01033267 0.0274736 0.07279266 0.02451676 -0.00531874 0.03240086 0.02382976 -0.004362862 0.03042989 0.0228124 -0.003580455 0.02852627 0.0228124 -0.003580455 0.02852627 0.02149251 -0.002993026 0.026742 0.01990604 -0.002616499 0.02512576 0.01990604 -0.002616499 0.02512576 0.01990604 -0.002616499 0.02512576 0.01266988 0.02069973 0.06863522 0.0178123 -0.01546381 0.04465174 0.02097181 -0.01328328 0.04317276 0.0235354 -0.01060698 0.04051854 0.02422847 -0.004532748 0.0312231 0.02344561 -0.003762244 0.0294882 0.02065459 -0.002549933 0.02576325 0.0156364 -0.00238051 0.0222885 0.01283572 0.02048747 0.06908127 0.01180879 -0.003206627 0.02112298 0.01180879 -0.003206627 0.02112298 0.0129498 0.02041607 0.06926856 0.0129498 0.02041607 0.06926856 0.0129498 0.02041607 0.06926856 0.01300383 0.0203924 0.06934104 0.00988145 0.03236312 0.07361056 0.0211259 -0.002899598 0.02630889 0.02185174 -7.216626e-05 0.04088411 0.02185174 -7.216626e-05 0.04088411 0.02428916 -0.00493783 0.03159557 0.02475277 -0.005929802 0.03348175 0.0248957 -0.00704038 0.03535333 0.0248957 -0.00704038 0.03535333 0.02095237 -0.01335177 0.04295439 0.01305985 0.02037323 0.06940749 0.01156637 -0.01806914 0.0447689 0.01156637 -0.01806914 0.0447689 0.01317981 0.02034765 0.06952512 0.01355431 0.02036924 0.06972957 0.02311374 -0.00319317 0.05504136 0.02295171 -0.003234621 0.05500431 0.005460437 -0.005838238 0.02133269 0.005460437 -0.005838238 0.02133269 0.02286986 -0.003250664 0.05497782 0.001981992 -0.00831883 0.02308914 0.001981992 -0.00831883 0.02308914 0.001981992 -0.00831883 0.02308914 0.0006172752 -0.009670831 0.02438558 0.0006172752 -0.009670831 0.02438558 0.0006172752 -0.009670831 0.02438558 -0.0004456955 -0.01104877 0.02591612 -0.0004456955 -0.01104877 0.02591612 -0.0004456955 -0.01104877 0.02591612 -0.001177923 -0.01241495 0.02763894 -0.001177923 -0.01241495 0.02763894 -0.001177923 -0.01241495 0.02763894 -0.001559473 -0.01373226 0.02950718 -0.001559473 -0.01373226 0.02950718 -0.001238742 -0.01607853 0.0334733 -0.001238742 -0.01607853 0.0334733 -0.001238742 -0.01607853 0.0334733 0.02268214 -0.003264792 0.05488068 0.0004817608 -0.01783327 0.03738457 0.0004817608 -0.01783327 0.03738457 0.0004817608 -0.01783327 0.03738457 0.02262981 -0.003262143 0.05484302 0.003415649 -0.01880639 0.04081726 0.003415649 -0.01880639 0.04081726 0.003415649 -0.01880639 0.04081726 0.02245806 -0.003230993 0.05468341 0.02223392 -0.003116841 0.05435734 0.02206891 -0.002904909 0.05391227 0.02201824 -0.002772774 0.0536681 0.009380892 -0.01858148 0.04423375 0.009380892 -0.01858148 0.04423375 0.009618059 -0.003892164 0.02085505 0.009618059 -0.003892164 0.02085505 0.009618059 -0.003892164 0.02085505 0.007488323 -0.00479213 0.02093841 0.007488323 -0.00479213 0.02093841 0.007488323 -0.00479213 0.02093841 0.003626931 -0.00704041 0.02207804 0.003626931 -0.00704041 0.02207804 0.003626931 -0.00704041 0.02207804 0.007347284 0.05905229 0.07667167 0.007286198 0.05463808 0.08091855 0.00722599 0.04913921 0.08258043 0.007157428 0.04095613 0.08025148 -0.001555277 -0.0149618 0.03146948 -0.001555277 -0.0149618 0.03146948 0.007143033 0.03829893 0.07769896 -0.0005223219 -0.01703709 0.03545572 -0.0005223219 -0.01703709 0.03545572 0.01240644 0.03131397 0.05896655 0.007143847 0.03582086 0.07206926 0.007150194 0.03564248 0.07022914 0.005255455 -0.01895347 0.04221583 0.005255455 -0.01895347 0.04221583 0.005255455 -0.01895347 0.04221583 0.007170549 0.03609222 0.06656898 0.007170549 0.03609222 0.06656898 0.007254365 -0.01888282 0.04337842 0.007254365 -0.01888282 0.04337842 0.007199711 0.03758005 0.06318717 0.02944151 0.002686642 0.04186597 0.00205643 -0.008368805 0.02312824 0.00205643 -0.008368805 0.02312824 0.00205643 -0.008368805 0.02312824 0.00205643 -0.008368805 0.02312824 0.0006801566 -0.009698196 0.02441316 0.0006801566 -0.009698196 0.02441316 -0.0003776456 -0.01106941 0.02593625 -0.0003776456 -0.01106941 0.02593625 -0.0011063 -0.01242898 0.02765068 -0.0011063 -0.01242898 0.02765068 -0.001166825 -0.01607471 0.03345665 -0.001166825 -0.01607471 0.03345665 -0.001166825 -0.01607471 0.03345665 0.000584453 -0.01783106 0.03732031 0.000584453 -0.01783106 0.03732031 0.000584453 -0.01783106 0.03732031 0.000584453 -0.01783106 0.03732031 0.007260798 0.04199425 0.0589403 0.007280375 0.04366255 0.05813654 0.003481173 -0.0187912 0.04074624 0.003481173 -0.0187912 0.04074624 0.003481173 -0.0187912 0.04074624 0.003481173 -0.0187912 0.04074624 0.007299977 0.04544628 0.05758074 0.007321007 0.04749313 0.05727842 0.007374252 0.05352105 0.05836975 0.007389568 0.0556762 0.05960736 0.02894884 0.001806627 0.04101533 0.009631758 -0.003931459 0.02088193 0.009631758 -0.003931459 0.02088193 0.007508716 -0.004828561 0.02096503 0.007508716 -0.004828561 0.02096503 0.005499737 -0.005884222 0.02137513 0.005499737 -0.005884222 0.02137513 0.005499737 -0.005884222 0.02137513 0.007398084 0.05709914 0.06078768 0.007407324 0.06015379 0.06539292 0.007387846 0.06089917 0.07147311 0.00737642 0.06054016 0.07328987 0.0073627 0.05991352 0.07505001 0.0073627 0.05991352 0.07505001 -0.001486001 -0.01373986 0.02950983 -0.001486001 -0.01373986 0.02950983 -0.001486001 -0.01373986 0.02950983 -0.00150639 -0.0149662 0.03146292 -0.00150639 -0.0149662 0.03146292 -0.0004766816 -0.01703497 0.03543661 -0.0004766816 -0.01703497 0.03543661 0.001871195 -0.018411 0.03914129 0.001871195 -0.018411 0.03914129 0.007275488 -0.01887485 0.04333435 0.007275488 -0.01887485 0.04333435 0.007275488 -0.01887485 0.04333435 0.003675523 -0.007087584 0.02210765 0.003675523 -0.007087584 0.02210765 0.003675523 -0.007087584 0.02210765 0.007213638 0.0369808 0.0764125 0.007213638 0.0369808 0.0764125 0.007218602 0.03535866 0.07154779 0.007218602 0.03535866 0.07154779 0.007230714 0.03532157 0.06864248 0.007248763 0.03592347 0.06581406 0.007248763 0.03592347 0.06581406 0.007188184 0.03676182 0.0640184 0.007188184 0.03676182 0.0640184 0.007175171 0.03610233 0.06554048 0.007175171 0.03610233 0.06554048 0.007163768 0.03564324 0.06713028 0.007163768 0.03564324 0.06713028 0.007163768 0.03564324 0.06713028 0.007163768 0.03564324 0.06713028 0.007136286 0.03635843 0.07497437 0.007136286 0.03635843 0.07497437 0.0109073 0.03242017 0.06499864 0.005296711 -0.01894704 0.04215485 0.005296711 -0.01894704 0.04215485 0.007136824 0.03705014 0.07637276 0.007136824 0.03705014 0.07637276 0.009396791 -0.01858207 0.04418686 0.009396791 -0.01858207 0.04418686 0.007530409 -0.004871303 0.02097753 0.007530409 -0.004871303 0.02097753 0.00728999 0.03818535 0.06168979 0.00728999 0.03818535 0.06168979 0.007199935 0.03744526 0.06283917 0.007199935 0.03744526 0.06283917 0.0007189782 -0.009728726 0.02441702 0.0007189782 -0.009728726 0.02441702 -0.001063013 -0.01245263 0.02764642 -0.001063013 -0.01245263 0.02764642 -0.001462073 -0.01498355 0.0314491 -0.001462073 -0.01498355 0.0314491 -0.001123385 -0.01608923 0.03343784 -0.001123385 -0.01608923 0.03343784 -0.0004349792 -0.01704707 0.03541282 -0.0004349792 -0.01704707 0.03541282 -0.0004349792 -0.01704707 0.03541282 0.009878181 0.03238528 0.07342248 0.007622274 0.03688593 0.07645082 0.009656791 -0.003999667 0.02089524 0.009656791 -0.003999667 0.02089524 0.009656791 -0.003999667 0.02089524 0.009656791 -0.003999667 0.02089524 0.005539005 -0.005945776 0.02138674 0.005539005 -0.005945776 0.02138674 0.002115011 -0.00844614 0.0231158 -0.0003181686 -0.01111315 0.02593219 -0.0003181686 -0.01111315 0.02593219 0.001922925 -0.01842948 0.03909184 0.001922925 -0.01842948 0.03909184 0.001922925 -0.01842948 0.03909184 0.005322894 -0.01896195 0.04211553 0.005322894 -0.01896195 0.04211553 0.007308635 -0.01889171 0.04327049 0.007308635 -0.01889171 0.04327049 0.009414416 -0.01859775 0.0441433 0.009414416 -0.01859775 0.0441433 -0.001406437 -0.0137907 0.02948433 -0.001406437 -0.0137907 0.02948433 0.007560717 -0.004937949 0.02096758 0.007560717 -0.004937949 0.02096758 0.005560857 -0.005988848 0.02137582 0.005560857 -0.005988848 0.02137582 0.003728955 -0.007169017 0.02209846 0.003728955 -0.007169017 0.02209846 0.003728955 -0.007169017 0.02209846 0.0007631265 -0.009785531 0.02440008 -0.0002898664 -0.01115056 0.02591626 -0.001015236 -0.01250392 0.02762293 -0.001413499 -0.01502967 0.03141787 -0.001075487 -0.01613313 0.03340258 -0.000388486 -0.01708901 0.03537355 0.0006288783 -0.01787141 0.03727717 0.001948769 -0.01845884 0.03906144 0.003535231 -0.01883537 0.04067768 0.003535231 -0.01883537 0.04067768 0.003535231 -0.01883537 0.04067768 0.005344984 -0.01899071 0.04208181 0.005344984 -0.01899071 0.04208181 0.007328556 -0.01892057 0.04323548 0.007328556 -0.01892057 0.04323548 0.009432005 -0.0186269 0.04410734 0.009432005 -0.0186269 0.04410734 0.009201609 -0.004018361 0.02080698 0.005543485 -0.00577336 0.02128561 0.002383985 -0.00795389 0.02276461 -0.0001796071 -0.01063019 0.02541883 -0.0001796071 -0.01063019 0.02541883 -0.001496244 -0.01330532 0.02886697 -0.001386477 -0.01580729 0.03294814 -8.982353e-05 -0.01747492 0.03644915 0.005909134 -0.01897756 0.04268722 0.01155608 -0.01807545 0.0448334 0.01155608 -0.01807545 0.0448334 0.01155608 -0.01807545 0.0448334 0.01155608 -0.01807545 0.0448334 0.01157909 -0.01808242 0.04472097 0.01157909 -0.01808242 0.04472097 0.01159445 -0.01811023 0.04468067 0.01159445 -0.01811023 0.04468067 0.02301489 -0.0001904956 0.04151495 0.002331232 -0.01859209 0.03946972 -5.915288e-05 -0.01740277 0.03603737 -0.0008320537 -0.01655381 0.03418305 0.009864367 0.03628314 0.06024985 0.01271625 0.02712437 0.05836517 0.01271625 0.02712437 0.05836517 0.007354192 0.04340614 0.05783087 0.007354192 0.04340614 0.05783087 0.007299562 0.04527648 0.05730743 0.007299562 0.04527648 0.05730743 0.02808059 -0.003151937 0.05511904 0.007406994 0.05854161 0.06193085 0.007406994 0.05854161 0.06193085 0.01803548 0.02656893 0.07173041 0.007506185 0.03729056 0.06288489 0.007789904 0.03722004 0.06284549 0.008021225 0.03711571 0.06278318 0.008260769 0.03694846 0.06268035 0.008485654 0.03670921 0.06252955 0.007276374 0.03737824 0.06279634 0.007276374 0.03737824 0.06279634 -0.00129567 -0.01556184 0.03229687 0.02898987 -0.005933142 0.05324821 0.007941868 0.03654257 0.0639153 0.008022991 0.03650176 0.06389542 0.01182584 -0.003279116 0.02114089 0.01182584 -0.003279116 0.02114089 0.008193735 0.03638941 0.0638401 0.0118135 -0.00322995 0.02113292 0.0118135 -0.00322995 0.02113292 0.01187913 0.02375323 0.07171457 0.008178279 0.0377956 0.06157646 0.007981259 0.03793035 0.06163922 0.007475917 0.03815003 0.06170215 0.0136394 0.02813315 0.05733719 0.01342771 0.02803511 0.05735918 0.01317976 0.02786115 0.05747985 0.02217772 0.003710643 0.04337605 0.02225815 0.003877686 0.04315963 0.02246977 0.00415521 0.04284976 0.02258243 0.004260711 0.04275263 0.02308154 0.004544417 0.04261633 0.02299921 0.004513931 0.04261263 0.02291583 0.004477458 0.04261794 0.0228095 0.004421442 0.04263985 0.02270419 0.004354441 0.04268007 0.02235212 0.004018636 0.04299363 0.01151703 0.02540998 0.07296258 0.02247029 0.00294523 0.04276782 0.02260537 0.003083077 0.04247558 0.007396661 0.05653588 0.05988074 0.007396661 0.05653588 0.05988074 0.02316196 0.00325073 0.04190457 0.02350515 0.003210978 0.04177931 0.02615994 -0.003715888 0.03745404 0.02644106 -0.003451167 0.03762319 0.02672998 -0.003134254 0.03782521 0.02729813 -0.002348725 0.03832439 0.0277968 -0.00140106 0.03892465 0.02817585 -0.0003833055 0.03956767 0.02572855 -0.004269512 0.03711579 0.02651603 -0.003833699 0.03743563 0.02735358 -0.002885037 0.03804006 0.02833844 -0.0009966176 0.0392361 0.02869567 0.0002519989 0.04002385 0.02581345 -0.004450852 0.0370571 0.02807513 -0.002143414 0.03860154 0.02912425 0.0008203058 0.04051594 0.02592689 -0.004703602 0.03701781 0.02668592 -0.004165512 0.03737869 0.02758966 -0.003177668 0.03800842 0.0286359 -0.001228626 0.03924318 0.02896595 -0.0001934824 0.0398966 0.007305431 0.05616658 0.07988421 0.0260298 -0.004956946 0.03701635 0.02669812 -0.004846375 0.03731749 0.007382453 0.05463295 0.05893786 0.02704279 -0.004303756 0.03750449 0.02779159 -0.003463583 0.03803987 0.02840849 -0.002501735 0.03865026 0.02888981 -0.001462773 0.03930767 0.02923509 -0.0004051496 0.03997538 0.02949638 0.0005684172 0.04063766 0.02607904 -0.005100043 0.03703454 0.01806608 0.02643487 0.07154995 0.01806608 0.02643487 0.07154995 0.02943723 0.001563746 0.04113189 0.02841498 0.0005787682 0.04017427 0.01242559 0.03175427 0.0591238 0.01991985 0.02639749 0.07025613 0.01991985 0.02639749 0.07025613 0.01991985 0.02639749 0.07025613 0.01991985 0.02639749 0.07025613 0.02611711 -0.005237232 0.03706601 0.02735322 -0.005042971 0.03775681 0.02938069 -0.002050151 0.03965723 0.02975104 0.0003363888 0.04081684 0.02626338 -0.005875094 0.03725755 0.02698614 -0.005774527 0.03763643 0.02835441 -0.004462511 0.03847456 0.02905405 -0.003426075 0.03913266 0.009979856 0.0342341 0.06115686 0.0299742 -0.001200646 0.04053966 0.03021186 -0.0001303614 0.04121419 0.02639261 -0.00649797 0.03749987 0.02722806 -0.006661478 0.03807721 0.0277788 -0.006240686 0.03834716 0.02872835 -0.00527436 0.03896386 0.02948603 -0.004186833 0.03965463 0.03006467 -0.003033512 0.04038489 0.03047749 -0.001872044 0.04111851 0.03073824 -0.0007612033 0.04181872 0.02651012 -0.007138522 0.03781364 0.008693116 0.03435424 0.06703085 0.008693116 0.03435424 0.06703085 0.03051252 0.000630784 0.04201919 0.02967696 0.001394934 0.04126764 0.02945871 -0.0001880638 0.04027135 0.02918352 -0.001158295 0.03965923 0.02879218 -0.002135432 0.03904159 0.02828331 -0.003072427 0.03844792 0.02765705 -0.003928826 0.03790363 0.02694346 -0.00464762 0.03744486 0.02647406 -0.005009606 0.03721266 0.03119257 -0.0002109342 0.04297861 0.03119257 -0.0002109342 0.04297861 0.03144201 -0.0008470864 0.04795601 0.03112503 0.001063283 0.04915237 0.03032944 0.005121264 0.04631783 0.03032944 0.005121264 0.04631783 0.0307405 0.003912723 0.04556323 0.0307405 0.003912723 0.04556323 0.03103629 0.002633309 0.04476293 0.03103629 0.002633309 0.04476293 0.03119828 0.001305828 0.04393107 0.03119828 0.001305828 0.04393107 0.02182819 -0.0005505581 0.03962351 0.01059836 0.03610843 0.05981122 0.02834875 -0.001626356 0.05587098 0.007335342 0.04883619 0.05695712 0.007335342 0.04883619 0.05695712 0.00842994 0.03446731 0.07016738 0.0223755 0.002762889 0.04310862 0.007322948 0.05759038 0.0790147 0.007322948 0.05759038 0.0790147 0.02820738 -0.001700891 0.05590019 0.007558505 0.03853037 0.0612234 0.0177989 0.03258579 0.06127536 0.00977353 0.03929903 0.05922561 0.02189939 -0.0007037723 0.03998491 0.007714379 0.03603261 0.0747808 0.007172746 0.04311128 0.0814891 0.01242945 0.02370369 0.07190134 0.007266623 0.05296979 0.08172231 0.008841986 0.04235789 0.05821108 0.007225935 0.0352618 0.06961533 0.007225935 0.0352618 0.06961533 0.007225935 0.0352618 0.06961533 0.007508859 0.04143602 0.0588094 0.00933649 0.0382342 0.05986251 0.01132663 0.03460635 0.05976351 0.00723255 0.03966209 0.06026188 0.00723255 0.03966209 0.06026188 0.008366203 0.03562019 0.06509115 0.007212463 0.03824724 0.06173963 0.007212463 0.03824724 0.06173963 0.007531101 0.03566423 0.06654761 0.007531101 0.03566423 0.06654761 0.009349248 0.03770408 0.06012535 0.007854315 0.03657934 0.06393301 0.01772334 0.03308548 0.06126435 0.01818103 0.03335583 0.0609455 0.01818103 0.03335583 0.0609455 0.01760885 0.03488831 0.06128754 0.01760885 0.03488831 0.06128754 0.01594451 0.03867509 0.06145323 0.01767253 0.03340541 0.06130669 0.01770266 0.03331069 0.06128414 0.01947679 0.0295281 0.05882685 0.01858895 0.03176923 0.06004729 0.01742243 0.03484351 0.06102009 0.01673924 0.03686426 0.06112993 0.01645536 0.03781992 0.06103505 0.01581327 0.04065364 0.06035126 0.01676074 0.03746329 0.06133685 0.01676074 0.03746329 0.06133685 0.01715845 0.03619909 0.06139939 0.01715845 0.03619909 0.06139939 0.01824269 0.03321204 0.06091101 0.01824269 0.03321204 0.06091101 0.01842789 0.03287588 0.06088394 0.01842789 0.03287588 0.06088394 0.01868486 0.03250975 0.06093633 0.01868486 0.03250975 0.06093633 0.01891239 0.03223411 0.06103923 0.01891239 0.03223411 0.06103923 0.01891239 0.03223411 0.06103923 0.01924672 0.03188714 0.06128619 0.01924672 0.03188714 0.06128619 0.01934747 0.03179716 0.06139 0.01934747 0.03179716 0.06139 0.01943634 0.03172524 0.06149791 0.01943634 0.03172524 0.06149791 0.01706114 0.03587646 0.06113076 0.01782451 0.03375238 0.06078047 0.01939168 0.02955059 0.05873645 0.01903189 0.02957574 0.05846645 0.01874938 0.02955401 0.05832104 0.01856165 0.02952131 0.05825355 0.01782743 0.03091271 0.05900441 0.01646641 0.03420912 0.06001887 0.01572056 0.03602531 0.06012872 0.01387532 0.04110494 0.05905762 0.01317158 0.0453065 0.05759525 0.01346703 0.04532054 0.05763762 0.01401412 0.04540124 0.05783327 0.01467518 0.04558689 0.0582584 0.01496854 0.04570116 0.05851514 0.01604739 0.03822307 0.06062573 0.01674761 0.03632809 0.0609394 0.01540909 0.04092986 0.05987942 0.01738921 0.03431581 0.06064199 0.01781289 0.03323029 0.06036867 0.018269 0.03208324 0.05995442 0.01875675 0.03086479 0.05938293 0.00995345 0.03295001 0.06237261 0.00995345 0.03295001 0.06237261 0.00995345 0.03295001 0.06237261 0.00995345 0.03295001 0.06237261 0.01550511 0.03831478 0.06015688 0.01642511 0.03635912 0.06059995 0.01709112 0.03430911 0.06034474 0.01412312 0.04369271 0.0583343 0.01475103 0.04105232 0.05937869 0.01664966 0.03427253 0.06006935 0.01741874 0.03319901 0.06002033 0.0178827 0.03204497 0.05963928 0.01836871 0.0308348 0.05909975 0.01359543 0.04373854 0.05813187 0.01513354 0.03837817 0.05993911 0.01580161 0.0364 0.06016788 0.01725876 0.03229737 0.05956331 0.01609458 0.03923611 0.06075084 0.01540667 0.03964278 0.06004326 0.00833735 0.0347476 0.07431287 0.01479697 0.03976277 0.05964432 0.0141971 0.04116808 0.05910321 0.01442011 0.03985487 0.05949276 0.02974532 0.005563615 0.04523583 0.01705883 0.03314044 0.05983075 0.0132839 0.02033958 0.06960445 0.01423595 0.04545289 0.05795318 0.0137568 0.04535484 0.05772311 0.01347327 0.04695443 0.05734646 0.01356076 0.04695905 0.05736546 0.01394669 0.04699748 0.05751192 0.01418515 0.04703394 0.05764802 0.01509785 0.04724319 0.05844832 0.01509785 0.04724319 0.05844832 0.01461323 0.04728424 0.05886359 0.01168975 0.03129322 0.05937578 0.0306311 0.0036706 0.04479021 0.02247456 0.0009198272 0.04215326 0.02247456 0.0009198272 0.04215326 0.007213005 0.03626915 0.07496831 0.007213005 0.03626915 0.07496831 0.009160028 0.03448005 0.06348826 0.007264155 0.03669069 0.06398271 0.007264155 0.03669069 0.06398271 0.01031693 0.03090085 0.07451981 0.01271824 0.02244237 0.07105445 0.009882379 0.03301154 0.06255334 0.009882379 0.03301154 0.06255334 0.009090409 0.03182355 0.07441178 0.009090409 0.03182355 0.07441178 0.02117822 0.02633728 0.06502773 0.009468736 0.03057481 0.07439583 0.009468736 0.03057481 0.07439583 0.009468736 0.03057481 0.07439583 0.01161527 0.02636521 0.07176116 0.0107373 -0.009911295 0.04921081 0.0107373 -0.009911295 0.04921081 0.01028624 0.03100699 0.07454301 0.01034681 0.03079434 0.07448586 0.02323329 -0.003965474 0.05271868 0.009371095 0.03093785 0.07454529 0.009371095 0.03093785 0.07454529 0.008248178 0.03531598 0.07578508 0.009043774 0.03329483 0.06693615 0.009043774 0.03329483 0.06693615 0.007141135 0.03608962 0.07327941 0.010953 0.03510601 0.05981252 0.007373758 0.03817248 0.06169772 0.009434616 0.03070891 0.07446768 0.009434616 0.03070891 0.07446768 0.02251293 0.002005321 0.04263474 0.01181819 0.0237668 0.07165191 0.01181819 0.0237668 0.07165191 0.01330126 0.02795539 0.05740628 0.02856362 0.005970842 0.04382869 0.009376445 0.04064913 0.05880336 0.01459583 0.04751943 0.05882556 0.01502843 0.04822952 0.05831538 0.01502843 0.04822952 0.05831538 0.01497752 0.04917569 0.05828732 0.01497752 0.04917569 0.05828732 0.01447521 0.05000494 0.05879788 0.01453961 0.04838592 0.05873779 0.01451389 0.05945115 0.06841775 0.01429915 0.06058603 0.07041825 0.01453416 0.06041125 0.07041285 0.01498025 0.05999807 0.0703996 0.01498025 0.05999807 0.0703996 0.01498477 0.05998997 0.06934566 0.01498477 0.05998997 0.06934566 0.01498839 0.05988754 0.06829665 0.01498839 0.05988754 0.06829665 0.01499334 0.05877211 0.0647179 0.01499334 0.05877211 0.0647179 0.01498961 0.05742283 0.06260735 0.01498961 0.05742283 0.06260735 0.01498569 0.05658749 0.0616717 0.01498569 0.05658749 0.0616717 0.01496754 0.05374134 0.0595635 0.01496754 0.05374134 0.0595635 0.0149604 0.05279645 0.05911639 0.0149604 0.05279645 0.05911639 0.01495253 0.0518156 0.05875492 0.01495253 0.0518156 0.05875492 0.01494402 0.05080652 0.05848196 0.01494402 0.05080652 0.05848196 0.01494957 0.05001774 0.05834708 0.01494957 0.05001774 0.05834708 0.01457853 0.04711125 0.05793845 0.01374822 0.0469742 0.05742427 0.01318859 0.04694836 0.05731524 0.01322886 0.05126633 0.05760854 0.01327696 0.05839552 0.06229141 0.01328006 0.05955257 0.06412954 0.01327448 0.06085282 0.06825771 0.01379091 0.06074966 0.06827328 0.01379645 0.05945955 0.06417727 0.01378652 0.05686968 0.06075178 0.01376229 0.05328047 0.05839414 0.0137266 0.0491082 0.05737787 0.01405415 0.06016886 0.06620539 0.01405193 0.05821795 0.06242345 0.01403477 0.055111 0.0595156 0.01400464 0.05120839 0.05781914 0.01418344 0.0605634 0.0682996 0.0141889 0.05929214 0.06426341 0.01417913 0.05674008 0.06088796 0.01415525 0.05320328 0.05856475 0.01412007 0.04909197 0.05756331 0.01470315 0.06017529 0.06835353 0.01470765 0.05972713 0.0663454 0.01470845 0.05894355 0.06444292 0.0147055 0.05784753 0.06270166 0.01469896 0.05647093 0.06117247 0.01468899 0.05485403 0.05990004 0.01467584 0.05304414 0.05892155 0.01465995 0.05109404 0.05826557 0.01464174 0.04906077 0.05795127 0.01357021 0.06034285 0.06614995 0.01356795 0.05836423 0.06231428 0.01355054 0.05521313 0.05936511 0.007555826 0.03566868 0.07340995 0.01352 0.05125506 0.05764455 0.02953701 -0.004726201 0.05357792 0.01001318 0.03867316 0.05939175 0.007480985 0.06136765 0.07041502 0.007480985 0.06136765 0.07041502 0.007456479 0.06060864 0.0743432 0.007456479 0.06060864 0.0743432 0.007456479 0.06060864 0.0743432 0.007456479 0.06060864 0.0743432 0.007361682 0.05408505 0.08164831 0.007361682 0.05408505 0.08164831 0.007340516 0.05222273 0.08239353 0.007340516 0.05222273 0.08239353 0.007299827 0.04826778 0.08299146 0.007299827 0.04826778 0.08299146 0.007264558 0.04431729 0.0823644 0.007264558 0.04431729 0.0823644 0.01305562 0.04439826 0.08206179 0.01311096 0.0503426 0.08249094 0.01313356 0.05244688 0.08195318 0.01317918 0.05623052 0.07985213 0.01320085 0.05779939 0.0783502 0.01322096 0.05908949 0.07660301 0.01323883 0.0600633 0.07466163 0.01323883 0.0600633 0.07466163 0.01342795 0.03741857 0.07949521 0.01462981 0.03146682 0.07661092 0.01866612 0.0218354 0.07064185 0.01880903 0.02190333 0.07062414 0.01908163 0.02205423 0.0705563 0.01592368 0.03573415 0.07777263 0.01448456 0.04456849 0.08149135 0.01406132 0.04448585 0.08176129 0.01381287 0.04444995 0.0818802 0.01347195 0.04441579 0.08199616 0.01333456 0.044407 0.08202723 0.01514768 0.03910006 0.07949768 0.0147005 0.03893491 0.07973295 0.01417559 0.03879345 0.07988963 0.0137106 0.03869639 0.07995757 0.0135032 0.03865703 0.07997951 0.01572683 0.03405092 0.07740697 0.01514937 0.03381436 0.07761838 0.01461651 0.03365586 0.07769453 0.01428824 0.03357624 0.07770577 0.0172463 0.02767205 0.07393752 0.01686731 0.02749339 0.07406835 0.02321401 -0.004545784 0.05234142 0.01640289 0.02734981 0.07409921 0.01621206 0.02722536 0.07401006 0.01621206 0.02722536 0.07401006 0.01540282 0.03922001 0.07930699 0.01475494 0.04174514 0.08054601 0.01427858 0.04161505 0.08079534 0.01384239 0.04152765 0.08093916 0.01352813 0.04146754 0.08096191 0.01352813 0.04146754 0.08096191 0.01601014 0.03420127 0.07723495 0.01741198 0.02777033 0.07383884 0.007143539 0.03884551 0.07878399 0.007143539 0.03884551 0.07878399 0.01155344 0.02611898 0.07161056 0.00740707 0.05935849 0.06370223 0.01685809 0.03246661 0.07573907 0.01685809 0.03246661 0.07573907 0.01685809 0.03246661 0.07573907 0.01807139 0.02670219 0.07192865 0.01807589 0.02675313 0.07198579 0.01807049 0.02682227 0.07205139 0.01806269 0.02686626 0.07208855 0.007389206 0.05537562 0.05903421 0.007389206 0.05537562 0.05903421 0.02969416 -0.000441357 0.05482993 0.01092464 0.0317565 0.06055806 0.01018368 0.03134562 0.07455122 0.01014523 0.03146902 0.07452991 0.01010761 0.03158913 0.07449577 0.01001155 0.0318986 0.0743353 0.009894006 0.0323097 0.07379719 0.00988263 0.03237941 0.07324973 0.01017124 0.03186257 0.06977044 0.01105605 0.03296647 0.06338224 0.01109594 0.03302209 0.06308544 0.01112249 0.03302829 0.0629342 0.0112182 0.03296726 0.06251454 0.01136631 0.03274711 0.06205415 0.01149212 0.0324892 0.06176972 0.01155017 0.03235271 0.06166477 0.01157297 0.03229624 0.06162784 0.02266323 0.004418641 0.04428734 0.0104719 0.03188391 0.06813169 0.007944778 0.03585723 0.0749297 0.01797762 0.02649173 0.07154957 0.007489267 0.05803563 0.06120558 0.007489267 0.05803563 0.06120558 0.009535337 0.0325004 0.06492684 0.009535337 0.0325004 0.06492684 0.007236058 0.03545154 0.0676898 0.007236058 0.03545154 0.0676898 0.007236058 0.03545154 0.0676898 0.007236058 0.03545154 0.0676898 0.007236058 0.03545154 0.0676898 0.01767647 0.0327779 0.06131085 0.017714 0.03297454 0.06127114 0.01772432 0.03315789 0.06126563 0.01771579 0.03324393 0.06127363 0.01089023 0.03416671 0.05990671 0.01274533 0.02057655 0.06888086 0.008683578 0.03425826 0.07666381 0.008477635 0.03798908 0.06097626 0.01280287 0.02737016 0.05802637 0.009242958 0.03738033 0.07966181 0.009042124 0.03197446 0.07431182 0.009042124 0.03197446 0.07431182 0.01286014 0.02748218 0.05788339 0.008927499 0.03235978 0.07379886 0.008927499 0.03235978 0.07379886 0.01913459 0.03199589 0.06118876 0.01913459 0.03199589 0.06118876 0.01913459 0.03199589 0.06118876 0.01855588 0.03268387 0.06090022 0.01855588 0.03268387 0.06090022 0.01830691 0.0330837 0.06089195 0.01830691 0.0330837 0.06089195 0.01830691 0.0330837 0.06089195 0.01769935 0.03287495 0.06128668 0.01764984 0.03269583 0.06133788 0.01766369 0.03270616 0.06132815 0.01770953 0.03269397 0.06130323 0.01770953 0.03269397 0.06130323 0.01792487 0.03237767 0.06127364 0.01806549 0.03217117 0.06129642 0.02093139 0.02872567 0.06104167 0.02093139 0.02872567 0.06104167 0.03009162 0.005341665 0.0458127 0.02034728 0.02916802 0.05995969 0.02069358 0.02894607 0.06053656 0.01843749 0.03175 0.06150578 0.01906037 0.03131605 0.06244702 0.01906037 0.03131605 0.06244702 0.01906037 0.03131605 0.06244702 0.01996414 0.03129161 0.06244355 0.01996414 0.03129161 0.06244355 0.01996414 0.03129161 0.06244355 0.01996414 0.03129161 0.06244355 0.01976494 0.03148619 0.06203117 0.01976494 0.03148619 0.06203117 0.019513 0.03167067 0.0616076 0.019513 0.03167067 0.0616076 0.019513 0.03167067 0.0616076 0.01852158 0.03169789 0.06161038 0.01941082 0.02890958 0.06643867 0.02024394 0.02887825 0.06644941 0.02024394 0.02887825 0.06644941 0.0191068 0.02653271 0.07009321 0.0284296 0.005971307 0.04374243 0.02828778 0.005964029 0.0436636 0.02796027 0.005916835 0.04353022 0.02780269 0.005876233 0.04349464 0.01888958 0.0295685 0.05838729 0.01928313 0.02956751 0.05863999 0.01384497 0.02819768 0.057365 0.01310105 0.03005983 0.05840621 0.02224943 0.000227872 0.04158217 0.02224943 0.000227872 0.04158217 0.01070956 0.03635391 0.0597788 0.00938761 0.04186873 0.05838553 0.01321207 0.04433604 0.05787355 0.01334828 0.04331273 0.05823366 0.01468776 0.03867759 0.05978375 0.01519826 0.0373666 0.05995427 0.0160866 0.0351291 0.06011238 0.01840462 0.02948085 0.05821827 0.01326598 0.06095803 0.07042721 0.01327922 0.06037972 0.06613784 0.01327006 0.05694233 0.06067715 0.01325952 0.05523549 0.05933395 0.01324565 0.05332491 0.05830102 0.01320967 0.04911988 0.05727676 0.009199901 0.04526671 0.05734673 0.007383635 0.04525203 0.05723223 0.007383635 0.04525203 0.05723223 0.007404107 0.04723232 0.05691299 0.007404107 0.04723232 0.05691299 0.007423469 0.04923816 0.05690072 0.007423469 0.04923816 0.05690072 0.007441251 0.05122228 0.05719577 0.007441251 0.05122228 0.05719577 0.007470563 0.05493957 0.0586728 0.007470563 0.05493957 0.0586728 0.007495606 0.06022008 0.06455656 0.007495606 0.06022008 0.06455656 0.007181126 0.04434761 0.08229054 0.007181126 0.04434761 0.08229054 0.0281474 0.005949513 0.04359729 0.007330929 0.04196915 0.05852338 0.007330929 0.04196915 0.05852338 0.007658552 0.03663905 0.06396115 0.007139051 0.03781591 0.07754382 0.007139051 0.03781591 0.07754382 0.007920871 0.03553353 0.06654049 0.007920871 0.03553353 0.06654049 0.007141145 0.03550228 0.07198894 0.007141145 0.03550228 0.07198894 0.007214293 0.03573994 0.07344474 0.007214293 0.03573994 0.07344474 0.03093815 0.001820572 0.04363172 0.008011193 0.03996236 0.05970564 0.01012087 0.0315193 0.07451743 0.008908812 0.03244447 0.07331439 0.008908812 0.03244447 0.07331439 0.008739891 0.03561592 0.06345142 0.01118287 0.03300056 0.06265323 0.01719887 -0.008755636 0.04977537 0.02173838 -5.474515e-05 0.0406527 0.02173838 -5.474515e-05 0.0406527 0.007324028 0.05753084 0.07863666 0.007308518 0.05653014 0.07998351 0.007308518 0.05653014 0.07998351 0.007278499 0.05412239 0.08154164 0.007278499 0.05412239 0.08154164 0.007263326 0.05280424 0.08211188 0.007263326 0.05280424 0.08211188 0.007248266 0.05143121 0.08253303 0.007248266 0.05143121 0.08253303 0.007219243 0.04858804 0.08290935 0.007219243 0.04858804 0.08290935 0.007281305 0.04626838 0.08283006 0.007281305 0.04626838 0.08283006 0.007319731 0.05026827 0.0828448 0.007319731 0.05026827 0.0828448 0.007382793 0.05581123 0.08062669 0.007382793 0.05581123 0.08062669 0.007403281 0.05736065 0.07935281 0.007403281 0.05736065 0.07935281 0.007422693 0.05869674 0.07785667 0.007422693 0.05869674 0.07785667 0.007440563 0.05978799 0.07617357 0.007440563 0.05978799 0.07617357 0.007470063 0.06113943 0.07240835 0.007470063 0.06113943 0.07240835 0.007723862 0.03682613 0.07648094 0.0078269 0.03673982 0.07652605 0.008017073 0.03646761 0.07667347 0.008098131 0.03628177 0.07677602 0.008427107 0.03666917 0.07845702 0.009784558 0.03790437 0.0596737 0.00884903 0.03715398 0.07937153 0.009320907 0.03741113 0.07968175 0.009564619 0.03746871 0.07969857 0.009402564 0.04081829 0.08103633 0.007237666 0.04204038 0.08137984 0.007237666 0.04204038 0.08137984 0.007211501 0.04012343 0.08008309 0.007211501 0.04012343 0.08008309 0.009194343 0.03191578 0.06965921 0.009194343 0.03191578 0.06965921 0.008723969 0.03482458 0.06531607 0.00890945 0.03243315 0.07352055 0.00890945 0.03243315 0.07352055 0.007474349 0.04313681 0.08191666 0.01820239 0.03198862 0.06133931 0.007914827 0.04143554 0.08113636 0.007462276 0.04156906 0.08113995 0.007949042 0.04084468 0.08080696 0.007842376 0.04032097 0.08044974 0.007368737 0.04048965 0.08040931 0.009214827 0.03873984 0.08022964 0.00875548 0.03886023 0.08012516 0.01012486 0.03275318 0.06201002 0.01012486 0.03275318 0.06201002 0.01012486 0.03275318 0.06201002 0.007683992 0.03946376 0.07974379 0.007205071 0.03951898 0.07955946 0.007205071 0.03951898 0.07955946 0.009094118 0.03730818 0.07959314 0.008537535 0.03740536 0.07919287 0.00800574 0.03815548 0.07890747 0.007736179 0.0382161 0.07857881 0.007500414 0.03833866 0.0784975 0.007199547 0.03827831 0.07825897 0.007199547 0.03827831 0.07825897 0.00791654 0.03738387 0.07775039 0.007799887 0.03726377 0.07735755 0.007471749 0.03743435 0.0772478 0.007208384 0.03734949 0.07701125 0.007208384 0.03734949 0.07701125 0.007961207 0.04220811 0.08153137 0.008175016 0.04296529 0.08184325 0.009167371 0.03734577 0.07963243 0.009193669 0.04049227 0.08091262 0.009532971 0.03780673 0.05989407 0.009467636 0.03909403 0.08037194 0.008854458 0.03982566 0.08058876 0.008299858 0.03951162 0.08020902 0.00773842 0.04009162 0.08024882 0.00903158 0.03777031 0.07978149 0.008631381 0.03808329 0.0796734 0.008226948 0.03882459 0.07972405 0.008110753 0.03844372 0.07932845 0.007858397 0.03865656 0.07919412 0.02901929 0.002777073 0.04166814 0.007502892 0.03885737 0.07906854 0.02248044 0.001964412 0.04279295 0.02248044 0.001964412 0.04279295 0.008333924 0.03645363 0.078023 0.008038007 0.03729858 0.07797724 0.007370828 0.04433534 0.05749073 0.007370828 0.04433534 0.05749073 0.009680119 0.03303492 0.06331912 0.009680119 0.03303492 0.06331912 0.01827535 0.0216944 0.07061848 0.009371538 0.04434575 0.08225398 0.009371819 0.04253221 0.08165016 0.007336797 0.05853709 0.07793472 0.007336797 0.05853709 0.07793472 0.01109801 0.02795178 0.07467274 0.01109801 0.02795178 0.07467274 0.0137157 0.02041123 0.0697652 0.019356 0.02225299 0.07041277 0.01924027 0.02216022 0.07048756 0.01916708 0.02210892 0.07052315 0.01853184 0.02177878 0.07064688 0.01839481 0.02172979 0.07063796 0.02767338 -0.001909849 0.05589439 0.02792988 -0.001825621 0.05592304 0.02806456 -0.001768767 0.05591781 0.02847963 -0.001550184 0.05583235 0.02863759 -0.001444445 0.05576373 0.01965919 0.02604693 0.07070374 0.01965919 0.02604693 0.07070374 0.01949754 0.02595661 0.070935 0.01949754 0.02595661 0.070935 0.0193974 0.02593768 0.07107349 0.0193974 0.02593768 0.07107349 0.0193974 0.02593768 0.07107349 0.01552952 0.03998893 0.07935238 0.01552952 0.03998893 0.07935238 0.01673947 0.03099409 0.07549935 0.02029611 0.02316304 0.06955375 0.009010559 0.04012101 0.05912214 0.009578221 0.03529668 0.06125638 0.00922108 0.03624233 0.0612526 0.01010134 0.03799026 0.0595477 0.01110056 0.02497393 0.07091335 0.01110056 0.02497393 0.07091335 0.009134984 0.03168627 0.07447781 0.009134984 0.03168627 0.07447781 0.01104302 0.03291752 0.06352546 0.01104302 0.03291752 0.06352546 0.02842388 -0.005850588 0.05342807 0.01022244 0.03261313 0.06183863 0.01022244 0.03261313 0.06183863 0.007233502 0.05002007 0.08279995 0.007233502 0.05002007 0.08279995 0.01293333 0.02759513 0.05774908 0.0224636 -0.0007763511 0.04089417 0.02260397 -0.0006899976 0.04105735 0.02274683 -0.0005634819 0.04121654 0.02316377 0.0001297236 0.04171607 0.02328058 0.0004994319 0.04194558 0.01852629 0.02662275 0.07230761 0.01852629 0.02662275 0.07230761 0.0185445 0.02657657 0.07227608 0.0185445 0.02657657 0.07227608 0.0186131 0.02643469 0.07216426 0.0186131 0.02643469 0.07216426 0.01867489 0.02634276 0.07207103 0.01867489 0.02634276 0.07207103 0.01867489 0.02634276 0.07207103 0.01867489 0.02634276 0.07207103 0.01878065 0.02621467 0.07191721 0.01878065 0.02621467 0.07191721 0.01878065 0.02621467 0.07191721 0.01888718 0.02611831 0.07176789 0.01888718 0.02611831 0.07176789 0.01902332 0.02602782 0.07158114 0.01902332 0.02602782 0.07158114 0.01915631 0.02596985 0.07140091 0.01915631 0.02596985 0.07140091 0.01928222 0.02594084 0.07123051 0.01928222 0.02594084 0.07123051 0.01847881 0.02606885 0.07099309 0.01834843 0.02614995 0.07117234 0.02288202 -0.0004013147 0.04136544 0.01277353 0.02978044 0.05823877 0.01277353 0.02978044 0.05823877 0.01277353 0.02978044 0.05823877 0.007148939 0.03729931 0.07415139 0.007149173 0.03803948 0.07572487 0.007150296 0.03693736 0.07304715 0.00715284 0.03668719 0.0719209 0.007158745 0.03652118 0.07020836 0.007167061 0.03660562 0.06849277 0.007177689 0.03693974 0.06680198 0.007177689 0.03693974 0.06680198 0.007190498 0.03752287 0.06516386 0.007204823 0.03832443 0.06365464 0.007215399 0.03899005 0.06270216 0.007226463 0.03974039 0.06182589 0.007243772 0.04101007 0.06066484 0.00726168 0.04243257 0.05970221 0.007279915 0.04398516 0.05895418 0.007298147 0.04564524 0.05843691 0.00731771 0.04755019 0.05815556 0.007335994 0.04946301 0.05818664 0.00735263 0.05134568 0.05852643 0.007367256 0.0531602 0.05917123 0.007374895 0.05419499 0.05969994 0.007381521 0.05516591 0.06032303 0.007389473 0.05649014 0.0614215 0.00739493 0.05763885 0.06269857 0.007397823 0.05859286 0.06413397 0.007398056 0.05933303 0.06570745 0.007396698 0.05969497 0.0668117 0.007394155 0.05994515 0.06793795 0.007388252 0.06011115 0.06965049 0.007379937 0.06002671 0.07136609 0.007369301 0.0596926 0.07305687 0.0073565 0.05910946 0.07469499 0.0073565 0.05910946 0.07469499 0.007342172 0.05830791 0.07620421 0.007331597 0.05764228 0.07715669 0.007320529 0.05689194 0.07803297 0.007303223 0.05562227 0.07919401 0.007285316 0.05419977 0.08015663 0.007267078 0.05264717 0.08090467 0.007248849 0.05098709 0.08142194 0.007229285 0.04908214 0.08170329 0.007211003 0.04716932 0.08167221 0.007194366 0.04528665 0.08133242 0.007179743 0.04347213 0.08068763 0.007172073 0.04243739 0.08015892 0.007165477 0.04146643 0.07953581 0.007157524 0.0401422 0.07843734 0.007152066 0.03899349 0.07716027</float_array>
          <technique_common>
            <accessor count="8428" source="#verts-array-array" stride="3">
              <param type="float" name="X"/>
              <param type="float" name="Y"/>
              <param type="float" name="Z"/>
            </accessor>
          </technique_common>
        </source>
        <source id="normals-array">
          <float_array count="25284" id="normals-array-array">0.323638 -0.8044618 -0.4980961 0.3237822 -0.8043781 -0.4981375 -0.3236624 0.8044182 0.4981506 -0.3236547 0.804414 0.4981624 -0.323678 0.8044143 0.4981468 -0.3236004 0.8044645 0.4981161 -0.3235685 0.8044698 0.4981282 -0.323559 0.8044696 0.4981348 -0.3236915 0.8044223 0.4981252 -0.3236768 0.8044367 0.4981115 -0.3236682 0.8044378 0.4981152 -0.3236851 0.8044545 0.4980772 -0.3236481 0.8044259 0.4981474 -0.3237674 0.8045213 0.4979157 -0.3236448 0.8044245 0.4981519 -0.3236374 0.8044567 0.4981047 -0.3236683 0.8044109 0.4981585 -0.323673 0.8044148 0.4981493 -0.3236229 0.8044625 0.4981047 -0.3237064 0.8044157 0.498126 -0.3236266 0.8044439 0.4981324 -0.3236964 0.8044216 0.4981231 -0.323652 0.8044368 0.4981274 -0.3237867 0.8044357 0.4980416 0.323722 -0.8044013 -0.4981392 0.3234814 -0.8045032 -0.4981309 -0.323641 0.8044342 0.4981387 -0.3236385 0.8044336 0.4981412 -0.3236126 0.8044236 0.4981741 -0.3236711 0.8044427 0.4981053 0.3234853 -0.8045026 -0.4981292 0.3241177 -0.8042451 -0.498134 0.3235482 -0.8044714 -0.4981389 0.3236716 -0.8044449 -0.4981015 0.3235415 -0.804493 -0.4981084 0.3237236 -0.8044224 -0.498104 -0.3236209 0.8044187 0.4981768 -0.3235933 0.8044408 0.498159 -0.3236952 0.8044357 0.4981009 -0.3228706 0.8045671 0.4984238 -0.3236873 0.8044209 0.49813 -0.3236374 0.8044479 0.4981189 -0.3236245 0.8044578 0.4981113 -0.3236711 0.8044233 0.4981366 -0.3236519 0.8044344 0.4981313 -0.3236657 0.8044046 0.4981705 -0.3236653 0.8044378 0.4981171 0.3237741 -0.8043897 -0.4981239 -0.3236546 0.8044456 0.4981115 -0.3236484 0.8044353 0.4981321 -0.323681 0.8044553 0.4980785 -0.3236582 0.8044344 0.4981271 -0.3236964 0.8044264 0.4981152 -0.3236232 0.8044487 0.4981268 -0.3236312 0.8044475 0.4981236 -0.3236461 0.8044442 0.4981192 -0.3236766 0.8043981 0.4981738 -0.3236056 0.8045647 0.4979508 -0.3235605 0.8047835 0.4976264 -0.1739651 0.6005323 -0.7804467 -0.3236882 0.8043927 0.498175 0.4448259 0.5940006 -0.6702934 -0.3236387 0.804446 0.4981211 0.9043373 0.4178152 -0.08720407 -0.3237236 0.8044125 0.4981201 0.9460824 0.2674216 0.1827945 -0.3237388 0.8044166 0.4981035 0.9323532 0.1814422 0.3127239 -0.3236587 0.804436 0.4981242 0.8958151 0.0910191 0.4350068 -0.3236601 0.8044393 0.498118 0.8373605 -0.001631879 0.5466487 -0.3236483 0.8044407 0.4981233 0.7715001 -0.08043665 0.631124 -0.3236369 0.8044073 0.4981848 -0.3235606 0.8044166 0.4982194 0.7403407 -0.112551 0.6627427 0.6818036 -0.1667751 0.712271 -0.3236024 0.8044105 0.498202 0.6394053 -0.2021332 0.7418241 -0.3236868 0.8044772 0.4980395 0.4202156 -0.3495074 0.8374147 -0.3236537 0.8044312 0.4981352 0.2828866 -0.4201354 0.8622421 -0.008997568 -0.5290804 0.848524 -0.3236664 0.8044357 0.4981197 -0.1564237 -0.5647347 0.8103125 -0.323667 0.8043833 0.498204 -0.3000205 -0.586571 0.752278 -0.323683 0.804379 0.4982005 -0.4362724 -0.5940585 0.6758409 -0.32366 0.8044293 0.4981342 -0.6736896 -0.5656086 0.4756356 -0.3236687 0.8044297 0.498128 -0.171868 -0.2909437 -0.9411765 0.5701816 -0.8048738 0.1645329 -0.9246656 -0.0168501 -0.380407 -0.3221035 0.8047338 0.498651 -0.8545136 0.1307734 -0.5026976 -0.3237528 0.8044324 0.4980688 -0.7466788 0.3335073 -0.5755378 -0.3236043 0.8044209 0.4981841 -0.6022376 0.1499645 -0.7841049 -0.3235368 0.8044083 0.4982481 -0.580463 0.6578051 -0.4799533 -0.3235216 0.8043947 0.49828 -0.5344185 0.6643655 -0.5225087 -0.3237172 0.8044713 0.4980293 0.3936699 0.6387596 -0.6610675 0.5088012 0.6335991 -0.5828152 0.6435853 0.5681799 -0.5128056 0.6974729 0.6270908 -0.3468266 0.7822204 0.3831907 -0.491219 0.8840948 0.3172628 -0.3431045 0.8258957 0.5005707 -0.259471 0.6032133 0.4541637 -0.655644 0.8468256 0.2801372 -0.4521167 0.3237202 -0.8044103 -0.4981258 0.7019249 0.3051709 -0.6435621 0.3234518 -0.8045121 -0.4981357 0.8767984 0.1107554 -0.4679292 0.9680035 -0.08209283 -0.2371285 0.923963 0.02320488 -0.3817774 0.4638526 0.4676682 -0.7524143 -0.4210146 -0.5439144 -0.7258814 0.8218655 -0.5693461 0.01954864 0.3234383 -0.8045188 -0.4981336 0.6747881 0.2497369 -0.6944728 0.8446619 -0.0375798 -0.5339795 0.3237968 -0.8043749 -0.4981331 0.3234823 -0.8045056 -0.4981265 0.9502765 0.2889902 -0.116014 0.8920468 0.4050687 -0.2004291 0.9056661 0.3933449 -0.1582675 0.3238157 -0.8043662 -0.4981349 0.220703 0.5761098 -0.7870119 0.3548063 0.5255172 -0.7732685 0.2207274 0.5760701 -0.7870341 0.3691395 0.5006817 -0.7829775 0.2206793 0.576166 -0.7869774 0.3757275 0.4916184 -0.7855827 0.2206995 0.5761204 -0.7870051 0.3054654 0.5240595 -0.7950173 0.2207097 0.5761175 -0.7870044 0.2826794 0.5266647 -0.8016961 0.3590856 0.4735945 -0.8042175 0.5740257 0.2443762 -0.7815208 0.6749629 -0.02550117 -0.7374108 0.7499097 0.04395381 -0.6600784 0.7272122 -0.1649651 -0.6662949 0.8607744 -0.2834006 -0.4227901 0.2207101 0.5761014 -0.787016 0.3750257 0.5347708 -0.7572159 0.2206956 0.5761211 -0.7870057 0.450494 0.5298218 -0.7185708 0.2206288 0.5762117 -0.7869581 0.3533711 0.5465512 -0.7592172 -0.1387729 -0.8830569 -0.4482774 0.3676106 -0.4380365 0.8203575 0.284304 0.8085433 -0.515198 0.5039762 0.839543 -0.2029176 0.4952988 0.7470257 -0.4434318 0.3237141 -0.8044065 -0.4981358 0.0346746 0.961497 -0.272619 0.03762396 0.9021398 -0.4298001 0.1753339 0.9492588 -0.2610858 0.2327864 0.8801542 -0.4136896 0.2875345 0.9242443 -0.2511901 0.2515924 0.935629 -0.2475877 0.929507 0.3573362 -0.09125543 0.8489466 0.4966993 -0.180498 0.9068285 0.4124156 -0.08703713 0.591045 0.7851174 -0.1850848 0.3758708 0.8976256 -0.2301943 0.1333976 0.9553533 -0.2636382 0.01522014 -0.004792735 -0.9998727 -0.08176562 0.9254162 -0.3700259 -0.2590464 0.9204532 -0.2926786 -0.1274293 0.9503309 -0.2839594 -0.1444354 0.9489136 -0.2805378 0.1320361 0.6740881 -0.7267543 0.2376329 0.7266326 -0.6446205 0.1894242 0.6116071 -0.7681505 0.2894362 0.6412068 -0.7106902 -0.2369971 -0.874004 -0.4242045 0.9327837 -0.2955394 0.2063274 0.3238138 -0.8043536 -0.4981564 0.03591014 0.5356245 -0.8436924 0.02034777 0.5324724 -0.8462028 0.3237152 -0.8044222 -0.4981098 0.7727607 0.6133577 0.1631969 0.8830543 0.468511 -0.02669458 0.2806097 -0.6870181 -0.6702719 0.2187643 0.9031739 0.3693496 0.3948628 0.8840413 0.2501086 0.3237902 -0.8043762 -0.4981354 0.7562444 0.63191 -0.1696591 0.6126332 0.7893555 0.03998145 0.1256669 0.9587228 0.2550654 0.255381 0.961922 0.09739953 0.3236867 -0.8044326 -0.4981116 0.2492002 0.9529872 -0.1723796 0.3236129 -0.8044506 -0.4981304 0.4308477 0.8872163 -0.1649772 0.5153644 0.7834777 -0.3472208 0.2094768 0.9336711 0.2904786 0.37039 0.8543506 0.3645495 -0.001056538 0.0397826 -0.9992078 0.5870735 0.7803937 0.2152452 0.7690762 0.639074 0.01030845 -0.1980274 0.8946098 0.4005727 -0.07838621 0.8988342 0.4312222 -0.009183398 0.9167687 0.3993129 0.1177575 0.9306319 0.3464929 0.2691509 0.9315541 0.2444684 0.4673351 0.8829038 0.04559413 0.633099 0.7382641 -0.2327051 -0.1044487 0.9440037 0.3129657 0.3235488 -0.8044705 -0.4981399 -0.02175595 0.967567 0.2516761 0.07009195 0.9900013 0.1224113 0.3233034 -0.8045133 -0.49823 0.3411828 0.8666019 -0.3641365 0.376081 0.730173 -0.5704476 0.3401442 0.6377295 -0.6910883 -0.1574552 0.9614367 0.2254934 -0.075976 0.9906528 0.1132901 0.3259922 -0.8034965 -0.4981189 -0.01161603 0.9999169 -0.005591646 0.1337397 0.9550278 -0.2646423 0.1779339 0.8952325 -0.408532 0.2471662 0.7439884 -0.6207979 0.2071239 0.68168 -0.7017208 0.3233467 -0.8045199 -0.4981914 0.1805101 0.5792605 -0.7949047 0.09770674 0.566666 -0.8181339 -0.2828026 0.9323682 0.2251937 -0.2381132 0.961311 0.1385037 -0.175079 0.9843441 0.0203494 0.3233076 -0.8045541 -0.4981615 -0.08846817 0.9865217 -0.1376531 0.05876542 0.8858998 -0.4601394 0.1325202 0.6843159 -0.7170426 0.09150364 0.5970034 -0.7970031 0.3238779 -0.8045308 -0.4978285 0.05155191 0.5522628 -0.8320746 -0.321037 0.9415785 0.1018099 -0.254696 0.9642788 -0.07277617 -0.194628 0.9447869 -0.2636242 0.3239582 -0.8051071 -0.4968437 -0.0445343 0.8298895 -0.5561475 0.02791907 0.7010138 -0.712601 0.06179 0.5862931 -0.807739 0.05465441 -0.1020793 -0.9932737 -0.3510847 0.936279 0.01100774 -0.2779676 0.9426674 -0.1846947 -0.2382916 0.8738951 -0.4237033 -0.09705395 0.7536955 -0.6500181 -0.0146927 0.6912343 -0.7224814 0.3236736 -0.8044174 -0.4981446 0.02488737 0.5375011 -0.8428957 -0.01827491 0.08233207 -0.9964374 -0.3290875 0.8998213 -0.2863968 -0.1793092 0.7824655 -0.5963187 0.3234319 -0.8045187 -0.498138 0.01047324 0.5589194 -0.8291558 -0.3794035 0.8945108 -0.2364393 -0.3249045 0.8238945 -0.464365 0.3235872 -0.804471 -0.4981143 -0.2322556 0.7659583 -0.5994707 -0.1302448 0.674909 -0.7263154 -0.02989177 0.5743332 -0.8180757 0.3234646 -0.8039721 -0.4989985 -0.4907693 -0.8098212 -0.3214576 0.879649 -0.3105748 -0.3602235 0.3236155 -0.8044119 -0.4981912 -0.378997 0.8091129 -0.4491075 0.3235031 -0.8043671 -0.4983366 0.323686 -0.8044713 -0.4980494 -0.3065535 0.7260735 -0.6155016 -0.2386099 0.6776427 -0.6956046 -0.3245778 0.805823 0.4952762 -0.1525439 0.6236487 -0.7666763 -0.324152 0.8045571 0.4976077 -0.3238854 0.8049019 0.4972235 -0.1119631 0.6149699 -0.7805615 -0.3236776 0.8044672 0.4980616 -0.0267771 0.5547883 -0.8315605 0.3234661 -0.8045163 -0.4981196 0.08209693 -0.173514 -0.9814036 0.3586387 -0.8987293 0.2523171 -0.338912 0.7601347 -0.5543771 -0.3772993 0.6888544 -0.6189708 0.3237123 -0.8044153 -0.4981228 0.3235973 -0.8044167 -0.4981954 -0.3236421 0.8044162 0.498167 0.0063665 0.5394431 -0.841998 0.09258792 0.5508624 -0.8294444 -0.236973 -0.8718399 -0.4286477 0.8761261 -0.3414467 0.3403194 -0.2567442 0.561272 -0.7868012 -0.3216015 0.6747842 -0.6642581 -0.3071407 0.6565464 -0.6889204 -0.2408283 0.6592042 -0.7123563 -0.323611 0.8045117 0.4980331 -0.3238387 0.8045247 0.4978639 0.3236199 -0.8043722 -0.4982524 0.3235998 -0.8044479 -0.4981434 -0.323639 0.8044126 0.4981748 -0.2594633 -0.870093 -0.4190668 0.9769522 -0.2122365 -0.02280308 -0.3314852 0.6110508 -0.7188425 -0.4009761 0.7652804 -0.5035515 0.3237158 -0.8044804 -0.4980154 -0.3886361 0.8562102 -0.340391 0.3232597 -0.8043866 -0.4984631 -0.3896324 0.9036782 -0.1776297 -0.3692049 0.9261274 -0.07730351 -0.2424391 0.9151385 0.3220943 -0.06766684 0.8807163 0.4687857 0.1618154 0.8903258 0.4256005 0.4491682 0.8231955 0.347271 0.7173597 0.6539417 0.2403236 0.8141618 0.5616501 0.1472743 0.8770765 0.4749273 0.0719779 0.915879 0.4013764 0.007917625 0.8479545 0.5104633 -0.1428302 0.7919006 0.5549686 -0.2547613 0.7605779 0.5338669 -0.369469 0.5509331 0.6206131 -0.5579535 0.4835748 0.5682652 -0.6657552 0.3734789 0.5919606 -0.7142101 0.3236849 -0.8045445 -0.497932 0.2864646 0.5849591 -0.7587891 -0.4212379 0.8901149 -0.1739374 -0.0006524854 -0.5866927 0.8098094 0.7134711 -0.5463271 -0.4387318 -0.4043158 0.9131125 -0.05248107 0.3237272 -0.8044294 -0.4980903 -0.3494703 0.9245363 0.1519972 -0.297058 0.549853 -0.7806524 -0.3235664 0.8043562 0.4983131 -0.4399869 0.5459089 -0.7130182 -0.3394635 0.5183525 -0.7849046 -0.3236554 0.8044553 0.4980952 -0.3625042 0.5827543 -0.7273157 0.3237795 -0.8043926 -0.4981158 -0.451545 0.8692719 -0.2011801 -0.4405116 0.8941858 -0.07988259 -0.3916329 0.9126628 0.1169199 -0.3645972 0.905452 0.2173146 -0.231442 0.8730099 0.4292881 -0.1576158 0.8658555 0.4748173 -0.6825365 0.5318338 -0.5012951 -0.3236434 0.8044248 0.4981523 -0.6985782 0.6331929 -0.3332495 -0.7892465 0.5052252 -0.3490523 -0.7435458 0.5216311 -0.4183787 -0.2573358 -0.3303514 -0.9081004 0.6308666 -0.7642021 0.1341733 0.3238214 -0.8043768 -0.4981142 -0.711404 0.690315 -0.1317938 0.327218 -0.8030523 -0.4980315 -0.6373259 0.7660349 0.08370291 0.3235473 -0.8044728 -0.4981372 -0.4962796 0.8100611 0.3122619 0.3234148 -0.8045192 -0.4981482 -0.850871 0.3569073 -0.385533 -0.8175532 0.5291241 -0.2272321 0.323623 -0.8044471 -0.4981295 -0.772315 0.635232 0.003147155 -0.6577098 0.7342913 0.1680298 -0.5541836 0.7696765 0.3169836 -0.4211608 0.770708 0.4781556 -0.4687867 0.7768966 0.4203221 -0.4285583 0.6593676 -0.6177153 -0.4449772 0.7686324 -0.4595645 -0.4149556 0.9094123 0.02794828 0.3235741 -0.8044614 -0.4981382 0.3237032 -0.8044223 -0.4981175 -0.3423852 0.8962729 0.2818993 -0.3389863 0.8810028 0.3300339 -0.2997814 0.8741519 0.3820858 0.3237382 -0.8043913 -0.4981448 -0.2410899 0.8530493 0.4627986 -0.220747 0.8463244 0.4847739 -0.5274186 0.7513441 -0.3966253 -0.4618407 0.8857825 -0.04574448 -0.3973298 0.8972914 0.1923466 0.3238533 -0.804872 -0.4972928 0.3236192 -0.8044422 -0.49814 0.3235269 -0.8044966 -0.498112 -0.5501217 0.7667615 -0.3308216 0.3236403 -0.8044178 -0.4981656 -0.3511553 0.8610532 0.3678007 -0.3087873 0.8428901 0.4406663 -0.275157 0.8280273 0.4885278 -0.6015822 0.7443832 -0.2898148 0.323897 -0.8043333 -0.4981352 -0.5056204 0.8618922 0.03859812 0.3233672 -0.8045541 -0.4981229 -0.4316966 0.8681877 0.2447206 0.3233768 -0.8045631 -0.4981021 0.3241113 -0.8045395 -0.4976627 -0.3702277 -0.8530126 -0.3678328 0.9122937 -0.2367414 -0.3341761 -0.629298 0.7462839 -0.216897 -0.5563858 0.8293004 0.05192035 0.3235384 -0.8044815 -0.4981289 -0.4820607 0.8417246 0.2431401 -0.3839282 0.8396871 0.3840894 -0.3272203 0.8151773 0.4779256 -0.2993381 0.8046731 0.5127358 -0.6439077 0.7589023 -0.09721205 -0.567689 0.8135276 0.1261035 0.3235813 -0.804472 -0.4981163 -0.5744123 0.8074456 0.1344698 0.323495 -0.8044824 -0.4981556 0.3192347 -0.7925009 -0.5196456 0.713352 -0.5477596 -0.4371366 0.3237285 -0.8043947 -0.4981456 0.3208369 -0.8055054 -0.4982215 -0.732506 0.6382962 -0.2366704 -0.4812301 0.803459 0.3505298 -0.4141535 0.8052969 0.4242332 -0.3450798 0.7961836 0.4970026 -0.3369316 0.7863233 0.517854 0.3237141 -0.8044158 -0.4981208 -0.8148877 0.4183228 -0.4012033 -0.02811347 0.1077755 -0.9937777 0.3245501 -0.8040706 -0.4981342 -0.490913 0.7548145 0.4350396 0.2267152 -0.5511833 -0.8029926 -0.8685359 0.4046052 -0.2862517 -0.8315226 0.5445838 -0.109539 -0.7992195 0.6006945 -0.02035246 -0.661198 0.7115074 0.2378539 -0.6223583 0.7257929 0.293078 -0.5691727 0.7413507 0.3555862 -0.5056686 0.7478953 0.4300604 -0.4649002 0.7459534 0.4768872 -0.3717061 0.7722134 0.5152873 -0.3463574 0.7877211 0.5094429 -0.3137598 0.7942595 0.5202948 -0.2921964 0.8084569 0.5108999 -0.2799681 0.817632 0.5030862 -0.2360563 0.8343498 0.4981343 -0.210112 0.8449398 0.4918634 -0.4438838 0.8278003 -0.3430944 0.323128 -0.8046654 -0.4980983 -0.4551768 0.6165963 -0.6423575 -0.3236748 0.8044663 0.4980648 -0.6228912 0.6408459 -0.4486903 -0.3237346 0.8044473 0.4980566 -0.8111375 0.2783515 -0.5143698 -0.3235497 0.8044333 0.4981993 0.3237808 -0.8043857 -0.498126 0.1529586 -0.3545251 -0.9224509 -0.7635441 0.6121066 0.2057325 -0.7958815 0.5962561 0.1051253 -0.8358945 0.548599 0.01787716 -0.8771025 0.4596004 -0.139494 0.1307301 -0.5015954 0.8551677 0.1868165 -0.466497 0.8645693 0.161893 -0.4455461 0.8804995 0.4239859 -0.7463628 -0.5130093 0.6968905 -0.565004 -0.4417172 -0.8921695 0.4082353 -0.1933329 -0.8797406 0.4665279 0.09169614 0.3235857 -0.8042777 -0.4984271 0.7523532 -0.5045133 -0.423593 -0.9546079 0.1919229 -0.2277924 -0.9378464 0.02642379 -0.3460432 -0.9411638 -0.0005931432 -0.3379501 -0.6313255 0.6716428 0.3877166 -0.7307959 0.618402 0.2889918 -0.6066564 0.7013785 0.3742141 0.3236117 -0.8044494 -0.4981331 0.3236293 -0.8044505 -0.4981199 -0.925441 0.3260773 -0.1929575 -0.009337261 -0.987613 0.1566314 0.470969 -0.07754788 -0.8787346 -0.9205358 0.142331 -0.3638073 -0.384658 -0.4956485 -0.7786981 0.7835893 -0.6172285 0.07082933 -0.8179501 0.5437617 0.1878321 -0.9358136 0.3510614 -0.0317608 -0.8794372 0.4759006 0.01043146 0.3234895 -0.8044916 -0.4981444 0.3239168 -0.8042989 -0.4981778 0.3235093 -0.8045027 -0.4981136 -0.7036665 0.6922824 0.1599953 -0.7452921 0.6618334 0.08072365 -0.8482511 0.4963303 -0.184733 -0.8719687 0.2976099 -0.3887144 -0.8618057 0.1879212 -0.4711439 -0.9016046 0.06572888 -0.4275381 -0.3235527 0.8044615 0.4981519 -0.947409 -0.02465021 -0.3190746 -0.9556906 -0.01413472 -0.2940335 -0.9630011 0.230881 -0.1390066 0.323733 -0.8044146 -0.4981105 0.3239552 -0.8043195 -0.4981195 0.3212019 -0.8052101 -0.4984636 -0.9178548 0.2886143 0.2724783 0.3236758 -0.8044357 -0.4981135 -0.8289766 0.4510213 0.3307228 -0.8691413 0.4322876 0.2402517 -0.7342545 0.581525 0.3502843 -0.9537933 0.2993451 0.02590185 0.319225 -0.7925373 -0.5195961 0.756859 -0.5001616 -0.420717 -0.9407347 -0.06687004 -0.3324854 -0.9319599 -0.3624031 -0.01071139 -0.5537384 -0.8324116 -0.02155787 0.7867729 -0.4641731 -0.406856 0.3236649 -0.8044538 -0.4980914 -0.934799 -0.3548428 -0.01540669 -0.9322033 -0.3615303 -0.01711395 0.3241603 -0.804236 -0.498121 0.3238108 -0.8048271 -0.4973932 -0.5048012 -0.7640233 -0.4018011 0.8670064 -0.3928514 -0.3065416 -0.2033588 -0.3367042 -0.9193886 0.6285813 -0.7536972 0.1919011 0.3231274 -0.8046538 -0.4981174 0.3235788 -0.8044861 -0.4980953 0.3233289 -0.8045777 -0.4981096 0.3235912 -0.8043711 -0.4982729 0.3235773 -0.8044179 -0.4982063 0.3242995 -0.8041985 -0.4980909 0.323622 -0.8044164 -0.4981797 0.3235091 -0.8043698 -0.4983283 0.3236077 -0.8043629 -0.4982753 0.3237224 -0.8044899 -0.4979958 0.3236916 -0.8045619 -0.4978994 0.3233865 -0.803831 -0.4992764 0.3231579 -0.8044496 -0.4984273 0.3236933 -0.8044122 -0.4981402 0.3239522 -0.8043122 -0.4981333 0.3239187 -0.8043303 -0.498126 0.3235395 -0.8044527 -0.4981747 0.3237993 -0.8043781 -0.4981264 0.3236542 -0.804436 -0.4981272 0.1026154 -0.2254471 -0.9688362 0.3192553 -0.7925618 -0.51954 0.7773113 -0.4758876 -0.411483 -0.934321 -0.3555949 -0.02442261 -0.3203119 0.8057212 0.4982105 0.3271691 -0.8030709 -0.4980337 -0.943539 -0.331215 -0.005543098 0.3238759 -0.8044864 -0.4979016 -0.9453854 -0.3241942 -0.03383183 -0.9405421 -0.3378731 -0.03496213 -0.3234741 0.8045152 0.4981163 -0.9531426 -0.3021852 -0.01425718 -0.1618432 -0.8816336 -0.4433158 0.5228957 -0.4741062 0.7083809 0.3237082 -0.8044073 -0.4981384 0.1492746 -0.3468594 -0.925962 0.7677493 -0.4872429 -0.4161194 -0.9449626 -0.3224678 -0.05531835 -0.3271304 0.8031265 0.4979694 0.3236041 -0.8044361 -0.4981595 -0.9646186 -0.2636392 -0.002322761 0.3236493 -0.8044312 -0.4981381 0.323396 -0.8045411 -0.498125 0.3237365 -0.8043988 -0.4981338 0.3234881 -0.8044985 -0.4981342 0.3235719 -0.8044867 -0.4980987 0.3236827 -0.8044185 -0.4981368 0.3234407 -0.8045229 -0.4981255 0.3235234 -0.8045102 -0.4980923 0.3237736 -0.8044205 -0.4980746 0.3244945 -0.8040233 -0.4982468 0.3233779 -0.8045356 -0.4981458 0.3222004 -0.8049561 -0.4982295 0.3243744 -0.8042093 -0.4980248 0.3236249 -0.8044516 -0.498121 0.3238061 -0.8043813 -0.4981169 0.3237361 -0.8044191 -0.4981012 0.3237699 -0.8043903 -0.4981258 0.3235867 -0.8044685 -0.4981185 0.3236509 -0.8044329 -0.4981344 0.06205209 -0.9797859 0.190182 0.3948966 -0.08575293 -0.9147148 0.7348261 -0.5232935 -0.4315027 0.05910297 -0.17544 -0.9827144 0.3727557 -0.9063523 0.198944 0.3237241 -0.8043965 -0.4981456 0.3238045 -0.8043554 -0.4981597 0.323393 -0.8045259 -0.4981516 0.3232677 -0.8045541 -0.4981874 0.3241926 -0.8042556 -0.4980684 0.3239147 -0.8043403 -0.4981124 0.3235282 -0.8044827 -0.4981336 0.3236537 -0.8044187 -0.4981554 -0.3047794 -0.9313009 -0.1994698 0.8417961 -0.1453991 -0.5198446 0.3234747 -0.8045316 -0.4980893 -0.9906649 -0.07693849 0.1125323 -0.9675787 -0.2513851 -0.02443358 0.1013483 -0.2223558 -0.9696837 0.3235192 -0.8043264 -0.4983918 0.3238157 -0.8043405 -0.4981764 -0.9550078 -0.284618 -0.08338237 -0.3238422 0.8043651 0.4981195 -0.9800465 0.08341126 0.18042 -0.9957255 -0.05991899 0.07028893 -0.5010082 -0.6691796 -0.5488073 0.8616065 -0.4738968 -0.1818135 -0.9629335 -0.2610056 -0.06808231 0.32376 -0.8044235 -0.4980786 -0.9576656 -0.2672549 -0.1070108 -0.3234739 0.8045038 0.4981348 -0.999361 -0.02426501 0.02624576 -0.9876769 -0.1510419 -0.04099601 -0.9740351 -0.2070217 -0.09163851 0.323802 -0.8043801 -0.4981214 -0.9732702 0.1617263 0.1630637 -0.9998308 0.0127743 0.01323551 -0.9947256 -0.08285795 -0.0604606 -0.9838059 -0.1407303 -0.1109999 -0.3195045 -0.9415198 0.1070392 0.6058452 -0.2950521 -0.7388476 -0.9743734 -0.1876401 -0.1240469 -0.3234621 0.8045083 0.4981351 -0.3238431 0.8043583 0.49813 -0.970977 0.2044438 0.1241223 -0.984279 0.1713914 0.04265873 -0.9959769 -0.01519312 -0.08831328 -0.987115 -0.08593627 -0.1349774 -0.9810817 -0.1347689 -0.1389824 -0.3236277 0.8044487 0.4981239 -0.8559375 0.476365 0.2011154 -0.985827 0.1035065 -0.1320287 0.3237866 -0.8043777 -0.4981352 -0.9553481 -0.06235162 -0.2888291 -0.9472461 -0.09430018 -0.3063207 -0.9822837 -0.002923967 -0.1873773 -0.323727 0.8044159 0.4981123 0.3236776 -0.8044069 -0.498159 0.2450476 -0.5922621 -0.7675789 0.323661 -0.8044353 -0.4981239 -0.3235188 0.8044793 0.4981452 -0.2624568 -0.9561545 -0.1299424 0.7883175 -0.1207754 -0.6032983 -0.9381323 -0.3380398 -0.07507898 -0.3232682 0.8045732 0.4981563 -0.9303469 -0.3664684 -0.01247221 -0.9303051 -0.3665756 -0.01243847 -0.9354852 -0.353334 -0.004755751 -0.9504448 -0.3103175 0.01891294 -0.9797695 -0.176899 0.09358645 -0.985756 -0.1050137 0.1313669 -0.9851351 -0.0303923 0.1690716 -0.8262946 0.4136979 0.3822189 0.3240091 -0.8042983 -0.4981189 -0.904959 0.4202051 0.06690982 -0.9540166 0.2822628 -0.1008959 -0.9669903 0.1863319 -0.173811 -0.9670611 0.1285118 -0.2197215 -0.9635272 0.07739116 -0.2561755 -0.9603544 0.03512282 -0.2765607 -0.9565539 0.006920418 -0.2914734 -0.9421806 -0.04943624 -0.3314389 -0.950493 -0.03806509 -0.3084059 -0.9385169 -0.07937313 -0.3359849 -0.3248947 0.8040701 0.4979104 0.3236664 -0.8045477 -0.4979388 0.3236741 -0.8044046 -0.4981649 0.3235867 -0.8044842 -0.4980932 0.3238896 -0.8043466 -0.4981186 0.323259 -0.8046005 -0.4981181 0.3239393 -0.804321 -0.4981275 0.3236001 -0.8044299 -0.4981722 0.3235302 -0.8044804 -0.498136 0.3237277 -0.8044085 -0.4981239 0.3238386 -0.8043573 -0.4981344 0.3236993 -0.8044197 -0.4981243 0.927143 0.3746981 -0.002701908 0.902507 0.4295963 0.03046579 0.9035758 -0.2554053 -0.343975 0.8591447 -0.3409732 -0.3815857 0.6444913 -0.5990397 -0.4751655 0.5434054 -0.6775639 -0.4955984 0.6152428 0.7468232 0.2524508 0.7194896 0.6678146 0.1906789 0.8416958 0.5315513 0.09487609 0.902507 0.4295963 0.03046579 0.4203804 -0.7963753 -0.434818 0.2199957 -0.8404237 -0.4952674 0.2254764 -0.8401025 -0.4933438 0.2234401 -0.8449156 -0.485996 0.2431661 -0.8342745 -0.4948296 0.2825095 -0.820323 -0.497251 0.2856229 -0.8193631 -0.4970549 0.2962262 -0.8148559 -0.4982569 0.297971 -0.8142108 -0.498271 0.3157438 -0.8097121 -0.4946435 0.3239005 -0.8051334 -0.4968387 0.3383595 -0.8048835 -0.4875197 0.3501147 -0.7968305 -0.4924234 0.3236806 -0.804425 -0.4981278 0.3648044 -0.7875941 -0.4966017 0.323678 -0.8042118 -0.4984736 0.3236738 -0.8045265 -0.4979682 0.3237303 -0.8041869 -0.4984798 0.32365 -0.8044079 -0.4981752 0.3235083 -0.8043167 -0.4984145 0.3236105 -0.804365 -0.4982702 0.3237352 -0.8044571 -0.4980405 0.3234646 -0.8039631 -0.4990131 0.3238609 -0.8048889 -0.4972605 0.3237442 -0.8044975 -0.4979694 0.3237246 -0.8044012 -0.4981376 0.3237362 -0.8043865 -0.4981538 0.323565 -0.8044573 -0.4981507 0.3237184 -0.8044041 -0.498137 0.3237709 -0.8043886 -0.4981279 0.323564 -0.8044748 -0.4981231 0.3199333 -0.8058692 -0.4982143 0.323899 -0.8043385 -0.4981254 0.3230584 -0.8046604 -0.4981516 0.3235705 -0.8044667 -0.498132 0.3237624 -0.8043892 -0.4981325 0.3235865 -0.804459 -0.4981341 0.3237898 -0.8044169 -0.4980699 0.3238394 -0.80492 -0.4972241 0.3234213 -0.8045157 -0.4981497 0.3236764 -0.8043944 -0.49818 0.3236803 -0.804221 -0.4984573 0.3237261 -0.8042059 -0.4984519 0.3236529 -0.8044065 -0.4981756 0.32362 -0.8043692 -0.4982573 0.3234713 -0.8039807 -0.4989803 0.324 -0.804312 -0.4981027 0.3237094 -0.8044128 -0.4981287 0.3236801 -0.8043921 -0.4981812 0.3235773 -0.8044707 -0.4981211 0.3237424 -0.8044243 -0.4980888 0.323818 -0.804375 -0.4981193 0.3246998 -0.8040391 -0.4980876 0.323582 -0.8044936 -0.498081 0.3236748 -0.8043901 -0.4981878 0.3237567 -0.8044049 -0.4981108 0.3235917 -0.80446 -0.4981291 0.3234763 -0.8045183 -0.4981099 -0.9566065 -0.2744205 -0.09796651 -0.9697518 -0.1217949 -0.2115357 -0.9647228 -0.05703572 -0.2570154 -0.9531223 0.01044677 -0.3024048 -0.9117889 0.1410358 -0.3856811 -0.9114348 0.1423811 -0.3860235 -0.8455147 0.2700364 -0.4606357 -0.585844 0.5570868 -0.5885924 -0.4399578 0.654397 -0.6149811 0.3237917 -0.8043813 -0.4981262 0.323525 -0.8044922 -0.4981203 -0.37233 0.6634325 -0.6490205 -0.2779379 0.7119927 -0.6448387 -0.8073833 0.2903288 -0.5136549 -0.9162785 0.0936792 -0.3894329 -0.8463499 0.2319567 -0.4794663 -0.9155236 0.1155875 -0.3852999 -0.9510798 -0.0740979 -0.2999277 -0.9258282 -0.3759205 -0.03906316 -0.9349268 -0.3444393 -0.08528399 -0.9551468 -0.2456964 -0.1653113 -0.6044818 0.6728276 -0.426503 -0.4900633 0.7479168 -0.4477259 -0.8055191 0.4607099 -0.3726733 -0.7136923 0.6033155 -0.3558844 -0.6055109 0.6714155 -0.4272678 -0.9210847 0.2486005 -0.2996677 -0.8062444 0.459968 -0.3720208 -0.9714611 0.06585103 -0.2278751 -0.9228915 0.2445031 -0.297472 -0.1390864 0.8700748 0.4728898 -0.02933542 0.8878862 0.4591269 0.07249252 0.8943883 0.4413778 -0.9822558 -0.1137456 -0.1491158 -0.9719957 0.06366666 -0.2262099 -0.9594473 -0.2722284 -0.07316125 -0.9822309 -0.1155651 -0.1478754 -0.6178356 0.5909536 -0.5187031 -0.4567839 0.708772 -0.5375785 -0.7565721 0.4532855 -0.4713076 -0.6192881 0.5895374 -0.5185826 0.3236475 -0.8044223 -0.4981536 -0.8657033 0.2950307 -0.4043694 -0.7576116 0.4523778 -0.4705092 0.5683829 -0.3453894 0.7467577 0.437843 -0.4177704 0.7960913 -0.003144525 -0.5669251 0.8237634 -0.2636866 -0.6265578 0.733413 -0.4024933 -0.6444036 0.650187 -0.5271158 -0.649199 0.5483518 0.7835144 -0.4660755 -0.4109486 -0.9388043 0.1242133 -0.321275 -0.8668995 0.2936522 -0.4028072 -0.6402935 -0.6337796 0.4339904 -0.8189205 -0.5446687 0.1808457 -0.9181984 -0.396083 0.005480787 -0.8991586 -0.4253989 0.1027112 -0.3236153 0.804459 0.4981153 -0.8455836 -0.4821505 0.2291708 -0.3235524 0.8044899 0.4981063 -0.7690438 -0.5303666 0.3567672 -0.3235912 0.8044746 0.4981057 -0.5618523 -0.5870142 0.5828691 -0.3237085 0.8043864 0.4981719 -0.9727868 -0.04650853 -0.2269864 -0.9399103 0.1218961 -0.31892 0.7790655 -0.4544811 -0.431861 0.1386383 -0.4804856 0.8659752 -0.3236495 0.8044471 0.4981124 0.7552788 -0.4063864 -0.5142023 -0.3236883 0.804458 0.4980695 0.5412056 -0.2744664 0.7948363 0.6642871 -0.324619 -0.6733091 0.6359141 -0.3167236 -0.7037751 0.6120598 -0.2996494 -0.7318422 -0.3235226 0.8044848 0.4981338 0.9366675 0.3468611 0.04838805 -0.3236132 0.8044574 0.4981192 0.8498841 0.478546 -0.2206599 -0.3236035 0.8044671 0.4981098 0.7746389 0.5275696 -0.3487189 -0.3236159 0.8044728 0.4980926 0.680444 0.563686 -0.4682458 -0.3236902 0.8044035 0.4981563 0.5696025 0.5860121 -0.5763184 -0.3237017 0.8043565 0.4982246 0.3091667 0.5874573 -0.7478702 -0.3236348 0.8044655 0.4980921 0.1659482 0.5665524 -0.8071429 0.08172153 0.5523563 -0.8295928 -0.9643724 -0.2432371 -0.1040265 -0.9732752 -0.05064714 -0.2239873 0.08246105 0.5388995 -0.8383242 0.1639874 0.5354853 -0.8284707 0.3119726 0.5422251 -0.7801699 0.5885469 0.5183276 -0.6204426 0.7049911 0.4912203 -0.5115566 0.8019645 0.454784 -0.3873299 0.9204937 0.05484126 0.38689 0.8632535 -0.04797883 0.5024852 0.8119904 -0.2701251 0.5174013 -0.9473893 -0.3138799 -0.06271262 0.7678331 -0.1315054 0.6270077 0.6870191 -0.2032939 0.6976219 0.1614601 0.5745265 -0.8024026 0.6420978 0.5631787 -0.5201348 0.6886146 0.5948496 -0.4146853 -0.9436448 -0.3284804 -0.04043743 0.883585 0.428657 -0.1884961 0.7747264 0.5221204 -0.356636 0.7427545 0.5041464 -0.4406269 0.646388 0.5468312 -0.532126 0.4364625 0.5898599 -0.6793863 0.1244824 0.5230046 -0.8431905 0.9574769 0.2714104 -0.09784892 0.9564344 0.1974837 -0.2150197 0.9824748 0.01878688 -0.1854462 0.9252235 0.1624965 -0.3428649 0.9453214 -0.1686881 -0.279127 0.9022734 -0.02385862 -0.4305038 0.9045445 -0.2073738 -0.3725525 0.8124557 -0.4069279 -0.417523 0.7701443 -0.3868901 -0.5071428 0.8234214 -0.4067088 -0.3956832 0.9262723 -0.2051673 -0.3161109 0.9755006 -0.01952867 -0.2191285 0.9804931 0.06668995 -0.1848938 0.9305178 0.3655079 -0.02324955 -0.9863364 0.07755846 -0.1453452 -0.9567412 0.2135387 -0.1976045 -0.9321762 0.2884642 -0.2187141 0.8271832 -0.1989138 -0.5255485 0.7617642 -0.311825 -0.5678737 0.6073959 0.1090496 -0.7868789 0.4727694 0.3703072 -0.7996009 0.1904786 0.5710843 -0.7984864 0.2697442 0.4610928 -0.8453588 0.2819991 0.5214238 -0.8053532 0.329949 0.4755747 -0.8154523 0.3237284 -0.8044095 -0.4981218 -0.9013681 0.3591455 -0.2419711 -0.8188632 0.5000319 -0.2818353 0.7353729 -0.5225943 -0.4314186 0.7427418 -0.4439043 -0.501282 0.3584288 0.3861304 -0.8499601 0.4263362 0.2993192 -0.8536073 0.5105511 0.1956882 -0.8372835 0.5757349 0.08384337 -0.8133263 0.6179338 0.001122208 -0.7862294 -0.8227476 0.4933964 -0.2822168 -0.7227069 0.6204489 -0.3045289 0.6614594 -0.08926333 -0.7446499 0.6995141 -0.213646 -0.681935 0.7322315 -0.375445 -0.5682236 0.4394422 0.1729481 -0.8814644 -0.6018484 0.7258342 -0.3330813 -0.4311076 0.8368099 -0.3374841 0.324435 -0.8045899 -0.4973701 0.6174293 -0.1640831 -0.769323 0.3235715 -0.8044021 -0.4982357 0.6968641 -0.4248528 -0.5778239 0.7032824 -0.5508495 -0.449398 0.7529868 -0.2656331 -0.6020382 0.3235814 -0.8044691 -0.4981209 0.01114138 0.5289691 -0.8485679 0.09653264 0.5214205 -0.847822 -0.003968457 0.4624128 -0.8866559 0.04220738 0.3108578 -0.9495188 0.1760527 0.4520376 -0.8744527 0.2820199 0.3678224 -0.886099 0.07544346 0.2505086 -0.9651703 0.1665265 0.1249147 -0.9780927 0.1025663 0.2193637 -0.9702369 0.3226854 0.3069902 -0.8953386 0.1665265 0.1249147 -0.9780927 0.2146133 -0.00244167 -0.976696 0.3995188 0.1640841 -0.9019208 -0.299888 0.815868 -0.4943951 0.2303003 -0.09695107 -0.968278 0.4201445 0.1168609 -0.8999012 0.2572491 -0.1433494 -0.9556536 0.4713921 0.03636477 -0.8811737 0.3069756 -0.219336 -0.9260981 0.5574064 -0.135064 -0.8191799 0.3579226 -0.3813836 -0.8523133 0.5277544 -0.09389084 -0.8441918 0.3668452 -0.4237399 -0.8281722 0.5188889 -0.06288123 -0.8525258 0.4807384 -0.4059511 -0.777235 0.3762808 -0.5935992 -0.7113738 0.6869021 -0.5027926 -0.5247524 0.6613293 -0.3209446 -0.6779661 0.4807384 -0.4059511 -0.777235 -0.3070244 0.7507459 -0.5849074 0.4126109 -0.6301771 -0.6577454 -0.0840027 0.499391 -0.8622947 0.02749708 0.3078233 -0.9510461 0.1373578 0.09083259 -0.9863479 0.1665265 0.1249147 -0.9780927 0.3008171 -0.2900203 -0.9085138 0.3823499 -0.5144356 -0.7675706 0.4807384 -0.4059511 -0.777235 0.4330467 -0.6862229 -0.5844388 0.4378698 -0.7148352 -0.5452345 -0.4348624 0.6574568 -0.6153416 -0.3746727 0.6689865 -0.6419326 -0.279174 0.7277424 -0.6264606 -0.7336656 0.4200144 -0.534156 -0.6608009 0.4723729 -0.5832719 -0.586265 0.5565871 -0.588646 -0.845483 0.270532 -0.460403 -0.7334198 0.4199042 -0.5345801 0.01578349 0.4051295 -0.9141231 0.1419865 0.4826428 -0.8642313 0.02501529 0.1605766 -0.9867063 0.0921821 0.00654981 -0.9957206 0.161374 -0.137184 -0.9773121 0.2183224 -0.2816648 -0.9343448 0.2815046 -0.4210753 -0.8622359 0.330041 -0.5258927 -0.7839068 0.3595892 -0.6039937 -0.7112575 0.3792547 -0.6692596 -0.6389503 0.3591624 -0.7362914 -0.5734782 0.2684782 -0.656905 -0.7045533 0.1867352 -0.4441463 -0.8762785 0.08053605 -0.1710713 -0.9819616 -0.03925195 0.132884 -0.990354 -0.1726069 0.4674272 -0.8670171 -0.1040279 0.2955416 -0.9496491 0.3119266 -0.7707592 -0.5555467 -0.03468637 0.2861178 -0.9575664 -0.09969072 0.3868104 -0.9167548 -0.151645 0.4754218 -0.8665898 -0.1293288 0.4333635 -0.8918913 -0.1254172 0.1984804 -0.9720474 0.2278113 -0.8240782 -0.5186493 0.3238301 -0.804373 -0.4981146 -0.5814703 -0.1153208 -0.805353 -0.6070077 -0.4266119 -0.6704804 0.1040326 -0.2305825 -0.9674755 -0.5860647 -0.6293443 -0.5103468 -0.6073377 0.09943934 -0.7881958 -0.6648446 -0.127778 -0.7359718 0.3233966 -0.8039751 -0.4990378 -0.6894939 -0.4111792 -0.5962633 0.3235777 -0.8044632 -0.498133 0.05197698 -0.9526589 0.2995655 0.379699 -0.2410339 -0.8931581 -0.7087323 -0.563196 -0.4248632 -0.9331894 -0.3583399 -0.02738821 -0.9565844 -0.2744982 -0.09796434 -0.7198513 -0.07369206 -0.6902055 -0.7740454 -0.3489427 -0.5282923 0.32362 -0.804416 -0.4981818 -0.7792711 -0.528415 -0.3369186 -0.4689294 0.5969007 -0.6510106 -0.3344519 0.6813041 -0.6511272 0.323509 -0.8041014 -0.4987613 -0.6530287 0.429767 -0.6235814 -0.4969459 0.572216 -0.6523907 -0.8031361 0.236056 -0.5470374 -0.6716839 0.4043752 -0.6207426 -0.8961818 0.004917318 -0.4436597 -0.8194894 0.2030661 -0.5359117 -0.8395062 -0.3842004 -0.3842128 -0.932303 -0.171981 -0.3181723 -0.8975927 -0.001186188 -0.4408241 -0.6843438 0.2130102 -0.6973523 -0.8914442 0.1231595 -0.4360722 -0.836343 0.1685857 -0.5216409 -0.7609224 -0.08667805 -0.6430273 -0.4490188 -0.6620494 -0.6000606 -0.4905807 -0.5518715 -0.6743652 -0.5733007 0.0490785 -0.8178738 -0.5360741 0.2779311 -0.7971066 -0.5763784 0.1954172 -0.7934734 -0.536077 0.2779619 -0.7970938 -0.6188817 0.1562083 -0.769795 -0.9118797 -0.3853453 -0.1413662 -0.907556 -0.3492033 -0.2332362 -0.9429719 -0.2689558 -0.1961295 -0.9325315 -0.2046139 -0.2975201 -0.5903205 0.4532559 -0.6678928 -0.4292122 0.6123333 -0.6639464 -0.7363777 0.2516725 -0.6280198 -0.6126871 0.4233452 -0.667378 -0.8357844 0.03374877 -0.5480196 -0.7554441 0.2167995 -0.6183059 -0.8813803 -0.1816695 -0.436079 -0.8482343 -0.001862612 -0.5296179 -0.875002 -0.3758729 -0.3051081 -0.8859375 -0.2126693 -0.4121729 -0.8202086 -0.5292391 -0.2171723 -0.8514708 -0.4764704 -0.2190284 -0.8701528 -0.3925713 -0.2978623 -0.5130017 0.4963395 -0.7003401 -0.3528636 0.6392123 -0.6832971 0.2706694 -0.2461079 -0.930682 0.3224602 -0.2326044 -0.917559 0.5193944 -0.2091625 -0.8285412 0.7372851 -0.2447198 -0.6297007 0.7776149 -0.2658514 -0.5697702 0.8500028 -0.5111937 -0.127186 0.8347747 -0.5457383 -0.07294489 0.8073324 -0.5898133 -0.01829168 0.7692225 -0.6383 0.02949334 -0.6570366 0.2938845 -0.6942153 -0.5332543 0.4673313 -0.7051534 -0.7616081 0.06921857 -0.6443306 -0.675963 0.2578032 -0.6903705 -0.8172601 -0.1582623 -0.5541109 -0.775432 0.03032233 -0.6307027 -0.8222704 -0.3678192 -0.4342585 -0.8239141 -0.1942484 -0.5323843 -0.7816135 -0.5431602 -0.3066877 -0.8222166 -0.3962793 -0.4085615 -0.4396836 0.5460156 -0.7131236 -0.3196556 0.6595458 -0.6803085 -0.5757974 0.3464387 -0.7405657 -0.4572735 0.5179313 -0.722944 -0.6803883 0.1189181 -0.7231392 -0.5937051 0.3095158 -0.7427747 -0.7423519 -0.1177959 -0.659574 -0.6948681 0.0767763 -0.7150271 -0.7569828 -0.3420238 -0.5567735 -0.7505898 -0.159474 -0.6412355 -0.7281956 -0.5356904 -0.4275124 -0.7585023 -0.3772437 -0.531377 -0.6632483 -0.6515066 -0.3682946 -0.7275174 -0.5555413 -0.4026068 -0.6756667 -0.688745 -0.2628782 -0.3754661 0.5972448 -0.7087481 -0.2821472 0.7072356 -0.6482367 -0.497776 0.4077469 -0.7654812 -0.3887255 0.573745 -0.7209086 -0.5971505 0.181354 -0.7813591 -0.5134832 0.3712005 -0.773657 -0.660646 -0.06109794 -0.7482071 -0.6109819 0.136986 -0.7797025 -0.6818922 -0.2979092 -0.6680368 -0.669619 -0.1078375 -0.7348343 -0.6617509 -0.5083485 -0.5510604 -0.684638 -0.3401397 -0.6446517 -0.6160462 -0.6724013 -0.4103213 -0.659314 -0.5409621 -0.5221733 -0.4287475 0.4608309 -0.7770525 -0.334325 0.6292778 -0.7015955 -0.5156532 0.2542521 -0.8182039 -0.4393033 0.4392901 -0.783605 0.3224057 -0.8048684 -0.4982383 0.3236894 -0.804417 -0.498135 0.3234163 -0.8045421 -0.4981103 -0.3423542 -0.9259017 -0.159686 0.8246164 -0.148543 -0.5458413 -0.6023198 -0.7550233 -0.2591344 0.7794377 -0.4534041 -0.4323212 0.1129507 -0.9518488 0.2850018 0.3132216 -0.185218 -0.9314432 0.3237159 -0.8044804 -0.4980154 -0.3852324 -0.4612068 -0.7993024 0.7562906 -0.6531855 0.03705726 0.13516 -0.9407365 0.311041 0.3086593 -0.2395778 -0.9205063 0.7766498 -0.4766186 -0.4118857 -0.5758633 0.01078835 -0.8174748 -0.5278844 0.2094057 -0.8230962 -0.5997481 -0.2353191 -0.7648053 -0.5846344 -0.03960873 -0.8103294 -0.5859527 -0.4615278 -0.6660718 -0.6032831 -0.2841587 -0.7451868 -0.5609033 -0.6599417 -0.4998644 -0.5843636 -0.5020496 -0.6375464 -0.5453164 -0.6761246 -0.495465 -0.4964465 -0.7566797 -0.4254137 -0.3235533 0.640109 -0.6968312 -0.2694019 0.7130141 -0.6473279 -0.3094103 0.6406458 -0.7027362 -0.3495116 0.5160407 -0.7820126 -0.2959004 0.6606215 -0.6899436 -0.4481161 0.3136767 -0.8371373 -0.3951754 0.4771602 -0.7849551 0.2452344 -0.5927872 -0.7671137 -0.4986067 0.06923806 -0.8640587 -0.4549171 0.2885916 -0.8424757 -0.5176207 -0.1834685 -0.8357082 -0.5038019 0.04043119 -0.8628725 -0.5035084 -0.4204837 -0.7547667 -0.5203243 -0.2124324 -0.8271246 -0.4426765 -0.6696595 -0.5963167 -0.4964487 -0.496315 -0.7121869 -0.5161471 -0.4445788 -0.7320805 -0.4330292 -0.6805135 -0.5910898 -0.3810913 -0.7677604 -0.5150858 -0.3932222 0.3091281 -0.8659192 -0.3481304 0.5032279 -0.7909279 -0.4220153 0.06657135 -0.9041412 -0.3973741 0.2839874 -0.8726081 -0.424827 -0.18564 -0.886036 -0.424778 0.03663962 -0.9045558 -0.4046559 -0.4663836 -0.7866003 -0.443918 -0.4280231 -0.7872312 -0.4254512 -0.2171199 -0.8785501 -0.3201713 -0.7024689 -0.6356318 -0.3872425 -0.5053106 -0.7711709 -0.2868641 -0.8480539 -0.4455486 -0.3189046 -0.7338998 -0.5997424 -0.2464012 -0.8159054 -0.5230534 -0.2840077 0.6617959 -0.6938053 -0.3121189 0.5810356 -0.7516511 -0.2734476 0.7122178 -0.6465077 -0.2789165 0.7126868 -0.6436482 -0.3436369 0.3783588 -0.8595105 -0.3143457 0.5636031 -0.7638968 0.3236299 -0.8044293 -0.4981538 -0.3565874 0.1412461 -0.9235231 -0.3455238 0.3545813 -0.8688414 -0.3472381 -0.1126446 -0.9309871 -0.357717 0.1120479 -0.9270835 -0.3047184 -0.4036616 -0.8626726 -0.347179 -0.1437691 -0.9267131 -0.2379248 -0.6453928 -0.7258511 -0.2816645 -0.4507371 -0.8470544 -0.2333848 -0.6874134 -0.6877459 -0.1735425 -0.8010081 -0.5729476 -0.2877435 0.5712169 -0.76871 -0.280328 0.6892144 -0.6681315 -0.2927895 0.3700188 -0.8816804 -0.2908808 0.5658993 -0.7714573 -0.2811048 0.1340845 -0.9502639 -0.2957013 0.3633247 -0.8834908 -0.2655449 -0.06578109 -0.9618517 -0.2943467 0.1280515 -0.9470812 -0.2021577 -0.3373732 -0.9194083 -0.249136 -0.1217938 -0.9607796 -0.1512661 -0.5528543 -0.8194332 -0.1800922 -0.380072 -0.9072553 -0.0875355 -0.7295451 -0.6783078 -0.1461416 -0.6048192 -0.7828386 -0.0442845 -0.8729592 -0.4857788 -0.08397899 -0.7673178 -0.6357444 0.01745672 -0.8278422 -0.5606893 -0.2692967 0.5753115 -0.7723315 -0.275555 0.705105 -0.653373 -0.2394666 0.3784498 -0.8941093 -0.2625741 0.5623815 -0.7840803 -0.1820061 0.08536438 -0.979585 -0.2402883 0.1349837 -0.9612705 -0.2361516 0.3517724 -0.9058083 -0.924216 0.001554675 -0.381867 -0.8102636 -0.2233102 -0.5418537 -0.1232069 -0.2288701 -0.9656286 -0.1820647 0.007035912 -0.9832614 -0.3266269 0.8124773 0.4829032 -0.05930314 -0.4417074 -0.895197 -0.1215241 -0.2754906 -0.9535915 -0.9354447 -0.1308179 -0.3283746 -0.9675759 -0.2226627 -0.1192396 -0.9858996 -0.03689065 -0.163221 0.3239042 -0.8045762 -0.497738 0.3239859 -0.8043084 -0.4981176 0.32384 -0.8043701 -0.4981129 0.323558 -0.8044827 -0.4981143 0.3237065 -0.8044106 -0.4981342 -0.3026064 -0.9480855 -0.09779181 0.7883282 -0.1202218 -0.6033949 -0.52919 -0.8362086 -0.1439204 0.7540434 -0.413603 -0.5102462 0.3235135 -0.8045015 -0.4981128 0.3234706 -0.8044967 -0.4981485 0.3237342 -0.8044824 -0.4980002 0.3231752 -0.8045979 -0.4981766 0.2968843 -0.753569 -0.5865096 0.3238613 -0.8043713 -0.498097 0.7386681 -0.5173033 -0.4321652 -0.1552386 -0.9622509 0.2235491 0.5116818 -0.2093398 -0.8332818 0.007148752 -0.6499774 -0.7599199 -0.05547454 -0.4997591 -0.8643861 0.004661743 -0.6825096 -0.7308617 0.05930218 -0.7874531 -0.6135152 0.0948121 -0.8124821 -0.5752247 0.117004 -0.8546697 -0.5058159 0.06692766 -0.8628313 -0.5010417 0.08317528 -0.8688624 -0.4880164 -0.7839228 -0.5884233 -0.1980479 -0.7893923 -0.5470061 -0.2786469 -0.9131727 0.06043484 -0.4030673 -0.9827905 0.03961856 -0.1804252 -0.8628475 -0.4786698 -0.1623866 -0.7893487 0.3361567 -0.5137385 -0.8840254 0.3240322 -0.3369008 -0.8106817 0.4642625 -0.3567289 -0.6620049 0.5882409 -0.4644589 -0.7034075 0.6514634 -0.2842769 -0.5919708 0.6913947 -0.4141787 -0.4449982 0.7978299 -0.4067481 -0.3808984 0.8498664 -0.3642026 -0.9098244 -0.4063312 -0.0843479 -0.8783293 -0.4387045 -0.1899369 -0.9026317 -0.353662 -0.2453145 0.2804993 -0.6867101 -0.6706336 -0.901374 -0.2416591 -0.3593407 -0.7987894 0.2079084 -0.5645437 -0.5308055 0.4811014 -0.6977012 -0.554507 0.7593514 -0.3404517 -0.6232471 0.7275269 -0.2868234 -0.9553632 -0.2450393 -0.1650359 -0.9537943 -0.09319931 -0.2856402 -0.9152269 -0.3970669 -0.06853898 -0.967485 -0.2232426 -0.1188931 -0.9338579 -0.2872632 -0.2130478 -0.9125768 -0.4030036 -0.06922152 -0.8716393 -0.478778 -0.1049595 -0.5360701 0.2779008 -0.7971198 -0.642065 0.1080094 -0.7590036 -0.5360558 0.277862 -0.7971429 -0.5710269 0.1529977 -0.8065482 -0.5362977 0.2761044 -0.7975909 -0.5676503 0.1755153 -0.8043429 -0.5219739 0.3165205 -0.7920594 0.3237651 -0.8044395 -0.4980494 0.1112733 0.5549198 -0.8244285 0.2950602 0.3711463 -0.8804487 0.1726343 0.6044558 -0.7777085 0.08534217 0.623627 -0.7770496 -0.334631 -0.9038042 -0.2667584 0.8847419 -0.1680634 -0.4347257 -0.4714846 0.5003511 -0.7261894 -0.1880441 0.6987088 -0.6902502 -0.04512592 0.7224434 -0.6899559 0.3236043 -0.8044655 -0.498112 -0.167738 0.8663876 -0.4703578 -0.2948007 0.9185406 -0.2633927 -0.386509 0.9218726 -0.02759987 -0.2250144 0.8070117 -0.5459859 -0.08845256 0.5701857 -0.8167401 -0.03403475 0.6097906 -0.7918314 0.7457586 -0.5129994 -0.4250596 0.09479314 0.6523784 -0.751942 -0.1344594 0.8810728 -0.453466 -0.2189259 0.9206447 -0.3232412 0.04736232 0.7322114 -0.6794286 -0.2180936 -0.7380444 0.638534 0.7442359 -0.5133474 -0.4273026 -0.1691083 0.891174 -0.4209647 -0.1709244 0.8876932 -0.4275345 -0.2994659 0.9363605 -0.1831644 -0.04730324 0.8188567 -0.5720456 0.05576541 0.7385286 -0.671912 0.1500325 0.7858229 -0.5999771 -0.01100904 0.7845006 -0.6200303 0.09509513 0.8546645 -0.5103974 -0.1033265 0.8429235 -0.5280186 0.03201493 0.8956887 -0.4435276 -0.1935598 0.8830909 -0.4274168 -0.2036751 0.9141023 -0.3506187 -0.06704486 0.9183744 -0.3899915 -0.2659481 0.9051521 -0.3316192 -0.2383521 0.9193836 -0.3129251 -0.662471 0.4763458 -0.5781236 -0.7608043 0.3496908 -0.5467113 -0.7273736 0.4051928 -0.553847 -0.6026912 0.5176674 -0.6072757 -0.08591422 0.956052 -0.2803272 -0.536826 0.56677 -0.6249717 -0.4328908 0.6374714 -0.6373662 -0.3968954 0.6515463 -0.6464994 0.6556532 0.6965848 -0.2913563 0.7078785 0.6280278 -0.3232478 0.7841823 0.5723255 -0.2397951 0.8277018 0.5538457 -0.09035807 0.7342544 0.6650699 -0.1362079 0.03271298 0.9532298 -0.300471 -0.08258129 0.949314 -0.3032875 -0.1682127 0.9372234 -0.305478 -0.3470258 0.884408 -0.3120825 -0.3005686 0.9011909 -0.3122716 -0.3522071 0.8971244 -0.2666795 -0.3025413 0.9121375 -0.2765393 -0.3044595 0.9100401 -0.2813031 -0.2708892 0.9221128 -0.2762734 0.9168353 0.3991967 0.007415063 -0.0525676 0.1692702 -0.9841668 0.6148899 0.7680497 -0.1789137 0.2939516 0.8999354 -0.3220384 0.1054257 0.9167774 -0.3852331 0.3236363 -0.804454 -0.4981097 0.848303 0.5235725 -0.07908135 0.644704 0.715197 -0.2699073 0.4492218 0.8113217 -0.3741081 0.1193591 0.8721443 -0.4744657 -0.2964549 0.7725253 -0.5615328 -0.1008787 0.8221166 -0.5603105 -0.3039698 0.6997702 -0.6464704 0.9179565 0.3966806 0.00060413 0.9123674 0.4091679 -0.01293488 0.9191716 0.393743 -0.009483872 0.9221894 0.3866973 -0.005649101 -0.2967078 0.6997759 -0.6498293 0.6455987 0.695421 -0.3155818 0.0892834 0.8166533 -0.5701806 -0.1004023 0.7801633 -0.6174663 -0.2518511 0.9149275 -0.3154025 0.178811 0.9435786 -0.2787221 0.3345348 0.9076802 -0.2533835 0.480637 0.8491447 -0.2189551 0.8901544 0.4529715 -0.04941551 0.1714418 0.9126035 0.3711638 0.4555551 0.8387587 0.2982507 0.7143831 0.6970077 0.06194299 0.65057 0.7403555 0.1692113 0.7559322 0.632991 0.1669998 0.8758534 0.4819208 0.02516225 0.6340925 0.72884 0.2583003 0.5404297 0.7861656 0.2997991 0.3139131 0.8558305 0.4111115 0.04987872 0.8914612 0.4503432 -0.3669568 0.9127407 0.179575 -0.2570937 0.8280812 0.4981811 -0.9873325 0.1053562 0.1186368 -0.9513184 0.215138 0.2207012 -0.9118998 0.3038578 0.275879 -0.792118 0.5174874 0.3236601 -0.5443193 0.7012254 0.4604339 -0.6666577 0.6088009 0.4300337 -0.7430575 0.5239799 0.4163058 -0.8914606 0.3060055 0.3341536 -0.9394902 0.1882644 0.2862073 -0.9599218 0.1218692 0.2523847 -0.9785494 0.03924418 0.2022399 -0.9676322 -0.246561 0.05381004 -0.9512079 -0.304157 -0.05188459 -0.9383879 -0.3445082 -0.02724467 -0.3205985 0.6788924 -0.6605465 -0.9363753 -0.3499907 -0.02660611 0.3240562 -0.8042465 -0.4981718 -0.2987325 0.6880226 -0.66135 -0.9302989 -0.3665917 -0.01243164 -0.9302855 -0.3666256 -0.01243032 -0.9302678 -0.3666703 -0.01243478 0.3234438 -0.8045565 -0.4980693 -0.9313515 -0.3638255 -0.01467269 -0.9313292 -0.3638506 -0.01544973 -0.9312541 -0.3640117 -0.01616288 -0.9254281 -0.3787678 0.01085625 -0.3237023 0.8044148 0.4981302 0.3236759 -0.8044183 -0.4981416 -0.2277141 0.7931993 -0.5647842 -0.217782 0.4479672 -0.8671196 -0.2588742 0.6082562 -0.7503389 -0.09968837 0.07998956 -0.9917983 -0.06838598 -0.08286235 -0.9942118 0.007200279 -0.3152279 -0.9489887 -0.03737597 -0.1783317 -0.9832603 0.03221328 -0.3917729 -0.9194979 0.07792607 -0.5260759 -0.8468599 0.6709819 -0.7321048 0.1174984 0.5546889 -0.8133481 0.1754567 0.3600551 -0.9106707 0.2025812 0.2234627 -0.9567363 0.1863335 0.01595186 -0.9936818 0.1110944 -0.2150565 -0.9740741 -0.07021566 0.03768032 -0.9656871 0.2569602 0.3877077 -0.1705341 -0.9058702 0.1986262 -0.816236 -0.5425002 0.1694631 -0.7560491 -0.6321962 0.1463468 -0.7048481 -0.6940978 0.1049459 -0.6028396 -0.7909303 -0.04150001 -0.9736941 0.2240483 0.4595449 -0.1608548 -0.8734668 -0.1087213 -0.9749702 0.1939401 0.5250306 -0.1574724 -0.8363882 -0.3068379 -0.951443 0.02463225 0.7074991 -0.1782995 -0.6838526 -0.4025366 -0.9096677 -0.1023177 0.7977814 -0.2185871 -0.5619292 -0.1305265 0.1521224 -0.9797049 -0.1812144 0.3031988 -0.9355383 -0.1981695 0.3799192 -0.9035432 -0.4985529 -0.6822324 -0.5347934 0.8888161 -0.4294995 -0.1597999 -0.05869547 0.1122131 -0.9919491 0.005022701 -0.06170853 -0.9980816 0.08921673 -0.2891193 -0.9531267 0.03357638 -0.1397145 -0.9896224 -0.1369471 -0.2887211 -0.9475683 0.5659165 -0.7948176 0.219097 -0.0812206 -0.245605 -0.9659614 0.5021627 -0.8316446 0.237065 0.0004683541 -0.2066742 -0.9784097 0.4300363 -0.8678411 0.2488387 0.2836154 -0.9263307 0.2479389 0.1614472 -0.1443747 -0.9762637 0.2100984 -0.9486313 0.2365529 0.2332573 -0.1201206 -0.9649674 0.135493 -0.966719 0.2170162 0.3157306 -0.09961062 -0.9436058 -0.07705223 -0.9901664 0.1167622 0.545117 -0.07510036 -0.8349894 -0.3476184 0.9048828 -0.2456595 -0.288116 0.9330487 -0.215428 -0.3762384 0.840923 -0.3889641 -0.5116677 0.7036315 -0.4930506 -0.1995217 -0.9796696 0.02094007 0.672795 -0.08742482 -0.7346454 -0.2546171 -0.9662996 -0.03788521 0.7332336 -0.1007939 -0.6724649 -0.4561261 -0.5926107 -0.6638987 0.8523971 -0.5216386 -0.03622662 -0.4051071 0.9028192 -0.1442418 -0.2644173 0.9222614 -0.2819882 -0.06809273 0.9641696 -0.256399 -0.05637943 0.9648897 -0.256533 0.1749573 0.9567643 -0.2323618 -0.5785826 -0.785934 -0.2180596 0.1657542 0.9615255 -0.2190758 0.3556464 0.9156967 -0.1871234 0.4179499 0.8993975 -0.1280703 0.4022397 0.9066592 -0.1271705 0.5250895 0.8466771 -0.08613242 0.856629 0.5135843 0.04917258 0.8767807 0.480862 -0.005236084 0.8038102 0.5939765 0.0328789 -0.2476684 0.9320625 -0.2644238 -0.2668308 0.9226625 -0.2783796 -0.1187104 0.9657676 -0.2306527 -0.2896081 0.9267306 -0.2393691 -0.1335264 0.9640258 -0.2298367 0.08223878 0.9814162 -0.1733752 0.5255065 0.8491176 -0.05331294 0.3606766 0.9289196 -0.08378952 0.3396879 0.9366171 -0.08579387 0.5391427 0.8422143 0.0003864623 0.5945222 0.8040246 -0.009376061 0.7350649 0.6706208 0.09973619 -0.5170458 -0.846481 -0.127018 -0.4234616 -0.8953331 -0.1380539 -0.2943725 0.9324109 -0.2096538 -0.08639768 0.9842906 -0.1539725 0.3748572 -0.7006315 -0.6071223 -0.09991028 0.98434 -0.1452334 -0.04192117 0.9944823 -0.09616382 0.04752036 0.9973908 -0.05434522 -0.06029709 0.9945945 -0.08453452 0.1392744 0.9891764 0.0461818 0.03410192 0.9979811 -0.05357917 0.3513365 0.9361414 0.01421257 0.373972 0.9202326 0.1153992 0.5270856 0.8327718 0.1693278 -0.3517613 0.9090656 -0.2233019 -0.2931283 0.9339568 -0.2044516 -0.2339779 0.9618216 -0.141963 -0.2560478 0.9592918 -0.1191583 -0.04908715 0.9953706 -0.08263108 0.04221312 0.9986622 0.02986561 0.373972 0.9202326 0.1153992 0.1416044 0.9806217 0.1353859 0.373972 0.9202326 0.1153992 0.4943853 0.8486813 0.1879449 0.144314 0.9797053 0.1391077 0.4611292 0.8544988 0.2391477 -0.284302 0.9445103 -0.1645379 -0.130205 0.9887205 -0.0740163 -0.154579 0.9853683 -0.07179627 0.03876257 0.9990147 0.0216141 0.3236552 -0.8044355 -0.4981273 0.07276264 0.9840971 0.1620445 0.3023695 0.9090881 0.286586 0.1349134 0.9827877 0.1262008 -0.313282 0.935885 -0.1611632 -0.2051323 0.9750967 -0.08430417 -0.2286371 0.9699167 -0.08358609 -0.04336215 0.9983007 0.03892831 -0.06708284 0.9970038 0.0385137 0.09909508 0.9816323 0.1630284 0.1306667 0.9840915 0.1203753 -0.3425085 0.9242921 -0.1684402 -0.2661816 0.9592313 -0.09498759 -0.2963953 0.9506718 -0.09150357 -0.2963953 0.9506718 -0.09150357 -0.291337 0.9516724 -0.09717203 -0.1500574 0.9882661 0.0285123 -0.1387536 0.9897247 0.03453233 0.0129617 0.9840937 0.1771766 0.002588069 0.9850014 0.1725272 0.1517921 0.9393111 0.3076588 -0.3345701 0.9330887 -0.1319404 -0.3421217 0.9257671 -0.1609596 -0.2963953 0.9506718 -0.09150357 -0.2997642 0.9494832 -0.09286064 0.323699 -0.8044159 -0.4981306 -0.1244832 0.9840239 0.1272832 -0.01572122 0.9811283 0.1927179 -0.00340604 0.9741979 0.2256699 0.1623956 0.8951623 0.4151051 0.2608266 0.9001308 0.3489041 0.3375527 0.8832066 0.3255829 0.3240563 -0.8042342 -0.4981915 0.5461186 0.8028303 0.239203 0.6806592 0.7163457 0.1534665 0.2983123 -0.9336922 0.1980624 0.1444457 -0.145588 -0.9787439 0.8054206 0.5857487 0.09053268 0.7765371 0.6247774 -0.08150666 0.8797643 0.4747314 -0.02539349 0.7213169 0.6838779 -0.1096037 0.5305385 0.8226162 -0.2045273 0.6698366 0.7267144 -0.1523322 0.3627222 0.900583 -0.2395474 0.5440191 0.8122424 -0.2104888 0.08826834 0.9475273 -0.3072469 -0.3360535 0.8950793 -0.2930888 -0.2656397 0.9224667 -0.2801622 -0.2166811 0.9291055 -0.2996868 -0.316099 0.9127723 -0.2587049 -0.4912075 -0.8095495 -0.3214728 0.8566431 -0.353514 -0.3757533 -0.3592304 0.9078663 -0.2161764 -0.4589842 -0.8881514 0.02281643 -0.3243347 0.9283216 -0.1817306 -0.3409382 0.9251003 -0.1671842 -0.2553447 0.96685 -0.0003780271 -0.1122413 0.9709866 0.2111562 0.3202965 -0.8057989 -0.4980946 0.3235347 -0.8044933 -0.4981122 -0.3223686 0.8794602 0.3501832 -0.5418217 0.8113624 0.2193632 -0.4650843 0.8226514 0.3270188 -0.5267157 0.7553504 0.3898928 -0.5914022 0.7049187 0.3915776 -0.3336105 0.8096498 0.4828781 -0.2001889 0.8529914 0.4820063 0.07799695 0.8933002 0.4426411 -0.1129153 -0.8847334 -0.4522133 0.2389231 -0.8339801 -0.4973861 0.2921259 -0.9215702 -0.2556771 -0.03702122 0.9161574 0.3991052 -0.0467618 0.904713 0.4234475 -0.08101975 -0.9670219 0.241463 0.3252218 -0.8037708 -0.4981799 -0.7183533 0.5739666 0.3931041 -0.7870498 0.5038935 0.3558707 -0.9924902 -0.04728405 0.1128158 -0.9530309 -0.3028724 -0.0006747895 -0.9602843 -0.2755845 -0.04367213 -0.9820716 0.0276946 0.186463 -0.957533 0.1490539 0.2468066 -0.8119497 0.4440957 0.378836 -0.7407894 0.5304817 0.4120926 -0.7047133 0.5676457 0.4256262 -0.6255441 0.6395401 0.4468591 -0.02591767 -0.9249194 0.3792788 0.322941 -0.8047393 -0.4981001 0.1171376 -0.9396323 0.3215119 -0.2626276 0.7176755 -0.6449563 0.2450557 -0.859467 0.4486247 -0.2430668 0.7238414 -0.6457338 0.4082212 -0.8262691 0.3881171 -0.273871 0.713821 -0.6445574 -0.1682307 0.6623724 -0.7300419 -0.2729118 0.7143774 -0.6443477 -0.1843622 0.644434 -0.742102 -0.2608822 0.7223262 -0.6404571 -0.2497424 0.6968051 -0.6723775 -0.2582387 0.6720056 -0.6940614 -0.2834284 0.6909144 -0.6650606 -0.2802719 0.7285229 -0.6250616 -0.2363175 0.7453274 -0.6234108 -0.1897748 0.746137 -0.6381732 -0.2732013 0.7141747 -0.6444498 -0.2320445 0.7296917 -0.6431994 -0.1840819 0.7532972 -0.631393 -0.2735932 0.7140909 -0.6443763 0.322798 -0.8047498 -0.4981759 0.3235692 -0.8044577 -0.4981474 0.3237007 -0.8044041 -0.4981485 0.323595 -0.8044296 -0.4981759 -0.07652924 0.2276442 -0.9707324 -0.3756079 -0.8986608 -0.2265558 0.8611211 -0.1812127 -0.4750077 -0.5838922 -0.787632 -0.1967377 0.7872161 -0.4078637 -0.4625343 -0.3734765 -0.9257094 0.05981091 0.6524662 -0.3248695 -0.6846515 -0.5135906 -0.8554189 -0.06695689 0.7404548 -0.390213 -0.5472298 0.323733 -0.8044116 -0.4981153 0.32365 -0.8044393 -0.4981245 0.704138 -0.5569856 -0.4404052 0.3236215 -0.8044159 -0.498181 0.3238266 -0.8043763 -0.4981115 0.3237351 -0.8044567 -0.4980413 -0.1878543 -0.8787327 -0.4387934 0.6338031 -0.4065805 0.6580166 0.3236187 -0.8044444 -0.4981367 0.3238533 -0.8043871 -0.4980767 -0.3636546 -0.4489401 -0.8162158 -0.3156577 -0.4031332 -0.8589784 0.7595905 -0.6428641 0.09873231 0.7135 -0.6868388 0.1384564 0.3237402 -0.8044631 -0.4980275 -0.1563926 0.4320858 -0.8881685 -0.1481188 0.780166 -0.6077844 -0.2726765 0.7142917 -0.6445424 -0.1437655 0.7831682 -0.604962 -0.2735439 0.7140942 -0.6443936 0.3235585 -0.8044684 -0.4981371 -0.2727367 0.7142874 -0.6445217 -0.1242293 0.8060215 -0.5787024 -0.2731458 0.7141848 -0.6444621 -0.1815204 0.7991797 -0.5730289 -0.2730055 0.7142225 -0.6444798 -0.2145644 0.7957353 -0.5663634 -0.2728136 0.7143441 -0.6444264 -0.2446394 0.8458423 -0.4740278 -0.2820107 0.7431366 -0.6068097 -0.2728967 0.714377 -0.6443546 -0.2944951 0.7583761 -0.5814967 -0.2729047 0.7143784 -0.6443497 -0.2950275 0.756748 -0.5833449 0.3235074 -0.8045545 -0.4980312 0.7489258 -0.4836266 0.4530071 -0.2724849 0.7145257 -0.6443641 -0.3562119 0.7170247 -0.5991566 0.3229247 -0.8047139 -0.4981519 -0.2729447 0.7143539 -0.6443599 -0.385461 0.7025647 -0.5981828 -0.271786 0.7147995 -0.6443555 -0.3936252 0.6930012 -0.6039938 -0.2548157 -0.871453 -0.4190926 0.9612028 -0.1494967 -0.2318188 -0.274159 0.7138848 -0.6443643 -0.397877 0.6807331 -0.615058 0.8260738 -0.506972 0.2461329 0.877188 -0.459099 0.1406035 0.3172084 -0.8068901 -0.4983044 0.3237745 -0.80439 -0.4981232 -0.4995083 -0.7742207 -0.3886822 0.8906719 -0.3477512 -0.2928696 -0.4014391 -0.8669436 -0.2953902 0.8891516 -0.2122861 -0.4053938 -0.5083834 -0.7159893 -0.4784408 0.8667831 -0.4371076 -0.2400501 0.3201404 -0.8057806 -0.4982246 0.3084114 -0.8114579 -0.4964056 0.3236693 -0.8044308 -0.4981257 -0.2786799 0.7284547 -0.6258524 -0.3311295 0.7064434 -0.6255325 -0.2787247 0.7284382 -0.6258517 -0.1932518 0.7584057 -0.6224746 0.3236326 -0.8044359 -0.4981414 0.8728335 -0.4856014 0.04850714 -0.301508 -0.3811918 -0.8739484 0.6826302 -0.7237437 0.1010501 0.1615605 -0.4764708 0.8642186 0.1705892 -0.4616297 0.8705156 0.9298449 -0.1787095 -0.3216386 0.9091706 -0.1856354 -0.3727576 0.898635 -0.0482587 -0.4360346 0.8230679 -0.1146991 -0.5562403 0.7451533 0.0315112 -0.6661483 0.621389 -0.01232741 -0.7834052 0.5273119 0.04806232 -0.8483114 0.4402127 -0.0896136 -0.8934104 0.3833215 -0.01810099 -0.9234376 0.2116426 0.1695997 -0.9625193 0.3339574 -0.7995351 -0.4992155 0.368195 -0.1820311 -0.911755 0.5866233 -0.2022682 -0.7841943 0.6594058 -0.2165715 -0.7199172 0.7472161 -0.268793 -0.607798 0.798724 -0.3317562 -0.5019739 0.1915253 -0.4588589 -0.8676212 -0.01841121 -0.2094993 -0.9776354 0.436897 -0.8779778 0.1956425 -0.5142762 -0.8532497 -0.08651545 0.7653677 -0.3604996 -0.5331532 -0.4841503 -0.6294229 -0.6078037 0.8732422 -0.4780393 -0.0944796 -0.6004479 -0.7559679 -0.2607198 0.7949816 -0.4385232 -0.4191678 0.323521 -0.8045132 -0.4980891 0.3236417 -0.8044724 -0.4980765 0.3328808 -0.800806 -0.4978957 0.764908 -0.4903166 -0.4177384 0.3235133 -0.8044691 -0.4981652 -0.3708436 -0.9200747 0.1262443 0.6677286 -0.2694479 -0.6939282 -0.4698628 -0.8479668 -0.2453186 0.8602939 -0.2744285 -0.4296317 -0.3561218 -0.9338245 -0.03389832 0.7551282 -0.1953673 -0.6257899 0.08692614 -0.9459499 0.3124462 0.3597564 -0.1949513 -0.9124524 0.3256849 -0.8036237 -0.4981147 0.3235063 -0.8044699 -0.4981685 0.2073478 -0.9239032 0.3215739 0.2830754 -0.2458178 -0.9270609 -0.242575 -0.8715536 -0.4260888 0.8943856 -0.350252 0.2782048 0.1016848 -0.2231209 -0.9694727 0.3236928 -0.8044522 -0.4980758 0.1496527 -0.3476229 -0.9256146 -0.3024965 -0.9424588 0.1423634 0.6147408 -0.2437343 -0.7501249 -0.08215781 -0.9629878 0.2567188 0.462803 -0.2001261 -0.8635757 0.32368 -0.8044708 -0.4980542 0.3182851 -0.8067889 -0.4977814 0.3236294 -0.8044372 -0.4981414 0.3235672 -0.804458 -0.4981482 0.3238779 -0.8045308 -0.4978285 0.05204779 -0.09528651 -0.9940883 0.3235201 -0.8044836 -0.4981375 -0.15774 0.4315915 -0.8881705 -0.4450302 -0.8955154 -0.0005536113 0.7245756 -0.3135557 -0.6137369 0.3246215 -0.8040878 -0.4980599 0.3242181 -0.8042096 -0.498126 0.3235786 -0.8044297 -0.4981864 0.3235365 -0.8044845 -0.4981253 0.3240841 -0.8042987 -0.4980694 0.192511 -0.9291226 0.3157066 0.2722793 -0.2475669 -0.929825 0.3236414 -0.8044603 -0.4980963 0.3239793 -0.8043125 -0.4981154 0.1882722 -0.5069977 0.8411343 0.398634 -0.8791891 -0.2609932 -0.0004404639 -0.9583947 0.2854459 0.4128448 -0.1938073 -0.8899426 0.1755125 -0.9243979 0.33865 0.315736 -0.1972499 -0.9281181 0.3234748 -0.8045059 -0.4981309 0.2078441 -0.9218665 0.327052 0.2711188 -0.1995076 -0.9416429 0.3237015 -0.8043981 -0.4981576 -0.4322408 -0.8877494 0.1583318 0.786419 -0.4627575 -0.4091462 -0.4480786 -0.8615157 0.2387806 0.7819306 -0.4676366 -0.4121899 -0.3743383 -0.8303311 0.4128209 0.7730835 -0.4766772 -0.4184744 0.3236183 -0.8044202 -0.4981761 0.3237808 -0.8043868 -0.4981244 -0.01576187 -0.6012435 0.7989104 0.717456 -0.5435676 -0.4356504 0.08616136 -0.537026 0.8391539 0.702045 -0.5590705 -0.4411044 0.1701618 -0.462082 0.8703592 0.1868165 -0.466497 0.8645693 -0.1083016 -0.6686181 0.7356769 0.7292314 -0.5301063 -0.4326764 -0.3102486 -0.7932441 0.5239367 0.7571561 -0.4991162 -0.4214234 -0.3842261 -0.8427361 0.3770493 0.7682288 -0.4862703 -0.416372 -0.4856663 -0.8468008 0.2169255 0.7769098 -0.4761418 -0.4119468 -0.5250968 -0.846209 0.09057422 0.7830197 -0.4689503 -0.4086144 -0.5736327 -0.8118858 -0.1085676 0.7889101 -0.4614361 -0.4058294 -0.6065167 -0.7547599 -0.24995 0.7908103 -0.4589961 -0.4048971 -0.6050854 -0.7442224 -0.2828508 0.7835439 -0.4659754 -0.4110059 -0.6051535 -0.7441454 -0.2829077 0.7989379 -0.4443455 -0.4052844 -0.5973729 -0.7629841 -0.2469834 0.8013347 -0.4451942 -0.3995808 0.9006056 0.4333885 0.03292281 0.902507 0.4295963 0.03046579 0.9271225 0.374749 -0.002679585 0.9141552 0.4050576 0.01576998 0.9140527 0.405283 -0.015917 0.9093191 0.4153365 -0.02518702 0.9083507 0.4165981 -0.0366743 0.4377943 -0.7419827 -0.5077379 0.7350614 -0.5096939 -0.4470982 0.8078748 -0.4197068 -0.4137444 0.9452254 -0.1453678 -0.2922621 0.972621 -0.02224435 -0.2313302 0.9809618 0.1003582 -0.1662596 0.9721421 0.2103547 -0.103395 0.9531168 0.2983709 -0.05042962 0.934399 0.3559236 -0.01472892 0.8336814 -0.2260586 -0.503858 0.8823536 -0.2779254 -0.3797494 0.7109735 -0.5357836 -0.4554697 0.6898914 -0.4802242 -0.541696 0.4985891 -0.6627417 -0.5587327 0.5527415 -0.6047271 -0.5733951 0.5580772 -0.666636 -0.4941116 0.5088516 -0.7000033 -0.5010643 0.3470305 -0.7628925 -0.545495 0.3535564 -0.7825738 -0.5124217 0.3342978 -0.8004553 -0.49751 0.4222511 -0.783753 -0.4554507 0.4833857 0.8166372 0.3153443 0.3352125 0.8658926 0.3712986 0.1923344 0.8898506 0.413731 -0.2386908 0.8437806 0.4806881 0.2279467 0.8855525 0.4047679 0.4971435 0.8105331 0.3096522 0.8146411 0.5675974 0.1191347 0.8755289 0.4792407 0.0614611 0.8040621 0.5805532 0.1282265 0.197295 -0.8632328 -0.4646546 0.320581 -0.7961594 -0.5131842 0.2965741 -0.8233901 -0.4838104 0.2534877 -0.8202373 -0.5127911 -0.2491142 -0.8620342 -0.4414058 -0.3804133 -0.8335417 -0.4006169 -0.58001 -0.7508997 -0.3158133 -0.6560094 -0.7030143 -0.2746317 -0.8183453 -0.552241 -0.159188 -0.8832364 -0.4593302 -0.09438858 -0.9221869 -0.3841759 -0.04450029 -0.9689633 -0.2441958 0.03845079 0.1700275 -0.8528723 -0.4936593 0.1700255 -0.8528724 -0.4936598 0.3236475 -0.8044223 -0.4981536 0.3235725 -0.8044524 -0.4981537 -0.1556498 0.4252197 -0.8916061 -0.07743159 0.08557002 -0.9933187 0.115236 -0.6173238 -0.7782237 0.1419721 -0.7060291 -0.6938061 0.1677683 -0.7835144 -0.5982968 0.2038404 -0.8593116 -0.4690764 0.3189075 -0.791426 -0.5214815 0.3035673 -0.7485233 -0.589542 0.2774719 -0.67629 -0.682379 0.2406397 -0.579017 -0.7789941 0.1967007 -0.4658045 -0.8627485 0.05237841 -0.09485242 -0.9941124 -0.0003734765 0.03958555 -0.9992161 -0.05735156 0.1833906 -0.9813657 -0.1159923 0.3284879 -0.9373588 0.08283331 -0.5115245 -0.8552668 0.04300475 -0.374043 -0.9264137 0.001284118 -0.2200866 -0.9754795 -0.04176032 -0.05962223 -0.9973471 -0.1040732 0.1913805 -0.9759827 -0.1280903 0.2838264 -0.9502818 -0.1487481 0.3729108 -0.9158666 -0.1153375 0.2338926 -0.9653971 -0.08040305 0.08987141 -0.9927026 -0.04744301 -0.04804139 -0.997718 -0.02290451 -0.1405894 -0.989803 0.005121489 -0.2375873 -0.9713527 0.09832723 -0.5672172 -0.8176775 0.1579425 -0.7508305 -0.6413328 0.2306918 -0.9189467 -0.3198724 0.3171017 -0.7880429 -0.5276693 0.2168001 -0.8406091 -0.4963609 0.1746577 -0.8029321 -0.5699077 0.1387331 -0.6929952 -0.7074679 0.1192331 -0.6312441 -0.7663644 0.07892696 -0.5035491 -0.8603539 0.06067266 -0.4348519 -0.8984557 0.03587574 -0.3473567 -0.9370466 -0.1426381 0.3501542 -0.925768 -0.0944808 0.2688759 -0.9585297 -0.04421256 0.1426456 -0.9887859 0.01103407 0.003708357 -0.9999322 0.06464879 -0.1335388 -0.9889327 0.1160819 -0.2658468 -0.9570008 0.1641701 -0.3897246 -0.9061804 0.2095904 -0.5076196 -0.8356998 0.2535559 -0.6224291 -0.740467 0.2930272 -0.7259756 -0.6221692 0.3237263 -0.8044309 -0.4980885 0.3237728 -0.8043821 -0.4981371 0.3236312 -0.8044467 -0.4981248 0.3235589 -0.8044754 -0.4981254 0.323667 -0.8044041 -0.4981704 0.2518232 -0.8302592 -0.4972471 0.2478792 -0.8320034 -0.4963126 0.2360054 -0.8380547 -0.4919002 0.228557 -0.8403065 -0.4915757 -0.1409671 0.3726938 -0.9171846 -0.1129558 0.2859003 -0.9515787 -0.08366568 0.1964128 -0.9769453 -0.02137868 0.009251695 -0.9997286 0.2542616 -0.829256 -0.4976802 0.2007816 -0.4781952 -0.8549948 0.1530103 -0.3546092 -0.92241 -0.1157719 0.3286102 -0.9373432 0.2505493 -0.8356716 -0.4887516 0.2500924 -0.7796159 -0.5741541 0.2311573 -0.7266423 -0.64696 0.2099672 -0.6673192 -0.714562 0.1849955 -0.5950215 -0.7821292 0.151008 -0.4978617 -0.8540084 0.1093232 -0.3729547 -0.9213866 0.06354343 -0.237513 -0.9693038 0.01594702 -0.1028203 -0.9945721 -0.05323433 0.1049935 -0.9930471 -0.1607283 0.4341113 -0.886405 -0.1346827 0.355817 -0.9247999 -0.1045994 0.2632147 -0.95905 -0.07837088 0.1818997 -0.980189 0.02387337 -0.1249038 -0.9918816 0.0919236 -0.3260698 -0.9408658 0.1650087 -0.5449409 -0.8220776 0.1891411 -0.6081247 -0.7709799 0.2109339 -0.6700605 -0.7117063 0.2314774 -0.7278324 -0.6455061 0.2731909 -0.8199102 -0.5031044 0.2499236 -0.7790299 -0.5750223 0.1432313 -0.482082 -0.8643389 0.1222514 -0.4136539 -0.9021891 0.05452327 -0.2186687 -0.9742747 -0.006805085 -0.02944471 -0.9995432 -0.04601258 0.08661395 -0.9951788 -0.1574351 0.4315174 -0.8882606 -0.1303964 0.3632127 -0.9225363 -0.09203858 0.2648725 -0.959881 0.3236333 -0.8044279 -0.4981538 0.3236432 -0.8044397 -0.4981284 0.3233394 -0.8045583 -0.4981341 0.2942604 -0.8156124 -0.4981839 0.2911879 -0.8168624 -0.4979411 0.2881274 -0.818197 -0.4975302 0.2787599 -0.8210563 -0.4981561 0.3239703 -0.8051342 -0.4967919 0.3205996 -0.8072989 -0.4954638 0.323545 -0.8044678 -0.4981467 0.3676449 -0.7860626 -0.4969334 0.3613624 -0.7895463 -0.496018 0.3571097 -0.7921717 -0.4949107 0.3500283 -0.7940397 -0.496972 0.3478153 -0.7946035 -0.4976241 0.3277511 -0.8031586 -0.4975093 0.3236241 -0.8044532 -0.498119 0.3235297 -0.804495 -0.4981128 0.3234474 -0.804517 -0.4981306 0.3236597 -0.8044339 -0.498127 -0.1565446 0.4274711 -0.890372 -0.1573611 0.4335792 -0.8872691 -0.08876353 0.2920487 -0.9522755 -0.04926009 0.2065349 -0.9771984 0.1944364 -0.3347945 -0.9220125 0.2474213 -0.4582855 -0.8536727 0.28969 -0.5578283 -0.7777579 0.3406689 -0.6828949 -0.6462192 0.3671014 -0.7508831 -0.5490092 0.3601082 -0.7896148 -0.4968205 0.3671014 -0.7508831 -0.5490092 0.4209475 -0.7927688 -0.4408184 0.304785 -0.7535363 -0.5824854 -0.1237417 0.3442746 -0.9306788 0.3244696 -0.642062 -0.6946049 0.1312019 -0.1905914 -0.9728623 0.06198341 -0.03656235 -0.9974073 -0.001621548 0.1029063 -0.9946897 -0.1279347 0.3738693 -0.9186155 0.268103 -0.5036719 -0.8212401 0.2996392 -0.5776023 -0.7593365 0.3671014 -0.7508831 -0.5490092 0.3573511 -0.7176183 -0.597766 0.4083669 -0.8490795 -0.3351126 0.3236255 -0.8044451 -0.498131 0.3384074 -0.6703765 -0.6603604 0.2402028 -0.440507 -0.865018 0.212772 -0.3763728 -0.9017048 0.1768202 -0.2898843 -0.9405859 0.1283663 -0.1841887 -0.9744725 0.08866364 -0.09665952 -0.9913605 0.04751337 -0.002784317 -0.9988667 -0.003760166 0.1079073 -0.9941538 -0.04624264 0.1983053 -0.9790488 -0.08263142 0.2756707 -0.9576939 -0.1239195 0.3640706 -0.9230908 -0.09144497 0.2661523 -0.9595837 -0.05434313 0.1693496 -0.9840567 -0.01886799 0.08087114 -0.996546 0.01593611 -0.004568027 -0.9998626 0.2559668 -0.6250968 -0.7373839 0.2817328 -0.6912127 -0.665471 0.3045056 -0.7523913 -0.5841092 0.323722 -0.804398 -0.4981445 -0.4706996 -0.8467093 -0.2480428 0.8382315 -0.3215756 -0.4404057 -0.1979243 -0.8780309 -0.435761 0.7245264 -0.3677844 0.5829204 0.3236179 -0.8044323 -0.4981568 0.3235359 -0.8044834 -0.4981275 0.3238026 -0.8043628 -0.4981489 0.3240037 -0.8042525 -0.4981962 -0.3266185 0.8124742 0.4829142 0.3236382 -0.8044416 -0.4981285 -0.1173227 -0.8841072 -0.452316 0.2550767 -0.4480036 0.8568715 -0.2244449 -0.9564793 0.1864719 0.563484 -0.2235969 -0.7952925 0.6776667 -0.6798909 0.2802074 0.5637503 -0.7514284 0.3428425 0.4575963 -0.8142594 0.3571936 0.3228519 -0.8702142 0.3721476 0.2093506 -0.9130293 0.3500711 0.06772899 -0.9442296 0.3222473 -0.0449816 -0.9601499 0.2758421 -0.1669719 -0.9668627 0.1931243 -0.270052 -0.9546358 0.1254689 -0.3618662 -0.9321292 0.01370819 -0.4407394 -0.8943926 -0.0762282 -0.4879708 -0.847807 -0.207624 0.6859717 -0.5746891 0.4462905 0.5678707 -0.6546242 0.498989 0.4359356 -0.7270798 0.5303915 0.2965021 -0.7888137 0.538386 0.1545727 -0.8473266 0.5080796 0.005554488 -0.8734133 0.486948 -0.135097 -0.8935478 0.4281602 -0.2671622 -0.8980237 0.3495394 -0.386723 -0.8866593 0.2535361 -0.4901611 -0.859824 0.1429852 -0.5743739 -0.818318 0.02122076 -0.6359616 -0.7643137 -0.1066653 0.3235739 -0.8044926 -0.4980879 0.3235881 -0.8043789 -0.4982623 0.323893 -0.804569 -0.497757 0.3230454 -0.8043487 -0.498663 0.3235676 -0.8044457 -0.4981678 0.3235924 -0.8044565 -0.4981343 0.6737886 -0.4555375 0.5818028 0.5462288 -0.5423886 0.6383171 0.4041181 -0.6204929 0.6720693 0.2538602 -0.6863101 0.6815669 0.107167 -0.7635364 0.6368103 -0.07627804 -0.7541653 0.6522395 -0.2109963 -0.7997881 0.5619783 -0.353263 -0.8046042 0.4773021 -0.4820431 -0.7923738 0.3738693 -0.593463 -0.7634706 0.2547828 -0.6841861 -0.7187535 0.1236231 -0.7518289 -0.6592007 -0.01441347 0.3236291 -0.8044462 -0.498127 0.2558432 -0.6247369 -0.7377317 0.05819435 -0.6496166 0.7580315 0.3237018 -0.8044114 -0.498136 0.3192857 -0.79262 -0.5194325 0.2817164 -0.691256 -0.6654329 0.6363914 -0.3186015 0.7024949 0.5025026 -0.3851915 0.7740275 0.3617208 -0.4722469 0.8038289 0.2112918 -0.5528696 0.8060341 -0.1331175 -0.6162787 0.7761961 -0.2900567 -0.6787871 0.6746223 -0.4440267 -0.6708684 0.5939494 -0.5782858 -0.6491263 0.4941868 -0.6922268 -0.6158582 0.376219 -0.7832773 -0.5721968 0.243038 -0.8491365 -0.5191159 0.09739553 0.6421183 -0.6927163 0.3283721 0.5932746 -0.7531863 0.2841402 0.5060635 -0.7497899 0.4262803 0.3686716 -0.8638957 0.3431698 0.1542163 -0.9203264 0.3594671 -0.1373423 -0.9593646 0.2464888 -0.2728076 -0.9338571 0.2312726 -0.2853549 -0.9555396 0.07427382 -0.3600055 -0.9287617 0.08830465 -0.6184316 -0.7494392 -0.2363964 -0.8810905 -0.4716898 -0.03447066 -0.8767379 -0.4783135 0.05046621 -0.7384809 -0.5986001 0.3103608 0.1396945 -0.5266426 0.8385303 0.2922992 -0.4798991 0.8271989 0.6836985 -0.2682264 0.6786832 0.8374971 -0.3397782 0.4279596 0.7353689 -0.4385182 0.5166569 0.8018136 -0.5638996 0.197768 0.7238034 -0.6400491 0.2577709 0.3392085 -0.06238386 -0.9386404 0.4717637 -0.02839072 -0.8812678 0.5771278 -0.0408597 -0.8156311 0.6904036 -0.043199 -0.7221334 0.7695061 -0.0778889 -0.6338719 0.8503482 -0.1104545 -0.5144975 0.8982204 -0.1560988 -0.4108932 0.9302993 -0.2287892 -0.2867031 0.9433481 -0.2815142 -0.1756249 0.9281484 -0.3675977 -0.05841578 0.9009207 -0.4316225 0.04521086 0.3235642 -0.8044765 -0.4981201 0.3235955 -0.8044078 -0.4982109 0.3234854 -0.8040394 -0.4988766 0.3236173 -0.804431 -0.4981593 0.3237689 -0.8043858 -0.4981338 0.3237649 -0.8044093 -0.4980983 0.3237262 -0.8043874 -0.4981588 0.3246549 -0.8046275 -0.4971657 0.3240573 -0.8045255 -0.4977204 0.3235246 -0.8044146 -0.4982458 0.8451357 -0.5099323 0.1603578 0.3098867 0.1329373 -0.941434 0.4476714 0.1517194 -0.881233 0.5786666 0.1546058 -0.8007758 0.6967656 0.1416783 -0.7031677 0.7984176 0.1133113 -0.5913458 0.8805693 0.0703934 -0.4686603 0.9407522 0.0142319 -0.3387961 0.9768974 -0.05362642 -0.2068711 0.9856533 -0.1475217 -0.08200558 0.9749934 -0.2154725 0.05440051 0.9366948 -0.3047443 0.1724349 0.3242282 -0.8042484 -0.4980568 0.3235069 -0.8044941 -0.498129 -0.1556235 0.4250985 -0.8916684 0.3045752 -0.7527244 -0.5836437 0.9999292 -0.01159234 0.002668457 -0.1588098 0.4289753 -0.8892467 0.879058 -0.3304244 0.3436231 0.2680266 0.3069584 -0.9132022 0.4167532 0.3261658 -0.8484884 0.5578628 0.3292688 -0.7618209 0.6850765 0.3153457 -0.6566789 0.7945795 0.2847967 -0.5362222 0.8830675 0.2385917 -0.4040616 0.9478962 0.1780248 -0.2641967 0.9868842 0.1060176 -0.1217368 0.9817775 -0.03871607 0.1860483 0.9435254 -0.1646326 0.2874995 0.226153 0.464972 -0.8559532 0.3803566 0.4993503 -0.778446 0.5200533 0.5140073 -0.6821591 0.6458582 0.5066172 -0.5711446 0.755592 0.4774281 -0.4484899 0.8466014 0.4272516 -0.3173675 0.9163657 0.3571645 -0.1808519 0.9622568 0.2690702 -0.04078069 0.986632 0.1361681 0.08952992 -0.05740414 0.1828359 -0.9814662 0.9146565 -0.02164329 0.4036523 0.8446628 -0.1290007 0.5195224 0.9522022 0.1288662 0.2769557 0.9587927 0.2299231 0.1668887 0.952878 0.3008296 0.03905177 0.9273393 0.3585359 -0.1072094 0.8767845 0.4100555 -0.2512038 0.4559906 0.5354477 -0.7108926 0.1555976 0.3340233 -0.9296332 0.1785476 0.2603361 -0.9488656 0.2260471 0.1128335 -0.9675595 0.6542597 -0.07458561 -0.7525831 0.8040198 -0.07064335 -0.5903912 0.9665555 -0.1746535 -0.1877941 0.9343187 -0.3251759 -0.1459765 0.9494386 -0.3036905 -0.07961483 0.9403372 -0.3374503 0.04351175 0.7701415 -0.6240681 0.1319887 0.7168342 -0.6726898 0.1834045 0.8295222 -0.488896 0.2699511 0.737103 -0.5782128 0.3497845 0.8388623 -0.4154233 0.3517579 0.739995 -0.5070969 0.4418825 0.8290887 -0.2668477 0.4913291 0.7232305 -0.3655507 0.5859269 0.8055842 -0.1735815 0.5664835 0.7022722 -0.2825448 0.6534388 0.323652 -0.8044438 -0.4981159 0.9407867 0.2808765 -0.1898124 0.8798152 0.3293761 -0.3426902 0.6777921 0.4485634 -0.5825708 0.556568 0.4802124 -0.6779588 0.2611739 0.4830976 -0.8357062 0.9560487 0.1313736 -0.2621296 0.1918705 -0.4595317 -0.8671888 0.2268972 -0.551508 -0.8027182 0.8015791 0.3136069 -0.5090399 0.3237048 -0.8044114 -0.4981341 0.3237815 -0.804404 -0.498096 0.4327568 0.4044378 -0.8056995 0.3237692 -0.8044047 -0.498103 0.1738483 0.3859062 -0.9060095 0.3200329 -0.8059092 -0.4980856 0.3234611 -0.8045135 -0.4981274 0.9298008 0.08801555 -0.3573845 0.3238254 -0.804359 -0.4981403 0.3237658 -0.8043952 -0.4981205 0.3234828 -0.8045059 -0.4981257 0.3236047 -0.8044517 -0.4981339 0.3236983 -0.8043921 -0.4981694 0.3237819 -0.8043732 -0.4981456 0.3237332 -0.8044225 -0.4980976 0.8987201 0.1348349 -0.4172791 0.3236337 -0.8044549 -0.49811 0.3236693 -0.8044264 -0.4981329 0.323341 -0.8045489 -0.4981482 0.3237193 -0.8044188 -0.4981127 0.7237776 0.2896889 -0.6262797 0.3237187 -0.8044048 -0.4981357 0.3232649 -0.8045796 -0.498148 0.6085225 0.3223506 -0.7251141 0.3211859 0.3473951 -0.8809973 0.3241142 -0.8042371 -0.4981492 0.954582 -0.06307052 -0.2911964 0.3048775 -0.7537756 -0.5821271 0.8885866 -0.005887646 -0.4586711 0.834667 0.08488177 -0.5441746 0.3235378 -0.8041704 -0.4986314 0.7456448 0.1098447 -0.6572275 0.6365383 0.156993 -0.7550974 0.4889791 0.2143381 -0.8455523 0.3705476 0.194991 -0.9081151 0.3237664 -0.8043762 -0.4981509 0.2328636 0.2089401 -0.9497992 0.9175482 -0.1492198 -0.3685631 0.3234098 -0.803995 -0.4989972 0.8191981 -0.07555136 -0.5685125 0.3239146 -0.8043372 -0.4981175 0.3235782 -0.8044653 -0.4981293 0.8714721 -0.2719183 -0.4081628 0.3237161 -0.8044339 -0.4980903 0.3233781 -0.8045504 -0.4981217 0.3236952 -0.8044169 -0.4981314 0.8530555 -0.217223 -0.4744582 0.3245762 -0.8041021 -0.4980663 0.7784414 -0.1522322 -0.6089782 0.3235619 -0.8044815 -0.4981136 0.3237058 -0.8043815 -0.4981816 0.323609 -0.8044387 -0.4981521 0.7271166 -0.06306763 -0.6836109 0.6468685 -0.04344836 -0.7613628 0.323623 -0.8044431 -0.4981361 0.5265854 0.02923876 -0.8496193 0.4122533 0.004987936 -0.9110556 0.2919156 0.04107666 -0.9555616 0.3238052 -0.8043789 -0.4981212 0.325245 -0.8038075 -0.4981056 0.8103948 -0.3627817 -0.460054 0.3225558 -0.8047984 -0.4982543 0.7836812 -0.289233 -0.5497164 0.3237788 -0.8044378 -0.4980433 0.3259719 -0.8035188 -0.4980962 0.3235026 -0.8044794 -0.4981555 0.7057563 -0.2370519 -0.6676184 0.5292986 -0.1561502 -0.8339425 0.3027741 -0.1440294 -0.9421164 0.2579546 -0.02598447 -0.9658076 0.2021542 0.1955917 -0.9596236 0.1289579 0.4116347 -0.9021789 0.1049752 0.4643398 -0.8794139 0.09272965 0.5080105 -0.8563449 0.2407661 0.5586966 -0.7936559 0.3687288 0.5585952 -0.7429741 0.5466335 0.5607872 -0.6218597 0.8362829 0.4634591 -0.2929789 0.9237375 0.3727061 -0.08831249 0.9332649 0.3588312 -0.01602402 0.9518866 0.3018595 -0.05284749 0.9750598 0.1808602 -0.1286387 0.9609243 -0.09806103 -0.2588599 0.8753037 -0.3182475 -0.3640907 0.820648 -0.38748 -0.4199953 0.4581069 -0.1538142 -0.875488 0.2717798 -0.1477041 -0.950957 -0.1368338 -0.679182 0.7211022 0.7352685 -0.5241874 -0.4296601 -0.2508267 -0.7483381 0.6140652 0.7528973 -0.5027369 -0.4247367 -0.3319296 -0.8095966 0.4841241 0.7667462 -0.4840053 -0.4217098 -0.4169061 -0.8503987 0.3209539 0.7777481 -0.4720091 -0.4151087 -0.5480707 -0.8354884 0.03972 0.7871369 -0.4619734 -0.4086515 -0.5679607 -0.8214451 -0.0514639 0.7932764 -0.4548588 -0.4047419 -0.5902783 -0.7926499 -0.1525701 0.7979624 -0.4492914 -0.4017377 0.4019172 -0.7488704 -0.5269304 0.1888882 -0.8122537 -0.5518743 -0.1255259 -0.8682466 -0.4799908 0.1823889 -0.8208229 -0.54128 -0.1046158 -0.8839495 -0.4557289 0.2447398 -0.8337991 -0.4948551 0.1770097 -0.4827621 0.8576761 0.1834829 -0.4736997 0.8613609 0.1778912 -0.4769782 0.8607244 0.3905233 -0.7763879 -0.4946851 0.4438062 -0.7489026 -0.4921188 0.4426402 -0.679906 -0.5846344 0.6928757 -0.5327758 -0.4858737 0.323996 -0.8043151 -0.4981002 -0.1420056 -0.9873336 0.07075897 0.6088355 -0.079099 -0.7893432 0.3236191 -0.8044562 -0.4981173 0.3235438 -0.8044998 -0.4980959 0.08386061 -0.5293611 0.8442418 0.7004561 -0.561459 -0.4405962 -0.2185633 0.1838796 -0.9583415 -0.1178064 -0.1235875 -0.9853161 0.0002279158 -0.4265928 -0.9044438 -0.2387742 -0.7222865 -0.6490679 -0.2835911 -0.5924572 -0.7540362 0.0803324 -0.6111307 -0.7874427 -0.1862417 -0.7956667 -0.5763927 0.1355722 -0.7266087 -0.6735429 0.2525624 -0.7798798 -0.5727126 0.1941339 -0.744485 -0.6387911 0.1646183 -0.6833286 -0.7113107 0.1372912 -0.6179993 -0.7740982 0.1139338 -0.5515065 -0.8263532 0.1456709 -0.4776826 -0.8663713 0.07859429 -0.4300179 -0.8993929 0.0419886 -0.3307476 -0.9427847 0.004843228 -0.2220569 -0.9750217 -0.02388166 -0.1244245 -0.9919416 -0.05717556 -0.02667012 -0.9980078 -0.09569019 0.08813361 -0.9915018 -0.107543 0.2768769 -0.9548684 -0.1673833 0.3519694 -0.9209237 -0.1931682 0.4590531 -0.8671542 -0.1805483 0.4144493 -0.8919832 -0.2587195 0.4304405 -0.8647457 -0.2179742 0.3035385 -0.9275514 -0.3487669 0.3866953 -0.8537145 -0.3435136 0.3348845 -0.8774114 -0.3869588 -0.2569957 -0.8855598 -0.1548036 -0.08615474 -0.9841815 -0.3690231 -0.3040512 -0.8782794 -0.07174267 -0.229384 -0.9706884 -0.3323401 -0.4131606 -0.8478493 -0.05586594 -0.3470485 -0.9361818 0.02011603 -0.5126317 -0.8583729 0.3237399 -0.8043858 -0.4981526 -0.4194423 0.03530842 -0.9070951 -0.2109497 0.01973926 -0.9772976 -0.3929452 -0.1926828 -0.8991481 -0.2038519 -0.02149373 -0.9787658 -0.440752 0.3369012 -0.8320067 -0.4517186 0.1275009 -0.8830028 0.3236087 -0.804464 -0.4981114 0.152647 -0.9739264 0.1678279 0.3130152 -0.1002857 -0.9444386 -0.433852 -0.07696756 -0.8976906 -0.3520438 -0.4610264 -0.8145673 -0.2643666 -0.7659726 -0.5860002 -0.5101148 0.2950404 -0.8079196 -0.5194599 0.1992314 -0.8309442 -0.5141413 0.1337048 -0.84722 -0.5102872 0.03274016 -0.8593806 -0.5060516 -0.07011159 -0.8596489 -0.4551092 -0.3386796 -0.8235118 -0.4117539 -0.4927212 -0.7666059 -0.3416799 -0.6278183 -0.6993561 -0.3001796 -0.5338992 -0.7904707 -0.01141822 -0.4637015 -0.8859179 -0.04042487 -0.3998777 -0.9156766 -0.4267587 0.1565955 -0.8907047 -0.254878 0.1692582 -0.9520446 -0.4126941 0.2638531 -0.8718172 -0.279185 0.303163 -0.9111246 0.3236838 -0.8043959 -0.4981726 -0.3552256 -0.7022367 -0.6169914 -0.4840981 -0.2008383 -0.8516531 -0.5600672 0.1407546 -0.8164024 -0.5381917 0.2591822 -0.8019815 0.3236912 -0.8044294 -0.4981138 -0.5641027 -0.2671048 -0.7813086 -0.5234452 -0.421482 -0.740512 -0.388955 -0.7748513 -0.4983166 -0.4413383 -0.7293178 -0.5227965 -0.4922076 -0.758468 -0.427151 -0.556695 -0.7401221 -0.3772398 -0.6240504 -0.6917315 -0.3634125 -0.675719 -0.6739664 -0.2986186 -0.7290972 -0.6243788 -0.2803006 -0.7881248 -0.5698021 -0.2327763 -0.8393269 -0.5087914 -0.1914726 -0.2455987 -0.8727496 -0.421888 -0.7739422 -0.609408 -0.1721491 -0.8217794 -0.5627822 -0.08919045 -0.7691927 -0.6248088 -0.1340023 -0.7111194 -0.6803985 -0.1771076 -0.5235798 -0.8002088 -0.2924552 -0.447242 -0.8292538 -0.335131 -0.2327329 -0.8745976 -0.4253404 -0.3809164 -0.8446554 -0.3761117 -0.4997201 -0.8010257 -0.3296021 -0.6192971 -0.7366711 -0.2716373 -0.213712 -0.8768704 -0.4306107 -0.7128748 -0.6672798 -0.2157479 -0.1944256 -0.8789839 -0.4354147 -0.823453 -0.5518999 -0.1316494 -0.1777042 -0.8790256 -0.4424198 -0.8787733 -0.4708373 -0.07790847 -0.1501208 -0.882238 -0.4462285 -0.9182959 -0.3947801 -0.02968735 -0.1253538 -0.8840612 -0.4502469 -0.2520144 -0.8719742 -0.419702 0.9741144 -0.1908406 -0.1211653 -0.2448662 -0.8729853 -0.421826 0.9707104 -0.2286123 0.07387617 -0.2257462 -0.8756586 -0.42692 0.8895716 -0.3194183 0.3265492 -0.1616872 -0.8817057 -0.4432295 0.51439 -0.2976976 0.8042258 -0.147048 -0.8826528 -0.4464314 0.4540214 -0.4140146 0.7889591 -0.1330784 -0.8829213 -0.4502667 0.3466654 -0.4413475 0.8276687 -0.1407489 -0.8823478 -0.4490569 -0.1643919 -0.8814981 -0.442647 -0.182191 -0.8799319 -0.4387782 -0.2083341 -0.8771837 -0.4326033 -0.2198622 -0.8762673 -0.428738 -0.2273564 -0.8748802 -0.4276607 -0.246317 -0.8705391 -0.426016 -0.2363513 -0.8741243 -0.4243169 -0.2372017 -0.8740468 -0.4240019 -0.326626 0.8124853 0.4828904 -0.2943285 0.8249429 0.4825349 -0.3031686 0.8215407 0.482866 -0.326654 0.8125447 0.4827715 -0.3613625 0.7984638 0.4815316 -0.3266228 0.8124752 0.4829095 0.778743 -0.4742165 -0.4107045 0.3236455 -0.8044427 -0.498122 0.323646 -0.8044444 -0.4981189 0.3235765 -0.8044518 -0.4981522 0.3214913 -0.8051185 -0.4984251 -0.9682131 0.1104285 0.2244303 -0.8868505 0.3284873 0.3249496 -0.7362374 0.5389302 0.4092784 -0.5635854 0.6877164 0.4576217 -0.401302 0.7806768 0.4790621 0.2803286 -0.245982 -0.9278517 0.3357183 -0.2438359 -0.9098557 0.4025688 -0.252383 -0.8799098 0.4465841 -0.2506898 -0.8589047 0.4879564 -0.2607871 -0.8329998 0.5229492 -0.264107 -0.8104145 0.5789553 -0.2872368 -0.7630896 0.6938417 -0.3494182 -0.6296751 0.7257449 -0.3792265 -0.5740048 0.7683559 -0.4297303 -0.4743006 -0.5744883 -0.7989354 -0.1779476 0.7707845 -0.4322796 -0.4680016 -0.4676271 -0.8837971 -0.01508582 0.7223395 -0.3065136 -0.6198992 -0.3985865 -0.9165693 0.03208737 0.6893589 -0.3362512 -0.6416536 -0.2526139 -0.9522724 0.1713577 0.5638005 -0.2721929 -0.7797692 -0.1853015 -0.9602744 0.2086536 0.5200942 -0.2643262 -0.8121784 -0.1140157 -0.963108 0.2437692 0.4723381 -0.258251 -0.8427355 0.1477293 -0.9354008 0.3212497 0.3233005 -0.2448139 -0.9140804 0.1936552 -0.9280904 0.3180344 0.262726 -0.198685 -0.9441924 0.3239479 -0.8052872 -0.4965585 -0.3296021 0.8571166 -0.3958707 -0.4910076 0.7854822 -0.3767351 -0.6614164 0.6322915 -0.4034053 -0.8427315 0.4242521 -0.3313816 -0.9025857 0.3135487 -0.295002 -0.3564424 -0.9337112 -0.03364851 0.7394539 -0.24552 -0.6268396 -0.9841537 -0.09303414 -0.1509511 -0.2951813 0.7681139 -0.5682156 -0.4425775 0.6883224 -0.5747499 -0.2449524 -0.8728481 -0.4220598 0.9565052 -0.1295821 -0.2613546 -0.6713763 0.5632656 -0.4816489 0.3240289 -0.8042927 -0.498115 -0.8662065 0.2966198 -0.402123 -0.9654039 -0.2296107 -0.1235889 0.3235842 -0.8044428 -0.4981617 -0.3139429 0.8154271 -0.4863316 -0.4872866 0.6238801 -0.6110036 -0.6129468 0.5387602 -0.5779564 -0.8202816 0.31171 -0.4795571 -0.894972 0.1833514 -0.406703 -0.9692866 -0.06119087 -0.2382 0.323629 -0.8044465 -0.4981266 -0.9475393 -0.3182356 -0.02992318 -0.9808006 0.06297708 -0.1845647 -0.9658521 0.1566257 -0.206393 -0.8471282 0.4564453 -0.2720874 -0.6510708 0.6920684 -0.3116859 -0.4258573 0.8485283 -0.3140785 -0.9684353 0.1471078 -0.2012272 -0.9435023 0.24493 -0.2231876 -0.7909108 0.5485692 -0.2711678 0.3235218 -0.8044847 -0.4981346 -0.4420523 0.8369686 -0.3226041 -0.3421376 0.8858687 -0.3133344 -0.3845721 0.8677837 -0.3147313 -0.5031636 0.8050384 -0.3142286 -0.5806607 0.7506429 -0.3152275 -0.712317 0.6321828 -0.304876 -0.7769658 0.5580133 -0.2914536 -0.8946994 0.3674844 -0.253906 -0.9318725 0.2779445 -0.2331532 -0.9872647 -0.03478458 -0.1552369 -0.9800947 -0.1622983 -0.11434 -0.9590421 -0.2733236 -0.07438002 -0.928527 -0.3683173 -0.04669085 0.7222603 -0.537534 -0.4351981 0.3236299 -0.804425 -0.4981608 -0.530008 0.5570954 -0.6393249 0.3239372 -0.8043342 -0.4981076 -0.4903582 0.7178139 -0.4942591 -0.3808551 0.8765187 -0.294388 -0.3930368 0.8651135 -0.3116099 -0.4833078 0.7037312 -0.5207456 -0.8848804 0.4317051 -0.1749783 -0.5112201 0.5999308 -0.6154162 -0.6721076 0.5385877 -0.5081286 -0.5342949 0.3750224 -0.7575534 -0.6718063 0.3846969 -0.6329966 0.2967395 -0.8163014 -0.4955781 0.1779174 -0.479998 0.8590386 -0.534411 0.3109491 -0.7859488 -0.6099761 0.2706359 -0.744772 -0.5171742 0.4115837 -0.7504197 -0.5123868 0.6360376 -0.5769887 -0.4923839 0.7399092 -0.4583585 -0.4581046 0.8261136 -0.3281409 -0.4191979 0.8896104 -0.1812912 -0.3960002 0.4690105 -0.7894384 -0.4586042 0.6706916 -0.5829709 -0.3955882 0.866999 -0.3030227 0.0610104 -0.9528778 0.297156 0.3768232 -0.2254523 -0.8984295 -0.02219777 -0.9685283 0.2479118 0.4486202 -0.2135682 -0.8678298 -0.1083856 -0.9750831 0.1935599 0.5227591 -0.209007 -0.8264617 -0.1722641 -0.9730279 0.1534333 0.5795172 -0.211126 -0.7871376 -0.2376318 -0.9662365 0.09958957 0.6362448 -0.2168969 -0.7403703 -0.2998615 -0.9532993 0.03610454 0.6904951 -0.2281216 -0.6864234 -0.3041468 0.4917233 -0.8159062 -0.4028223 -0.9095061 -0.1026297 0.7796267 -0.2666156 -0.5666554 -0.440868 -0.8804357 -0.1745521 0.8128337 -0.2928953 -0.5035015 -0.3482578 0.6943398 -0.6297688 -0.1110543 -0.883779 -0.4545344 0.2389231 -0.8339801 -0.4973861 0.1651753 -0.4438351 0.8807539 0.1946086 -0.4708911 0.8604586 -0.2458403 0.5777258 -0.7783286 -0.3237513 0.8955436 -0.3052651 -0.459257 -0.5649664 -0.6854896 0.8240023 -0.56324 -0.06148859 -0.4317756 -0.4972186 -0.752558 0.7912189 -0.6114637 -0.009214543 -0.3949529 0.9075548 -0.1426759 -0.361668 -0.4503739 -0.8163085 -0.3141823 -0.4050703 -0.8586079 0.7428899 -0.667002 0.05677111 0.6989252 -0.7090746 0.09336378 -0.511019 0.5224977 -0.6825363 0.3228226 -0.8047474 -0.4981638 0.3237286 -0.8044066 -0.4981264 -0.08109955 -0.2461575 -0.9658309 0.4983913 -0.846408 0.1876158 -0.1911446 0.5551496 -0.8094891 0.3235197 -0.8044911 -0.4981256 0.2221644 -0.9570354 0.1863498 0.2330677 -0.1197001 -0.9650655 -0.2358736 0.7893567 -0.5668154 -0.1994968 0.7044559 -0.6811335 -0.2076473 0.8059974 -0.554302 0.08314481 -0.9862812 0.1426054 0.3929517 -0.08604248 -0.9155248 0.01523794 -0.9937511 0.1105737 0.470752 -0.07748175 -0.8788567 -0.04938621 -0.9961121 0.07295005 0.5452355 -0.07464323 -0.8349531 -0.3574432 -0.8743356 -0.3282857 0.9042062 -0.2078958 -0.3730825 -0.1695573 -0.9852117 -0.02466098 0.6867564 -0.08561107 -0.7218285 -0.2204484 -0.9722045 -0.0788722 0.743945 -0.10017 -0.6606904 -0.2614798 0.9604062 -0.09616833 -0.2000562 0.9176756 0.3432914 -0.2062163 0.5507437 -0.8087992 -0.3698928 -0.853371 -0.3673379 -0.3565471 -0.8810981 -0.3107093 -0.3333587 -0.9109818 -0.2428664 -0.2997506 -0.9366597 -0.1811581 -0.261693 -0.9564034 -0.1296506 -0.2986857 0.7767866 -0.5544271 -0.1624633 -0.9866257 -0.01324476 -0.1080853 -0.9936255 0.03202919 -0.04833902 -0.9961458 0.07319109 0.08293155 -0.9863006 0.1425953 0.1520722 -0.9740327 0.167733 0.2896331 -0.9365474 0.1974631 0.4275292 -0.8817252 0.1994479 0.4996664 -0.845978 0.1861578 -0.3764398 0.9207386 -0.1026326 0.6143626 -0.7740632 0.1529209 0.7423934 -0.667718 0.05481505 0.6993093 -0.7084303 0.09535728 -0.2203025 0.5438147 -0.809773 -0.3517269 0.7411878 -0.571777 0.866006 -0.4620489 -0.1911659 0.8704172 -0.4229959 -0.2518896 0.8665875 -0.3850521 -0.3174288 0.8555603 -0.3527572 -0.3789182 0.8369572 -0.31883 -0.4448035 0.8111479 -0.2906368 -0.5075129 -0.477007 0.8707099 -0.1197016 -0.4672563 0.8142533 -0.3444752 0.6935907 -0.229196 -0.6829357 0.6423555 -0.2177206 -0.7348313 0.5841701 -0.2112912 -0.7836462 0.4623999 -0.2097364 -0.8615085 0.3952806 -0.2167632 -0.892618 0.3256623 -0.8036165 -0.4981411 -0.1593967 0.9653003 0.2068525 -0.08722474 0.9546967 0.2845101 -0.1418595 0.9812814 0.1302408 -0.2629885 -0.3800107 -0.8868083 0.6869567 -0.7093403 0.1578822 -0.1657645 0.9192067 -0.357185 -0.2036033 0.9457185 -0.2533025 -0.198924 0.9717477 -0.1270259 -0.1954357 0.9768448 -0.08705845 0.3227467 -0.8047976 -0.4981319 -0.5525009 0.7388035 0.3858914 -0.5662193 0.7956535 0.2152469 -0.5552194 0.6957034 0.4557721 -0.5536667 0.7398743 0.3821508 -0.5659009 0.795865 0.2153023 -0.5529045 0.8317324 0.05017781 -0.5425 0.8393917 -0.03339627 -0.5289296 0.8412775 -0.111739 -0.4884008 0.8310383 -0.2661579 -0.4645148 0.8148863 -0.3466789 0.3216863 -0.8051866 -0.4981892 0.3237108 -0.8044376 -0.4980879 -0.4380459 0.7950041 -0.4196241 -0.3765798 0.7432431 -0.5529714 -0.3751491 0.7420845 -0.5554941 -0.3060164 0.6753278 -0.6710338 -0.2622206 0.6226588 -0.7372492 0.7757621 -0.4776315 -0.4123849 -0.367406 0.8159671 -0.4463301 -0.365263 0.7486004 -0.5533357 -0.3024816 0.8224595 -0.4817316 -0.2737358 0.7036464 -0.6557061 -0.4540451 0.8645069 -0.215571 -0.3725629 0.8170114 -0.4401013 -0.03495988 -0.9610079 0.2743021 0.4155098 -0.2249633 -0.8813303 -0.5541626 0.8298931 0.06466292 -0.5400033 0.8339287 -0.1138394 -0.4522895 0.863466 -0.2232951 -0.5872314 0.7336625 0.3419044 -0.564475 0.7969251 0.2151242 -0.5911124 0.778566 0.2107631 -0.555575 0.8286651 0.06819424 -0.3690039 0.8758427 -0.3110238 0.1402828 0.6444091 -0.7517032 -0.3716287 0.8777166 -0.3024991 -0.1795105 0.8379943 -0.5153073 -0.3756699 0.8962811 -0.2356954 -0.5061103 0.8617467 0.03528534 -0.3837768 0.8737838 -0.2986925 -0.5566844 0.802847 0.2133989 -0.5117423 0.8580638 0.04296911 -0.5902054 0.711438 0.3814623 -0.5588859 0.800116 0.2178552 -0.4255581 0.9047199 -0.01955128 -0.3505395 0.9148024 -0.2006455 -0.5080466 0.8480263 0.150798 -0.4307457 0.9023501 -0.01491346 -0.5796676 0.7361743 0.3493321 -0.5759835 0.7402853 0.3467287 -0.5106563 0.8457024 0.1549764 -0.5914597 0.6972402 0.4050081 -0.5871931 0.712503 0.3841143 -0.2184567 0.5504366 -0.8057892 -0.1432604 0.481824 -0.8644779 -0.2244682 0.6326373 -0.7412045 -0.1942071 0.757099 -0.6237666 -0.2257862 0.8930017 -0.3893181 -0.3427284 0.9319897 -0.1180357 -0.6154529 0.6576704 0.4343817 -0.6190563 0.6927921 0.3698763 -0.5882068 0.735803 0.3355691 -0.7076199 0.5647504 0.424654 -0.6458837 0.6211486 0.4438566 -0.6918343 0.6379006 0.3383017 -0.6190563 0.6927921 0.3698763 -0.5884269 0.7351026 0.3367165 -0.5065318 0.8472905 0.1597635 -0.5070663 0.8470109 0.1595501 -0.4344576 0.9001066 0.0324765 -0.4144424 0.9064859 -0.08075219 -0.4204541 0.9071911 -0.01491868 -0.5285926 0.8474375 0.04939185 -0.4791243 0.8734241 0.08700715 -0.4098114 0.9089564 -0.07650439 -0.3850054 0.9213112 -0.05437415 -0.5256459 0.8493657 0.04768907 -0.478501 0.873878 0.08587262 -0.5981385 0.7816295 0.1768778 -0.5559892 0.802638 0.2159819 -0.6923175 0.652185 0.3087898 -0.6190563 0.6927921 0.3698763 -0.5989854 0.7744661 0.2035159 -0.554419 0.8046827 0.21238 0.04158745 0.9131266 0.4055494 -0.06563668 0.9562087 0.285231 -0.01175167 0.9176359 0.3972483 -0.2975418 0.9546643 -0.00921936 -0.2812053 0.9592867 -0.02631747 -0.2553156 0.9618384 0.09839097 -0.2100625 0.9640581 0.1626827 -0.07868446 0.9368637 0.3407273 0.1309301 -0.5058871 0.8526052 0.1868165 -0.466497 0.8645693 0.1796955 -0.481016 0.8580986 0.4264755 -0.7589029 -0.4921231 0.6948268 -0.5661121 -0.4435457 -0.359793 0.9136109 -0.189378 -0.304123 0.9524158 -0.02033215 -0.3001612 0.9537846 -0.01407927 -0.2100317 0.9650428 0.1567773 -0.2070543 0.9651008 0.1603404 -0.09093817 0.9305745 0.3546284 -0.3992589 0.7186742 -0.5692976 -0.3557665 0.8420559 -0.4054283 -0.3621402 0.8348168 -0.4146509 -0.3288124 0.9303874 -0.1620543 -0.2995077 0.9341531 -0.1940443 -0.2981298 0.9349176 -0.1924777 -0.2185222 0.9750427 0.03924028 -0.2158338 0.975426 0.04426974 -0.1444517 0.9675571 0.2072846 -0.1398271 0.9647216 0.2230709 -0.06690244 0.9204471 0.385099 -0.3478159 0.3531359 -0.8685155 -0.2963999 0.7393285 -0.6045994 -0.2983181 0.7390241 -0.6040279 -0.2789165 0.8512347 -0.4445279 -0.2770014 0.8526164 -0.443075 -0.2369925 0.9470508 -0.2166317 -0.2380825 0.947143 -0.2150276 -0.1957191 0.9799949 0.03611145 -0.1623241 0.9830303 -0.08545379 -0.1477165 0.9818121 0.1192683 -0.1418595 0.9812814 0.1302408 -0.1467628 0.9811559 0.1256732 -0.08722474 0.9546967 0.2845101 -0.06828144 0.9200716 0.3857536 -0.05314528 0.9037328 0.4247853 -0.05421234 0.9123069 0.405903 -0.3937255 0.9140076 -0.097828 -0.2995781 0.953517 0.03253161 -0.4421656 0.8417159 -0.3098451 -0.3735813 0.9081414 -0.1889874 -0.2532087 -0.8707395 -0.4215425 0.9514143 -0.28698 0.1115941 -0.185025 0.5629475 -0.8055159 -0.2080261 0.5837511 -0.784831 -0.1994968 0.7044559 -0.6811335 -0.2420019 0.6977033 -0.6742738 -0.2331163 0.8017944 -0.5502568 -0.2076473 0.8059974 -0.554302 -0.221082 0.8808668 -0.4185647 -0.1579422 0.9198189 -0.3591482 0.2339081 0.8681358 -0.4377524 -0.2035365 0.943804 -0.2603975 -0.2197173 0.8836688 -0.4133447 -0.1961861 0.9766912 -0.08709379 -0.1474358 0.9818634 0.1191929 -0.1780785 0.9819427 0.06384798 -0.1418595 0.9812814 0.1302408 -0.1516035 0.9483892 0.2785216 -0.08722474 0.9546967 0.2845101 -0.07117274 0.9194045 0.3868202 -0.08385959 0.8791839 0.469045 -0.1994968 0.7044559 -0.6811335 -0.2388501 0.7509874 -0.6156042 -0.2076473 0.8059974 -0.554302 -0.2037853 0.4548433 -0.8669424 -0.1848038 0.5606374 -0.8071761 -0.2007121 0.5584619 -0.8048819 -0.1822673 -0.9730436 0.1412967 0.5920351 -0.160063 -0.7898571 -0.2478947 -0.8711882 -0.4237681 0.9350297 -0.2989509 0.190651 -0.1944742 0.9783644 -0.07058995 -0.4033591 0.9100971 -0.09499823 -0.4152904 0.9040108 -0.1014808 -0.5531323 0.8302177 0.06916059 -0.4872452 0.8725118 -0.03626626 -0.4483851 0.890106 -0.08162182 -0.6352796 0.7488776 0.1886854 -0.5255625 0.8480331 0.06799946 -0.7181092 0.6010635 0.3507732 -0.6533803 0.7286598 0.2053021 -0.5064206 0.8615444 -0.03576783 -0.4373483 0.8927569 -0.1082205 -0.4141231 0.900626 -0.1318134 -0.4099485 0.901609 -0.1379983 -0.7156891 0.6701311 0.1967574 -0.6534153 0.7502853 0.1006001 -0.7928459 0.5172461 0.3222606 -0.7293776 0.6465052 0.2236949 -0.6188293 0.7847893 -0.03400064 -0.4141231 0.900626 -0.1318134 -0.5283478 0.839526 -0.1266672 -0.6848008 0.7233063 0.08874611 -0.5769989 0.8162757 -0.02768119 -0.7773544 0.5974376 0.196948 -0.6941879 0.7133099 0.09639602 -0.8418941 0.4470993 0.3021862 -0.7870545 0.5805556 0.2085673 -0.4141231 0.900626 -0.1318134 -0.3890551 0.9054245 -0.169831 -0.7405974 0.6685283 0.06771502 -0.6333301 0.7733434 -0.02886043 -0.8331265 0.5269063 0.1681368 -0.7556053 0.6507537 0.07470053 -0.8933365 0.3648461 0.2623684 -0.8452474 0.5058118 0.1723698 -0.5620393 0.8165067 -0.1320175 -0.4578541 0.8681017 -0.1917526 -0.7216444 0.6910873 -0.04034478 -0.5970785 0.7926298 -0.1234316 -0.8344168 0.5490872 0.04745338 -0.7391507 0.6724519 -0.03827096 -0.9117035 0.3893817 0.1310674 -0.8490028 0.5262917 0.04702358 -0.9558705 0.2096612 0.2058005 -0.9226387 0.3638523 0.1278647 -0.4851754 0.8451842 -0.2242062 -0.6753646 0.721017 -0.1549747 -0.6854196 0.7132959 -0.1463179 -0.5099632 0.8322227 -0.2175841 -0.8153159 0.573744 -0.07796089 -0.703421 0.6955314 -0.1464068 -0.9115998 0.4110229 -0.006777933 -0.8302622 0.5516277 -0.07982275 -0.9697033 0.2359817 0.06315127 -0.9226187 0.3855703 -0.01050296 -0.989802 0.05667783 0.1306892 -0.9762508 0.2088783 0.05748236 -0.5911813 0.7678958 -0.2466591 -0.6078308 0.7383849 -0.292112 -0.3727152 0.8899832 -0.2627038 -0.446158 0.8493714 -0.2819775 -0.7808134 0.5963507 -0.1862694 -0.615381 0.7482128 -0.2479596 -0.8893267 0.4363929 -0.1365988 -0.7848373 0.5901831 -0.1889824 -0.9623995 0.260859 -0.07576183 -0.9001605 0.4121805 -0.1407777 -0.9969904 0.07548484 -0.0176685 -0.9689252 0.232377 -0.08476346 -0.9633399 -0.2675451 -0.01989634 -0.9939314 -0.09395439 0.05720945 -0.9985597 0.04698107 -0.02591048 -0.9847096 -0.168996 0.04227609 -0.9783118 0.09008186 0.186524 -0.939021 0.2308742 0.2548268 -0.8702871 0.3833772 0.3092286 -0.3778292 0.8937925 -0.2416198 -0.3652503 0.8906672 -0.2707476 -0.3913265 0.8544673 -0.3416859 -0.7092493 0.6355143 -0.3051015 -0.6018728 0.7240637 -0.3368694 -0.9922707 -0.08761241 -0.08787996 -0.9874065 0.06260858 -0.1452882 -0.9609605 -0.2738097 -0.0397894 -0.9911718 -0.09977999 -0.08730677 -0.2154515 -0.8736113 -0.4363302 0.7468432 -0.3811521 0.5449297 -0.2841409 0.8710777 -0.400609 -0.3871959 0.8713537 -0.301367 -0.3747835 0.9052231 -0.2002711 -0.3855026 0.9113161 -0.1445361 -0.3194419 0.9367902 -0.1427619 -0.3359435 0.8575582 -0.3895329 -0.149693 0.9181816 -0.3667895 -0.3169827 0.8185923 -0.4789871 0.8851521 0.463509 -0.04080678 0.8422325 0.529422 -0.1017681 0.7958772 0.5842307 -0.1589149 0.7291573 0.6509654 -0.2111248 0.3006725 0.8142889 -0.4965175 0.01658858 -0.006960039 -0.9998382 -0.190817 0.7591932 -0.6222657 -0.01908182 0.7991451 -0.6008352 0.2310113 0.816447 -0.5291957 0.378493 0.7971189 -0.4704725 0.5209666 0.7556963 -0.396884 0.7559389 0.6153431 -0.2234038 0.8371122 0.5303776 -0.1339503 0.8935764 0.4454655 -0.0555132 -0.1708711 0.9822226 0.07772889 -0.2141966 -0.8765307 -0.4310611 0.8105153 -0.3443797 0.4737801 -0.1131252 0.9195179 0.3764167 -0.2729076 0.714251 -0.6444897 -0.246488 0.8185417 -0.5188768 -0.213722 0.8974862 -0.3857997 -0.1459337 0.9756419 -0.1637871 -0.1140851 -0.9931729 0.02433592 0.6196714 -0.07734508 -0.781041 -0.05987304 0.9975574 0.03597919 -0.04719065 0.9641588 0.2610956 0.06613253 0.9567004 0.2834621 0.3240121 -0.8043048 -0.4981063 -0.2748071 -0.8697215 -0.409958 0.9566204 -0.1291582 -0.2611429 -0.1795593 0.8558749 -0.4850119 -0.0925326 0.9410076 -0.325488 0.3236271 -0.8044493 -0.4981233 0.01421798 0.9917506 -0.1273915 0.1326925 0.9866895 0.09400236 -0.1102266 -0.8838104 -0.4546749 0.2261895 -0.481356 0.8468381 0.214564 0.9451086 0.2464386 0.3234115 -0.804496 -0.4981879 0.2852075 0.9347261 0.2119993 0.3588906 0.8534158 0.3779933 -0.08939922 0.8662214 -0.4915977 -0.6130956 -0.7637714 -0.2019086 0.7895407 -0.4606271 -0.405522 0.06543102 0.9620381 -0.2649557 0.3237245 -0.8044883 -0.4979971 0.2795114 0.9599845 0.01741155 0.4089756 0.8905606 0.1991 0.05448742 -0.1028058 -0.993208 0.3236819 -0.8044121 -0.4981477 -0.5028192 -0.7309306 -0.4614252 0.8938741 -0.3889655 -0.2229235 0.3220155 -0.8052143 -0.4979317 -0.2657709 -0.8693586 -0.416631 0.9713221 -0.1760927 -0.1597643 0.02630853 0.8546875 -0.5184757 0.1180595 0.9135411 -0.3892359 -0.1658095 -0.836551 -0.522197 0.2684123 0.9474829 -0.1738704 0.4849649 0.8724494 0.06034133 0.2007636 -0.47822 -0.8549851 0.3239764 -0.8043072 -0.4981256 0.398079 0.8950963 -0.2008376 0.6095008 0.7925129 0.02078389 -0.1847998 0.7510992 -0.6337972 -0.0492595 0.8143143 -0.5783302 -0.103026 0.7681989 -0.6318671 0.3236299 -0.8044292 -0.4981539 0.3247085 0.848191 -0.418493 -0.2289792 -0.8265671 -0.514155 -0.171215 -0.8798252 -0.4433881 0.4917503 0.8317493 -0.257633 0.6924805 0.7186287 -0.06358852 0.07584225 0.7980458 -0.597805 0.06431478 0.8366832 -0.5438978 0.3237383 -0.8044645 -0.4980265 0.2129257 0.8243439 -0.5245186 0.32357 -0.8044629 -0.4981384 0.6389412 0.7178851 -0.2763965 0.7705878 0.6306818 -0.09184215 -0.3184487 -0.8377864 -0.4435136 0.810784 0.5799591 0.07922596 0.6814362 0.6922682 0.2375069 0.5835377 0.7785952 0.23081 0.2546217 0.8937395 0.3693203 0.03462626 0.9192021 0.3922607 -0.05170188 0.9124913 0.4058158 -0.1942817 0.9155862 0.3520747 -0.2221626 0.9492038 0.2228362 -0.2992483 -0.8650135 -0.4027432 -0.2456634 0.9653793 0.08770541 -0.2525061 0.9663154 -0.04975142 -0.2648562 0.942766 -0.2025918 -0.2942241 0.8254933 -0.4816565 -0.2607229 0.8546572 -0.4489817 -0.2729663 0.7142337 -0.644484 -0.2335188 0.7958071 -0.5587128 -0.2730855 0.7142025 -0.644468 -0.196255 0.8017126 -0.5645715 -0.189646 0.7439578 -0.6407504 -0.01289532 0.7866107 -0.6173146 0.1572032 0.8026717 -0.5753305 0.3957819 0.7990201 -0.4526848 0.5090984 0.7785287 -0.3670311 0.5886726 0.7181421 -0.3711286 -0.3485503 0.8408788 -0.4140478 -0.296915 0.7508898 -0.5899204 -0.2727457 -0.8684752 -0.4139573 0.9615577 -0.1439454 -0.2338515 -0.3765173 0.8805876 -0.2877502 -0.4144113 0.9100413 0.009387432 -0.4168253 0.8557827 0.3064191 -0.3172875 0.8535727 -0.4132097 -0.2820107 0.7431366 -0.6068097 -0.3329859 0.9089145 -0.2509876 0.3236238 -0.8044226 -0.4981686 -0.3358736 0.9396384 0.06533442 -0.2589186 0.7637795 0.5912715 -0.2883685 0.940721 0.1785711 -0.4100489 0.785862 0.4629048 -0.4902657 0.8593371 0.145531 -0.4809192 0.8765308 0.02026295 -0.4742151 0.8789416 -0.05081007 -0.4510713 0.8755982 -0.1728078 -0.3099927 0.7657275 -0.5635299 -0.2728596 0.7143481 -0.6444024 -0.3177802 0.7612271 -0.5652866 -0.2820107 0.7431366 -0.6068097 -0.2728811 0.7143795 -0.6443585 -0.2728587 0.7141089 -0.6446678 -0.2730878 0.7143015 -0.6443574 -0.2731709 0.7797142 -0.5634035 -0.2851018 0.7765962 -0.5617965 -0.303454 0.8936883 -0.3305101 -0.1641869 0.8714122 0.462259 -0.5011039 0.6654805 -0.5532003 -0.6401801 0.5668021 -0.5185603 0.3234179 -0.8045351 -0.4981206 -0.8060315 0.431499 -0.4051195 -0.9334628 0.2566741 -0.2505308 -0.4399149 -0.8813009 -0.1725794 0.8335628 -0.2447564 -0.4952447 -0.9885917 0.03165227 -0.147257 -0.4168042 -0.8397805 -0.3479123 0.9129005 -0.2355171 -0.3333833 -0.2483444 -0.9650095 0.08415287 0.6523735 -0.166519 -0.7393783 0.3238658 -0.8044811 -0.4979168 0.3236856 -0.8044079 -0.498152 0.05926758 -0.117291 -0.9913275 0.3234921 -0.8040466 -0.4988606 -0.9954763 0.09173531 -0.02473002 -0.2288665 -0.8720673 -0.4325722 0.8290921 -0.3537704 0.4329582 -0.7062001 0.5916413 -0.3888985 0.323786 -0.8043812 -0.49813 -0.8726845 0.4471478 -0.1961648 0.3236074 -0.8044676 -0.4981066 -0.9550158 0.2957298 -0.0221055 -0.9777687 0.1710086 0.1213447 0.3241559 -0.8042714 -0.4980667 0.3237165 -0.8044145 -0.4981213 0.3233961 -0.8045706 -0.4980774 0.3237575 -0.8043979 -0.4981216 -0.4554039 0.717766 -0.5267061 -0.6077044 0.686535 -0.3992055 -0.7385141 0.6352023 -0.2260862 -0.1780795 -0.880252 -0.4398229 0.6220252 -0.3955576 0.6757358 -0.8400844 0.5396964 -0.05464465 -0.1223113 -0.88355 -0.4520832 0.2887606 -0.4697237 0.8342523 -0.9303487 0.3542901 0.094498 0.3237657 -0.8043904 -0.4981284 -0.8683468 0.4657313 0.1704938 0.323308 -0.8045502 -0.4981675 0.4327091 -0.7548162 -0.4929658 0.6973506 -0.5637645 -0.442574 -0.5686152 0.7556682 -0.3250266 -0.7551427 0.6555071 0.008369608 -0.8093907 0.5483564 0.2102188 -0.4655517 0.7813315 -0.4156715 -0.5905965 0.7930416 -0.1492673 -0.6614082 0.7470484 0.06676798 -0.7441544 0.6117338 0.2683578 -0.2729354 0.7143635 -0.6443532 -0.3811258 0.7720398 -0.5086232 -0.6493403 0.7015327 0.2936138 -0.3537239 0.8000012 -0.4846417 0.3255313 -0.8036871 -0.4981129 -0.4706296 0.8404162 -0.2687161 -0.4836191 -0.6295331 -0.6081123 0.8502162 -0.5116882 -0.1237239 -0.5582871 0.826959 0.06674036 -0.561828 0.7445778 0.3604903 -0.5963967 0.6913462 0.407862 -0.6887966 0.5990747 0.4082509 -0.8636347 0.3867779 0.3233233 -0.9938767 -0.02164372 0.1083541 -0.9921616 -0.1172355 0.04325814 -0.9803896 -0.1967462 -0.01127393 -0.9445794 0.08955071 -0.315833 -0.8916359 0.2196888 -0.3958815 -0.6066172 0.5416381 -0.5819311 -0.2716816 0.7148473 -0.6443465 -0.3872175 0.6831055 -0.6192169 -0.273661 0.7140851 -0.644354 -0.3988687 0.7011567 -0.5910017 -0.2729068 0.7143724 -0.6443555 -0.3516689 0.7248042 -0.5924422 -0.2729489 0.7143563 -0.6443555 -0.3572518 0.7336997 -0.5779757 -0.2727272 0.7144335 -0.6443638 -0.3796309 0.7482974 -0.5439957 -0.2728787 0.7143835 -0.644355 -0.5772045 0.7945472 -0.1884932 -0.2728901 0.7143756 -0.644359 -0.3650287 0.7808551 -0.5069708 -0.4004413 0.8442157 -0.3562955 -0.4251092 0.865295 -0.2656064 -0.4947772 0.8415841 0.2166372 -0.4942296 0.8022511 0.3348586 -0.4892683 0.762782 0.422824 -0.4878925 0.7342136 0.4721137 -0.9516491 -0.2987939 -0.07131784 -0.9726241 -0.1517483 -0.1759963 -0.9444129 0.05787222 -0.323628 -0.7277037 0.4277121 -0.5361993 -0.3827294 0.6798244 -0.6255854 -0.2763956 0.7129919 -0.6443974 -0.3158873 0.6974831 -0.6432205 -0.3633989 0.6819201 -0.6347647 -0.4439591 0.6455703 -0.6214011 -0.5248217 0.6017801 -0.6020157 -0.7143963 0.4459701 -0.539211 -0.8162587 0.3356406 -0.4701778 -0.9737832 -0.04461185 -0.2230605 -0.9808269 -0.1577772 -0.1143897 -0.9673729 -0.247069 -0.05609473 -0.9454074 -0.3257057 -0.01098091 0.3234796 -0.804498 -0.4981405 0.3235635 -0.8044802 -0.4981147 0.3236009 -0.8045148 -0.4980346 0.3236585 -0.8044752 -0.498061 0.3235394 -0.80449 -0.4981145 0.3238971 -0.8043163 -0.4981625 0.3237302 -0.8043843 -0.4981612 0.327125 -0.8028899 -0.4983544 0.8885447 0.4529765 -0.07280516 0.9271199 0.3747563 -0.002526931 0.5132122 0.757609 -0.4032889 0.2240843 0.8172868 -0.5308753 0.06418365 0.8148318 -0.5761333 -0.1956843 0.7580032 -0.6222049 -0.01934109 0.8044276 -0.5937358 -0.2727987 0.7144024 -0.6443679 -0.1611715 0.7518396 -0.6393441 -0.1674437 0.7531154 -0.6362231 0.02100386 0.7832993 -0.6212898 0.09839349 0.7917613 -0.6028538 0.3985653 0.7692401 -0.4994149 0.5433857 0.7285322 -0.4171005 0.8639993 0.4794515 -0.1537254 0.8892707 0.4511966 -0.07496177 0.9344917 0.3556635 -0.01512571 -0.4969948 0.7301265 0.4689473 -0.6069719 0.6558256 0.4488628 -0.7753913 0.4941025 0.3932316 -0.8399885 0.4070205 0.3588226 -0.9026572 0.2967852 0.3116546 -0.946597 0.1879368 0.2619806 -0.9733261 0.08574372 0.2128013 -0.9868957 -0.01826179 0.1603225 -0.9861834 -0.1317903 0.1003677 -0.938453 -0.3448117 -0.02027045 -0.9446365 -0.3279848 -0.009376524 -0.9711328 -0.2342197 0.04519001 -0.9876004 -0.1046569 0.1170147 -0.9217556 0.2508714 0.2956858 -0.8748439 0.3463564 0.3386522 -0.5734162 0.6781672 0.4596553 -0.462259 0.7490696 0.4745643 -0.06581074 0.8826542 0.4653929 0.2147747 0.8844571 0.4142554 0.3429038 0.861792 0.3738069 0.4495022 0.8287208 0.333421 0.5563692 0.7803046 0.2856188 0.7283504 0.65993 0.1843858 0.6175219 0.7453756 0.2511611 0.3672847 0.8572275 0.3609197 0.07848983 0.894283 0.4405648 -0.06896096 0.8824864 0.465255 -0.2007651 0.8548488 0.4784631 0.8663098 0.4943011 0.07192897 0.7817822 0.6058716 0.1474322 0.6738861 0.7048401 0.2215356 0.4423716 0.8486602 0.2899712 0.8809525 0.4722907 -0.02939717 0.8921711 0.450423 0.03390814 0.3224258 -0.8048443 -0.4982642 0.1720424 0.9399974 -0.2946292 0.181046 0.9479312 -0.262009 0.2255119 0.9240925 -0.3085408 0.3625729 0.9009585 -0.2383585 -0.2112288 0.9152119 -0.3431757 -0.2630621 0.9220289 -0.2840089 0.003901417 0.9458549 -0.3245664 0.3241504 -0.804245 -0.498113 -0.3415367 0.8775312 -0.3365883 -0.2171102 0.9153401 -0.3391396 0.3742009 0.7975771 -0.4731221 0.6405826 0.6965561 -0.3232083 0.7485604 0.6198825 -0.2353786 0.8885487 0.4529908 -0.07266674 0.7958635 0.5756696 -0.1876319 0.3232897 -0.8036141 -0.4996881 0.7994052 0.5885728 -0.1205543 0.8881851 0.4570809 -0.04695037 0.672052 0.7203095 -0.1717565 0.5971198 0.7669163 -0.2351328 0.7991113 0.5889482 -0.1206697 0.2404334 0.9014875 -0.3598779 0.367809 0.8858097 -0.2829449 0.5925076 0.7700204 -0.2366502 -0.05672564 0.9089876 -0.4129452 0.2349261 0.902789 -0.3602523 0.1754565 0.9299689 -0.3230679 0.1451632 0.8916912 -0.428736 -0.1656308 0.8844906 -0.4361684 -0.05834975 0.908964 -0.4127708 0.6821047 0.6882435 -0.247091 0.8020906 0.5813972 -0.1364844 0.87174 0.4836596 -0.07837582 0.3946653 0.8280027 -0.39831 0.5718038 0.742534 -0.3488319 0.6768599 0.6923797 -0.249942 0.2389231 -0.8339801 -0.4973861 0.2932164 -0.9154855 -0.2755184 0.1776612 -0.4837994 0.8569566 0.32748 -0.8029618 -0.4980052 0.1591107 0.8637243 -0.4781883 0.3875267 0.8307148 -0.3996699 -0.004041856 0.8793474 -0.4761636 -0.02718457 0.8228262 -0.5676425 -0.04895585 0.8841886 -0.4645577 0.1386471 0.8360381 -0.5308647 0.1564294 0.8651402 -0.4765106 -0.2630357 0.7719755 -0.5786761 0.7032976 0.6658146 -0.2491254 0.8454131 0.5055777 -0.1722438 0.2553169 0.7901745 -0.5571692 -0.2281198 0.7188112 -0.6567128 -0.1976526 0.7163109 -0.6692026 -0.1434072 0.6969202 -0.7026639 -0.2357298 0.7153253 -0.6578307 -0.2391913 0.7110785 -0.6611769 -0.2673933 0.7132839 -0.6478633 0.3230309 -0.804696 -0.4981117 -0.1266051 0.4889705 -0.8630637 -0.05781684 0.3407374 -0.9383791 0.2763903 -0.3103273 -0.9095633 0.7710892 -0.4836164 -0.4141699 0.3160109 -0.3951482 -0.8625515 0.3980098 -0.5173134 -0.7576114 0.3783204 -0.5829542 -0.7190536 0.4144237 -0.6408958 -0.6461467 0.4334266 -0.7228463 -0.5381771 0.9247563 -0.1485186 -0.3503827 0.9810273 0.0853159 -0.1740882 0.9450256 0.1525584 -0.2892276 0.9284449 0.3141686 -0.1982124 0.9730791 0.2041284 -0.1069985 0.9238708 0.3655791 -0.113202 0.956267 0.2866539 -0.05816391 0.8402172 0.4591359 -0.2884948 0.9119407 0.385077 -0.1417036 0.3244642 -0.8042051 -0.4979731 0.6666506 0.6625478 -0.3414783 0.3624381 0.7829139 -0.5056525 0.5336386 0.6883111 -0.4913833 0.1181103 0.7819583 -0.6120386 0.3757312 0.756063 -0.5359056 -0.1395065 0.7524087 -0.6437539 0.1043927 0.7777754 -0.6198125 -0.2560617 0.7198655 -0.6451559 -0.1264482 0.7486411 -0.6508051 0.7841638 0.4715818 -0.4033581 0.8561511 0.42376 -0.2956902 0.9365005 0.2782325 -0.2134328 0.437191 0.6665647 -0.6037843 0.6928247 0.5423129 -0.4752795 0.6971264 0.5754585 -0.427624 0.1673883 0.7287212 -0.6640381 0.4605863 0.6457075 -0.6090338 -0.2369566 0.72154 -0.6505626 -0.09200235 0.7337893 -0.6731187 0.6849289 0.4648817 -0.5610325 0.845235 0.3472245 -0.406218 0.5163526 0.5686629 -0.6403143 0.6891342 0.4960972 -0.5281872 -0.1291438 0.3626376 -0.9229387 -0.07053305 0.7348089 -0.6745969 0.1540531 0.7298619 -0.6660099 -0.2250328 0.745457 -0.6274186 -0.1015665 0.7235388 -0.6827707 0.9646062 -0.02654475 -0.2623552 0.959599 -0.03775788 -0.2788261 0.9460031 0.09069774 -0.3112105 0.8599105 0.3096345 -0.4058083 0.959599 -0.03775788 -0.2788261 0.9492326 0.1042007 -0.2968158 0.610237 0.4727671 -0.6356902 0.6754129 0.4136942 -0.6104708 0.8436396 0.2433076 -0.4786165 0.3902261 0.5538303 -0.7355241 0.3442805 0.5637329 -0.7507837 0.2654667 0.708124 -0.6542842 0.6003753 0.4723403 -0.6453249 0.1648803 0.6901546 -0.7046284 0.2367673 0.7088288 -0.6644569 -0.1434072 0.6969202 -0.7026639 -0.1683288 0.7313911 -0.6608574 0.01383542 0.70191 -0.7121313 0.02458582 0.7008806 -0.7128547 0.8292997 0.165329 -0.5337867 0.9294415 -0.04808463 -0.3658229 0.959599 -0.03775788 -0.2788261 0.2869363 0.5843987 -0.7590426 0.3442805 0.5637329 -0.7507837 0.03481004 0.666687 -0.7445245 0.2006774 0.62898 -0.7510744 -0.1977656 0.7074247 -0.6785566 -0.07547478 0.698086 -0.7120249 -0.1434072 0.6969202 -0.7026639 0.003405102 0.6787024 -0.7344055 0.810081 -0.01953815 -0.5859924 0.8991013 -0.1475716 -0.4121159 0.8852142 -0.1733927 -0.4316604 0.6202522 0.3662506 -0.6936482 0.7569763 0.1618954 -0.6330694 0.8328951 0.1070158 -0.5429856 0.5931318 0.2817081 -0.7542117 0.7587289 0.1383367 -0.636548 0.3893328 0.4222624 -0.8186051 0.6044228 0.2995117 -0.738218 0.3442805 0.5637329 -0.7507837 0.1352792 0.6074405 -0.7827615 0.3190077 0.5007405 -0.8046695 -0.07107771 0.6702128 -0.7387576 0.1115646 0.6101485 -0.7843929 -0.26422 0.717559 -0.6444353 -0.1585651 0.7021053 -0.694194 -0.2060584 0.6986788 -0.6851189 -0.08715384 0.6788248 -0.7291098 0.7203529 0.03837775 -0.6925452 0.8002919 -0.07940833 -0.5943293 0.7879646 -0.2651945 -0.5556831 0.8402851 -0.2199118 -0.4955399 0.3240691 -0.8042969 -0.4980821 0.5721019 0.1902984 -0.7978007 0.5515627 0.2155375 -0.8058053 0.7255251 0.01278908 -0.6880768 0.2030618 0.4959012 -0.8443032 0.3136606 0.4594061 -0.8310012 -0.2498468 -0.8722856 -0.4203504 0.9768872 -0.2136864 -0.005430147 -0.1316002 0.6762732 -0.7248006 -0.01875512 0.6454033 -0.7636117 -0.2682375 0.7039615 -0.6576374 -0.1630621 0.6963106 -0.6989724 0.8040306 -0.4254011 -0.4154139 0.788034 -0.2649129 -0.555719 0.744411 -0.3412888 -0.5739113 0.6832545 -0.1343001 -0.7177233 0.7577962 -0.2987868 -0.5800615 0.5426885 0.1256145 -0.830488 0.6469185 -0.1652775 -0.7444325 0.3145571 0.3403832 -0.8861112 0.5032357 0.1956246 -0.8417154 0.05859258 0.5998735 -0.7979465 0.2490412 0.4038544 -0.8802728 0.006924405 0.6411296 -0.7674014 -0.2710611 0.7152249 -0.6441888 -0.1643499 0.6704831 -0.7234926 0.713633 -0.4258691 -0.5562045 0.6448485 -0.3093611 -0.6989035 0.4814914 -0.01701363 -0.8762857 0.5710325 -0.2781384 -0.7723735 0.6435543 -0.227617 -0.7307724 0.3321836 0.1948248 -0.9228745 0.463757 -0.08344897 -0.8820236 0.07114567 0.6791483 -0.730545 0.2724563 0.2530887 -0.9282854 -0.1675251 0.6641021 -0.7286315 -0.2726508 0.7322824 -0.6240385 0.6415839 -0.5302219 -0.5542877 0.642146 -0.6007493 -0.4761814 0.5997602 -0.5145286 -0.6128197 0.5181964 -0.3600235 -0.7757935 0.5882855 -0.4266629 -0.6869345 0.4513837 -0.191822 -0.8714683 0.5281527 -0.3104605 -0.7903601 0.1459307 0.2562626 -0.955528 0.2960894 0.1415632 -0.9446115 0.2445507 -0.1023692 -0.9642176 -0.1586202 0.6670509 -0.7279304 0.01383341 0.5869113 -0.8095331 -0.004201117 0.5283034 -0.8490453 -0.1803448 0.6465774 -0.7412243 -0.1163671 0.5638592 -0.8176316 0.01645256 0.464969 -0.8851741 0.498127 -0.5836099 -0.6413025 0.4782507 -0.4715277 -0.7409034 0.3948055 -0.3085384 -0.865409 0.4670372 -0.4457228 -0.7636802 0.224899 -0.098568 -0.9693837 0.382628 -0.2619496 -0.88599 0.3430218 0.1308433 -0.9301699 0.1550776 0.1318705 -0.9790613 0.243199 -0.1031684 -0.9644742 -0.01044958 0.3723076 -0.9280506 0.1355327 0.1745822 -0.9752702 -0.1827197 0.6149697 -0.7670892 -0.1144102 0.5537698 -0.8247723 -0.2696189 0.7159536 -0.6439846 -0.1727248 0.6121318 -0.771661 0.1457871 -0.09130222 -0.9850939 0.2334427 -0.2265915 -0.9456008 0.3235351 -0.8044703 -0.4981492 0.09470202 0.06668695 -0.9932695 0.1628809 -0.09819524 -0.9817472 0.05764895 0.1392175 -0.9885824 -0.07001887 0.3449929 -0.93599 0.02225915 0.2130471 -0.9767883 -0.12577 0.4840687 -0.8659442 -0.2298904 0.6291194 -0.7425356 -0.276782 0.7112929 -0.6461069 -0.2145573 0.6272511 -0.7486796 -0.003077519 0.1127006 -0.9936242 0.1226435 -0.1026189 -0.9871312 0.04602292 -0.00348191 -0.9989343 0.1391744 -0.2276081 -0.9637557 0.1761475 -0.3172462 -0.9318406 0.2116487 -0.4046335 -0.8896497 0.2621436 -0.5348456 -0.8032564 0.2850016 -0.5935629 -0.7526335 0.3237287 -0.6971016 -0.6397258 0.2067561 -0.8342491 -0.5111559 -0.1432816 0.4339469 -0.889472 -0.08098469 0.3394662 -0.9371255 -0.05025796 0.222366 -0.973667 -0.2318898 0.6279246 -0.7429252 -0.1433702 0.4338213 -0.889519 -0.2535135 0.6737694 -0.6940934 -0.1706855 0.4232647 -0.8897828 -0.2417127 0.6242733 -0.7428713 -0.09246078 0.2057027 -0.9742368 -0.1708519 0.4228469 -0.8899495 0.1224483 -0.3790933 -0.9172212 0.2268106 -0.5492841 -0.8042661 0.224044 -0.6479039 -0.7280281 0.1548418 -0.4660408 -0.8711085 0.2490393 -0.7123486 -0.6561546 0.2794771 -0.7898628 -0.5459022 -0.7398566 -0.6354073 -0.2210651 -0.494615 -0.7928441 -0.3560256 -0.1148951 -0.8733887 -0.4732772 0.01048873 -0.8692167 -0.4943201 0.1135279 -0.855367 -0.5054293 -0.1639267 -0.8160766 -0.5542084 -0.1338583 -0.8728691 -0.4692351 -0.4231828 -0.8080429 -0.4098573 -0.5742762 -0.7080085 -0.411012 -0.5423116 -0.7654813 -0.3463184 -0.9098967 -0.4024734 -0.1005145 -0.9472584 -0.3163891 -0.05098486 -0.9437407 -0.3304961 -0.01121422 -0.9680745 -0.2480275 0.03625128 -0.7082281 0.5675331 0.4199038 -0.4099017 0.77662 0.4783743 -0.3684852 0.7953734 0.4812483 -0.3266227 0.8124742 0.4829112 -0.4829297 0.7383329 0.4707902 -0.650046 0.6213667 0.4374284 -0.8164506 0.4415137 0.3721211 -0.9365474 0.2172476 0.2751043 -0.9858874 -0.003945817 0.1673632 -0.9866726 -0.1252495 0.1038739 -0.1606878 0.4268247 -0.8899439 -0.1627325 0.4345758 -0.8858115 0.323411 -0.8044945 -0.4981907 -0.1331349 0.3700983 -0.9194032 -0.1577872 0.432828 -0.8875602 0.1026917 -0.2240301 -0.9691568 0.1509667 -0.3480817 -0.9252287 -0.3236709 0.8044308 0.4981247 -0.3236635 0.8044338 0.4981247 -0.3236541 0.8044342 0.4981302 -0.3236474 0.8044368 0.4981303 -0.3236472 0.8044309 0.49814 -0.3236552 0.8044325 0.4981322 -0.3236606 0.8044382 0.4981194 -0.3236449 0.8044412 0.4981248 -0.3236614 0.8044397 0.4981165 -0.3236456 0.8044285 0.4981449 -0.323644 0.8044331 0.4981385 -0.3236482 0.8044403 0.4981242 -0.3236542 0.8044374 0.4981248 -0.3236563 0.8044322 0.4981319 -0.3236583 0.8044309 0.4981327 -0.3236624 0.8044355 0.4981227 -0.3236578 0.8044345 0.4981272 -0.3236553 0.8044328 0.4981316 -0.3236601 0.804434 0.4981266 -0.3236585 0.804437 0.4981227 -0.3236373 0.8044476 0.4981195 -0.323651 0.8044462 0.4981127 -0.3236558 0.8044383 0.4981225 -0.3236416 0.8044438 0.4981228 -0.3236616 0.804429 0.4981337 -0.3236687 0.804421 0.498142 -0.323655 0.8044346 0.4981288 -0.3236483 0.8044359 0.4981312 -0.3236469 0.8044321 0.4981382 -0.3236556 0.8044328 0.4981314 -0.3236609 0.8044369 0.4981214 -0.3236522 0.8044408 0.4981206 -0.3236459 0.8044367 0.4981315 -0.3236553 0.8044415 0.4981175 -0.3236522 0.804432 0.498135 -0.3236539 0.8044372 0.4981255 -0.3236561 0.8044326 0.4981314 -0.3236584 0.8044311 0.4981324 -0.3236641 0.8044358 0.4981211 -0.323658 0.8044343 0.4981274 -0.323656 0.8044325 0.4981317 -0.3236589 0.8044343 0.498127 -0.323657 0.8044376 0.4981227 -0.3236382 0.8044474 0.4981191 -0.3236515 0.8044458 0.4981131 -0.3236555 0.8044384 0.4981224 -0.3236409 0.8044443 0.4981224 0.3331541 0.4213794 0.8434736 0.7373526 -0.1961973 0.6463882 0.2764846 0.3705668 0.8866998 0.7112018 -0.5304748 0.4612901 0.01386541 0.205805 0.9784948 0.3374833 -0.6571783 0.6739597 0.1985936 -0.7123881 0.6731001 -0.1070012 0.156762 0.981823 0.0571982 -0.7560527 0.6520067 -0.2020465 0.1464613 0.9683627 -0.307426 -0.8754555 0.3729168 -0.5435347 0.06749227 0.8366689 -0.5674995 -0.775484 0.2767108 -0.7208958 0.08951826 0.6872378 -0.771613 -0.4057289 0.4898953 -0.1778791 -0.9675415 -0.1795063 -0.4322158 -0.3215041 0.8425109 0.0221496 -0.9997385 0.005677359 -0.2971019 -0.3057607 0.9045667 0.1034409 -0.9935361 0.04675514 0.005677213 -0.3657965 0.9306776 0.2764463 -0.955948 0.09869598 0.1504758 -0.3121867 0.938028 0.3646269 -0.9254627 0.1027915 0.5279257 -0.8452727 0.0825133 0.4214882 -0.173494 0.8900829 0.8123721 -0.5322829 -0.2381733 0.8742941 0.3551811 0.3308416 0.8167959 -0.482927 -0.3156357 0.876804 0.4380492 0.198312 0.8099128 -0.4346311 -0.3938744 0.8561612 0.5126649 0.06451863 0.7856794 -0.3968514 -0.4745702 0.8131591 0.5779584 -0.06882165 0.7504645 -0.3628745 -0.5523813 0.7489092 0.6322433 -0.198503 0.7033437 -0.3358427 -0.626512 0.6648212 0.6744388 -0.3211621 0.6454403 -0.3164427 -0.6951768 0.5630366 0.70341 -0.433825 0.502442 -0.3036473 -0.8095371 0.2381634 0.8055887 -0.5424989 0.4214766 -0.3090335 -0.8525584 0.1047069 0.7900839 -0.60399 -0.08992666 0.9519193 -0.2928529 0.3327769 0.1855087 -0.9245789 0.1250576 0.9731781 -0.1930931 0.5432962 0.3226443 -0.7750677 0.2170193 0.9687664 -0.1199761 0.6616772 0.3125551 -0.6815369 0.3772866 0.9245318 0.05381189 0.8514719 0.2518145 -0.4599839 0.4345081 0.888229 0.1491709 0.9196513 0.2027564 -0.33635 0.478842 0.8417535 0.249322 0.9676358 0.1424786 -0.2082806 0.5007583 0.7878286 0.3585627 0.9942272 0.07291842 -0.07870997 0.5031795 0.738381 0.4490031 0.9987809 -0.004297666 0.04917468 0.5012287 0.6610818 0.5583374 0.9718913 -0.2032059 0.1188893 0.4330687 0.5196415 0.7364946 0.8828767 -0.2027451 0.4235838 0.365905 0.4635646 0.8069829 0.8256937 -0.3392398 0.4507175 0.3341301 0.4161855 0.8456635 0.1756061 0.2616973 0.9490401 -0.05180977 0.1555007 0.9864762 -0.1514392 0.03631756 0.9877992 -0.2354032 0.09890408 0.9668523 -0.3075353 0.08637885 0.9476079 -0.5530915 0.06891135 0.8302656 -0.6841263 0.05233482 0.7274836 -0.7493269 0.08592317 0.6566022 -0.8815495 0.1499866 0.4476322 -0.8977274 -0.4399622 -0.02277711 -0.911626 0.2353834 0.3369461 -0.7685055 -0.6330763 -0.09281052 -0.8955059 0.1989879 0.3980867 -0.723065 -0.6897643 0.0374469 -0.8529511 0.1556861 0.4982332 -0.6545219 -0.7387216 0.1609085 -0.7964501 0.1140787 0.5938462 -0.462749 -0.7994424 0.3830864 -0.6362694 0.07546444 0.7677672 -0.1868507 -0.8740147 0.4485367 -0.4328349 0.07797436 0.8980946 -0.06020177 -0.8593359 0.5078558 -0.3433102 0.1044188 0.9333996 0.1110192 0.2581173 0.9597136 0.4703969 -0.5916003 0.6547793 0.2051387 0.3153167 0.9265493 0.594151 -0.5215926 0.6123118 -0.8957695 -0.4438276 -0.02478111 -0.2791635 -0.8838148 -0.3754186 -0.2746047 -0.8622144 -0.4256508 -0.8421331 -0.5265564 -0.1164049 -0.9558971 0.1293999 0.2636598 -0.2743111 -0.8794404 -0.3890219 -0.2813728 -0.8607231 -0.4242465 0.2936769 -0.816155 -0.4976394 -0.270535 -0.890439 -0.3659633 0.3046122 -0.8127636 -0.4966153 -0.2519783 -0.9156593 -0.3131693 0.3052094 -0.813584 -0.4949023 -0.1955772 -0.9567168 -0.2155053 0.307173 -0.8151166 -0.4911513 0.04557732 -0.9988426 0.01536883 0.3157482 -0.816608 -0.4831713 0.08919467 -0.9953587 0.03612873 0.3175327 -0.8164627 -0.4822465 0.1567159 -0.98576 0.06096931 0.3198029 -0.8161273 -0.4813132 0.2279697 -0.970187 0.08226183 0.3222889 -0.8155844 -0.4805746 0.298552 -0.9495692 0.0958388 0.3247725 -0.8148652 -0.4801225 0.3293144 -0.8130911 -0.4800363 0.4175938 -0.9025679 0.1048174 0.3313505 -0.8120858 -0.4803369 0.4811402 -0.8719376 0.09071361 0.3332045 -0.8110402 -0.4808206 0.5360961 -0.8405554 0.07789492 0.3361322 -0.8090751 -0.4820919 0.6181777 -0.7848905 0.04246418 0.3408335 -0.8045573 -0.4863333 0.741892 -0.665366 -0.08297133 0.3432782 -0.7990691 -0.4936078 0.8112606 -0.5117473 -0.2827915 0.3432289 -0.7975794 -0.4960453 0.8117885 -0.465783 -0.352201 0.342956 -0.7965794 -0.4978377 0.8045566 -0.4385326 -0.4004719 0.3415567 -0.7945194 -0.5020736 0.7635065 -0.385069 -0.5184396 0.338249 -0.7926637 -0.5072198 0.6714597 -0.3330518 -0.6619807 0.325272 -0.792838 -0.5153698 0.3089333 -0.3368625 -0.889429 0.3396856 -0.3235793 -0.8831252 -0.001659757 0.7251956 -0.6885409 0.5786706 -0.3026451 -0.7573284 0.4461275 0.7183246 -0.5338352 0.7943197 -0.5847408 -0.1647251 0.7823094 0.3860797 0.4888092 0.7630536 -0.6382026 -0.1022084 0.7385174 0.3036813 0.6019716 0.7270388 -0.6846839 -0.05120994 0.6629159 0.2054582 0.719951 0.6871971 -0.7263251 -0.01455659 0.7382847 -0.1953034 0.6455945 0.6566038 -0.7541469 0.01157025 0.4953917 0.2120665 0.8423864 0.5987836 -0.7990188 0.05501888 0.5596674 -0.1590061 0.81332 0.4446257 -0.8900189 0.1008676 0.2902444 -0.2475935 0.9243677 -0.1422188 -0.4075189 0.9020544 0.1886794 -0.9788209 0.07943352 -0.5575908 -0.3238701 0.7643302 -0.05062761 -0.9974589 -0.05012632 -0.6696114 -0.4343705 0.6024474 -0.1190216 -0.9866378 -0.1112639 -0.8559804 -0.3638105 0.3673412 -0.2274821 -0.9401884 -0.2535698 -0.920659 -0.3095219 0.2378723 -0.2623126 -0.9070163 -0.3294139 0.2917361 -0.3317495 -0.8971245 0.06513133 0.4804999 -0.8745729 0.4748056 0.5942649 0.6491601 0.9314691 -0.2855755 0.2254151 0.3065547 0.9509166 -0.04221132 0.764781 0.2886523 -0.5760121 0.01806649 0.967554 -0.2520177 0.460256 0.1998307 -0.8650041 0.05247967 0.9687692 -0.242347 0.1918516 0.9656446 -0.1752814 0.3066719 0.9513728 -0.02901792 0.3639947 0.931358 0.008950838 0.5165809 0.6779304 0.5230244 0.5136167 0.612337 0.6010335 0.4730062 0.5605679 0.6797269 0.4336752 0.5332456 0.7263436 0.3602353 0.4204756 0.8327249 -0.9006899 0.2088013 0.3809983 -0.8369198 0.1136141 0.5354037 -0.7844419 0.1139931 0.6096364 -0.5996627 0.04206376 0.7991466 -0.4792197 0.04883952 0.8763351 -0.35641 0.003612318 0.9343227 0.01483393 0.2063339 0.9783692 0.08308775 0.195678 0.977142 0.2298832 0.3320192 0.9148317 0.2881139 0.3813379 0.8783916 -0.8422453 -0.5264004 -0.1162993 -0.1661636 -0.8807279 -0.4435177 -0.8460896 -0.5150144 -0.1374503 -0.2288565 -0.8751707 -0.426264 -0.1698342 -0.8803703 -0.4428369 0.2251415 -0.8337255 -0.5041955 0.2252001 -0.8353319 -0.5015033 0.3271605 -0.8050183 -0.4948854 -0.006857574 -0.9996877 -0.02402873 0.3138405 -0.8166341 -0.4843686 -0.07496427 -0.9938034 -0.08206814 0.3113653 -0.816426 -0.4863128 -0.1418805 -0.9785342 -0.1494684 0.3089728 -0.8158771 -0.4887539 -0.2322056 -0.9341951 -0.2708507 0.3060123 -0.814348 -0.4931468 0.306293 -0.8107205 -0.4989157 0.3128958 -0.8034666 -0.5064955 0.3183565 -0.7989087 -0.5102881 0.3271365 -0.8140199 -0.4799514 0.3655595 -0.9250104 0.1035469 0.3312184 -0.7905548 -0.5150898 0.3472543 -0.7832234 -0.5157281 0.3764044 -0.771478 -0.5129731 0.3280055 -0.7874169 -0.5219071 0.2954495 -0.3465855 -0.8902742 0.3277674 -0.7923243 -0.5145782 0.3798478 -0.3228792 -0.8668706 0.3306065 -0.7919671 -0.5133102 0.4586873 -0.3139622 -0.8312844 0.3330595 -0.7918808 -0.5118557 0.531222 -0.3078326 -0.7893303 0.3347478 -0.7919719 -0.5106118 0.5753588 -0.3101875 -0.7567998 0.3363255 -0.7921819 -0.5092475 0.61715 -0.315552 -0.7208001 0.340097 -0.7934624 -0.5047291 0.7227575 -0.355502 -0.5926549 0.3424983 -0.7956535 -0.4996302 0.7929829 -0.4145641 -0.4464467 0.3429056 -0.8008236 -0.4910166 0.8013509 -0.5600296 -0.2102465 0.3421045 -0.8026397 -0.4886042 0.7787504 -0.6105377 -0.1441931 0.3391895 -0.806429 -0.4843787 0.6969637 -0.7165623 -0.0279308 0.337509 -0.8079813 -0.4829636 0.6494913 -0.760091 0.0205582 0.3348092 -0.8100172 -0.4814301 0.574181 -0.8159792 0.06703849 0.7137566 -0.4952112 -0.4952953 0.9428459 0.2339234 -0.2373212 0.6463941 -0.4259202 -0.6330613 0.7948696 0.3922377 -0.46296 0.5599393 -0.3827415 -0.7348313 0.621666 0.4212205 -0.6603822 0.4760787 -0.3532494 -0.8053347 0.4579388 0.4866262 -0.7439671 0.3109835 -0.7702709 -0.5567514 0.3885478 -0.3447248 -0.8545147 0.3035558 -0.762779 -0.5709834 0.4593273 -0.352285 -0.8154224 0.3191979 -0.7453461 -0.5852964 0.5315767 -0.3687106 -0.7625475 0.3278093 -0.7504543 -0.5738985 0.5871014 -0.3894892 -0.7096549 0.4090872 -0.7549761 -0.5125024 0.7201856 -0.4998726 -0.481103 0.3163848 -0.7786794 -0.5418109 0.3439699 -0.3490255 -0.8717029 0.7272457 -0.5164997 -0.4520417 0.9709401 0.2123212 -0.1104309 0.5485891 0.8265116 0.1262087 0.9192714 0.2866429 -0.2697701 0.492586 0.8692722 0.04153268 0.8321059 0.3910925 -0.3932512 0.4009219 0.9141387 -0.06009988 0.7462928 0.4431467 -0.496657 0.226822 0.9568079 -0.1818526 0.5462408 0.4721507 -0.6918777 0.0955774 0.9640166 -0.2480662 0.402759 0.4972469 -0.76846 0.2856434 -0.3281766 -0.9003932 0.04710225 0.468608 -0.8821496 0.3290517 -0.3392818 -0.8812564 0.1110755 0.4707591 -0.8752417 0.3724207 -0.3382393 -0.864232 0.2135064 0.4406066 -0.8719408 0.4060768 -0.3379181 -0.8490659 0.346945 0.3936265 -0.8512857 0.4420193 -0.3432609 -0.8287285 0.3755389 0.4761267 -0.7951566 0.5155874 -0.366638 -0.7744328 0.5401014 0.4778112 -0.6928108 0.6051461 -0.4035108 -0.6862778 0.726461 0.3414044 -0.5964038 0.6770827 -0.4487953 -0.5832167 0.8807234 0.2860468 -0.3774964 0.6979365 -0.4732805 -0.5374851 0.903741 0.2263693 -0.3633307 -0.2074924 0.9241384 -0.3208039 0.04847311 0.4678383 -0.8824838 -0.1903677 0.9279803 -0.320332 0.06726195 0.4769679 -0.8763432 0.4166426 0.4659796 0.7805587 0.5133842 0.7216618 0.4643714 0.565431 0.7243992 0.3943774 0.5148193 0.8029829 0.3002992 0.4724668 0.8504464 0.2313356 0.4668197 0.8666272 0.1761724 0.4290561 0.8994795 0.08274995 0.2690025 0.9574183 -0.1048229 0.1018592 0.9725954 -0.2090044 -0.02762298 0.9534739 -0.3002075 -0.127625 0.9370676 -0.3249863 -0.1887089 0.9296513 -0.3164449 -0.9562029 0.1282343 0.2631198 -0.9127104 0.2327205 0.3358584 0.6049105 0.7449878 0.2812055 0.6048965 0.7449926 0.2812227 0.6048556 0.7450536 0.2811491 0.6049049 0.7450205 0.2811306 0.6048194 0.7450244 0.2813045 0.6047927 0.7449583 0.2815367 0.6047476 0.7451757 0.2810579 -0.9567482 0.1297054 0.2604025 -0.9558186 0.1272177 0.2650027 -0.9567816 0.1297321 0.2602663 -0.9567483 0.1297438 0.260383 -0.9566244 0.1300716 0.2606744 -0.9569422 0.1292155 0.2599326 -0.1108188 -0.8838533 -0.4544474 -0.2448766 -0.3080208 -0.9193251 0.2609523 -0.8270727 -0.4978501 0.0472078 -0.2115689 -0.9762223 -0.1280142 -0.8835911 -0.450421 -0.3445449 -0.2822338 -0.8953396 -0.4799241 -0.3065187 -0.8220214 -0.1511936 -0.8830206 -0.4443142 -0.6177354 -0.3037131 -0.7253698 -0.175788 -0.8821932 -0.4368451 -0.6557666 -0.3250515 -0.6814042 -0.182919 -0.8819139 -0.434475 -0.7217633 -0.3458028 -0.5995649 -0.1913172 -0.8815636 -0.4315592 -0.8532291 -0.359626 -0.3777158 -0.2047723 -0.8809873 -0.4265321 -0.8638775 -0.4075021 -0.2960704 -0.2038175 -0.8810222 -0.4269173 -0.8208334 -0.4641534 -0.3328575 -0.9681885 0.2465147 -0.04291344 -0.8001584 -0.4471892 -0.3997103 -0.947591 0.2811371 -0.1517672 -0.6576828 -0.3253642 -0.6794052 -0.749241 0.371225 -0.5484797 -0.4488984 -0.3046289 -0.8400544 -0.4992969 0.4252273 -0.7549068 -0.2899787 -0.2899666 -0.9120481 -0.2896259 0.4526388 -0.8433475 -0.8581748 -0.469121 -0.2084742 -0.1990025 -0.8810654 -0.4290942 -0.8258443 -0.3438115 -0.4469619 -0.2034996 -0.8810415 -0.427029 -0.7952376 -0.3651502 -0.4840067 -0.2025442 -0.8810823 -0.4273989 -0.7698309 -0.3563061 -0.529534 -0.1988246 -0.8812441 -0.4288096 -0.5969444 -0.2645149 -0.7574227 -0.1658908 -0.8825481 -0.4399876 -0.3976441 -0.2998749 -0.8671529 -0.1377362 -0.8833752 -0.4479698 -0.1170871 -0.8837836 -0.453009 -0.2871485 -0.2963981 -0.9108754 0.2364456 -0.8306135 -0.5041574 0.3224139 -0.7960188 -0.5122532 0.3158002 -0.8009834 -0.5086215 0.3110241 -0.8051754 -0.5049323 0.3093643 -0.8068618 -0.5032571 0.3028102 -0.8178192 -0.4893646 0.3025891 -0.8293696 -0.4696657 0.2627174 -0.8183798 -0.5111107 0.3011385 -0.8050153 -0.5111418 0.2513703 -0.8246861 -0.5066615 0.3390824 -0.791023 -0.5092207 0.2277572 -0.8325842 -0.5049061 0.3638658 -0.7671199 -0.5283264 0.4143219 -0.7604451 -0.5000607 0.7306299 -0.5201582 -0.4422842 0.3985622 -0.7478334 -0.5309364 0.7048239 -0.4781239 -0.5240427 0.3926224 -0.7355721 -0.55207 0.6828276 -0.4540192 -0.572375 0.3663999 -0.7485762 -0.5526162 0.6431141 -0.421497 -0.6393314 0.3118804 -0.7591517 -0.5713312 0.4917006 -0.3578708 -0.7938256 0.3062532 -0.7648677 -0.566733 0.4259188 -0.3482305 -0.8350621 0.3216003 -0.7888039 -0.5237954 0.3243297 -0.7406837 -0.5883858 0.3220061 -0.7821948 -0.5333697 0.3383055 -0.7736246 -0.5357746 0.3822437 -0.7680248 -0.5138362 0.6051223 0.7441511 0.2829595 0.9772642 0.1907579 -0.09255352 0.6020115 0.7525627 0.2668924 0.9725975 0.2024527 -0.1143109 0.1524759 -0.2250318 -0.962347 0.3861284 -0.7758419 -0.4989732 0.3937724 -0.05155987 -0.9177608 0.6926122 -0.568265 -0.4442558 0.7184368 -0.5451603 -0.4320287 0.5137166 0.2313769 -0.8261719 0.7508748 -0.5077761 -0.4223155 0.739185 0.2649008 -0.6192198 0.7723928 -0.4819984 -0.4136266 0.9417807 0.2651107 -0.2067979 0.7740365 -0.4799966 -0.4128811 0.9436968 0.3012213 -0.1367554 0.7755089 -0.4781971 -0.4122056 0.9742994 0.1983035 -0.1068479 0.7324406 -0.5259892 -0.4322802 0.9772627 0.1908016 -0.09247927 -0.144361 0.937632 -0.3162375 0.1337299 0.4766661 -0.8688531 -0.03158434 0.9575118 -0.2866593 0.2488523 0.5025574 -0.8279545 0.1650664 0.960783 -0.222821 0.4653969 0.4891545 -0.7376541 0.3179642 0.9404363 -0.1203258 0.6583387 0.4557752 -0.5990485 0.4481038 0.8937931 -0.01835433 0.8102962 0.386873 -0.4401698 0.5913349 0.7784297 0.2106422 0.9289545 0.3583265 -0.09298227 0.576155 0.802456 0.1552734 0.5124733 0.8568978 0.05565319 0.4549608 0.8903631 -0.01625703 0.40371 0.9127401 -0.06263986 0.3512621 0.9302898 -0.1057162 0.2168728 0.9570883 -0.1922189 0.1471109 0.9632615 -0.2246901 0.07304273 0.9653564 -0.250503 -0.1119901 0.9409196 -0.3195755 -0.1964431 0.9248323 -0.3257228 0.002788248 0.9604184 -0.2785476 0.2784679 0.9478467 -0.1550557 0.6047645 0.7451706 0.2810351 0.6047004 0.7451096 0.2813345 -0.1798803 0.4809445 -0.8580999 -0.9568271 0.1296102 0.2601598 -0.9566138 0.1294521 0.2610216 -0.9569873 0.1303437 0.2592022 -0.955699 0.1269064 0.2655828 0.6039336 0.7527149 0.2620773 -0.1768073 0.4829868 -0.8575914 -0.4215358 0.4322746 -0.7971489 0.4530827 0.8460579 -0.2808952 -0.6308521 0.3999507 -0.6648797 -0.8803442 0.3220912 -0.3482116 -0.9771489 0.21253 0.003329875 -0.9774828 0.1634824 0.1334202 0.2495139 0.7575522 -0.603206 -0.9567451 0.129762 0.2603856 0.006308611 0.5946657 -0.8039483 -0.9633359 0.1374454 0.2304186 -0.961139 0.2521458 -0.1124022 -0.9299502 0.2875992 -0.2290838 -0.8147497 0.3520218 -0.4607207 -0.7347674 0.3778465 -0.5633373 -0.5227932 0.41498 -0.7446334 -0.2462772 -0.3053607 -0.9198383 0.04701801 -0.2110355 -0.9763469 -0.238227 0.460313 -0.8551958 -0.1773683 0.4827785 -0.8575928 -0.3845897 -0.2891919 -0.8766178 -0.4411264 0.4309357 -0.7872115 -0.3506874 0.4416393 -0.8258166 -0.5257049 -0.321897 -0.7874114 -0.5864827 0.4096484 -0.6987319 -0.5849884 -0.3228789 -0.7440012 -0.6758668 0.3871235 -0.6271678 -0.6995867 -0.3439792 -0.626304 -0.8150503 0.3530062 -0.4594341 -0.754539 -0.3522584 -0.5537011 -0.8703996 0.3328986 -0.3627437 -0.7948502 -0.377464 -0.4751148 -0.9145396 0.3099701 -0.2598767 -0.83422 -0.4857694 -0.2609696 -0.973292 0.2161978 0.07720878 -0.8448489 -0.5003774 -0.1893483 -0.9672981 0.1914868 0.1663346 -0.8442054 -0.5182625 -0.1368256 -0.9608788 0.1417202 0.2379649 -0.180355 0.4806017 -0.8581923 -0.04556296 0.5593499 -0.8276785 -0.1794489 0.4811929 -0.858051 -0.1183958 0.5054642 -0.8546861 0.1524531 -0.2249834 -0.9623619 0.3912139 -0.03837266 -0.9194995 -0.2971129 0.4514021 -0.8414036 -0.364116 0.4426648 -0.8194312 -0.1759894 0.4830724 -0.8577114 -0.1820189 0.4910102 -0.8519261 -0.1722869 0.4667843 -0.867427 0.1066142 -0.2379781 -0.9654014 0.3854694 -0.7730264 -0.5038289 0.3391747 -0.7952895 -0.5024689 0.2977321 -0.8126886 -0.500892 0.2675794 -0.8225027 -0.501887 0.1067457 -0.2382761 -0.9653133 0.3225426 -0.803632 -0.5001418 0.5635492 0.8257267 0.0242413 0.9274917 0.2596384 -0.2689739 0.6051187 0.744365 0.282404 0.6053841 0.7536024 0.2561124 0.5259727 0.8465945 -0.08142799 0.8968049 0.2624726 -0.3561587 0.03975906 0.6126511 -0.7893528 0.5390755 0.005651519 -0.8422385 0.4278216 0.8426407 -0.3269944 0.8150707 0.2598102 -0.5178402 0.5017719 0.8520241 -0.1492644 0.8867888 0.2487165 -0.3895456 0.5886102 0.7923609 0.1603192 0.9617924 0.2063546 -0.1799252 0.5985039 0.7606874 0.2512923 0.9724416 0.2043487 -0.1122448 0.4764214 0.8490133 -0.228471 0.850937 0.2712886 -0.4497875 0.7713547 -0.4832601 -0.4140913 0.9271418 0.2623579 -0.2675377 0.7684386 -0.4867944 -0.4153714 0.9019598 0.2682514 -0.3383927 0.7637925 -0.4923964 -0.417333 0.8606591 0.2651965 -0.4346686 0.75805 -0.4992685 -0.4196322 0.808777 0.2660055 -0.5245196 0.7420449 -0.5181219 -0.4253459 0.7039652 0.2069527 -0.6794142 0.7310015 -0.5308799 -0.4287229 0.6351354 0.1632688 -0.7549479 0.4831287 0.02712232 -0.8751292 0.7069178 -0.5580382 -0.434581 0.4043479 -0.01491532 -0.9144836 0.6987916 -0.5641183 -0.4398418 0.3769254 0.8271559 -0.4168218 0.7839628 0.2278536 -0.5774816 0.3222877 0.7983801 -0.5086451 0.7566752 0.1843593 -0.6272593 0.2610289 0.7617851 -0.5929143 0.6802891 0.1617811 -0.7148662 0.1927947 0.718127 -0.6686731 0.6314263 0.1556054 -0.759663 0.1177463 0.6659455 -0.7366494 0.6146844 -0.03240336 -0.7881073 -0.01874285 0.5756565 -0.8174768 0.4936701 0.03101239 -0.8690961 -0.08232684 0.5320101 -0.8427263 0.4371565 -0.001528981 -0.8993842 0.08237645 0.6475316 -0.757573 0.1651006 0.7057128 -0.6889929 0.3286838 0.7987351 -0.5039734 0.3982034 0.8272783 -0.3962885 0.5040058 0.8503844 -0.1510779 0.543301 0.8388158 -0.03481593 0.5716058 0.8171534 0.07434476 0.5947461 0.7820947 0.1860241 0.604641 0.7451127 0.2814541 0.6047314 0.7453012 0.2807597 0.6048628 0.7449151 0.2815003 0.6047721 0.7451505 0.2810721 -0.3262942 0.805455 0.4947467 -0.6787551 0.02382596 -0.7339781 -0.656542 0.06190848 -0.7517446 -0.3233165 0.8047071 0.4979085 -0.3231293 0.8050587 0.4974615 -0.3225696 0.8054532 0.4971861 -0.3205213 0.8063288 0.4970914 -0.3191738 0.8067213 0.4973216 -0.3167501 0.8066232 0.4990274 -0.3163229 0.8064346 0.4996029 -0.315678 0.8059472 0.500796 -0.3154304 0.805654 0.5014233 0.9053255 0.383055 -0.1834517 -0.3116987 0.8077573 0.5003719 0.8274907 0.4067069 -0.3871029 -0.3128472 0.8086202 0.4982569 0.7533116 0.3813743 -0.535794 -0.3135908 0.8089757 0.4972113 0.6536117 0.369749 -0.6603615 -0.3144404 0.8092422 0.4962402 0.5341351 0.3715738 -0.7593633 -0.315582 0.8092334 0.4955294 0.3969674 0.3866939 -0.832397 -0.3166439 0.809309 0.4947278 0.2432374 0.4150582 -0.8766768 -0.3178528 0.8089549 0.4945316 -0.1174153 0.3925106 -0.9122221 -0.3215048 0.8080836 0.4935945 -0.3417739 0.1512097 -0.9275377 -0.3238096 0.8069479 0.4939457 -0.3241961 0.8049825 0.4968904 -0.6636574 0.1591387 -0.7309129 -0.6374191 0.2074816 -0.7420568 -0.9369018 -0.2795467 -0.2099253 -0.3285606 0.8015768 0.4995223 -0.3287496 0.8007495 0.5007234 -0.9092197 -0.383615 -0.1617379 -0.3283251 0.8002606 0.5017824 -0.8275571 -0.5489918 -0.1172911 -0.3274992 0.7992005 0.5040068 -0.711267 -0.6863405 0.1517758 -0.3213552 0.7986286 0.508845 -0.1549174 -0.639488 0.753031 -0.3205011 0.8007002 0.5061208 -0.3212206 0.8005634 0.5058811 -0.3214486 0.8010163 0.5050184 -0.3232144 0.7999832 0.5055287 -0.3226864 0.8009727 0.5042977 -0.3238947 0.8006568 0.5040247 -0.3243177 0.8009457 0.5032932 -0.3248249 0.8011002 0.5027198 -0.3249557 0.8014872 0.502018 -0.3253534 0.8017679 0.5013117 -0.3247523 0.802323 0.5008131 -0.3253626 0.8026299 0.4999245 -0.3244437 0.8040988 0.4981579 -0.3326809 0.8086602 0.4851722 -0.3355274 0.806357 0.4870419 -0.341839 0.8058604 0.4834616 -0.3589608 0.7995739 0.481486 -0.3301717 0.8035721 0.4952359 -0.3158128 0.8053877 0.5016104 -0.3159051 0.8062574 0.5001529 -0.3172301 0.8067724 0.498481 -0.3178614 0.8067787 0.4980685 -0.3184705 0.8068681 0.4975343 -0.3198866 0.8065838 0.4970867 -0.321234 0.806138 0.4969409 -0.3219439 0.805817 0.4970021 -0.3241357 0.8045392 0.4976472 -0.3240703 0.8038981 0.4987247 -0.3249636 0.8035772 0.4986605 -0.3252647 0.8030955 0.4992399 -0.3246883 0.8031076 0.4995955 -0.3249858 0.8023427 0.50063 -0.3244924 0.8016318 0.5020867 -0.3236376 0.8012281 0.5032815 -0.3234192 0.8004028 0.504733 -0.3219448 0.8006094 0.5053475 -0.3202533 0.8012844 0.5053526 -0.3200465 0.8040711 0.5010388 0.02432237 -0.5453715 0.8378415 -0.3200594 0.8038319 0.5014142 -0.2922098 0.8097498 0.5088406 -0.3200405 0.8038363 0.5014193 -0.293433 0.8056383 0.5146299 -0.3200639 0.8038452 0.50139 -0.297316 0.8004874 0.5204067 -0.3200545 0.8038377 0.5014081 -0.3000778 0.7979134 0.5227691 -0.32006 0.8038489 0.5013867 -0.3074429 0.7928736 0.5261467 -0.3200357 0.8038607 0.5013832 -0.3159899 0.7890275 0.5268643 -0.320041 0.803832 0.5014258 -0.3299064 0.7859208 0.522963 -0.3200421 0.8038326 0.5014241 -0.3390054 0.786592 0.5160896 -0.3200371 0.8038454 0.5014069 -0.3411708 0.7871886 0.5137475 -0.3200451 0.8038406 0.5014095 -0.3433133 0.7883438 0.510539 -0.3200359 0.8038445 0.501409 -0.3454541 0.7895652 0.5071965 -0.3200325 0.8038464 0.5014081 -0.3469802 0.7913171 0.5034103 -0.346401 0.8013145 0.4877514 -0.3200434 0.8038369 0.5014164 -0.3424832 0.8064722 0.4819833 -0.3200469 0.8038408 0.5014079 -0.3323653 0.8140831 0.4762374 -0.3200491 0.8038411 0.5014061 -0.323826 0.8179355 0.4755189 -0.3200581 0.8037413 0.5015603 -0.3202983 0.8185575 0.4768361 -0.3200443 0.8038923 0.5013271 -0.318185 0.8193214 0.476939 -0.3200472 0.8025609 0.5034538 -0.3139422 0.8205778 0.4775902 -0.3200342 0.8039486 0.5012432 -0.3063513 0.820966 0.4818337 -0.320055 0.8038342 0.5014133 -0.3007851 0.8203922 0.4862972 -0.3200679 0.8038098 0.5014443 -0.2964866 0.8186493 0.4918424 -0.320057 0.8038348 0.5014112 -0.2943607 0.8174057 0.4951764 -0.3200647 0.8038302 0.5014135 -0.2928373 0.8156379 0.49898 -0.3200463 0.8038348 0.5014181 -0.2919498 0.8136329 0.5027592 -0.3200519 0.8038425 0.501402 0.9940436 0.1081351 -0.01356661 -0.3111862 0.8075147 0.501082 -0.4799389 0.7499453 0.4552369 -0.5461315 0.7246492 0.4202666 0.6389597 0.5457709 -0.5420929 -0.6974627 0.638752 0.3248717 0.8699401 0.4391499 -0.2243917 -0.479102 0.7522771 0.4522614 0.9056646 0.4055663 -0.1236432 -0.4518871 0.7614415 0.4647632 0.9577727 0.2479314 0.1456073 -0.3386177 0.8040893 0.4886496 0.7009475 0.5294294 -0.4778882 -0.6485394 0.6641348 0.3719161 0.7654664 0.5024847 -0.4019581 -0.5798449 0.7035222 0.4108971 0.8227821 0.4714261 -0.3174697 -0.5126571 0.7378621 0.4390242 -0.4456462 0.03931997 -0.8943452 -0.3247719 0.806279 0.4944061 -0.6620918 0.3745979 -0.6490846 -0.2261824 0.2648014 -0.9374016 -0.3226849 0.8075774 0.4936528 -0.03861318 0.4909883 -0.87031 -0.3201825 0.8083438 0.4940277 0.07678412 0.4405661 -0.8944304 -0.3190339 0.80875 0.4941061 0.8636355 0.4439465 -0.2388414 -0.312102 0.8082988 0.4992448 0.9635314 0.2466567 -0.1037676 -0.3112253 0.807252 0.5014809 0.9705426 0.2185839 0.1013317 -0.3151075 0.8062307 0.5006988 0.9653748 0.2327129 0.1178825 -0.3336073 0.8039582 0.492298 0.9610092 0.2424376 0.1329864 -0.3378498 0.8039637 0.4893873 -0.3391413 0.8050312 0.4867319 0.9570822 0.2554255 0.1369357 -0.3198171 0.8043291 0.5007711 0.9612985 0.2419281 0.1318184 0.9114999 0.3989584 0.1000012 -0.3198482 0.8039126 0.5014196 0.9062166 0.4153924 -0.07887054 -0.320087 0.8038128 0.5014273 0.7215843 0.5848228 -0.3705379 -0.3201467 0.8037596 0.5014745 0.4806462 0.6954453 -0.5341677 -0.3200905 0.8038014 0.5014433 -0.2438081 0.4698137 -0.8484295 -0.320068 0.8039206 0.5012665 -0.4041264 0.4544461 -0.7938265 -0.3199764 0.8037646 0.5015752 -0.538691 0.4097404 -0.7361555 -0.3199899 0.8037858 0.5015326 -0.3199548 0.803813 0.5015114 -0.7334594 -0.09036098 -0.6737003 -0.7656637 0.3573767 -0.5348281 -0.9083041 0.2139309 -0.3594681 -0.3200823 0.8038416 0.501384 -0.6360845 -0.3962634 -0.6620965 -0.845612 0.3755091 -0.3793852 -0.9114006 0.1653274 -0.3768498 -0.3200856 0.8038381 0.5013876 -0.3199651 0.8038746 0.5014059 -0.8819049 -0.3725876 0.2888292 -0.3202154 0.8037243 0.5014871 -0.8121697 -0.4057563 0.4192161 -0.3199607 0.8039221 0.5013326 -0.7208635 -0.4490338 0.5279436 -0.3201022 0.803753 0.5015133 -0.464461 -0.5643046 0.682522 -0.3226685 0.7982531 0.5086031 -0.2555749 -0.61034 0.7497777 -0.3237154 0.7984824 0.5075769 -0.3373547 -0.678845 0.6521973 -0.3247034 0.7984361 0.5070183 -0.4355265 -0.7299969 0.5267079 -0.3258581 0.7985712 0.5060638 -0.5326868 -0.746757 0.3982446 -0.3267622 0.7987256 0.5052365 -0.6250253 -0.7314639 0.2725875 -0.32818 0.7995187 0.5030584 -0.7040153 -0.7054216 -0.08211467 -0.8982432 -0.271087 -0.345935 -0.3288192 0.8021697 0.4983991 -0.798398 -0.3211151 -0.5093581 -0.3282839 0.8030504 0.4973326 -0.6360845 -0.3962634 -0.6620965 -0.3279893 0.8037859 0.4963379 -0.6360845 -0.3962634 -0.6620965 -0.8350856 0.2086165 -0.5090296 -0.3270312 0.8046085 0.4956367 -0.6559371 -0.2237477 -0.7208907 -0.7527262 0.2643834 -0.6029135 -0.3200898 0.8016681 0.5048472 0.03524533 -0.5422767 0.8394604 -0.969832 -0.2435357 0.01078323 0.02451846 -0.5453924 0.8378222 -0.9848074 -0.1725445 -0.01956714 -0.9958777 -0.09070297 0.000696663 -0.5838718 0.7228666 0.3695371 -0.3530105 0.8014516 0.4827617 -0.4727268 0.7591806 0.4474082 0.0243039 -0.5453637 0.8378471 -0.5791219 0.689512 0.4349609 0.02438437 -0.5454936 0.8377602 -0.7925194 0.4908914 0.3618543 0.02435561 -0.5454819 0.8377686 -0.8615504 0.383211 0.3329869 0.02440648 -0.5454814 0.8377675 0.02274068 -0.5447427 0.8382948 0.02453567 -0.5454531 0.8377821 -0.9176995 0.2761798 0.2855738 0.02436315 -0.5454234 0.8378065 -0.9533888 0.1907029 0.2338423 0.02431426 -0.5454643 0.8377813 -0.9735266 0.1160576 0.1969178 0.02439904 -0.5454802 0.8377685 -0.9882492 0.03461365 0.1488805 0.02437248 -0.5454315 0.8378009 -0.9927209 -0.06485883 0.1014821 0.02432161 -0.5454722 0.8377759 -0.9858428 -0.1557742 0.06203591 0.02437156 -0.5454569 0.8377845 -0.6150123 0.6692601 0.4169543 -0.988294 -0.1437997 0.05095595 -0.9930187 0.01859047 0.1164829 -0.9767662 0.1077452 0.1852534 -0.9505 0.2022529 0.2358889 -0.9161538 0.3115691 0.2521645 -0.8290722 0.4499629 0.3319226 -0.7422506 0.562323 0.3644955 -0.6575086 0.634113 0.406919 -0.4039618 0.7926647 0.4566153 -0.5661943 0.7165253 0.4074499 -0.9950203 -0.09759844 -0.02022677 -0.997559 -0.05983466 0.03599818 -0.9649686 0.183802 0.1872228 -0.653991 0.6655766 0.359588 -0.9975392 0.04887829 0.05026472 -0.9758215 0.182838 0.1197608 -0.9314361 0.3160801 0.1803337 -0.8546156 0.4587025 0.2433603 -0.9919139 -0.09725794 -0.08153327 -0.9990614 -0.006460765 -0.0428313 -0.9975226 0.06941171 -0.01143465 -0.9888701 0.1469915 0.02300787 -0.9761406 0.2106559 0.0526649 -0.9611455 0.2635599 0.08206979 -0.9191126 0.3731448 0.1264714 -0.8723329 0.4572662 0.1730403 -0.8067536 0.5457636 0.2264744 -0.7283548 0.6261327 0.2783113 -0.5420732 0.7391071 0.3998465 -0.4838868 0.7649359 0.4251194 -0.7588039 0.5832129 0.2899644 -0.4747211 0.7693051 0.4275623 -0.6505757 0.6840749 0.3298374 0.04839454 0.5193502 -0.8531901 -0.9898487 0.08580939 -0.1132978 0.07198191 0.5361403 -0.8410542 -0.9768464 0.2067565 -0.0549809 0.3348548 0.5638034 -0.7549821 -0.9210012 0.3742243 0.1082267 0.3930443 0.566476 -0.7243073 -0.8912695 0.4257848 0.1560319 0.4505017 0.583999 -0.6752728 -0.8517575 0.4836784 0.2014062 0.5777302 0.5568004 -0.5968258 -0.7586216 0.5853727 0.2860631 -0.6349499 0.6783635 0.3696777 -0.4293768 0.7697701 0.4723236 -0.3746755 0.7889956 0.4869334 -0.3341152 0.8008332 0.4970243 -0.3985191 0.7869924 0.4709835 -0.3200462 0.8038373 0.501414 -0.9479213 0.3101833 0.07232966 -0.9760984 -0.1824687 -0.1180551 -0.9927208 0.04443296 -0.1119429 -0.5610206 0.7297769 0.3907449 -0.708271 0.6389426 0.3001744 -0.8257203 0.5250217 0.2062478 -0.9857284 0.1673638 -0.018137 -0.9959885 0.05580854 -0.06994461 -0.9912676 -0.05727829 -0.1187756 -0.4602936 0.7654578 0.4496711 -0.6210448 0.6889663 0.3736694 -0.780998 0.5675597 0.260611 -0.8882589 0.4341991 0.1498908 -0.9929345 0.06705983 -0.09789849 -0.9860283 -0.02405731 -0.1648316 -0.9098511 0.3970636 0.1204635 -0.9567144 -0.2835423 -0.0655849 0.02412979 -0.5455211 0.8377497 -0.7054346 0.5899026 0.3929083 0.02433323 -0.5454306 0.8378027 -0.3785531 0.7992907 0.4667246 0.02435269 -0.5454471 0.8377914 -0.3250309 0.8059681 0.4947428 0.0243254 -0.5453909 0.8378288 -0.5417813 0.7593865 0.3602849 0.02435304 -0.5454839 0.8377674 -0.7517204 0.5545991 0.3568421 0.02434356 -0.545473 0.8377748 -0.8284797 0.4638079 0.3138528 0.02437525 -0.5454765 0.8377716 -0.8778212 0.3915741 0.2758617 0.02444467 -0.5454702 0.8377737 -0.9828548 0.05526115 0.1759054 0.02438171 -0.5454425 0.8377935 -0.9970984 0.03240076 0.06888395 0.02435993 -0.5454425 0.8377942 -0.9838011 -0.1494967 0.09892461 0.02437176 -0.5454611 0.8377817 -0.964755 -0.2615786 0.02871146 0.02426482 -0.5454669 0.8377811 -0.9354052 -0.3520672 -0.03264645 0.02434981 -0.5454508 0.8377891 0.01597095 -0.5245982 0.8512001 -0.935918 -0.3504116 -0.03562574 0.02434459 -0.5454524 0.8377882 0.01597118 -0.5245981 0.8512002 -0.3200471 0.8038339 0.5014189 -0.3478605 0.793331 0.4996189 -0.3200424 0.8038439 0.5014058 -0.3366584 0.7861281 0.5183277 -0.3200498 0.8038379 0.5014108 -0.333464 0.7860291 0.5205383 -0.3200443 0.8038929 0.501326 -0.325869 0.7863803 0.5248003 -0.3200487 0.8038396 0.5014088 -0.3216354 0.7876823 0.5254591 -0.320044 0.8038261 0.5014335 -0.319508 0.7884576 0.5255941 -0.3200536 0.8038642 0.5013662 -0.3117781 0.7906621 0.5269231 -0.3200575 0.8038426 0.5013983 -0.3036046 0.7952382 0.5248052 -0.3200563 0.8038336 0.5014135 -0.2951421 0.803066 0.5176641 -0.6763859 0.1498111 -0.721151 -0.9290337 -0.2391073 -0.2823547 -0.3200429 0.8038443 0.501405 -0.2925127 0.8080561 0.5113528 -0.6901906 0.1984775 -0.6958762 -0.9543407 -0.1756611 -0.2416135 -0.9537463 -0.1772909 -0.2427674 -0.7705731 -0.5040838 0.3900213 -0.7592546 -0.5341798 0.3717317 -0.9289369 -0.2392938 -0.2825151 -0.7506789 -0.5548852 0.3585855 -0.3059417 0.806145 0.5064878 -0.3062124 0.8053192 0.5076366 -0.3067544 0.8043447 0.5088529 -0.3074024 0.8035125 0.5097759 -0.07453791 0.5062432 -0.8591635 -0.6759298 0.1521272 -0.7210938 -0.3099473 0.8008957 0.5123464 -0.3131553 0.7985692 0.5140243 -0.3243032 0.794779 0.5129852 -0.3270775 0.7945077 0.5116423 -0.3281148 0.7945245 0.5109516 -0.3315219 0.7954032 0.5073726 -0.3329284 0.7961229 0.5053187 -0.3334445 0.796912 0.5037322 -0.3338043 0.7975242 0.5025235 -0.3342061 0.7981383 0.5012799 -0.2919108 0.8114516 0.5062947 -0.3200549 0.8038257 0.5014271 -0.2986273 0.819791 0.4886352 -0.3200586 0.8038239 0.5014276 -0.303153 0.8208423 0.4840622 -0.3200557 0.80383 0.5014197 -0.3098986 0.8210546 0.4794082 -0.3200584 0.8037896 0.5014827 -0.3280186 0.8162899 0.4754731 -0.3200508 0.8038577 0.5013784 -0.336203 0.8117191 0.4775769 -0.3200488 0.8038331 0.5014191 -0.3397321 0.8090471 0.4796092 -0.3200487 0.8038388 0.50141 -0.3446658 0.8038994 0.4847178 -0.3200423 0.8038386 0.5014145 -0.3473137 0.7989211 0.4910177 -0.320038 0.8038358 0.5014216 -0.3475868 0.7972367 0.4935556 -0.3200525 0.8038437 0.5013997 -0.3200522 0.803832 0.5014188 -0.3479036 0.7955102 0.4961115 -0.3342928 0.8005074 0.4974296 -0.3338174 0.8021651 0.4950727 -0.3332716 0.8031381 0.4938616 -0.3300735 0.8065928 0.4903667 -0.329181 0.8074164 0.4896106 -0.3171284 0.8124289 0.4892739 -0.3157058 0.8127104 0.4897261 -0.3108179 0.8125144 0.4931659 -0.3097931 0.8122776 0.4941996 -0.3070782 0.8113705 0.497374 -0.3062309 0.8099499 0.5002037 0.2809913 0.563238 -0.7770501 -0.9302424 0.3554254 0.09122429 0.4396182 0.5669561 -0.6966324 -0.8608958 0.4701191 0.1945414 0.4913677 0.5455745 -0.6789008 -0.8230576 0.516801 0.2355694 0.5990921 0.5540908 -0.5779897 -0.7444293 0.5833213 0.324902 0.7040989 0.5298933 -0.4727132 -0.6346474 0.6916263 0.3447835 0.7564076 0.5120588 -0.406993 -0.575521 0.7300781 0.3684584 0.9398363 0.3414026 -0.01232918 -0.3511282 0.8077316 0.4735807 0.9539037 0.2848378 0.09452624 -0.3236277 0.806542 0.4947273 0.9399976 0.3358491 0.06008289 -0.3295531 0.8133089 0.4795032 0.931987 0.3615411 -0.02623382 -0.3700001 0.7914061 0.4865966 0.5071336 0.5637904 -0.6518864 -0.8074067 0.5364245 0.2456482 0.2799767 0.5570048 -0.7818943 -0.944515 0.3222967 0.063374 0.2069553 0.5477804 -0.8106208 -0.9666988 0.255916 -0.0006896841 0.9010568 0.4083847 -0.1460086 -0.4026972 0.7979317 0.4484862 0.8720392 0.4372297 -0.2199498 -0.6714343 0.5704777 0.4730023 0.8378397 0.4656885 -0.284884 -0.4921524 0.7685604 0.4087797 0.7990592 0.4903586 -0.3479265 -0.5254339 0.7479154 0.4056374 -0.7487079 0.6026536 0.2761251 -0.5463456 0.7497175 0.3734035 -0.4957515 0.7754629 0.3910087 -0.353637 0.8122217 0.4639361 -0.6202917 0.7079958 0.3376095 -0.426033 0.7962528 0.4295083 -0.3313091 0.8080494 0.4871247 -0.3200596 0.8038432 0.501396 -0.1098142 -0.5347754 0.8378282 -0.3200916 0.8037003 0.5016046 -0.2809899 -0.6090382 0.7416988 -0.3201434 0.8037274 0.5015282 -0.6062828 -0.5028684 0.6160719 -0.3200264 0.8038451 0.5014142 -0.9377208 -0.2606055 0.2297051 -0.3201772 0.8037954 0.5013976 -0.9496198 -0.3133904 0.002934683 -0.9367165 -0.2715691 -0.2209353 -0.3199293 0.8038661 0.5014425 -0.9381371 -0.06315864 -0.3404552 -0.3198785 0.8038702 0.5014683 -0.3199239 0.8037976 0.5015557 -0.6619583 0.1259263 -0.7388869 -0.6324019 0.1849061 -0.7522484 -0.4378426 0.01890834 -0.8988528 -0.3200063 0.8038324 0.5014473 -0.6612129 0.3636591 -0.6561628 -0.03979798 0.4905514 -0.870503 -0.320054 0.8039176 0.5012803 0.1191405 0.5844381 -0.8026442 -0.3200282 0.8039038 0.5013189 0.2434181 0.6596366 -0.7110747 -0.3200687 0.8038072 0.5014479 0.3616594 0.6958133 -0.620521 -0.3200268 0.8038597 0.5013905 0.6009671 0.6592611 -0.4518996 -0.3201819 0.8037252 0.501507 0.8394068 0.4731108 -0.2675114 -0.3199556 0.8038929 0.5013828 -0.3199659 0.8038899 0.5013809 -0.3201541 0.8037539 0.5014788 -0.3200432 0.8038345 0.5014204 -0.3200608 0.8038298 0.5014168 -0.3200335 0.8038508 0.5014005 -0.3200424 0.8038821 0.5013447 -0.3200569 0.8039128 0.5012861 -0.3200604 0.8038342 0.50141 -0.320035 0.8038387 0.5014189 -0.3200141 0.8038402 0.5014299 -0.3201363 0.8038289 0.50137 -0.3199221 0.8038667 0.5014461 -0.3201924 0.8037528 0.5014562 -0.3199928 0.80387 0.5013957 -0.3201052 0.8037707 0.5014831 -0.3201027 0.8037338 0.5015439 -0.3200519 0.803836 0.5014124 -0.3200454 0.8039244 0.5012749 -0.3200457 0.8039177 0.5012855 -0.3200488 0.8016097 0.504966 -0.01220959 -0.5539299 0.8324738 -0.3200414 0.8039459 0.5012429 0.03523538 -0.5422811 0.839458 -0.3204609 0.7986571 0.509364 -0.01159844 -0.5558198 0.8312219 -0.9554763 -0.2496928 -0.1572213 0.04200624 0.5173485 -0.8547433 -0.973436 -0.1011246 -0.205417 -0.9998332 -0.0006161063 0.01825607 -0.9818868 -0.189406 -0.004869289 -0.9731767 -0.2300587 -7.47403e-05 0.0335826 0.5385448 -0.8419274 0.04195417 0.5173267 -0.854759 -0.9324463 -0.1735954 -0.316873 0.04181977 0.5172933 -0.8547858 -0.9415403 -0.1506001 -0.3013661 0.04182305 0.5173184 -0.8547704 -0.9831611 -0.009086651 -0.1825151 -0.9659535 -0.2575194 0.02485288 -0.9523756 0.1982183 0.2317114 0.02433141 -0.5454663 0.8377795 -0.9094428 0.3768544 0.1757684 0.02432371 -0.5454259 0.837806 -0.6446937 0.6503414 0.4017787 0.024372 -0.545443 0.8377935 -0.421376 0.8010965 0.4250726 0.02434274 -0.5454006 0.8378219 -0.346868 0.8167848 0.4610262 0.02432618 -0.5453928 0.8378275 -0.3367722 0.8125537 0.4757531 -0.4744626 0.7172929 0.5102706 -0.6191405 0.6785041 0.3953444 -0.7135918 0.5844222 0.3863127 -0.8121701 0.4884075 0.3191205 -0.903474 0.3168006 0.2887423 -0.951524 0.2133995 0.2215011 -0.9713409 0.1061682 0.212662 -0.9854603 -0.01899104 0.1688412 -0.9880462 -0.09708785 0.1197439 -0.9774171 -0.193723 0.08442241 -0.9437198 -0.3302863 -0.01743229 -0.9444545 -0.3281023 -0.0188288 0.02441042 -0.5454339 0.8377983 -0.9428589 -0.3241731 -0.07699986 0.01591089 -0.5246144 0.8511912 -0.9315339 -0.2190682 -0.2902649 -0.8894772 -0.3039837 -0.3412099 0.03358414 0.5385452 -0.8419271 0.04195724 0.5173275 -0.8547583 -0.9330178 -0.1755525 -0.3141003 0.04203961 0.5173515 -0.8547398 -0.9521078 -0.1983579 -0.2326905 -0.9461083 -0.2378905 -0.2197436 -0.9577957 -0.2308942 -0.1712172 -0.334567 0.7988849 0.4998478 -0.3321952 0.7958014 0.5063067 -0.3302397 0.7951977 0.5085295 -0.3292191 0.7949579 0.5095652 -0.3259282 0.7945614 0.5122919 -0.3228982 0.7950504 0.5134507 -0.3213851 0.7952584 0.5140775 -0.3189964 0.7960198 0.5143868 -0.3172214 0.7965726 0.5146287 -0.3159926 0.7971854 0.5144357 -0.3146141 0.7977445 0.514414 -0.3121923 0.799136 0.5137291 -0.3108368 0.8000704 0.5130963 -0.3089604 0.8017012 0.5116821 -0.3080247 0.8026695 0.5107273 -0.305727 0.806982 0.5052831 -0.3343686 0.7997002 0.4986754 -0.3056692 0.8077784 0.5040441 -0.3057648 0.8084982 0.5028306 -0.3058272 0.8093424 0.5014326 -0.3065775 0.8105762 0.4989754 -0.3078069 0.8116943 0.4963944 -0.3085113 0.8120635 0.4953521 -0.3118673 0.812998 0.4917042 -0.3130598 0.8128097 0.4912575 -0.3141206 0.8128908 0.4904454 -0.3186329 0.8122334 0.4886205 -0.321028 0.811463 0.4883327 -0.3227982 0.8109059 0.4880912 -0.3240155 0.8103039 0.4882844 -0.3253937 0.8097402 0.4883029 -0.3268669 0.8089082 0.4886978 -0.327822 0.8083451 0.4889897 -0.3310572 0.8057867 0.4910285 -0.3319889 0.8048196 0.4919845 -0.3326082 0.8039868 0.492927 -0.3340887 0.8013458 0.4962153 -0.979281 0.1940167 -0.05801911 -0.9661987 0.2509041 -0.05922136 -0.9519044 0.3014928 0.05459092 -0.8081353 0.5342163 0.2480529 -0.7624567 0.597459 0.2484 0.6522984 0.5423612 -0.5294819 -0.6999037 0.6375925 0.3218861 0.5423026 0.5626369 -0.6239773 -0.7804243 0.547792 0.3014331 0.3619538 0.5668671 -0.7400345 -0.8956624 0.4194451 0.147833 0.1971921 0.5518621 -0.8102861 -0.958809 0.2832658 0.02111367 0.1055592 0.5316534 -0.8403582 -0.9807239 0.1795886 -0.07699688 0.04187377 0.5173389 -0.8547555 -0.9818146 0.02558265 -0.1881108 -0.9647372 -0.07233404 -0.2530807 -0.9739094 0.1365302 -0.1812731 -0.3766811 0.8066924 0.4553666 -0.684999 0.6597809 0.308975 -0.8574183 0.4741418 0.2000583 -0.8968124 0.4170523 0.1476308 -0.9254328 0.3646045 0.1031392 -0.3199283 0.8037998 0.5015494 -0.3199789 0.8037772 0.5015533 -0.3201463 0.8037436 0.5015003 -0.3200891 0.8038121 0.5014271 -0.3198607 0.8039129 0.5014112 -0.3217024 0.8055273 0.4976277 -0.3201463 0.8037348 0.5015144 -0.3199666 0.8038709 0.5014109 -0.3200405 0.8038381 0.5014164 -0.3201255 0.8038212 0.5013893 -0.3199785 0.8038419 0.5014499 -0.3200785 0.8038331 0.5014002 -0.31992 0.8038109 0.5015369 -0.3260254 0.8060618 0.4939351 -0.9349637 -0.353462 -0.03012601 -0.9442012 -0.3287852 -0.01960416 -0.3573428 0.7618092 0.5403266 0.033687 0.5385718 -0.8419059 -0.9351758 -0.2017103 -0.2911344 0.02666266 0.5851585 -0.8104805 -0.9257858 -0.2674836 -0.2671576 -0.9319291 -0.1718522 -0.3193351 0.03368751 0.538572 -0.8419058 -0.9263671 -0.1880306 -0.3263256 0.04201031 0.5173494 -0.8547425 -0.9638454 -0.07781163 -0.254848 -0.941292 -0.1516087 -0.3016359 -0.9405755 -0.3266558 0.0928104 -0.9471232 -0.3009297 0.1113505 -0.9468899 -0.3015661 0.111613 -0.9479437 -0.299331 0.1086451 -0.9491649 -0.2965054 0.1056908 -0.9512867 -0.2921003 0.09864641 -0.9583535 -0.2771481 0.06890214 -0.9630676 -0.2653728 0.04558641 -0.966339 -0.2562634 0.02275893 -0.9689148 -0.2472749 0.007699929 -0.969499 -0.2450817 0.002577858 -0.9699677 -0.2432248 -0.00207606 -0.9708246 -0.2394984 -0.01183476 -0.9622597 -0.2561086 -0.09200373 -0.9568876 -0.2656343 -0.1174928 -0.9350054 -0.2979286 -0.1923627 -0.007432016 0.9645505 0.2637937 -0.9311591 -0.2898546 -0.2211945 0.004958202 0.9782667 0.2072913 -0.9535994 -0.2691571 -0.1349171 0.2276415 0.9602885 0.1613237 -0.9613678 -0.2548567 -0.1040197 0.280114 0.9494753 -0.1415374 -0.9712412 -0.2353529 -0.03604862 -0.006764148 0.9935978 -0.1127728 -0.9706688 -0.2401638 -0.01110892 -0.003327239 0.9997678 0.02128985 -0.9702905 -0.2418559 -0.006490648 -0.001353683 0.9883617 0.1521159 -0.9697721 -0.2440092 -0.001219361 -0.000866975 0.9606831 0.2776457 -0.9691458 -0.2464474 0.004484665 0.005009924 0.9176069 0.3974576 -0.9683681 -0.2492931 0.0107822 0.007076455 0.8619863 0.5068821 -0.9674561 -0.2522855 0.01951387 -0.9650201 -0.2597704 0.03543417 0.01441457 0.7231903 0.6904984 -0.9640336 -0.2624965 0.04165181 0.00684289 0.649123 0.7606527 -0.9621318 -0.2678543 0.05056073 0.01291528 0.5716641 0.8203861 -0.9555121 -0.2835623 0.08117328 0.0205982 0.2145735 0.9764906 -0.9501347 -0.2945384 0.102427 0.01974204 -0.1494692 0.9885693 -0.9424125 -0.3093244 0.1271895 0.02701154 -0.3889172 0.9208766 -0.9437518 -0.3301674 -0.01794801 0.01591081 -0.5246144 0.8511913 -0.9575107 -0.2833721 0.05360487 0.01610546 -0.4993672 0.8662407 -0.9413325 -0.3238533 0.0949326 0.02164192 -0.4970394 0.8674581 -0.9484027 -0.2980845 0.1080645 0.01821868 -0.2665526 0.9636482 -0.9517061 -0.291346 0.09681421 -0.007011333 -0.02267494 0.9997183 -0.9535342 -0.2876965 0.08946097 0.011798 0.06856245 0.9975771 -0.9577632 -0.2786593 0.07098332 0.0184116 0.3357929 0.9417559 -0.9601688 -0.2729273 0.05988754 0.01762736 0.4650971 0.8850842 0.01244122 0.7980937 0.6024049 -0.9672082 -0.2526113 0.02637706 -0.006361259 0.9801445 -0.1981826 -0.9705286 -0.240148 -0.02007941 0.007639082 0.9808772 -0.1944776 -0.9671826 -0.2532667 -0.02033962 -0.005210151 0.9935199 -0.113539 -0.9671202 -0.2541574 -0.009083183 -0.01113902 0.9846998 0.1739032 -0.9668069 -0.2554944 -0.002653017 -0.005215062 0.8868619 0.4620051 -0.9657026 -0.2594842 0.009301112 0.002206455 0.8165822 0.577225 -0.9648399 -0.2623523 0.01597818 -0.9596343 -0.2780149 0.04254133 0.006677834 0.4478668 0.8940754 -0.9580593 -0.2824749 0.0482741 0.01946177 0.3172416 0.948145 -0.9570295 -0.2853671 0.05157754 0.02298101 0.2321597 0.9724062 -0.9560579 -0.2880842 0.05441357 0.04528924 -0.001839235 0.9989722 -0.9562051 -0.2876609 0.05406518 0.02130515 -0.0743666 0.9970034 -0.9582414 -0.2816235 0.04961438 0.007950915 -0.3150465 0.9490429 -0.9602671 -0.2753308 0.04560794 0.01798709 -0.4285038 0.9033609 -0.9568331 -0.2858313 0.05263932 0.00785131 -0.1912026 0.9815192 -0.9563355 -0.2873079 0.05363344 0.01600552 0.1323509 0.9910737 -0.9614727 -0.2726926 0.03476931 0.003124203 0.5791772 0.8151957 -0.9630062 -0.2681084 0.02714739 0.002826399 0.6865182 0.7271071 0.007544622 0.7551411 0.6555189 -0.9639848 -0.2650815 0.02156834 -0.0118788 0.9457887 0.3245652 -0.9663801 -0.2571031 0.002731091 -0.005469721 0.9996042 0.02759576 -0.9670229 -0.2546071 -0.006482147 -0.9363493 -0.2632715 -0.2322456 -0.9358352 -0.2478871 -0.2505285 -0.9466792 -0.283919 -0.1522777 -0.9296389 -0.3616339 0.07065785 -0.949946 -0.3057896 -0.06399447 -0.9517596 -0.289704 -0.1011199 -0.9533112 -0.2641288 -0.1464029 -0.9506704 -0.2476364 -0.1868205 -0.9444556 -0.2515359 -0.2115024 -0.931273 -0.3523882 0.09248335 -0.9601733 -0.2763899 -0.04093645 -0.9613418 -0.2638338 -0.07882658 -0.9592532 -0.2570425 -0.1173135 -0.9590612 -0.2826926 0.0169269 -0.03563047 0.9977606 -0.05660595 -0.9664513 -0.2519135 -0.05011553 -0.02431215 0.9964242 0.08091859 -0.964085 -0.2492051 -0.09185217 -0.04290597 0.9650614 0.2584872 -0.958241 -0.2505885 -0.1377662 -0.9522054 -0.252814 -0.171435 -0.8568574 -0.5123381 -0.05749038 -0.9142821 -0.4007333 0.05917034 -0.7814802 -0.6229061 0.03573128 -0.8616178 -0.4670477 0.1986991 -0.6727744 -0.5545246 -0.4897725 -0.7291073 -0.6786275 0.088697 -0.6664847 -0.7311329 0.1457496 -0.6771696 -0.5440871 -0.4953893 -0.7683668 -0.6379821 0.05090519 -0.8508091 -0.3696784 -0.3734458 -0.9086925 -0.3907307 -0.1469944 -0.9370267 -0.2255199 -0.2666867 -0.9178457 -0.2514505 -0.3071351 -0.9371569 -0.259804 -0.2328923 -0.9023504 -0.2834366 -0.3246958 -0.9325973 -0.2912156 -0.2132034 -0.7835117 -0.4504087 -0.4280671 -0.8704822 -0.486132 -0.07704902 -0.7076008 -0.5182502 -0.480331 -0.8208781 -0.571047 -0.008031712 -0.6334193 -0.6351838 -0.4419519 -0.6902647 -0.1149322 -0.7143705 -0.7232443 -0.5579198 -0.4069929 -0.8288505 -0.1498664 -0.539024 -0.8612745 -0.1558881 -0.4836374 -0.7943567 -0.1388257 -0.5913754 -0.8515836 -0.3804985 -0.3605916 -0.8998651 -0.1665163 -0.4031316 -0.9042834 -0.2650726 -0.334676 -0.9136135 -0.1705015 -0.3691065 -0.9127579 -0.2423776 -0.3288253 -0.9325586 -0.1939829 -0.3044751 -0.8879805 -0.3112001 -0.3385928 -0.9267133 -0.2152088 -0.3080385 -0.8787996 -0.3237203 -0.3505944 -0.9291998 -0.2169847 -0.2991745 -0.8394914 -0.3976439 -0.3703155 -0.6527178 -0.5880039 -0.4777143 -0.7157097 -0.1205861 -0.6879088 -0.7943567 -0.1388257 -0.5913754 -0.7838545 -0.4827415 -0.3905544 -0.613566 -0.09830479 -0.7835004 -0.6864795 -0.604017 -0.4048572 -0.5403015 -0.07947573 -0.8377099 -0.6591361 -0.614427 -0.4336117 0.03398929 0.538651 -0.8418431 -0.8086107 0.04402207 -0.5866948 -0.9197884 -0.1731715 -0.3521375 -0.9335754 -0.1774587 -0.3113607 -0.9406623 -0.2228478 -0.2559167 -0.003683894 0.9658164 0.2592011 -0.9334623 -0.2900988 -0.2109287 0.02333508 0.7871162 -0.6163632 -0.9181193 -0.2832854 -0.2771397 -0.5365616 0.7818269 -0.3175662 -0.7164623 0.6117181 0.3353845 -0.6431124 0.6853298 -0.341657 -0.8082103 0.5282973 0.2601885 -0.8060143 0.4661301 -0.364779 -0.9327533 0.3443632 0.106702 -0.832928 0.4158925 -0.3650539 -0.8926316 0.2670252 -0.3631892 -0.9733246 0.2288625 0.01616052 -0.8919497 0.2696828 -0.3629007 -0.9266445 0.1168081 -0.3573315 -0.9915826 0.1030582 -0.07837714 -0.9272893 0.1134355 -0.356745 -0.9406293 -0.04160669 -0.3368759 -0.9848134 -0.02635647 -0.1716041 -0.7655227 0.09238373 -0.6367419 -0.7993196 0.05499954 -0.5983839 -0.9336833 0.07595427 -0.3499519 -0.9414714 -0.08312557 -0.3266828 -0.7028179 0.1534184 -0.6946293 -0.7655169 0.09238973 -0.6367479 -0.9008335 0.2324925 -0.3666691 -0.9331779 0.07924838 -0.350569 -0.5818953 0.2506314 -0.7736807 -0.7027694 0.1534617 -0.6946688 -0.8280694 0.4272221 -0.3630184 -0.9015315 0.2292963 -0.3669662 -0.5444963 0.7159286 0.4370012 -0.5595427 0.09476622 0.8233658 -0.421716 0.1220234 0.8984798 -0.6454435 0.6617685 0.3813989 -0.5527222 0.09507386 0.8279246 -0.6843905 0.05216517 0.7272471 -0.7566043 0.5789853 0.3038519 -0.7391193 0.02546569 0.673093 -0.9587535 -0.13674 -0.2491863 -0.9402551 -0.2046765 -0.2720805 -0.9585663 -0.1975096 -0.2052819 -0.9408155 -0.04643536 -0.335723 -0.935354 -0.1839993 -0.3020881 -0.9753862 -0.07660884 -0.2067678 -0.7555357 0.5463094 -0.3615409 -0.6828094 0.6416333 -0.3493966 -0.8775821 0.4417777 0.1862314 -0.6960658 0.0387352 0.7169324 -0.5806623 -0.5847613 0.5664675 -0.4557885 -0.5948015 0.6621691 -0.8742916 -0.03728786 0.4839668 -0.7372772 -0.5436069 0.4011407 -0.9713797 -0.1126726 0.2091083 -0.8811417 -0.4469599 0.154325 -0.9872147 -0.1472979 0.06091367 -0.9239358 -0.3819002 0.02224659 -0.9665253 -0.1950041 -0.1667402 -0.947361 -0.2666926 -0.1771504 -0.9869501 -0.1610125 -0.002119913 -0.9347592 -0.3540754 -0.02925458 -0.9704201 -0.09615753 -0.2214466 -0.9576618 -0.1977502 -0.2092335 -0.9808797 -0.1791153 -0.07610944 -0.9896007 0.01556977 -0.1429966 -0.9854981 -0.1682067 -0.02236177 -0.9890714 0.1370378 -0.05439099 -0.9827097 -0.1362398 0.1253812 -0.9628599 0.2664262 0.04379481 -0.9537979 -0.09780377 0.2840846 -0.9102225 0.3891893 0.1415154 -0.8983574 -0.05563675 0.4357275 -0.8413795 0.4907338 0.2264087 -0.8272085 -0.01633655 0.5616576 -0.9331846 -0.07563926 0.3513476 -0.8457238 -0.4806737 0.2317414 -0.7722622 -0.5280464 0.3532394 -0.7967888 0.001536429 0.6042559 -0.5806623 -0.5847613 0.5664675 -0.6834157 -0.5620116 0.4659249 -0.6380646 0.05585799 0.767954 -0.4951562 0.09736264 0.8633312 -0.455278 -0.5948132 0.6625098 -0.3072816 -0.588904 0.7475093 -0.5010452 0.09715269 0.8599506 -0.4208417 0.1220524 0.8988857 -0.3059942 -0.5887794 0.7481352 -0.160954 -0.5676886 0.8073558 -0.5483811 -0.8027608 0.2342077 -0.3681097 -0.5931291 0.716026 -0.4421118 -0.5948977 0.6712927 -0.7289086 -0.6788137 0.0889049 -0.8209958 -0.4996181 0.2763108 -0.616524 -0.7656974 0.1833183 -0.7277372 -0.5472872 0.4133706 -0.9051216 -0.4016623 -0.1393638 -0.9406952 -0.3325542 -0.0670844 -0.9304493 -0.3034463 -0.2053885 -0.9460753 -0.2454393 -0.2114263 -0.9456222 -0.3036251 -0.1166638 -0.9447988 -0.2386072 -0.2245479 -0.9414362 -0.2547066 -0.220958 -0.07352097 0.5065873 -0.8590483 -0.544087 -0.03589574 -0.8382606 -0.07356071 0.506582 -0.859048 -0.6015733 0.02697611 -0.798362 -0.07354986 0.5065867 -0.8590461 -0.7104575 0.4973771 -0.4978616 -0.7175103 0.4400132 -0.5399698 -0.7221152 0.3243488 -0.6110217 -0.6816078 0.1828137 -0.7085125 -0.9834144 0.02402099 -0.179775 -0.009260082 0.9506797 0.3100361 -0.9108814 -0.3444005 -0.2273397 -0.006568127 0.9996792 -0.02445979 -0.9335216 -0.2690049 -0.2370103 0.01743234 0.957176 -0.2889813 -0.9239481 -0.2783853 -0.2623387 0.003309382 0.6037694 -0.7971521 -0.9155989 -0.2657209 -0.30178 0.04962513 0.6790456 -0.7324168 -0.9180561 -0.2832595 -0.2773754 0.01813627 0.8708881 -0.4911467 -0.9197455 -0.2815276 -0.2735149 0.01105863 0.9364081 -0.3507387 -0.9226532 -0.2791426 -0.2660646 0.003285511 0.9831325 -0.1828655 -0.9263686 -0.2773418 -0.2547996 0.01163394 0.9995041 -0.02925952 -0.9299837 -0.2771421 -0.2415008 0.003981257 0.9921431 0.1250452 -0.9328283 -0.2787238 -0.2283515 0.03339772 0.548276 -0.8356303 -0.9224746 -0.2482117 -0.2956884 0.038531 0.6924084 -0.7204762 -0.9166906 -0.2706037 -0.2940271 0.03489992 0.813779 -0.5801256 -0.9181014 -0.2751605 -0.2852656 0.02896799 0.8989231 -0.4371477 -0.9206455 -0.2778417 -0.274255 -0.00677319 0.9900095 -0.1408382 -0.924893 -0.2848258 -0.2518874 -0.007495035 0.9914571 0.1302175 -0.933589 -0.2778505 -0.2262976 -0.9319383 -0.2897161 -0.2180726 -0.918788 -0.2897694 -0.2680715 -0.9152125 -0.2701734 -0.2989856 -0.9141194 -0.2679503 -0.3042834 -0.807902 0.04487192 -0.587606 -0.8925271 -0.1658226 -0.4194023 -0.7662472 0.09162703 -0.6359793 -0.7985816 0.05586128 -0.5992886 -0.8288505 -0.1498664 -0.539024 -0.8832183 -0.1632606 -0.4396265 -0.7084821 0.1483303 -0.6899647 -0.7662459 0.09162845 -0.6359807 -0.7405588 -0.1285724 -0.6595769 -0.7943567 -0.1388257 -0.5913754 -0.8288505 -0.1498664 -0.539024 -0.7084637 0.148347 -0.68998 -0.6389673 0.2076498 -0.7406769 -0.6880708 -0.1150136 -0.7164708 -0.616342 0.225159 -0.7546032 -0.6026779 -0.09522802 -0.7922821 -0.4488997 0.3370681 -0.8275712 -0.5129478 -0.07536963 -0.8551047 -0.2708373 0.4295485 -0.8614727 -0.383683 0.3739295 -0.844372 -0.5119039 -0.07495988 -0.855766 -0.2461941 0.4405149 -0.8633279 -0.5099899 -0.07394998 -0.8569957 -0.1200743 0.4905679 -0.8630906 -0.4798738 -0.05465776 -0.8756333 -0.115383 0.4921688 -0.862819 -0.4428761 0.8473439 -0.2930342 -0.2293105 0.4478539 -0.8642011 -0.5394231 0.7799625 -0.3173032 -0.2862079 0.42269 -0.8598943 -0.4258476 0.3509736 -0.8339493 -0.6015596 0.7267639 -0.3315726 -0.7103567 0.6105035 -0.3502555 -0.4257289 0.3510447 -0.8339799 -0.5816654 0.2507969 -0.7737999 -0.7778437 0.5156253 -0.3592908 0.03344704 0.5385107 -0.8419546 -0.7993466 0.05496806 -0.5983506 -0.9414569 -0.08809122 -0.3254211 -0.9333646 -0.1767557 -0.3123906 -0.9262861 -0.1876686 -0.3267638 -0.9221461 -0.2491851 -0.295894 -0.9707044 -0.2393418 -0.0211778 -0.9704008 -0.2414096 -0.006607905 -0.9681612 -0.2499356 0.01400155 -0.9651708 -0.2596001 0.03245099 -0.9606378 -0.2716708 0.05805187 -0.9562721 -0.2817985 0.07831514 -0.9538353 -0.2868661 0.0889163 -0.9470949 -0.30111 0.1111037 -0.9475573 -0.2789314 -0.1559883 -0.9670533 -0.2470605 -0.06139229 -0.9705034 -0.2377228 -0.04013806 -0.9160619 -0.2746608 -0.2922192 -0.917022 -0.2793323 -0.2846825 -0.9179142 -0.2845492 -0.2765235 -0.9221655 -0.2908434 -0.2549918 -0.9222646 -0.3004385 -0.2432381 -0.9264656 -0.2964633 -0.2318858 0.007425624 0.9940936 -0.1082714 -0.9699056 -0.2379303 -0.05169468 0.100167 0.9948637 0.01458742 -0.969075 -0.235038 -0.07517174 -0.009764363 0.9497379 0.312894 -0.9346221 -0.2969265 -0.1957455 -0.5847362 -0.7842402 0.2074871 -0.6868461 -0.561498 0.4614786 -0.5507855 -0.8017247 0.2321054 -0.6268063 -0.5770114 0.5236141 -0.5806623 -0.5847613 0.5664675 -0.5281523 -0.5906515 0.6100705 -0.5498837 -0.8021328 0.2328324 -0.5049403 -0.5924874 0.6276894 -0.5472504 -0.8032168 0.2352864 -0.3521625 -0.592246 0.7247249 -0.5451028 -0.8040246 0.2375025 -0.2700457 -0.5847412 0.764953 -0.5129964 -0.8138609 0.2728829 -0.09136402 -0.5529724 0.8281752 -0.1721616 -0.5696725 0.8036378 -0.160954 -0.5676886 0.8073558 -0.49633 -0.07922097 -0.8645118 -0.6647949 -0.5766239 -0.4749239 -0.5125961 -0.7081171 -0.4856083 -0.6708149 -0.5756296 -0.4676088 -0.6507435 -0.7425919 0.1583988 -0.6636001 -0.5937557 -0.4550703 -0.5811013 -0.7857182 0.2120571 -0.4714949 0.3234612 -0.8204056 -0.5690376 0.2596204 -0.7802522 -0.5353069 -0.08049357 -0.8408135 -0.4423656 0.8475712 -0.293148 -0.613342 0.6803732 0.4011284 -0.3988277 0.8726574 -0.2817899 -0.4090798 0.8670971 -0.2842468 -0.5642802 0.7056824 0.4284859 -0.5099812 0.7305519 0.4541069 -0.4091465 0.8671039 -0.2841301 -0.5363844 0.719411 0.4412931 -0.421414 0.1219903 0.898626 -0.160954 -0.5676886 0.8073558 -0.09135752 -0.5529677 0.828179 -0.6995876 -0.08145529 0.7098889 -0.5503581 0.06209101 0.8326168 -0.4217025 0.1212609 0.8985893 -0.09132599 -0.5529668 0.8281831 -0.7500437 -0.5561267 0.357991 -0.09269981 -0.5533053 0.8278043 -0.7946586 -0.3715085 0.4801032 -0.7501492 -0.1603583 0.6415304 -0.6976034 -0.08132803 0.7118534 -0.705334 -0.0889954 0.7032665 -0.09120909 -0.5529474 0.828209 -0.759253 -0.5341812 0.371733 -0.7810876 -0.4579031 0.4245315 -0.7943442 -0.3760939 0.4770437 -0.09093955 -0.5528849 0.8282803 -0.9819558 -0.07471474 -0.1737253 -0.7811584 -0.4575402 0.4247924 -0.9919592 -0.006096646 -0.1264109 -0.9920042 0.1207759 -0.03661824 -0.7862463 -0.3263975 0.5246727 -0.7889293 -0.4100774 0.457632 -0.6296165 0.6683571 0.3960833 -0.5101039 0.7306204 0.4538589 -0.5503581 0.06209101 0.8326168 -0.4217151 0.121348 0.8985717 -0.7221152 0.3243488 -0.6110217 -0.7007113 0.2238967 -0.6774024 -0.982423 -0.07241995 -0.1720479 -0.4344374 0.8487275 -0.3015388 -0.6112105 0.6800598 0.4048955 -0.6919366 0.6265325 0.3587211 -0.633344 -0.001353743 0.7738692 -0.5503581 0.06209101 0.8326168 -0.8028191 0.5285344 0.2759217 -0.6395445 -0.008394614 0.7687083 -0.6976034 -0.08132803 0.7118534 -0.8912167 0.4150814 0.1828666 -0.6976034 -0.08132803 0.7118534 -0.7501492 -0.1603583 0.6415304 -0.9255147 0.3545204 0.1331835 -0.9714856 0.2326192 0.04586878 -0.7800133 -0.2429829 0.5766616 -0.7501492 -0.1603583 0.6415304 -0.9840016 0.1780807 0.005298437 -0.784673 -0.2883539 0.5487625 -0.5304443 0.7749383 -0.3436559 -0.4634633 0.8264032 -0.3197802 -0.7039846 0.6178588 0.3502231 -0.5304443 0.7749383 -0.3436559 -0.5883486 0.7170247 -0.3737935 -0.7847425 0.5474841 0.290586 -0.5883486 0.7170247 -0.3737935 -0.6362934 0.6535807 -0.409833 -0.8536679 0.4691398 0.2261836 -0.6593604 0.6079509 -0.4423116 -0.9176115 0.368694 0.1485052 -0.6778453 0.5634914 -0.4722321 -0.7175103 0.4400132 -0.5399698 -0.9885963 0.1495806 -0.01740512 -0.9465142 0.306132 0.1019511 -0.7175103 0.4400132 -0.5399698 -0.7221152 0.3243488 -0.6110217 -0.9920459 -0.005264812 -0.1257665 -0.9890137 0.1465118 -0.01965307 -0.0737852 0.5064972 -0.8590788 -0.5334357 0.7776726 -0.3326736 -0.4090865 0.8670983 -0.2842336 -0.07374165 0.5065088 -0.8590757 -0.4996985 -0.07364359 -0.8630632 -0.07458604 0.5062272 -0.8591687 -0.6489024 0.09831105 -0.7544936 -0.5333841 -0.04461286 -0.8446959 -0.7222915 -0.526293 -0.4486767 -0.5924426 0.0171865 -0.8054293 -0.8102949 -0.4316292 -0.3963817 -0.6458834 0.08988718 -0.758126 -0.884612 -0.325014 -0.3344063 -0.7213641 -0.5271892 -0.4491162 -0.6004552 -0.762488 0.2409682 -0.6633875 -0.5797437 -0.4730902 -0.551817 -0.8045254 0.2196289 -0.7165926 -0.6194517 0.3205849 -0.09120878 -0.5529468 0.8282094 -0.6605065 -0.6987645 0.2746986 -0.09158878 -0.55303 0.8281119 -0.5949972 -0.7675066 0.2385623 -0.09118514 -0.5529318 0.828222 -0.5475185 -0.807042 0.2211487 -0.09134742 -0.5529777 0.8281735 -0.8096677 -0.4321911 -0.3970505 -0.6636988 -0.6947179 0.2772562 -0.8843631 -0.325313 -0.3347737 -0.7182824 -0.6171846 0.3211752 -0.07374046 0.5065188 -0.8590699 -0.5370324 0.774204 -0.3349692 -0.5304443 0.7749383 -0.3436559 -0.5883486 0.7170247 -0.3737935 -0.7105792 0.4991311 -0.4959287 -0.3200808 0.803791 0.5014662 -0.3200792 0.8038048 0.501445 -0.3200522 0.8038309 0.5014204 -0.3200302 0.8038446 0.5014124 -0.3200471 0.8038334 0.5014197 -0.3200231 0.8038671 0.501381 -0.3200317 0.8038449 0.501411 -0.3200317 0.8038551 0.5013947 -0.3200388 0.8038505 0.5013976 -0.3200559 0.8038287 0.5014217 -0.3200664 0.8038173 0.5014332 -0.320058 0.8038317 0.5014155 -0.3200497 0.8038302 0.5014231 -0.3200648 0.8038176 0.5014337 -0.3200505 0.8038373 0.5014113 -0.320064 0.8038227 0.5014261 -0.3200381 0.8038413 0.5014128 -0.3200336 0.8038492 0.501403 -0.3200312 0.8038515 0.5014008 -0.3200457 0.8038402 0.5014096 -0.3200425 0.803841 0.5014105 -0.3200381 0.8038463 0.5014047 -0.3200292 0.8038531 0.5013995 -0.320041 0.8038412 0.5014111 -0.3200457 0.8038383 0.5014128 -0.3200588 0.8038276 0.5014215 -0.3200541 0.8038298 0.501421 -0.3200477 0.8038338 0.5014186 -0.3200488 0.8038329 0.5014194 -0.3200467 0.8038384 0.5014119 -0.3200578 0.8038252 0.501426 -0.3200518 0.8038304 0.5014215 -0.3200435 0.8038412 0.5014096 -0.3200386 0.8038445 0.5014073 -0.3200461 0.8038347 0.5014182 -0.3200446 0.8038402 0.5014104 -0.3200356 0.8038498 0.5014007 -0.3200472 0.8038327 0.5014209 -0.320041 0.8038416 0.5014104 -0.3200437 0.8038414 0.501409 -0.3200521 0.8038333 0.5014166 -0.3200426 0.803839 0.5014136 -0.320037 0.803846 0.5014059 -0.3200434 0.8038393 0.5014125 -0.3200459 0.8038393 0.501411 -0.3200435 0.80384 0.5014114 -0.3200391 0.8038438 0.5014081 -0.3200504 0.803831 0.5014214 -0.3200411 0.8038444 0.5014058 -0.3200528 0.8038298 0.5014219 -0.3200447 0.8038379 0.501414 -0.3200434 0.8038378 0.501415 -0.3200576 0.8038253 0.5014259 -0.3200544 0.8038308 0.5014192 -0.3200579 0.8038259 0.5014247 -0.3200364 0.8038454 0.5014073 -0.3200546 0.8038255 0.5014275 -0.3200373 0.8038466 0.5014049 -0.3200573 0.8038275 0.5014226 -0.3200429 0.8038409 0.5014104 -0.3200353 0.8038471 0.5014052 -0.3200515 0.8038351 0.5014142 -0.3200391 0.8038459 0.5014048 -0.3200567 0.8038279 0.5014224 -0.3200308 0.8038515 0.5014011 -0.3200356 0.8038465 0.5014061 -0.3200425 0.8038409 0.5014107 -0.320044 0.8038399 0.5014113 -0.3200414 0.8038408 0.5014115 -0.3200466 0.8038349 0.5014176 -0.3200564 0.8038278 0.5014227 -0.3200467 0.8038389 0.5014112 -0.3200482 0.8038316 0.5014219 -0.3200501 0.8038311 0.5014214 -0.3200544 0.8038306 0.5014195 -0.3200593 0.8038269 0.5014223 -0.320046 0.8038374 0.501414 -0.3200415 0.8038401 0.5014126 -0.3200401 0.8038433 0.5014083 -0.3200473 0.80384 0.501409 -0.3200492 0.8038332 0.5014187 -0.320042 0.8038437 0.5014064 -0.3200258 0.8038561 0.5013968 -0.3200387 0.803842 0.5014113 -0.3200543 0.8038291 0.501422 -0.3200553 0.8038359 0.5014105 -0.3200628 0.8038184 0.5014338 -0.3200487 0.8038333 0.5014188 -0.3200521 0.8038343 0.501415 -0.3200558 0.8038375 0.5014075 -0.32006 0.8038211 0.5014313 -0.3200059 0.8038891 0.5013567 -0.3200445 0.8038397 0.5014112 -0.3200406 0.8038431 0.5014083 -0.3200497 0.8038356 0.5014145 -0.320047 0.8038365 0.5014148 -0.3261837 0.8060506 0.4938487 -0.6621082 0.3745887 -0.6490732 -0.3199185 0.8038122 0.5015356 -0.6850736 0.03914389 -0.7274214 -0.6533304 0.03416875 -0.7563015 0.2303545 -0.5159725 0.825051 -0.008463401 -0.3971906 -0.9176971 -0.5295032 -0.3122956 -0.7887317 -0.548681 0.01787317 -0.8358407 -0.02434789 0.5454516 -0.8377886 -0.7334094 -0.1005278 -0.672313 -0.4342985 -0.838432 -0.3292668 -0.9408511 -0.1471858 -0.305181 -0.04203062 -0.5173504 0.8547409 -0.2809344 -0.7566986 -0.5903246 -0.9999441 0.009623882 -0.00437947 -0.999944 0.009634359 -0.004372412 -0.01558098 0.3038598 -0.9525893 -0.9116184 -0.3377816 0.2342126 -0.7484877 -0.3830318 -0.5413436 -0.4137846 -0.7203943 -0.5566097 -0.999944 0.009646326 -0.004359859 -0.9999442 0.009612327 -0.00438046 -0.5345194 -0.8442491 0.03914634 -0.1461781 -0.2312845 -0.9618417 -0.01396645 -0.1632841 -0.9864802 -0.9467724 -0.2874484 0.144898 -0.6670586 0.7361273 0.1146708 -0.9999433 0.009707937 -0.0043684 0.04654062 -0.3974609 0.9164381 -0.5124816 0.5972864 -0.6169372 -0.9999436 0.009660542 -0.004403549 -0.7486831 -0.3772773 0.5451014 -0.6130347 0.227988 -0.7564456 -0.9999441 0.009628692 -0.004378008 -0.1807812 -0.5802923 0.79409 0.09523732 0.5347 -0.8396581 0.1527973 -0.2876007 -0.9454834 -0.7606067 -0.4912789 -0.4244084 -0.5770848 0.2811542 -0.766763 -0.4713731 0.4404195 -0.764093 -0.9999438 0.009646501 -0.004400151 -0.3297865 0.517326 -0.7896928 -0.1799901 0.5831705 -0.7921589 -0.02656957 0.6362744 -0.7710051 -0.9999441 0.009626946 -0.004363289 -0.4705561 -0.06750227 0.8797843 0.1262337 0.6753351 -0.7266275 0.2742887 0.699208 -0.6602074 0.4134534 0.707357 -0.5733257 0.5400056 0.699346 -0.4683045 0.650366 0.6753287 -0.3477861 -0.8955988 -0.1369574 -0.4232557 0.7427302 0.6346003 -0.2136219 0.8564258 0.511309 0.07139974 -0.6383191 0.5300053 -0.5582501 -0.03324463 -0.9820079 -0.1858905 0.0610134 0.5381419 -0.840643 -0.5579628 -0.005540479 -0.8298475 -0.999944 0.009621903 -0.004409667 0.687423 0.724796 0.04604817 -0.02431768 0.5454568 -0.8377861 -0.5235127 0.6650299 -0.5326065 -0.3938379 0.7319547 -0.5559983 -0.2554738 0.788871 -0.5589416 -0.1139035 0.8336627 -0.5404002 0.02695392 0.8651079 -0.5008611 0.1632542 0.8822754 -0.441518 0.2911374 0.8847901 -0.3638482 0.4071542 0.8724983 -0.2701336 0.5080469 0.845785 -0.1628991 -0.3064488 -0.5107379 -0.8032658 0.5910567 0.8053665 -0.0451308 0.7152708 0.671634 0.1931203 0.6425089 0.09165505 -0.760777 -0.02351903 -0.9944961 0.1020994 -0.6383266 0.7119084 -0.2927893 -0.02434871 0.5454533 -0.8377875 -0.7400423 0.648804 0.1771742 -0.01604484 0.5245764 -0.8512121 -0.0243824 0.5454402 -0.837795 -0.8959234 0.3402039 0.2856267 -0.02437055 0.5454461 -0.8377915 -0.9438795 -0.3299897 -0.01407893 -0.03007061 -0.5539168 0.8320288 0.3103145 -0.4405267 0.842402 -0.443541 -0.5478462 0.7093207 0.4957834 0.8086074 0.3167853 -0.5293167 0.8106223 -0.2504304 -0.4256386 0.8635116 -0.2705171 -0.3150729 0.908998 -0.2728584 -0.2019744 0.9448118 -0.2579475 -0.08941163 0.9699236 -0.226393 -0.6101319 0.7007187 -0.3697734 -0.9999438 0.009649269 -0.004388108 0.01948945 0.9836638 -0.1789575 0.1216672 0.9856643 -0.1168891 0.2143674 0.9758494 -0.04200688 -0.2463092 0.8964591 0.3683652 -0.9999437 0.009676452 -0.004364713 -0.7548126 0.07095332 -0.6520917 -0.8541055 -0.04560922 0.5180962 -0.5581661 -0.5585815 0.6135449 -0.268374 0.39919 -0.8767113 -0.05290729 -0.8904233 -0.4520477 -0.9716651 -0.2356255 0.01864131 0.2950169 0.9544942 0.04365512 0.3612994 0.9222133 0.1377874 0.4102132 0.8806728 0.23694 -0.5721859 0.8201238 -0.0004750364 0.0247053 0.8263798 0.5625709 0.02377856 0.7729663 0.6340014 0.02440701 0.7981979 0.6019006 -0.02437349 0.5454476 -0.8377905 -0.4952158 0.86877 -0.0001537328 -0.419971 0.9074266 -0.01419335 -0.340689 0.9400426 -0.01584167 -0.2595615 0.9657124 -0.005236675 -0.1788782 0.9837163 0.01745988 -0.100783 0.9935764 0.05146545 -0.02752221 0.995002 0.09598727 0.03895534 0.9879682 0.1496705 0.09675503 0.9726602 0.2111176 0.1442843 0.9495043 0.2786101 0.180288 0.9191417 0.3502496 0.2293909 0.8800957 0.4157059 -0.0224622 -0.7905454 -0.6119914 -0.4636561 -0.8848704 0.04502634 0.1452822 0.5229259 -0.8399057 -0.8660662 -0.3829647 -0.3213524 0.02633116 0.9513152 0.3070928 0.02567023 0.8906923 0.4538814 0.8246529 -0.03668394 0.5644483 0.4393768 -0.3643069 0.8211142 -0.8646799 -0.3643008 0.3458518 -0.1014476 -0.3807594 -0.9190923 0.6361394 0.5534905 -0.5375639 -0.4813856 0.846397 0.2277719 -0.4406671 0.8724584 0.2112555 0.1798409 -0.8375855 0.5158564 0.1308736 -0.7043636 0.6976704 0.1010279 -0.7161582 0.6905873 0.03881275 -0.5933435 0.8040131 0.1094339 -0.7491463 0.6533025 0.04969706 -0.6357497 0.7702938 0.01191954 -0.5762005 0.8172215 0.02496403 -0.6015206 0.7984671 0.1479167 -0.8035403 0.5765792 0.1825972 -0.8478042 0.4978817 0.2287633 -0.8950153 0.3829033 0.2694467 -0.9294304 0.2521065 0.2352651 -0.8653204 0.4425732 -0.03184319 -0.5376806 0.8425471 -0.03206898 -0.5381221 0.8422566 -0.394676 0.8963017 0.2021737 -0.3460601 0.9165371 0.2005049 -0.2961053 0.9326227 0.2062437 -0.9113763 -0.2487547 -0.3278939 -0.02897775 -0.6532856 0.7565569 0.376915 -0.9255893 0.03492111 0.4689103 -0.8822076 0.04281331 0.5667943 -0.8184753 0.09403372 0.6279205 -0.7668039 0.1331449 0.6794259 -0.7134412 0.1714121 0.7265381 -0.6541574 0.2102867 0.7703413 -0.587654 0.2474611 0.8193279 -0.4789489 0.3151344 0.8450574 -0.3869963 0.3689334 0.3455874 -0.9264746 0.149044 0.430863 -0.8854126 0.1743607 0.5276677 -0.8240252 0.2062747 0.5917535 -0.7678873 0.2453098 0.6558288 -0.6954068 0.2937651 0.7171995 -0.6059084 0.3442382 0.7601985 -0.5027653 0.4114916 0.7760818 -0.4182712 0.47196 0.8084081 -0.3371021 0.4825334 -0.6703799 -0.3923758 -0.6297873 -0.9999441 0.009628805 -0.004368257 0.7143734 -0.6662211 -0.2140562 0.6512254 -0.7556436 0.07005894 -0.2461668 0.944063 0.2194243 -0.9093998 -0.2415921 -0.3385634 -0.03154388 -0.5700289 0.8210189 0.3643698 -0.9302598 -0.04302728 0.3549292 -0.9325944 0.06552076 0.319599 -0.8973311 0.30439 0.3990796 -0.8573668 0.3250501 0.4343866 -0.8347365 0.3384128 0.2869829 -0.7407653 0.6073776 0.4916771 -0.7810827 0.38492 0.5308451 -0.7451957 0.4035923 0.6653561 -0.5572514 0.4967617 6.053738e-05 -0.5503287 0.8349481 0.9364214 0.3479792 0.04500435 0.9403009 0.3341894 0.06443322 0.9418031 0.3271496 0.07733085 0.8729628 0.457828 -0.1683134 0.4142742 0.6026248 -0.6820705 0.2804391 0.5917056 -0.7558032 0.1484813 0.5684861 -0.8091828 0.04629638 0.5425048 -0.838776 0.5425783 0.5976031 -0.5903214 0.6521503 0.5781663 -0.4903302 0.7394953 0.5482232 -0.3906379 0.7952527 0.5199582 -0.3117958 0.8371652 0.4906325 -0.2417316 0.9058212 0.4154142 -0.08318092 0.9329001 0.3595344 0.02079407 -0.2462903 -0.6062742 -0.7561565 -0.4678972 -0.134594 -0.8734739 -0.999944 0.009623941 -0.004390666 0.5912705 0.5819324 -0.5583492 0.5137578 0.5774256 -0.6345334 0.4374749 0.5841045 -0.6836941 0.2271059 0.5756343 -0.7855368 -0.04193316 -0.517321 0.8547635 -0.0418725 -0.5173056 0.8547758 0.1456661 0.5765976 -0.8039382 0.8339425 -0.01879943 0.551531 0.1006438 0.551004 -0.8284114 0.6769202 0.07128437 -0.7325965 0.7573403 0.1388836 -0.6380808 0.8996475 0.3071003 -0.3103607 0.9270713 0.3404738 -0.1568961 0.5976206 0.1658731 -0.7844334 -0.3162569 0.1570753 -0.9355795 -0.5707545 -0.5327588 0.6248258 -0.579629 0.2521306 -0.7748938 -0.9999446 0.009594553 -0.004329964 -0.961077 -0.08180939 -0.2638907 -0.042021 -0.5173438 0.8547453 0.7397638 0.3241718 -0.5896289 -0.283067 -0.9577685 0.05052234 -0.9275622 -0.2952405 -0.2290447 -0.03313205 -0.9987763 -0.03671614 0.2986197 0.283954 -0.9111511 -0.1975789 0.9505151 0.2397574 0.07067508 -0.5110368 0.8566484 0.02393927 0.7859381 0.6178416 0.8527256 -0.0003554576 0.5223589 -0.3100348 -0.9410109 0.1355616 0.3591261 0.3180373 -0.8774285 -0.1516373 0.9518105 0.2665763 0.5051067 0.3644607 -0.782327 -0.02346845 -0.5338565 0.8452493 0.7773249 0.4385654 -0.4510282 0.8555033 0.4450855 -0.2645998 -0.5342031 -0.5954651 0.6000403 0.9392452 0.3429156 -0.01507804 -0.2574928 -0.8966257 -0.3602218 0.3183145 0.4864388 -0.8136665 -0.7060872 -0.2883028 -0.6467785 -0.9999441 0.009611555 -0.004409468 -0.02454219 0.5453982 -0.8378177 0.5428519 0.4910323 -0.6813216 -0.7460228 -0.6607329 0.08295851 0.04758881 0.5178796 -0.8541288 -0.9615442 -0.2702948 -0.04871754 0.2967673 0.5896945 -0.7511255 0.3567303 0.5969241 -0.7186273 0.6834389 0.5549152 -0.4743209 0.7907305 0.513065 -0.3339305 0.8488813 0.4815354 -0.2180004 0.9019201 0.4215678 -0.09391909 0.9062793 0.409772 -0.103657 0.9331044 0.3589508 0.02169016 0.8690989 0.2468904 -0.4286166 0.5607764 -0.03214115 -0.8273432 0.9581759 0.2861304 0.005320971 0.9105379 0.2214775 -0.3490967 0.8942256 0.07175664 -0.4418275 0.6139671 -0.1868142 -0.766906 -0.9687765 -0.2471355 -0.01990404 -0.06051261 -0.992276 0.1082893 -0.0664676 -0.9791465 0.1919746 0.8775112 -0.2148636 -0.4287281 0.5792152 -0.3067729 -0.7552484 -0.9890118 0.09181296 -0.1158711 -0.04695818 -0.5185374 0.8537645 0.6479354 -0.6141023 -0.4506196 0.3186779 -0.8040087 -0.5020104 0.650778 -0.6742957 -0.3490176 0.4282434 -0.5739182 -0.6980153 0.4263195 -0.7799143 -0.4582415 0.4052541 -0.6969113 -0.5916788 0.3389878 -0.8010149 -0.4934191 0.4355658 -0.7273367 -0.5303431 0.9577046 0.2605491 0.1221313 0.376071 -0.7744386 -0.5087391 0.8221032 0.218125 -0.5258971 0.9710543 0.1859754 -0.1498889 -0.1096887 0.9478105 0.2993719 0.3348791 -0.79441 -0.5067235 0.9872268 0.1515954 0.0490111 0.7461803 0.01799798 -0.6655005 0.9988471 0.03991854 -0.02666314 0.7680779 -0.06823594 -0.6367105 0.955772 -0.05290081 -0.289312 -0.5163487 0.7753508 0.3636141 -0.869432 -0.4408753 0.2229732 -0.843109 -0.1859352 -0.5045744 0.8771149 0.2158917 -0.4290225 -0.3181045 -0.3145586 -0.8943503 -0.07294365 0.9385817 0.3372589 -0.2873909 0.04627401 -0.9566949 0.963088 -0.216089 -0.160521 0.3190994 -0.8045367 -0.5008954 0.9958304 -0.07992237 -0.04398001 0.7557015 -0.3701853 -0.5402574 0.5421451 -0.5005363 -0.6749386 0.5118952 -0.08621971 -0.8547102 0.5969735 0.06288107 -0.7997929 0.7369357 0.05192285 -0.6739657 -0.2730833 -0.8995342 0.3409748 0.3203547 -0.8034924 -0.5017697 0.8687286 -0.3918642 -0.3029075 -0.04213003 -0.517366 0.8547265 0.984044 -0.1778659 0.004603616 0.8759657 -0.3595198 0.3216049 0.8494016 -0.5051623 -0.1527347 0.7568206 -0.636704 0.1477519 0.8725682 -0.4623469 -0.1576709 0.73541 -0.6427343 -0.2146269 0.989766 -0.1419215 -0.01488785 0.7646759 -0.6025535 -0.2284734 0.7889115 -0.561292 -0.2501397 0.8137566 -0.5120187 -0.2750219 0.6667005 -0.6976567 -0.2622699 0.6788157 -0.6519932 -0.3378078 0.7087836 -0.6163412 -0.3431461 0.7355014 -0.569282 -0.3673633 0.9597219 -0.2762868 -0.05098519 0.8538888 -0.445391 0.2692595 0.9160089 -0.3892202 -0.0971362 0.8136643 -0.5405168 0.213991 0.7972829 -0.5754098 -0.1823284 0.7054576 -0.6993649 0.1149711 0.6668405 -0.7133598 -0.2155029 0.5424172 -0.7837828 -0.302437 0.4825306 -0.8030943 -0.3495765 0.4062691 -0.9131175 0.03408464 0.3531004 -0.8104294 -0.4674658 0.3504118 -0.9335134 -0.07592345 0.3376635 -0.8131916 -0.4740282 -0.9678986 0.2438304 0.06098419 -0.1988751 -0.5471795 0.8130457 0.9187014 -0.3770514 -0.1175582 0.8199652 -0.5398745 -0.1902434 0.6858581 -0.6744123 -0.273435 0.5840666 -0.7512765 -0.3073267 0.4399922 -0.8037709 -0.4004487 -0.999944 0.009643361 -0.004359048 0.9649231 -0.2520521 -0.07343812 0.8513808 -0.477293 -0.2175822 0.7228101 -0.6328249 -0.2776295 0.5113465 -0.7782005 -0.3645939 -0.06304193 -0.9880842 0.140411 0.3818283 -0.8088809 -0.4471228 0.9713527 -0.1927397 -0.1390156 0.9270264 -0.3315226 -0.1752568 0.8688947 -0.4301534 -0.2449285 0.7513988 -0.5883763 -0.2986857 0.6028089 -0.716968 -0.350112 0.5397586 -0.7439567 -0.3939405 0.4560857 -0.7856024 -0.4181084 0.9750202 -0.1464234 -0.1670205 0.937203 -0.2810121 -0.2065978 -0.9228517 -0.3004272 -0.241015 -0.03116576 -0.9955457 0.08898034 0.7876644 -0.5260648 -0.3206878 -0.8622471 -0.137772 -0.4873897 -0.9563558 -0.2921985 0.001901957 -0.6316826 -0.4585892 -0.6250384 0.09497928 -0.2820215 -0.9546952 -0.1595128 -0.2895123 -0.9437893 -0.0243785 0.5454409 -0.8377947 -0.04246652 0.9243242 0.3792378 0.9338126 -0.2483927 -0.2574783 0.876229 -0.3856601 -0.2889448 0.8078348 -0.4828287 -0.3380523 0.652831 -0.6574078 -0.3763331 0.5803246 -0.7121302 -0.3950873 0.5005367 -0.7566263 -0.4206895 0.4113431 -0.787995 -0.4581057 0.9983189 -0.04947746 -0.03018816 0.882938 0.0567029 -0.4660529 0.9731106 -0.1241905 -0.1939909 0.8562063 -0.009792341 -0.5165413 0.9434535 -0.2052381 -0.260332 0.8228811 -0.0814579 -0.5623444 0.9023767 -0.3063389 -0.3031052 -0.01925065 0.9053951 0.4241333 0.7738496 -0.1567129 -0.6136757 0.8533496 -0.3989379 -0.3356232 0.7028997 -0.2429671 -0.668505 0.7748106 -0.5051985 -0.3800566 0.6187696 -0.3313025 -0.7122941 0.6733875 -0.6251775 -0.3945914 0.5433799 -0.3773176 -0.7499132 0.5965734 -0.6932342 -0.4043841 0.4981521 -0.4363024 -0.7493228 0.5153015 -0.742887 -0.4272976 0.3453959 -0.8000829 -0.4904784 0.3485364 -0.8043041 -0.4812664 0.340487 -0.8038713 -0.4877085 0.3961304 -0.8114278 -0.4297275 0.3439799 -0.9388566 -0.01503821 0.4397391 -0.8112375 -0.385387 0.4020681 -0.9155119 -0.01338401 0.6121945 -0.7384549 -0.2826697 0.5396 -0.8413067 0.03216819 -0.5610764 0.1261601 -0.8180934 -0.5178412 -0.1539127 -0.8415173 0.03860971 0.5285381 -0.8480311 -0.004479909 0.8832175 0.4689421 0.1200629 -0.6388048 -0.759943 -0.7918383 -0.4279913 -0.4356782 -0.8680526 0.1824911 0.4617161 -0.6997118 -0.5307759 0.4782054 -0.4653022 0.8327162 -0.3001293 -0.9999435 0.009677027 -0.004404528 -0.9740547 -0.2262788 0.003906472 -0.05577314 -0.9615485 -0.2689124 -0.5438908 -0.5814548 0.6050563 0.7108302 0.5337658 -0.4580552 -0.3286703 -0.8322415 0.4464863 -0.03452419 -0.4613115 0.8865663 -0.8052745 0.0192391 -0.59259 -0.8773452 -0.4343619 0.2039487 -0.1771206 -0.2752151 -0.9449259 0.5702799 0.3558493 0.740373 0.5802152 0.3418394 0.7392538 0.5885396 0.291981 0.753902 0.6329159 0.272613 0.7246375 -0.7016178 0.4291899 -0.5687956 -0.5402589 0.3828831 -0.749347 -0.2533705 0.5174315 -0.8173543 0.07018362 0.9908883 -0.1149552 -0.68898 0.7168855 -0.1066851 -0.1002987 0.5714824 -0.8144618 0.2278422 0.5497552 -0.8036524 -0.117886 -0.549547 0.827104 -0.9999441 0.009616096 -0.004386278 -0.9999441 0.009626686 -0.004372333 -0.5411127 0.4373546 0.7182743 -0.7099655 0.6456858 0.2811383 -0.6113454 0.7660971 0.1983736 -0.9999437 0.009667331 -0.004364818 -0.9999435 0.009704106 -0.004341916 -0.5766083 0.7138903 -0.3973457 -0.999944 0.009633146 -0.004387913 -0.6383974 -0.7163205 -0.2816625 0.2080725 0.636977 -0.742271 0.3551029 0.6466626 -0.6750773 -0.9999444 0.009605923 -0.004351157 -0.7925463 -0.3898245 0.4689428 -0.9999438 0.009653252 -0.004394488 0.686104 -0.2042354 0.6982473 -0.7698714 -0.6358472 -0.05473875 0.5886403 0.2395321 0.7720926 0.6299182 0.2184938 0.7452942 0.8555652 0.5075037 -0.1022164 0.9129063 0.3967691 0.09579363 0.905576 0.4237555 0.01906436 -0.6526648 -0.7561474 -0.04764293 0.8709314 0.4696618 0.1445555 0.8587914 0.511969 0.01910948 0.7911241 0.6085809 0.06125355 0.8199973 0.5403623 0.1887144 0.7442748 0.6547969 0.1315141 0.7694661 0.5964213 0.2284809 0.7153224 0.645599 0.2674243 0.6987378 0.6939337 0.1738432 0.6175525 0.7371679 0.2742486 0.6244691 0.7142442 0.3160594 0.6865382 0.669045 0.2846824 0.5937908 0.7328197 0.3322465 0.5901602 0.7450853 0.3107392 0.5073368 0.8300979 0.2314018 0.524035 0.7697663 0.364482 -0.5168896 -0.2267787 -0.8254675 0.3291943 0.8403678 0.4305961 0.3254788 0.8805631 0.3444882 0.1708051 0.8670941 0.467946 0.1310441 0.8743991 0.4671762 0.02949257 0.8718659 0.4888558 0.0355408 0.8977108 0.4391493 -0.1062394 0.8672241 0.486452 -0.9363329 -0.3507393 0.0162058 -0.1117535 0.8816609 0.4584596 -0.8941525 -0.4204901 0.1538809 -0.1247176 0.8949723 0.428334 -0.8294448 -0.478387 0.2883871 -0.1644577 0.9139307 0.3710584 -0.6391783 -0.5530141 0.5344404 -0.1909221 0.9187672 0.3455655 -0.5172802 -0.5687988 0.6394444 -0.1787454 -0.5052653 -0.8442494 -0.3629576 0.8887668 0.2799204 0.2200204 -0.4179131 0.8814418 -0.3986849 0.8724277 0.2827016 0.3656983 -0.3469734 0.8636401 -0.4324055 0.8534026 0.2910831 0.5053052 -0.2779899 0.8169384 -0.4947115 0.8278039 0.2645774 0.5959437 -0.1118582 0.7951973 -0.4446192 0.8216932 0.3565587 0.6851927 -0.1429101 0.7142042 0.4221618 0.4728485 -0.7734298 -0.6138716 0.7846912 0.08614764 -0.6531114 0.7572602 0.001579334 -0.6855544 0.7226087 -0.08861073 -0.715378 0.6751064 -0.1801825 -0.7498538 0.5471863 -0.3718956 -0.7043239 0.232173 -0.670838 -0.2206856 -0.4552867 0.8625612 0.4528194 -0.4033308 0.7951597 -0.04646371 -0.395829 -0.9171481 0.4902741 0.7539599 -0.4372366 -0.8291197 -0.5443022 -0.1276543 -0.8631658 -0.4788982 -0.1600044 -0.4793423 -0.8662208 -0.1410404 -0.3689875 -0.4781787 0.7969902 -0.508297 -0.4854827 0.7112951 -0.6350405 -0.4762518 0.6082004 -0.7457495 -0.4508859 0.4904687 -0.8374003 -0.4101739 0.3612729 -0.9075102 -0.3552299 0.2241362 -0.003356218 0.5298226 -0.8481019 -0.1403031 -0.574456 0.8064213 -0.7140871 -0.6262412 -0.3128921 -0.9999439 0.009636114 -0.004400299 -0.9999441 0.009628188 -0.00437999 -0.8747849 -0.448453 -0.1834156 -0.6616485 -0.4791879 -0.5767151 -0.8888655 -0.4109363 -0.2026064 -0.954165 -0.2876099 0.08276302 -0.9760793 -0.2092416 -0.0590516 -0.972671 -0.1222156 -0.1974193 -0.9440237 -0.02894497 -0.3286052 -0.8908987 0.06797449 -0.4490868 -0.8245977 0.1934437 -0.5316184 0.2493228 -0.8885346 0.3851551 0.3553709 -0.8303865 0.42915 0.4960828 -0.8163643 0.2957216 0.7649906 -0.5840283 0.2714779 0.8625329 -0.5059194 -0.009087395 0.9352838 -0.3537797 0.009174951 0.954499 -0.284357 -0.08984852 0.9348782 -0.2638059 -0.2375061 0.9429307 -0.1362417 -0.3038418 0.8418038 -0.2245507 -0.4908597 0.779936 -0.009907946 -0.6257809 0.688557 -0.1088897 -0.7169604 0.5945372 0.03345221 -0.803372 0.3699417 0.008141212 -0.9290193 0.007012918 -0.07981264 -0.9967852 -0.06923396 -0.2556847 -0.964278 -0.3006058 -0.2845209 -0.9103208 -0.2701236 -0.4390187 -0.8569106 -0.3949906 -0.3453772 -0.8512914 -0.4719943 -0.535063 -0.7006632 -0.5839574 -0.6465697 -0.4908579 -0.5300535 -0.833708 -0.1548365 -0.3961801 -0.894484 -0.2072189 -0.4662393 -0.8828327 -0.05680927 -0.2613514 -0.9640656 0.04767664 -0.2320379 -0.9437751 0.2354719 -0.01682003 -0.9835608 0.179792 0.102822 -0.8747741 0.4734955 0.2115261 -0.9453413 0.2481665 -0.04198517 -0.517336 0.8547519 -0.0418725 -0.5173056 0.8547758 -0.03361199 -0.5385519 0.8419217 -0.02830997 -0.7326474 0.6800194 0.3357374 -0.9182074 0.21018 0.1274202 -0.489371 0.8627167 0.4173747 -0.879688 0.2279197 0.2614202 -0.4241491 0.8670392 0.5464877 -0.8193567 0.1732221 0.3928932 -0.344913 0.8524494 0.7542658 -0.6538682 0.05949355 0.7006407 -0.03026534 0.7128721 0.8625903 -0.5019912 -0.06279106 0.8982516 0.08926483 0.4303206 -0.01840193 -0.9000432 0.4354121 -0.01993162 -0.905051 0.4248358 -0.02238395 -0.8589305 0.5116028 -0.02146195 -0.8612125 0.5077918 -0.9036643 -0.3146423 -0.2905013 0.8631641 -0.4766283 -0.1666527 0.9343083 0.180155 0.3075911 0.9370735 0.3465192 0.04263505 0.8709557 -0.3479536 -0.3469358 0.9037202 0.4178833 -0.09307703 0.8486067 -0.3131305 -0.4263989 0.8553746 0.4683856 -0.2212446 0.8255346 -0.2249562 -0.5175784 0.711473 0.6223149 -0.3263898 0.753164 -0.2418145 -0.6117759 0.6830117 0.5585743 -0.4706269 0.7080896 -0.1883141 -0.680549 0.5317524 0.6200589 -0.576859 0.6111772 -0.1794833 -0.770875 0.2783216 0.594168 -0.7546532 0.4364761 -0.1478898 -0.887478 0.1413725 0.5648436 -0.8129979 0.3423021 -0.2090261 -0.9160444 0.2385369 -0.1850135 -0.9533468 0.2163396 0.07320512 -0.9735698 0.4617508 -0.1341528 -0.8768063 0.4771937 0.05809098 -0.8768761 0.6735121 -0.07823247 -0.7350246 0.8431956 -0.06401128 -0.5337824 0.9001728 -0.09561593 -0.4249077 0.8793113 -0.4221384 -0.2204787 0.9157421 -0.3153754 -0.248907 0.8754167 -0.4785117 0.0683531 0.843616 -0.4950482 0.2079407 0.7157467 -0.6800074 0.1590493 0.6775838 -0.6623288 0.3196884 0.5431886 -0.6014891 0.5857961 0.467715 -0.8217552 0.3255167 -0.1124309 0.4584305 -0.8815899 0.138066 -0.2718672 -0.9523791 -0.5421962 0.3178629 -0.7778087 -0.1277831 -0.411336 -0.9024822 -0.8982718 -0.08921971 -0.4302878 -0.4074726 -0.6411565 -0.6502957 -0.9473635 -0.2665956 -0.177283 -0.4384675 -0.7527607 -0.4910169 -0.4020794 -0.8295237 -0.3875856 -0.9370707 -0.3465269 -0.04263398 -0.3767087 -0.8719192 -0.3128057 -0.9037158 -0.4178927 0.09307761 -0.3744625 -0.9077683 -0.1890361 -0.8481131 -0.4789589 0.2265007 -0.2781113 -0.9513703 -0.1324711 -0.7716205 -0.5282503 0.3543351 -0.1460409 -0.9883784 0.04219148 -0.5567108 -0.5573804 0.6159547 0.01377248 -0.9831755 0.1821435 -0.2848052 -0.5778757 0.7648174 -0.0001971711 -0.9368389 0.3497611 -0.1278198 -0.9354825 0.3294458 -0.2592279 -0.9619789 0.08600821 -0.4141912 -0.9086574 0.05279514 -0.5822046 -0.7698856 -0.2613695 -0.5312777 -0.7496514 -0.3946731 -0.4679502 -0.7623636 -0.4470172 -0.5647053 -0.5771646 -0.5899059 -0.4226211 -0.5990142 -0.6801274 -0.4828939 -0.4110714 -0.7731971 -0.3104217 0.01690241 -0.9504487 -0.05357634 -0.2184187 -0.9743833 -0.2835701 -0.1915783 0.93962 0.1353498 -0.07762712 -0.9877522 -0.426628 -0.1816743 0.8859927 -0.554697 -0.1850098 0.8112229 -0.6723543 -0.1745337 0.7193593 -0.7752828 -0.1495544 0.6136531 -0.8606415 -0.1108021 0.4970102 -0.9260684 -0.05931743 0.3726644 -0.9697461 0.003550339 0.24409 -0.9904852 0.0759391 0.1147709 -0.9876951 0.1559575 -0.01164394 -0.9614673 0.2413131 -0.1317144 -0.9125236 0.3296582 -0.2421285 -0.8438599 0.4165206 -0.3382469 0.6945979 -0.3173422 -0.6456219 0.671867 -0.1371275 -0.7278673 0.6689855 -0.03867845 -0.7422684 0.6653692 0.01868069 -0.7462806 -0.9364607 -0.3505592 -0.01223088 0.684484 -0.2395104 -0.6885611 0.6578155 0.1412099 -0.7398233 0.6394923 0.1844325 -0.7463473 0.6349154 0.1874479 -0.749497 0.6337144 0.1887211 -0.7501936 0.6368043 0.1863476 -0.7481677 0.6426256 0.1823518 -0.7441641 0.643927 0.1815262 -0.7432404 -0.4670989 0.1330315 -0.8741403 -0.9999443 0.00961839 -0.004335592 -0.331332 0.06469922 0.9412933 0.00682523 -0.3980342 0.9173452 -0.01603743 0.5245788 -0.8512108 -0.01598307 0.5245946 -0.8512021 -0.02436458 0.5454478 -0.8377906 -0.02433217 0.5454508 -0.8377896 -0.94471 0.2330073 0.2307178 0.6398793 0.1835172 -0.7462412 0.6308161 0.1873559 -0.7529733 0.6195188 0.1915927 -0.7612415 0.5974867 0.1989336 -0.7768108 0.5249616 0.2191777 -0.8224211 0.5951625 0.2007408 -0.778129 -0.01624074 0.5245123 -0.8512479 0.4728648 0.3117734 -0.8241336 -0.4529341 0.1346359 0.8813194 -0.5541837 0.1308791 0.8220408 -0.6482045 0.1392152 0.7486321 -0.7304449 0.1591667 0.6641658 -0.7986429 0.1901591 0.570972 -0.8509133 0.2313355 0.4716253 -0.8858417 0.2814822 0.3688526 -0.902386 0.3393809 0.2655563 -0.9001885 0.4032429 0.1644864 -0.999944 0.009631021 -0.004389451 -0.7113617 -0.6696634 0.2133438 -0.661642 -0.5420807 0.5180525 -0.5927072 -0.55567 0.5830343 -0.9557688 -0.2629726 -0.1317245 -0.9365045 -0.3501145 0.01946985 -0.7209159 -0.5222723 0.4555347 -0.3262917 0.9019392 0.2829122 0.06822638 -0.476473 0.8765379 -0.2897154 0.9116862 0.2913645 -0.08587344 -0.5214066 0.8489764 -0.2543165 0.9178039 0.304892 -0.2373835 -0.5525182 0.7989823 -0.2211232 0.9200908 0.3233226 -0.3821745 -0.5687587 0.7283242 -0.1422192 0.9059131 0.3988673 -0.7439941 -0.5226847 0.4162613 -0.2099604 0.8773534 0.4314716 -0.9584508 -0.2545884 -0.128673 -0.7209185 -0.5298582 0.4466843 -0.6052716 -0.5597568 0.565967 -0.1761661 -0.5496136 0.8166336 -0.01806583 -0.5140881 0.8575471 0.1392743 -0.4636743 0.8749908 0.292241 -0.3996892 0.8688174 0.4365522 -0.327589 0.8379186 0.5604644 -0.2498655 0.7895865 -0.4691671 -0.8816575 -0.05061992 -0.9315918 -0.1707315 -0.3209165 -0.04198554 -0.5173362 0.8547517 -0.0336116 -0.5385518 0.8419218 0.4170736 0.84389 0.3374897 0.4446426 0.8045219 0.393748 -0.06492863 -0.5788709 -0.8128301 -0.8518662 -0.3083471 -0.4233746 0.7345354 -0.1302521 0.6659521 0.8697007 0.4529175 -0.1961799 0.8159818 0.5630492 -0.1309552 -0.9099525 -0.4090622 0.0682251 0.6779503 0.73381 0.04366047 0.4982588 0.8666237 0.02648689 -0.1743727 -0.8664182 0.4678822 0.2257055 0.9448631 0.2372566 -0.05246892 0.9169735 0.3954827 -0.9999442 0.009616774 -0.00437576 -0.9386326 -0.1406696 -0.3149299 -0.9252945 -0.3627559 0.1106264 -0.8792224 0.4714548 0.0685442 -0.8573938 -0.5062225 -0.09281545 -0.8400993 0.5420771 -0.01963821 0.1138932 0.9925102 0.04418086 -0.7851307 0.6119104 -0.09557958 -0.3547249 0.2859516 0.8901696 0.6450089 0.5725426 -0.5061209 0.733426 0.5357066 -0.4184551 0.6051216 0.7427309 -0.2866682 -0.3880026 -0.2530946 -0.8862263 0.3268483 0.9232318 -0.2020229 -0.08478212 0.9837057 0.1585406 -0.4563346 -0.4075692 0.7909779 -0.2914444 0.9121527 0.2881626 0.5530202 0.5880504 -0.5902249 0.6167668 0.5876417 -0.5237136 -0.268896 -0.9523944 -0.1436656 0.03852168 0.9766726 -0.2112502 -0.245534 0.9676646 0.05777842 0.06614138 0.6313504 -0.772672 -0.6707562 0.4720433 -0.5720675 -0.9999439 0.009645235 -0.004385428 0.05253394 -0.5265395 0.848526 -0.463807 0.8369079 0.2906343 0.4907279 0.5935315 -0.6378923 0.4355049 0.6469434 -0.6259391 -0.9999442 0.009626205 -0.004360193 0.3639573 0.7389869 -0.566951 0.2552717 0.8841227 -0.391361 -0.4038073 0.8978339 0.1755959 0.3845916 0.5928164 -0.707572 0.3680798 0.6484476 -0.666358 -0.9999441 0.00962931 -0.004377868 -0.2264906 0.9271319 -0.298544 -0.8410697 -0.4851632 0.2392038 -0.4818559 -0.5605539 -0.673494 -0.5790271 0.7960823 0.1760132 -0.01594601 -0.6917979 -0.7219151 -0.7954448 -0.4063597 -0.4495992 -0.7879421 -0.6154431 0.0194177 0.04598082 0.8513649 -0.5225548 -0.9246347 -0.1692842 -0.3411649 -0.3316281 -0.5913222 0.7350924 -0.4646715 0.8840567 -0.05024119 -0.7865746 -0.3178835 -0.5293869 0.5581963 0.5672257 -0.6055344 0.02589857 0.8692579 0.49368 -0.4579085 -0.4480377 -0.7678424 0.03774667 0.7004192 -0.7127329 -0.7737973 -0.5668367 -0.2827258 0.3815294 0.8689414 -0.3152399 -0.1365633 0.7868458 -0.6018506 -0.411518 0.8084327 -0.4208201 -0.5960318 0.7786891 -0.1959322 -0.3334723 0.9289287 -0.1608965 -0.9999435 0.009681754 -0.004392096 -0.9763561 -0.2159354 -0.01003588 -0.06275242 -0.9967577 -0.05036189 -0.7073397 0.7050979 0.05007575 -0.7529162 0.6138557 0.2372729 -0.6396008 -0.5457575 0.5413498 0.03535336 0.5385679 -0.8418401 -0.08270498 0.613228 -0.7855643 -0.02243092 -0.9337054 0.3573389 -0.2707968 0.6353453 -0.7231912 -0.5136757 0.6605707 -0.547525 -0.7022711 0.644333 -0.3027378 -0.01877732 0.01263685 -0.9997438 -0.8159074 0.5760465 -0.04965447 -0.2527912 0.5286077 -0.8103521 -0.4775432 0.5560881 -0.6802342 -0.7379075 -0.3215087 -0.5934009 -0.6640636 0.4898318 -0.5648756 -0.4240432 -0.3493991 -0.8355284 -0.8173693 -0.2719329 -0.5078976 -0.796959 0.5010997 -0.3372764 -0.8933149 0.4230298 -0.1517705 0.008831742 0.5317746 -0.8468398 -0.09628211 0.5477 -0.8311164 -0.04934122 -0.7380723 -0.6729151 -0.9671584 -0.2498987 0.04642481 -0.836109 0.3348918 -0.4344757 -0.8851621 0.3547927 -0.3010154 -0.9999446 0.009601277 -0.004309093 -0.4290362 -0.2198698 0.8761194 -0.9371358 0.2990784 -0.1798014 0.008824437 0.5317601 -0.8468491 0.009007947 0.5317455 -0.8468563 -0.04198324 -0.5173344 0.8547529 -0.9999441 0.009621708 -0.004381516 -0.7044959 0.3772099 -0.6011641 -0.3205168 0.8324945 0.4519092 -0.9554341 -0.2573567 -0.1446142 -0.7436266 -0.2127705 -0.6338361 -0.9394271 0.2054165 -0.2743735 -0.9777386 0.1501276 -0.1465908 0.008786358 0.5317624 -0.846848 -0.02911021 0.5198737 -0.853747 -0.1617718 -0.3366397 -0.9276333 -0.4396702 0.3842124 0.8118319 -0.4110063 0.4694083 -0.7814919 -0.5121314 0.3821164 0.7692259 -0.5795392 0.3881119 0.7165916 -0.6385232 0.4023748 0.6560356 -0.6874302 0.4245824 0.589211 -0.7249117 0.4541001 0.5179731 -0.6078152 0.3088606 -0.7315503 -0.999944 0.009628837 -0.004380161 -0.8491202 0.2229381 -0.478846 -0.7499504 0.4900877 0.4442841 -0.9217505 0.1252253 -0.3670076 -0.7618026 0.5315966 0.3702186 -0.760248 0.5773851 0.2977404 -0.5523297 0.7232526 0.414533 -0.9585928 -0.2578244 -0.1209399 -0.1521084 0.8530047 0.4992454 -0.9593346 -0.2548483 -0.1213652 -0.1596267 0.8482502 0.5049663 -0.1596301 0.8482892 0.5048996 -0.9481562 -0.3138133 -0.05021067 -0.9580237 -0.2565225 -0.1280108 -0.0978598 0.8595573 0.5015821 -0.1236512 0.8627999 0.4901905 -0.745216 0.6262912 0.2289377 -0.02131549 0.2065433 -0.9782053 -0.7171823 0.6769074 0.1656681 0.4088257 0.6141975 -0.6749985 0.5351992 -0.1953266 -0.8218329 0.8839941 -0.415458 -0.2143575 0.9195057 -0.3071543 -0.2452865 0.9437528 0.224046 0.2431748 0.9451368 0.3074949 0.1102874 0.8018661 -0.5974403 0.008710373 0.847525 -0.003768615 0.530742 0.693568 -0.7017592 0.1627804 0.6726958 -0.1799079 0.7177141 0.6345554 -0.3016617 0.7115755 0.9301237 0.3606693 -0.06919174 0.9774636 0.119864 -0.1737745 0.6028948 -0.7820084 0.1580532 0.5172334 -0.255165 0.8169213 0.2121984 -0.9452716 0.2478578 -0.00779731 -0.5403068 0.841432 0.8455845 0.003722358 0.5338287 0.8982531 0.08926767 0.430317 0.8065494 0.509216 -0.3002952 0.7923237 0.517669 -0.3228652 0.721919 0.5498367 -0.4201339 0.8194946 0.4513958 -0.3530871 0.9343096 0.1801549 0.3075871 0.8534115 0.4744367 -0.215867 0.01036765 0.5312731 -0.8471372 0.09344421 0.3027483 -0.9484786 0.009895096 0.5330121 -0.8460498 0.2380665 -0.1855966 -0.9533511 -0.678132 0.7265599 0.1106696 0.5122685 0.7231166 -0.4633394 -0.8388846 -0.4868889 -0.2433349 -0.9667576 -0.2523362 -0.04130692 -0.06134607 -0.9885222 0.13806 -0.7948601 -0.5072439 0.3330179 -0.6122413 -0.5804597 0.5368678 -0.362414 -0.6031916 0.710504 -0.999944 0.009632066 -0.00439365 -0.650346 -0.4002772 0.6456224 -0.3624059 0.5057305 0.7828784 0.115522 0.6613872 -0.7410949 0.1921062 0.5711272 -0.7980657 0.1294267 -0.9756644 0.1769966 -0.1421029 -0.5630105 0.8141412 -0.0612586 -0.9949658 0.07931207 -0.4244524 -0.5749404 0.6994882 -0.2476991 -0.9679807 -0.04072588 -0.6794414 -0.5675412 0.4650338 -0.9343088 -0.180152 -0.307591 -0.3877534 -0.717715 -0.5783878 -0.8400885 0.003845543 -0.5424357 -0.3331472 -0.5800838 -0.743314 -0.7612273 0.09684187 -0.6412135 -0.2824724 -0.531212 -0.7987635 -0.5777538 0.1589561 -0.8005832 -0.6726675 0.179836 -0.7177587 -0.2424962 -0.4309594 -0.8691775 -0.4085233 0.3841595 -0.8279675 -0.06843671 -0.3812148 -0.92195 -0.2702414 0.433922 -0.8594657 0.04760074 -0.2881344 -0.9564062 -0.6693536 0.1826436 -0.7201438 -0.7612271 0.09684313 -0.6412135 -0.8400885 0.003848763 -0.5424356 -0.8982724 -0.08922083 -0.4302863 -0.9343082 -0.1801505 -0.3075937 -0.9473645 -0.2665957 -0.1772772 -0.7716186 -0.5282508 0.3543386 0.06702296 0.8359032 -0.5447694 -0.7113808 0.5819385 -0.3940621 0.7181262 0.4163651 -0.5576154 0.4771787 0.1741243 0.8613833 -0.1738078 0.4842171 -0.8575107 -0.3189968 0.4529502 -0.8325126 -0.6342519 0.711087 0.3034464 -0.7892301 -0.4999452 0.35661 -0.7102036 0.226175 -0.6666752 -0.7967603 0.1677945 -0.5805326 -0.8456451 0.1145866 -0.5213005 -0.0419568 -0.5173315 0.8547559 -0.2810477 -0.5505138 0.7860959 0.4460569 -0.4435452 0.7773679 -0.9148515 0.0217432 -0.4032045 -0.4815692 0.7388236 0.4714137 -0.9999434 0.009713091 -0.004337807 0.7406324 -0.154401 0.6539297 -0.9625932 0.2587872 -0.08027155 -0.8649755 0.4853347 0.1275445 -0.4695443 -0.5666952 0.6770412 -0.4623305 0.7920795 0.3985732 -0.899954 -0.4093808 0.1499671 -0.4587061 0.7850351 0.4163034 -0.924268 -0.3743391 0.07482546 -0.5128889 0.750604 0.4165798 -0.9424351 -0.3343749 -0.003094283 0.01165082 0.5596488 -0.828648 -0.3218828 0.6943763 0.6436094 0.01486969 0.5566184 -0.8306352 -0.02430881 0.5454647 -0.8377812 -0.852387 0.4458765 0.2731859 -0.02435672 0.5454456 -0.8377922 -0.9800047 0.05075725 0.1923915 -0.02435408 0.5454481 -0.8377907 -0.9873306 -0.06470251 0.1448859 -0.0242897 0.5454685 -0.8377793 -0.9868924 -0.05065075 -0.1532251 -0.02433526 0.5454586 -0.8377844 -0.9666823 -0.2538228 0.03315674 0.8055231 0.4424528 -0.3941676 -0.02908314 -0.8717027 -0.4891713 -0.989251 -0.09407553 0.1119472 -0.8070895 -0.452599 0.3791579 -0.4228129 -0.5956391 0.6829666 -0.02434315 0.5454419 -0.8377951 -0.5557455 0.6806012 0.477419 -0.4874659 0.692943 0.5312316 -0.4439513 0.5496824 0.7076415 -0.3876286 0.3629422 0.8473589 -0.2524872 -0.6967644 -0.6713937 -0.3190111 0.2093859 0.9243319 -0.284266 -0.02828508 0.9583281 -0.1500846 -0.282689 0.9473972 -0.03230056 -0.4811645 0.8760351 -0.6028633 0.6176816 0.5050003 -0.5599707 0.4952203 0.6642211 -0.4866189 0.3347095 0.806952 -0.9142464 -0.3031976 -0.2687467 -0.02146195 -0.8612125 0.5077918 -0.01993162 -0.905051 0.4248358 -0.4544708 0.2314133 0.8601768 -0.4063776 0.5745841 0.7104297 -0.4516669 0.5728975 0.6839484 -0.7486586 0.4766291 0.4607981 -0.6751263 0.3452485 0.6519264 -0.4927591 0.5771108 0.6512539 -0.5109979 0.2749136 0.8144346 -0.513235 0.1062392 0.8516473 -0.5286084 0.5862951 0.6138658 -0.5582098 0.6002603 0.5727909 -0.5808826 0.6185507 0.5291223 -0.2900075 -0.2005516 0.9357749 -0.8286486 0.4665891 0.309251 -0.3690753 0.8381049 0.401701 -0.9528026 -0.2918287 -0.08368525 -0.5958588 0.6407972 0.4840777 -0.602949 0.6662396 0.4388363 -0.6018448 0.6942946 0.3946363 -0.5927002 0.724143 0.3525952 -0.3423167 0.2451799 -0.9070315 0 0 0 -0.5017228 -0.03673944 0.8642479 -0.5756647 0.7550389 0.313889 -0.8704892 0.3825368 0.3097001 -0.8699874 0.2843021 0.4028576 -0.6916494 -0.1505806 -0.7063615 -0.7921271 0.189175 0.5802995 -0.5544934 0.7844847 0.2777064 -0.6830382 0.1003692 0.7234534 0.1126995 0.5943741 -0.7962527 -0.3463904 0.6237698 0.7006604 -0.3902643 -0.2178939 0.8945479 -0.1782143 -0.3921833 0.9024588 -0.919006 0.2579224 0.2981678 -0.9382901 0.335619 0.08349617 -0.3106445 -0.5614668 0.7669778 -0.1750758 -0.4100393 -0.8951068 -0.5944883 -0.1106435 0.7964557 -0.9488405 0.1959286 0.247616 -0.9425769 0.09197851 0.3210744 -0.2889448 -0.3574337 -0.8881171 -0.8596152 0.02700801 0.5102277 -0.759054 -0.03903555 0.6498563 -0.5652111 -0.4323858 -0.7025517 -0.01608736 0.100643 -0.9947925 -0.9354703 -0.306215 0.1764306 -0.4339805 -0.2671038 0.8604164 -0.2131509 -0.426763 0.8788857 -0.9682117 0.08364102 0.2357336 -0.6781998 0.734473 0.02437988 -0.9999439 0.009644141 -0.004384556 0.4878021 -0.4755257 0.7320686 -0.9823586 -0.1490639 -0.112923 -0.6758866 -0.2118734 0.7058945 -0.4814571 -0.3205009 0.8157685 -0.9829701 0.02942349 0.1813948 -0.9675318 -0.07241048 0.2421546 0.5466813 0.6543486 -0.5224629 -0.8880088 -0.3965468 0.2327897 -0.854247 -0.1497375 0.4978361 -0.489895 0.8093288 0.3240213 0.7554711 -0.08512369 0.6496287 -0.5122877 0.7852486 0.3477727 0.824447 -0.00966407 0.5658566 -0.2177788 -0.4844148 0.8472985 -0.5274927 0.7617008 0.3762492 0.8799877 0.107016 0.4627843 -0.7007968 -0.3174521 0.6388333 -0.9549585 -0.2125075 0.2071109 -0.950329 -0.2111658 0.2286563 -0.6003869 -0.4577295 0.6557586 -0.8837041 -0.2782396 0.3763639 0 0 0 -0.4807293 -0.4314125 0.763402 0.7445099 0.5723541 -0.3436799 -0.4945179 0.6511305 0.5757439 -0.4792187 -0.64262 -0.5978201 -0.6831226 -0.3895386 0.6177404 0.6478323 0.6026873 -0.4659199 -0.4691789 0.6431847 0.6051319 -0.7848229 -0.4411413 0.4352555 0.4002753 0.6257599 -0.6694806 -0.407028 0.6392295 0.6524676 -0.6495714 -0.4538863 0.6099543 -0.6259866 -0.535904 0.5665224 -0.1017264 -0.547064 0.8308867 -0.02434537 0.5454435 -0.837794 -0.3858294 0.8743178 0.2944555 -0.02434534 0.5454459 -0.8377924 -0.4839554 0.7364413 0.4726959 -0.5921579 0.4260807 0.6839621 -0.7135279 0.3819429 0.587365 -0.9833707 -0.03633761 0.1779373 -0.9641773 -0.262075 0.04097411 -0.7246018 -0.50641 0.467441 -0.5171737 -0.557765 0.6491761 -0.05143467 -0.5158067 0.8551596 -0.04993955 -0.5093237 0.8591248 -0.04794463 -0.5074022 0.8603745 -0.03755532 -0.5035602 0.8631435 -0.008876016 -0.5317011 0.8468856 -0.1755584 -0.0983332 0.9795457 -0.25585 0.1778677 0.9502125 -0.306031 0.3672569 0.8783322 -0.3334175 0.4831265 0.8095811 -0.3138159 0.5160051 0.7970309 -0.3554599 0.6029 0.7142547 -0.02434795 0.5454519 -0.8377884 -0.3750451 0.7555388 0.5371241 0.5676982 0.3562246 0.7421744 -0.3694726 0.704841 0.6055487 -0.2822653 0.2753409 0.9189743 -0.2182113 0.03950639 0.9751016 -0.1451926 -0.1867678 0.9716156 -0.1194665 -0.2599209 0.9582113 -0.08304437 -0.3399983 0.9367523 -0.2987956 0.3960694 0.8682455 -0.2844252 0.304015 0.9092179 -0.04826231 -0.4235926 0.9045662 -0.0498375 -0.4217565 0.9053385 -0.266663 0.2084826 0.9409707 -0.07518043 -0.3498191 0.9337958 -0.23807 0.07429686 0.9684021 -0.103641 -0.265465 0.9585337 -0.1764089 -0.1628542 0.9707515 -0.1498397 -0.1182655 0.9816116 -0.1998434 0.05619484 0.9782151 -0.2662971 0.3297182 0.9057438 -0.1481999 -0.2594708 0.9543122 -0.320996 0.6517251 0.6871797 -0.02436727 0.5454757 -0.8377723 -0.3280184 0.761776 0.5586602 -0.3278819 0.7427948 0.5837374 -0.3257454 0.7017757 0.6335621 -0.3113108 0.575402 0.7563056 -0.2930632 0.4647295 0.835548 -0.2337268 0.1884407 0.9538668 -0.1708692 -0.04726766 0.9841593 -0.1297548 -0.1841924 0.9742879 -0.02834515 -0.480826 0.8763578 -0.01357709 -0.5197721 0.854197 -0.04900053 -0.5308807 0.8460287 -0.07090628 -0.4882097 0.8698411 -0.1085695 -0.3810886 0.9181417 -0.2042028 -0.06296321 0.9769017 -0.3223731 0.6370112 0.7002088 -0.6711072 -0.7408549 0.02737216 0.0688803 0.961622 -0.2655911 -0.7329551 0.6546614 -0.1849198 -0.6957071 -0.7083953 -0.1190285 -0.9999441 0.00962664 -0.004373317 -0.9999445 0.00960344 -0.004335263 -0.02436492 0.5454786 -0.8377705 0.1733433 0.5761436 -0.7987557 0.3113101 0.5964581 -0.7398133 0.4454063 0.6047316 -0.660237 0.572044 0.5966941 -0.5627804 0.7939187 0.5182946 -0.3179053 0.9090735 0.4145192 -0.04194162 0.9364506 0.3326628 0.1113365 0.9366121 0.2436039 0.2518233 0.8649887 0.04588475 0.4996891 0.8179504 -0.0006535613 0.5752883 0.7180532 -0.1204919 0.6854789 -0.3297463 -0.5694503 0.7529899 -0.4738058 -0.5729785 0.6687329 -0.8162502 -0.4846639 0.3143828 -0.8880157 -0.425714 0.1737691 -0.934806 -0.3540573 0.02794875 -0.9486548 -0.3125692 -0.04852361 -0.9553429 -0.2587046 -0.1427998 -0.9585864 -0.08698185 -0.2711941 -0.9177864 0.007334 -0.3970067 -0.8556666 0.1022755 -0.5073208 -0.774657 0.1872085 -0.6040361 -0.7254636 0.3068879 -0.6160539 -0.7426376 0.3871768 -0.5464279 -0.7514357 0.4708315 -0.4622359 -0.7392463 0.6137231 -0.2772344 -0.7776741 -0.5001188 0.3809254 -0.561977 0.8070166 0.1814003 -0.4842708 0.821219 0.3017966 0.7761755 -0.05798127 0.6278453 0.9105775 0.1487676 0.3856381 0.872118 0.4547347 -0.1806282 0.6931422 0.5661069 -0.4461803 0.7988225 0.07415477 -0.5969788 0.550743 0.3301483 0.7666056 0.9362839 0.001857656 -0.3512393 0.5758134 0.3476539 0.7399836 0.5663033 0.3567738 0.7429758 0.5819463 0.3516102 0.7332863 0.5923481 0.3512012 0.7251078 0.5761433 0.3452431 0.7408549 0.7456277 -0.1180508 -0.6558226 0.5824985 0.3437738 0.7365562 0.5931374 0.292318 0.7501588 -0.02427781 0.5454642 -0.8377824 0.6358337 0.2140965 0.7415377 -0.01055462 0.4412244 -0.8973347 0.6190383 0.224818 0.7524948 0.6095345 0.2351186 0.7570911 0.7379964 -0.1057005 -0.6664749 0.6329222 0.2682333 0.7262646 0.6479164 0.1868861 0.7384294 0.6465215 0.1934845 0.7379524 -0.05416223 -0.8282479 -0.5577381 -0.9697339 -0.2422372 0.03061687 0.2544419 0.6185201 -0.7434327 -0.3678517 0.6306366 0.6833612 -0.02433547 0.5454381 -0.8377977 -0.6415897 0.7501744 0.1600035 0.5350065 0.6186475 -0.5753636 -0.4396743 0.6392406 0.6309184 -0.9331462 -0.3052685 -0.1898664 -0.04047671 -0.9449152 -0.324803 -0.03570028 -0.9602608 -0.2768117 -0.06669084 -0.9791111 0.1920775 -0.06770765 -0.9823753 0.1742255 -0.01598364 0.5245944 -0.8512022 -0.02436296 0.5454486 -0.8377901 -0.9346234 -0.354518 -0.02821662 0.8217253 0.5291595 -0.2115603 -0.5150669 0.6626846 0.5436499 0.8751909 0.4764804 -0.08370905 -0.5300395 0.6776653 0.5097332 0.9263009 0.371889 0.06054104 -0.5389357 0.695626 0.4750292 -0.5415035 0.7160244 0.4405484 0.935966 0.2894538 0.20046 -0.7021984 -0.6289291 0.3337149 -0.5376469 0.7382776 0.4072862 0.9204533 0.2003527 0.3355959 -0.9999441 0.009628248 -0.004379802 -0.02435885 0.5454465 -0.8377916 -0.02437695 0.5454384 -0.8377964 -0.02434244 0.5454457 -0.8377926 -0.0243444 0.5454447 -0.8377932 -0.7734918 -0.6175035 0.1428279 -0.1466301 -0.4740644 0.868195 0.02828114 -0.4612987 0.8867941 -0.5826226 -0.4950041 0.6446098 -0.5500714 0.8126132 0.1925648 0.6336512 -0.1665061 0.7554878 0.6410761 -0.1720352 0.7479474 -0.00870702 0.5271228 -0.8497445 -0.8881862 -0.2460666 -0.3880419 0.6394714 0.2101632 0.7395321 0.6414726 0.2069019 0.7387181 0.6432438 0.2032265 0.7381981 0.6449732 0.1987259 0.7379144 0.6951075 -0.2487505 0.6744989 0.6959713 -0.3328593 0.6362615 0.6941795 -0.4237002 0.5818875 0.6941889 -0.5061888 0.5117369 0.6933115 -0.6361927 0.3384937 0.02701743 0.8141916 0.5799673 0.08582578 0.5858792 0.8058408 0.1970318 0.4770926 0.8564818 0.6812974 -0.6942449 0.2320731 0.6619794 -0.718402 0.213733 0.6827097 -0.001781447 0.7306875 0.6929535 -0.160446 0.7029029 0.6928346 -0.7207043 0.02378029 0.6824869 -0.692486 0.2338264 0.6837542 -0.690368 0.2363731 0.6907107 -0.6752477 0.2587648 0.6935083 -0.5773664 0.4309226 0.695938 0.3867122 -0.6050818 0.6981837 -0.3885317 0.6013174 0.6532311 0.4689939 -0.5944189 0.6974069 -0.4576671 0.5515111 0.6524719 0.6398473 -0.4060489 0.6975214 -0.6044659 0.3848179 0.6449349 0.7068094 -0.2906533 0.6911378 -0.6735815 0.2619476 0.65926 0.7323021 -0.1706164 0.6899896 -0.7027244 0.1734726 0.6519547 0.7253801 0.2208592 0.6941752 -0.6947226 -0.1883648 0.6730315 0.6593027 0.3351845 0.7042014 0.6681322 0.2402079 0.7060391 -0.6523073 -0.2756881 0.6774117 -0.6956406 -0.2391601 0.6891145 -0.5988887 -0.4079872 0.6561458 0.6088826 0.4457967 -0.5249522 -0.8417877 0.1257723 0.6944501 -0.4418279 -0.5679147 0.6750611 0.4277256 0.6011184 0.6963929 -0.3785679 -0.6096911 0.6445716 0.4178153 0.6402795 0.691944 -0.3148191 -0.6496941 0.6551585 0.309403 0.6892294 0.6945928 -0.463054 -0.550565 0.6914315 -0.5688684 -0.4453214 0.6909229 -0.6118093 -0.3851169 0.7145792 -0.6478656 -0.2639066 0.6899599 -0.6932689 -0.2081671 0.6881315 -0.7177004 -0.1066828 0.6876212 -0.7186351 -0.1036373 0.6843339 -0.7044526 0.1882381 -0.02228666 -0.9216251 0.3874409 -0.01840193 -0.9000432 0.4354121 0.1930584 0.9762978 -0.09783201 0.02638755 0.8930109 0.4492609 0.03758945 0.9725517 0.2296308 -0.7848466 -0.6058264 0.1303467 -0.1192132 -0.9716059 0.2043776 0.06631736 0.367336 -0.927721 -0.7133428 0.2760201 -0.64417 0.675658 -0.7345624 -0.06248496 0.6869597 -0.7196616 -0.100864 0.6884031 -0.7168045 -0.1108715 0.6901473 -0.7103348 -0.1382793 0.6780078 -0.7302826 -0.08362195 0.6940529 -0.6467561 -0.3162231 0.6929799 -0.5191583 -0.5002534 0.6958376 -0.3934673 -0.6008273 -0.1415697 -0.8814144 -0.4506292 0.4760495 0.8787266 0.03487773 0.375712 0.9260311 0.03615138 0.2492184 0.9677362 0.03710574 0.142227 0.9891276 0.0373922 0.1329338 0.9691429 0.2075828 0.09507508 0.4822701 0.870848 0.1172185 -0.007658711 0.9930766 0.07922638 -0.1683705 0.9825348 0.3595025 -0.1577198 0.9197187 0.4543343 -0.1498094 0.8781444 0.6433363 -0.1166781 0.7566403 0.6504359 0.1413073 -0.7463011 0.7023381 -0.09928254 0.7048859 0.6599634 0.03366023 -0.7505433 0.70142 -0.001297198 0.712747 0.6736582 -0.07387446 -0.7353416 0.6956022 0.09728155 0.7118103 0.6837062 -0.1979056 -0.7024096 0.6811371 0.1996552 0.7044076 0.6912143 -0.5005961 -0.5211779 0.6456174 0.5223386 0.5570821 0.6902361 -0.5518668 -0.4679927 0.690741 0.5490806 0.4705182 0.6368097 0.6878628 0.3483075 0.6883834 -0.6392877 -0.3426945 0.6436428 0.7593012 0.09584195 0.6826162 -0.7213262 -0.1171476 0.3032855 -0.007378868 0.9528712 0.30685 0.3105455 0.8996692 0.3102762 0.5938322 0.7423557 0.3124712 0.8094823 0.4970918 0.3112056 0.8483175 0.4283789 0.3124585 0.9085957 0.2771706 0.3147982 0.9275017 0.2016005 0.4563474 0.1427436 0.8782775 0.4595252 0.4282861 0.7780794 0.4626494 0.6636219 0.5878449 0.505664 -0.007621105 0.8626968 0.5104406 0.2761637 0.8143611 0.5135294 0.5324051 0.6729282 0.5158932 0.7266655 0.4536645 0.5132361 0.7652465 0.3885698 0.5143562 0.8197866 0.251769 0.5160533 0.8368571 0.1826449 0.6466948 -0.01198675 0.7626547 0.6319625 0.1223297 0.7652835 0.6410332 0.2471665 0.7266259 0.6293789 0.3735421 0.6814312 0.6386338 0.4757533 0.6048188 0.629328 0.580385 0.5168168 0.6435664 0.648527 0.4064911 0.6328624 0.6897289 0.3517944 0.6503712 0.7214697 0.2376947 0.6505748 0.741843 0.1625466 -0.6593882 -0.5683207 0.4921574 -0.6016302 -0.5785345 0.5507621 0.2273411 0.1573072 0.9610257 0.2308437 0.4702313 0.8518179 -0.8946105 -0.4455644 0.0338285 0.2342638 0.7283543 0.6439103 0.3226247 -0.2660473 0.9083679 0.6827568 -0.1619898 0.7124622 0.6695768 0.2353795 -0.7044596 0.7098624 -0.1529489 0.6875333 0.5471037 -0.1391519 0.8254177 0.2655627 -0.1635367 0.9501222 0.162522 -0.1668004 0.9725041 0.6461989 0.2416603 -0.7238972 0.6105809 0.3907393 -0.6888496 0.6042086 0.32756 -0.7263858 0.6805976 -0.1752317 0.7113936 0.6124808 0.3884614 -0.6884512 0.6193834 0.3357571 -0.7096699 0.5637607 0.3122661 -0.7646331 0.5140384 0.3183236 -0.796514 -0.9380951 -0.2918765 0.1865091 0.9472089 0.2231768 0.2301898 0.8561411 0.01304563 0.5165775 -0.03431263 -0.5391786 0.8414922 0.3198309 -0.8061635 -0.4978038 0.05991211 -0.5102651 0.8579278 0.02703943 -0.530201 0.8474407 0.3199333 -0.804607 -0.5002501 0.1770863 -0.6243443 0.7608118 -0.3766882 -0.2421322 -0.8941353 0.3198807 -0.8050047 -0.4996436 0.270197 -0.6845634 0.6770277 0.3213488 -0.8052319 -0.4983337 0.3566793 -0.8010198 0.4807777 0.3199918 -0.8039459 -0.5012746 0.4422771 -0.8808556 0.1687731 0.3199754 -0.8038991 -0.5013601 0.457027 -0.8811632 0.1211517 -0.8134285 -0.3420656 0.4704522 0.3110843 -0.937745 0.1544696 0.2535278 -0.9038829 0.3445567 0.2222614 -0.8261827 0.5177084 -0.759248 -0.2364359 0.6063336 0.0128307 -0.3890986 0.9211068 0.01585625 -0.5139498 0.8576737 -0.9999443 0.009606565 -0.004364457 -0.6730885 -0.3146095 0.6693076 0.116493 -0.5890484 0.799657 0.08544315 -0.5890112 0.8035952 -0.01605229 0.5245743 -0.8512133 -0.9383175 -0.3450517 -0.02235215 -0.8381973 -0.4672278 0.281289 0.2153029 -0.6533983 0.7257516 -0.02445552 0.5454224 -0.8378045 -0.2824983 -0.9569805 -0.06620511 0.6883434 0.4814655 -0.5425628 -0.9999441 0.009622848 -0.004383098 -0.3490107 -0.481834 0.8037584 0.6491081 0.3911597 -0.6524207 0.02511885 -0.1758536 -0.9840958 0.9565197 0.241808 0.1630918 0.4659273 0.7865197 -0.4053376 0.4252189 0.8341801 -0.3511871 0.4382458 0.815576 -0.3778576 -0.0207174 -0.5024262 -0.8643719 -0.01611908 0.5067328 -0.8619525 -0.933884 -0.3520268 -0.06275175 0.02736361 0.8619014 0.5063371 -0.02432541 0.5454588 -0.8377846 -0.9561919 -0.2740174 -0.1030119 -0.9564692 -0.2608495 -0.1308597 -0.05085921 -0.9901976 -0.1300849 -0.04178307 -0.9729517 -0.2271987 0.2861363 -0.720568 0.6315915 0.1586144 -0.6474827 0.7453909 -0.999944 0.009638196 -0.004381767 -0.7195323 -0.6919409 -0.05908509 -0.8152727 -0.578784 -0.0184278 0.3052482 -0.7486111 0.5885617 -0.8473549 -0.3074654 0.4329603 -0.1380479 -0.5555319 0.8199556 0.2128054 -0.7138157 0.6672189 -0.2583586 -0.2541627 -0.9320151 -0.03515798 0.5422174 -0.8395023 0.3739707 -0.815343 0.4419973 -0.9433136 -0.3311167 -0.02283188 0.2101296 -0.4890629 0.8465595 -0.6627254 0.7459609 -0.06585879 -0.999944 0.009636807 -0.004381659 0.4148571 -0.9098039 0.01226908 -0.3048138 -0.6353882 -0.709486 0.3199798 -0.803813 -0.5014954 0.4607115 -0.886015 -0.05217604 0.3428984 -0.8748814 0.3420573 0.4097 -0.893441 0.184144 -0.771648 -0.4098474 0.4863996 -0.5541417 -0.8060238 0.2079727 0.4230311 -0.9002252 -0.1031465 0.3332269 -0.9161639 0.2227186 -0.2134808 -0.5782895 0.7874053 0.4075122 -0.8798116 -0.244674 0.6092491 0.3952539 -0.6874517 -0.962427 -0.258758 -0.082332 -0.05081984 -0.9957561 -0.07672825 0.4306532 -0.8658966 0.2544817 0.5913309 0.4216142 -0.6874367 0.5713621 0.4551785 -0.682904 0.6322605 0.5121458 -0.5813376 -0.4590369 0.3940101 -0.796267 -0.9999443 0.009615475 -0.004354574 -0.2281672 -0.415657 -0.8804368 -0.4839407 0.2792342 -0.829355 -0.6888739 -0.7073966 -0.1582491 -0.691709 -0.6828595 -0.2350354 0.304491 -0.8260999 0.4741773 0.4004842 -0.8375369 0.3716777 -0.1591091 -0.4377271 -0.8849176 0.3904298 -0.9202517 0.02648311 0.3629689 -0.9227552 0.1295241 0.4649282 0.5385144 -0.7027403 0.3620086 -0.9190469 -0.1558925 -0.6922288 -0.5006378 0.5197895 -0.933311 0.3576547 0.03183761 -0.4835388 0.3180989 -0.8154773 0.3200596 -0.8038583 -0.5013718 -0.39599 0.3676022 -0.8414633 0.3200407 -0.8038374 -0.5014175 0.05283731 0.5416241 -0.8389586 0.3200487 -0.803817 -0.501445 0.2102081 0.5749504 -0.7907241 0.3200289 -0.8038767 -0.5013618 0.3615835 0.5921321 -0.7201645 0.3200478 -0.8038403 -0.5014081 0.6289431 0.5765083 -0.5216021 0.3200319 -0.8038585 -0.5013891 0.7369517 0.5447496 -0.4001875 0.3200391 -0.8038388 -0.5014161 0.8862807 0.4415176 -0.1398885 0.3200549 -0.8038334 -0.5014146 0.9279928 0.3725756 -0.004108944 0.3201129 -0.8038106 -0.5014143 0.9403035 0.3341816 0.06443577 0.9469597 0.2873744 0.1438169 0.3200197 -0.803841 -0.501425 0.3136336 -0.8343003 -0.4534061 0.3199515 -0.8037198 -0.5016628 0.9983321 0.009846917 0.05688666 0.3436573 -0.8024673 -0.487797 0.3356479 -0.8062825 -0.4870822 0.3364375 -0.8083295 -0.4831285 0.3315809 -0.8067727 -0.489052 0.3228 -0.8054253 -0.4970818 0.3376635 -0.8131916 -0.4740282 0.3198909 -0.8040391 -0.5011896 0.3376635 -0.8131916 -0.4740282 0.3616538 -0.8773812 -0.3152917 0.4172727 -0.8501335 -0.3211799 0.3200614 -0.8036226 -0.5017484 0.4463843 -0.8720564 -0.2006456 0.3200785 -0.804011 -0.5011148 0.3213505 -0.8051966 -0.4983897 0.4162687 -0.864345 0.2821844 0.321169 -0.8057842 -0.4975564 0.3366419 -0.7763608 0.5328566 0.3199352 -0.8045408 -0.5003555 0.2750232 -0.7285192 0.627393 0.3200696 -0.8034499 -0.5020197 0.07709695 -0.5332232 0.8424542 0.3201065 -0.8035188 -0.5018857 -0.03193691 -0.5432401 0.8389697 0.3200721 -0.8037501 -0.5015372 -0.1658143 -0.5720491 0.8032842 0.3200467 -0.803851 -0.5013917 -0.4628437 -0.5981245 0.6542345 0.3200669 -0.8038294 -0.5014135 -0.5943571 -0.586195 0.5505589 0.3200332 -0.8038404 -0.5014173 -0.7091278 -0.5577388 0.4313527 0.3200832 -0.8038165 -0.5014238 -0.9229544 -0.38455 0.01662781 -0.02188327 -0.3266617 -0.944888 -0.0127638 -0.2165342 -0.9761916 -0.9510264 -0.2794186 0.1321894 -0.7747564 0.07809953 -0.6274177 0.3200418 -0.8038399 -0.5014127 0.3103727 -0.6287818 -0.7129532 0.3264966 -0.740569 -0.5873308 0.3200063 -0.8033373 -0.5022402 0.3186044 -0.7876305 -0.5273798 0.2971609 -0.7789071 -0.5522673 0.2955726 -0.788505 -0.5393484 0.3200369 -0.8038384 -0.5014182 0.2972097 -0.7999196 -0.5213396 0.3200517 -0.803834 -0.5014157 0.294029 -0.8058038 -0.5140302 0.2957159 -0.8098742 -0.5066121 0.2671456 -0.8178733 -0.5096239 0.2905345 -0.8168714 -0.498308 0.3200141 -0.8038532 -0.5014091 0.305485 -0.8144314 -0.493336 0.3200336 -0.8038425 -0.5014136 0.305485 -0.8144314 -0.493336 0.08309497 -0.9351669 -0.3443225 0.3075712 -0.8141545 -0.492496 0.3075712 -0.8141545 -0.492496 0.3200459 -0.80384 -0.5014099 0.3047495 -0.8197881 -0.4848456 0.3044827 -0.8354697 -0.457472 0.3146871 -0.8159807 -0.4849201 0.0503839 0.4659786 -0.8833603 0.3239762 -0.8394938 -0.4362219 0.3305103 -0.825261 -0.4579379 0.3418565 -0.826595 -0.4470736 0.3460745 -0.8179441 -0.459565 0.3426553 -0.8070343 -0.480919 0.3200437 -0.8038455 -0.5014025 0.3427865 -0.801045 -0.4907386 0.3333502 -0.8010907 -0.4971231 0.3437258 -0.7974677 -0.4958808 0.3314397 -0.7997184 -0.5005978 0.3948969 -0.7814875 -0.4830462 0.3429598 -0.7944813 -0.5011767 0.3428861 -0.7864889 -0.5136773 0.3596674 -0.7685667 -0.5290979 0.4265824 -0.7089909 -0.5615687 0.3200268 -0.8038544 -0.5013989 0.3407626 -0.7796377 -0.5254007 0.3323862 -0.7833466 -0.5252499 -0.04840955 -0.9906202 -0.1277817 -0.03927958 -0.9736416 -0.2246755 0.3243165 -0.7732563 -0.5448793 -0.6914081 0.1613751 -0.7042108 0.32006 -0.8038454 -0.5013922 -0.6959101 0.1894801 -0.6926806 -0.4002826 0.4510929 -0.7976773 0.05489559 0.6117173 -0.7891695 0.4921982 0.6404441 -0.5895526 0.6157276 0.6185389 -0.4881487 0.7221602 0.5820121 -0.3738268 0.8091557 0.534587 -0.2438929 0.9163282 0.400081 0.0166667 0.9342902 0.3498061 0.06883 0.9388749 0.330233 0.09726355 0.9403026 0.3341838 0.06443837 0.9360063 0.3513111 0.02174033 0.9417806 0.3275066 0.07608442 0.4176373 -0.7116673 0.5648971 0.5430828 -0.5907672 0.5967036 0.5774366 -0.4991666 0.6460648 0.2246623 -0.8431059 0.4885686 0.2741467 -0.8224602 0.4984003 0.3111604 -0.7744581 0.550812 0.3389192 -0.7262587 0.5980653 0.510943 -0.8164298 -0.2690347 0.5417103 -0.7870258 -0.2951956 0.3788393 -0.804083 -0.4581825 0.3662437 -0.7975193 -0.4794044 0.3471446 -0.7983667 -0.4920379 0.645802 -0.6943136 -0.3175979 0.3880512 -0.6534671 0.6499207 0.5234192 -0.7343029 -0.4322402 0.6570403 -0.6575761 -0.3686349 0.4372754 -0.6415092 0.6302826 0.4173062 -0.5671767 0.7100466 0.3784263 -0.7752338 -0.5057727 0.5815375 -0.6501067 -0.4890557 0.447969 -0.5359251 0.7156173 0.4286014 -0.4486247 -0.7842428 0.3336317 -0.7731855 -0.5393274 0.3441603 -0.7616855 -0.5489889 0.3406067 -0.8876838 -0.3098461 0.3521923 -0.9343345 -0.05458587 0.3624812 -0.87254 -0.3275382 0.4210671 -0.9052603 -0.05662344 0.400297 -0.8470688 -0.3496237 0.5175761 -0.851955 -0.07929407 0.504027 -0.8636734 0.005012747 0.4732456 -0.8366162 -0.275884 0.5464934 -0.8321973 -0.09376878 0.7879573 -0.6069265 -0.1037471 0.6761503 -0.7032964 -0.2195335 0.711031 -0.5556046 -0.4309738 0.7162294 -0.5930399 -0.3678576 0.5551036 -0.6882422 -0.4671003 0.41298 -0.7729493 -0.4816605 0.1228705 -0.7402479 0.6610113 0.7282153 -0.4460997 -0.5202859 0.6659422 -0.4940599 -0.5589506 0.5828151 -0.6320769 -0.510691 0.7215827 -0.4505964 -0.5256247 0.1459197 -0.7195531 0.6789335 0.6472213 -0.4831505 -0.5896357 0.7052168 -0.3955517 -0.5883946 0.158593 -0.6926518 0.7036204 0.1756481 -0.6703966 0.7209134 0.6402851 -0.3957455 -0.6583467 0.4252607 -0.7047145 -0.567918 0.5806327 -0.3803253 -0.7198738 0.4214723 -0.699795 -0.5767565 0.5826006 -0.3702596 -0.7235221 0.2426749 -0.6602843 0.7107275 0.5129162 -0.3747561 -0.7723178 0.4640742 -0.4450766 -0.7658603 0.5069761 -0.4198655 -0.7527869 0.2700429 -0.6002534 0.7528431 0.2858956 -0.5638939 0.7747821 0.3587428 -0.4584641 -0.8130893 0.3340412 -0.621897 -0.7082801 0.3602942 -0.6467794 -0.6722087 0.1210821 -0.5957641 0.79398 0.5180685 -0.8153052 -0.2586165 0.664176 -0.747543 0.00705055 0.5483141 -0.7850524 -0.2881743 0.7227637 -0.6895845 -0.04567096 0.1466525 -0.5781696 0.8026288 0.06352679 -0.6366789 0.7685079 0.7531518 -0.4835918 -0.4459835 0.5889466 -0.6442063 -0.487996 0.03782606 -0.5849931 0.8101557 0.04246625 -0.5819039 0.812148 0.05386189 -0.5826891 0.8109083 0.8217668 0.3547547 -0.4459242 0.4259178 0.1602883 -0.8904503 0.397469 -0.1555631 -0.9043332 0.4761958 -0.3735917 -0.7960319 0.4283642 -0.4486482 -0.7843589 0.06529668 -0.5456454 0.8354684 0.3521669 -0.9343506 -0.05447447 0.3301976 -0.9082544 0.2569894 0.1499067 -0.5466724 0.8238187 0.09734062 -0.5268208 0.8443842 0.4213023 -0.9051962 -0.05589481 0.4345262 -0.8390313 0.3274346 0.9403016 0.3341866 0.0644369 0.9436099 0.324823 0.06395613 0.6067368 -0.4381322 0.6632576 0.7191982 -0.3863858 0.57746 0.5472939 -0.831752 -0.09304819 0.5414802 -0.8406947 -0.005620343 0.6445071 -0.7167704 0.2661781 0.6923506 -0.4485412 0.5652093 0.6550122 -0.5129192 0.554863 0.6774101 -0.7024693 -0.2182943 0.8365177 -0.5479398 0.000187876 0.6461376 -0.6941771 -0.3172135 0.8868156 -0.44308 -0.1312945 0.9043581 -0.425193 -0.03670633 0.6566217 -0.6578354 -0.368918 0.8934314 -0.4115049 -0.1801224 0.8887166 -0.3193608 -0.3289248 0.8968335 -0.3787939 -0.2284838 0.7113791 -0.5552644 -0.4308377 0.7151638 -0.5939852 -0.3684051 0.9080641 -0.2266736 -0.3521912 0.7534553 -0.4831392 -0.4459615 0.940303 0.3341829 0.06443642 0.9469694 0.287355 0.1437914 0.8147031 -0.130796 -0.5649348 0.7106722 -0.4285144 -0.557961 0.6474414 -0.4823955 -0.590012 0.6095085 -0.6198145 0.4942968 0.5865018 -0.6723289 0.4516519 0.8224968 0.4993233 -0.2723513 0.320057 -0.8038308 -0.5014175 0.5022628 0.5926232 -0.6297061 0.3200722 -0.8038064 -0.501447 -0.1054283 0.4932782 -0.863459 0.3200423 -0.8038624 -0.5013763 0.342687 -0.1662827 -0.9246165 0.3584485 -0.4580476 -0.8134538 -0.2606776 0.4310626 -0.8638473 0.32004 -0.8038158 -0.5014525 -0.5561504 0.2698084 -0.7860663 0.3200513 -0.8038305 -0.5014216 -0.6197743 0.2232651 -0.7523513 0.3200613 -0.8038399 -0.5014003 0.5043713 -0.8634694 0.005487469 0.5476172 -0.7480205 0.3749409 -0.9316127 -0.2896318 -0.2195706 -0.03658 -0.9897762 -0.1378583 -0.8517465 -0.0184083 -0.5236306 0.3200714 -0.8038317 -0.5014069 0.6647458 -0.7470282 0.007868763 0.747775 -0.6047799 0.2739961 0.7234124 -0.6889411 -0.04510631 0.8257618 -0.5276219 0.1993303 -0.9078976 -0.1167331 -0.4026107 0.3200466 -0.8038356 -0.5014165 -0.02436189 0.5454397 -0.8377959 -0.939335 -0.212574 -0.2691877 0.3200335 -0.8038478 -0.5014052 0.5854981 0.02586167 0.8102611 0.3200121 -0.8038529 -0.5014107 -0.9444369 -0.302607 -0.1283274 0.06346447 -0.674725 0.7353356 0.3200465 -0.8038371 -0.5014142 -0.875452 -0.4556622 0.161108 0.3200106 -0.8038605 -0.5013995 -0.8035601 -0.5138156 0.3004741 0.3200355 -0.8038403 -0.5014161 -0.3188263 -0.5933282 0.7391289 0.8921285 -0.1027883 -0.4399333 0.7281546 -0.4460439 -0.5204188 -0.03360048 -0.5381902 0.8421534 0.780014 -0.1112126 -0.6158003 0.7730575 0.1304238 -0.6207832 0.7189148 0.2222641 -0.6586047 0.7010714 -0.08516595 -0.707987 0.6404566 -0.3952303 -0.6584895 0.5818719 0.05745613 0.8112483 0.5724189 0.1323585 0.8092081 0.5606855 0.2110659 0.8006765 0.5558635 0.2889286 0.779446 0.655667 -0.07802523 -0.7510079 0.5806388 -0.3803297 -0.7198666 0.5550304 0.1640272 -0.8154976 0.512531 -0.374745 -0.7725789 0.5508565 0.3171212 0.7720047 -0.0337389 -0.5383957 0.8420165 0.3300649 -0.9079605 0.2581956 0.2577835 -0.7514544 0.6073417 -0.03373209 -0.5384426 0.8419867 -0.03388614 -0.5386383 0.8418554 0.0326978 -0.5502121 0.8343845 0.03254643 -0.5461133 0.8370788 -0.0350023 -0.540956 0.8403222 0.8374514 -0.5465107 0.001137554 0.8593564 -0.4864985 0.1575623 0.9204234 -0.2795593 0.2732531 -0.03917832 -0.5401926 0.840629 -0.1441027 -0.4805243 0.8650612 0.8934652 -0.411295 -0.1804338 0.9183396 -0.3861548 -0.08681526 0.9896194 -0.126133 -0.06887576 0.9940459 -0.1027519 0.03626098 0.8131246 -0.2557834 0.5228797 0.9792687 -0.05090916 -0.1960638 0.9896194 -0.126133 -0.06887576 0.8893894 -0.3181179 -0.3283102 0.8968355 -0.3787904 -0.2284817 0.7952836 -0.1704188 0.5817915 0.873654 -0.2017738 0.4427369 0.8583154 -0.106919 0.5018596 0.870753 -0.2969148 0.3919578 -0.2931099 -0.5186765 0.8031571 -0.4377669 -0.5249844 0.7298983 0.6660381 0.2314424 -0.7091035 0.6554136 -0.07491677 -0.7515454 0.672305 -0.2957586 0.6786257 -0.5713938 -0.5160106 0.6381553 -0.6904635 -0.4918808 0.5303899 0.2745869 0.2164334 -0.9368877 0.3424004 -0.1657131 -0.9248249 -0.7918014 -0.4531694 0.4094973 0.8386154 -0.03515842 0.5435882 0.4348374 -0.8388836 0.3274 0.3845168 -0.6443417 0.6610375 0.9524924 0.2121758 0.2184939 0.8610168 0.0004189904 0.5085763 0.5476761 -0.7479669 0.3749619 0.5202667 -0.5721834 0.6339784 0.6444507 -0.7168235 0.2661717 0.6456886 -0.4918591 0.5840898 0.7478154 -0.6050691 0.2732462 0.7560812 -0.4042622 0.5146973 0.8257797 -0.5276005 0.1993127 0.8487332 -0.3127992 0.4263901 0.9685458 0.1629466 0.1880623 0.8664229 -0.05173913 0.4966231 0.9046553 -0.4245632 -0.03667204 0.9705734 -0.1268361 0.2046946 0.9861528 0.08377349 0.1431248 0.8788009 -0.1358349 0.4574471 0.9961025 0.0007623097 0.0881998 0.8950213 -0.2102362 0.393367 0.99574 -0.07951433 0.04668393 0.8926937 -0.2804479 0.3527703 0.974549 0.1203944 -0.1891017 0.9079915 -0.2265169 -0.3524791 -0.8727078 -0.400867 0.2787235 0.9273588 0.1872537 -0.3239471 0.8921025 -0.1027161 -0.4400029 0.8577021 0.238504 -0.455481 0.8150869 -0.1304489 -0.5644611 0.01915711 -0.5354262 0.8443647 0.02476503 -0.5391222 0.8418634 -0.9310586 -0.3362812 0.14158 0.4854427 0.5704303 -0.6625365 0.6079011 0.2395687 -0.7570093 0.5543808 0.1648491 -0.8157737 0.3371436 0.5778377 -0.7432615 0.4255783 0.161038 -0.8904773 -0.9653166 -0.2610764 0.00172824 -0.9745703 -0.177249 -0.1370965 0.02789879 -0.5556516 0.8309471 -0.01568442 -0.03200414 -0.9993647 -0.9421804 -0.295486 0.1580636 0.008238838 -0.5615666 0.8273905 -0.02003442 -0.5047801 0.8630155 -0.04645301 -0.4778955 0.8771876 -0.04843956 -0.5186565 0.8536094 -0.05473799 -0.5241713 0.8498518 -0.03984372 -0.5341941 0.8444223 0.9978293 -0.05923427 -0.02877588 0.9795573 -0.04910022 -0.1950812 0.9896194 -0.126133 -0.06887576 -0.01862914 -0.531928 0.8465846 -0.02088553 -0.5330324 0.845837 -0.8992724 -0.4127768 0.1446527 -0.7792211 -0.5052169 0.3709048 -0.5969377 -0.5657523 0.5688495 -0.3281652 -0.5785463 0.7467207 0.273422 0.2187327 -0.9366944 0.1752983 0.5643863 -0.8066837 0.2581257 -0.7516955 0.6068979 0.1591268 -0.4821758 0.8615017 0.3849096 -0.6447366 0.6604236 0.3205416 -0.4215273 0.8482734 0.5202698 -0.5721837 0.6339757 0.4701123 -0.353435 0.808751 -0.2308117 -0.5572525 0.7976187 0.6456943 -0.4918532 0.5840884 0.621282 -0.2215292 0.7516206 0.6037853 -0.2875273 0.743486 0.7560817 -0.4042656 0.5146939 -0.4068315 -0.5355185 0.740073 -0.9553458 -0.2945435 -0.02363191 0.8485527 -0.312339 0.4270861 0.8137047 -0.1146938 0.5698508 -0.8363113 -0.4144426 0.3589161 0.9204133 -0.279588 0.273258 -0.8900799 -0.3706945 0.2652231 -0.9287626 -0.3247461 0.1787175 0.9705833 -0.1267971 0.2046717 -0.9556403 -0.2814883 0.08669482 0.9940803 -0.1023144 0.036553 -0.9551523 -0.2948697 0.02712704 0.9744166 0.1215781 -0.1890266 0.9273756 0.1872378 -0.3239081 0.823181 0.4557431 -0.3386313 0.8577742 0.2403635 -0.4543664 0.7727779 0.131541 -0.6208955 0.6185773 0.541192 -0.5696255 0.6645187 0.2316792 -0.7104503 0.7227947 0.1460291 -0.6754578 -0.9257124 -0.3757109 0.04356497 0.3455125 -0.8265829 -0.4442768 0.3363225 -0.8083017 -0.4832551 0.3495984 -0.8043496 -0.4804192 0.3491575 -0.7899904 -0.5039883 0.3532138 -0.7837354 -0.5108805 0.3398826 -0.7865505 -0.5155755 0.326736 -0.7891143 -0.5201367 -0.8454471 -0.4713883 0.2510226 0.2634861 -0.3346689 -0.9047496 0.3103705 -0.6287824 -0.7129536 -0.813173 -0.4945886 0.3068089 -0.9579021 -0.2807243 -0.0601449 -0.7519652 -0.5344679 0.3858658 -0.7314205 -0.5441046 0.4110648 -0.05554722 -0.9783185 -0.1995181 0.6801525 0.5687442 -0.4625177 -0.859183 0.2481711 0.4474547 -0.7477245 -0.5162732 0.4175764 0.903719 0.4178854 -0.09308 0.9370736 0.3465191 0.04263252 0.943754 0.2240427 0.2431733 0.9451377 0.3074927 0.1102855 0.6677959 -0.1758749 0.7232681 -0.6843312 -0.5615758 0.4651058 0.2784601 -0.9592233 -0.04848372 0.2033107 -0.9285191 0.3106718 -0.5627069 -0.5855983 0.5834685 -0.1037797 -0.5577459 0.8234982 -0.03046986 -0.5372513 0.8428716 -0.1017213 -0.5521149 0.8275397 0.1262223 -0.6123744 -0.7804265 0.2639945 -0.7644731 -0.5881222 -0.2059535 -0.5680407 0.7968142 -0.02780589 -0.6423262 -0.7659268 0.2972097 -0.7999196 -0.5213396 0.2857888 -0.7931159 -0.5378587 -0.00607099 -0.7167228 -0.6973318 0.2950464 -0.8029168 -0.51795 0.2972097 -0.7999196 -0.5213396 -0.03494307 -0.75434 -0.6555533 0.294029 -0.8058038 -0.5140302 0.2950464 -0.8029168 -0.51795 -0.05521849 -0.7915388 -0.6086192 0.294029 -0.8058038 -0.5140302 0.2930383 -0.8085503 -0.5102695 -0.06590898 -0.8274343 -0.5576814 0.09604314 -0.8325574 -0.5455492 0.2719406 -0.8216852 -0.500881 0.260145 -0.8290922 -0.4949047 -0.05746597 -0.8911903 -0.449975 -0.4470278 -0.5809699 0.6801766 0.305485 -0.8144314 -0.493336 0.2726322 -0.8309735 -0.4849276 -0.1407307 -0.9541475 -0.264192 -0.5230639 -0.5767682 0.6274891 0.3075712 -0.8141545 -0.492496 0.2886225 -0.8355202 -0.46755 0.02024394 -0.9813453 -0.1911845 -0.6886423 -0.5436057 0.4798589 -0.8493103 -0.4613033 0.2566542 -0.9302887 -0.363522 0.04913882 -0.9418684 -0.3359712 -0.002706704 0.2460442 -0.9366286 -0.2493774 0.1630764 -0.9844524 0.06526516 0.2183865 -0.4978725 -0.8393035 0.2865066 -0.6352714 -0.7171779 0.2853142 -0.6843222 -0.6710431 0.1496511 -0.527264 -0.8364193 0.1540813 -0.5957718 -0.7882353 0.2659822 -0.70589 -0.6564852 -0.0254435 -0.5520197 -0.8334428 -0.002400674 -0.6184292 -0.7858369 0.1419656 -0.7098814 -0.6898653 -0.9999438 0.009665273 -0.004364531 -0.9999441 0.009623296 -0.004384142 -0.999944 0.009626193 -0.004386781 -0.9999443 0.009612185 -0.004349495 0.07466348 -0.8614962 -0.5022446 -0.1427344 -0.8574648 -0.4943491 -0.9999439 0.009637253 -0.004388002 -0.174895 -0.9266574 -0.3327428 -0.1123271 -0.9233667 -0.3671193 -0.1500999 0.33693 -0.9294881 -0.9999443 0.00960623 -0.004375365 -0.9999441 0.009619203 -0.004380699 0.05250649 -0.9908964 -0.1239652 0.1083564 -0.9860463 -0.1263787 0.03433039 -0.9959412 -0.08320242 -0.9999441 0.009630226 -0.004369597 -0.9999441 0.009612418 -0.004394963 0.1799817 -0.959379 -0.2172521 0.1422539 -0.9837312 -0.1097123 -0.999944 0.009628501 -0.004383206 0.5600874 0.4704224 -0.6819127 -0.4710502 -0.2193808 -0.8543909 -0.2993573 -0.4845398 -0.8219528 -0.0285781 -0.6420205 -0.7661546 -0.06008994 -0.5743754 -0.8163836 -0.3310441 -0.5191803 -0.7879477 -0.006851256 -0.7162671 -0.6977926 -0.4491249 -0.5460004 -0.7072272 -0.03494097 -0.7543404 -0.655553 -0.4213543 -0.6589493 -0.6230942 -0.05521951 -0.7915415 -0.6086155 -0.05743287 -0.8911476 -0.4500637 -0.4105985 -0.8683909 -0.2780396 -0.4246097 -0.8432954 -0.3294837 -0.3670112 -0.9128254 -0.1790324 -0.1431688 -0.9542185 -0.2626209 -0.3669974 -0.9294978 -0.03669775 -0.6151821 -0.7821347 0.09907692 -0.9999441 0.009624605 -0.004382468 -0.9999441 0.009619934 -0.004389241 0.0213289 -0.9812155 -0.1917321 -0.2380934 -0.9500527 0.2017705 -0.3811994 -0.8840198 0.2705475 -0.28499 -0.9566975 0.05925067 -0.9999441 0.009613964 -0.00440831 -0.999944 0.009627381 -0.004393682 -0.9999444 0.009600789 -0.004351762 -0.9999438 0.009641577 -0.004397479 0.2893272 0.5024762 -0.8147438 0.09580065 -0.157325 -0.9828892 0.2185261 -0.497326 -0.8395911 0.01534859 -0.2726546 -0.9619895 0.1494062 -0.5273773 -0.8363917 -0.1296542 -0.263169 -0.9559978 0.1155232 -0.5429697 -0.8317681 0.125072 -0.611621 -0.7812021 -0.9999439 0.009635714 -0.004397417 -0.9999439 0.009639257 -0.00438569 -0.9999439 0.009648078 -0.004379699 -0.9999436 0.009679281 -0.004366344 -0.9999438 0.009658608 -0.00436998 -0.999944 0.009647786 -0.004359383 -0.4454823 -0.7561129 -0.479415 -0.5740797 -0.6523125 -0.4948948 -0.06536068 -0.8275197 -0.5576191 -0.142791 -0.8575141 -0.4942472 -0.4421922 -0.7871687 -0.4299203 -0.11034 -0.9233074 -0.3678703 -0.389623 -0.8919799 -0.2292724 0.08456839 -0.9372394 -0.3382757 -0.3265273 -0.9451181 0.01147301 0.1423195 -0.9838503 -0.1085531 0.07052471 -0.9958592 -0.05736552 -0.03326685 -0.9703036 0.239592 -0.1829344 -0.2937988 -0.938199 -0.3661022 -0.1362938 -0.9205396 -0.02700713 -0.5512824 -0.8338815 -0.7208982 -0.6077241 0.3331326 -0.09481428 -0.8731058 0.4782222 -0.7810133 -0.6214988 0.06129858 0.06051264 -0.9870454 0.1485919 -0.7360347 -0.6718044 -0.08325656 -0.7661035 -0.6133904 -0.1919314 -0.1138399 -0.9433798 -0.3115685 -0.9999441 0.009622511 -0.004390423 -0.7214735 -0.6175107 -0.3132996 -0.9999444 0.009586664 -0.004398924 -0.6133928 -0.7264338 -0.3099084 -0.999944 0.009644144 -0.004367128 -0.9999442 0.009602676 -0.004399387 -0.8083803 -0.5810063 -0.09462012 -0.5521948 -0.8074619 -0.207572 -0.9999439 0.009638129 -0.004385078 -0.7185062 -0.6375314 0.2780334 -0.04035654 -0.9600942 -0.2767498 0.03388019 -0.9960418 -0.08217575 -0.1824724 -0.9536826 0.2391512 -0.9999439 0.009637135 -0.00438822 -0.7261009 -0.602595 0.3311446 0.1623327 -0.9844188 0.06758544 0.05639736 -0.9321828 0.3575675 -0.1534661 0.07783587 -0.9850836 0.0154708 -0.2726662 -0.9619843 -0.09132668 -0.7851897 -0.6124839 -0.7158028 -0.5341038 -0.4498438 -0.7208192 -0.5769512 -0.3841184 -0.999944 0.009635499 -0.004375247 -0.6052522 -0.2452746 -0.7573045 -0.3304413 -0.5197528 -0.7878233 -0.7239429 -0.4255945 -0.5429328 -0.4238466 -0.6577354 -0.6226863 -0.4421671 -0.7873776 -0.4295634 -0.7483949 -0.5950875 -0.2928754 -0.4245196 -0.8434819 -0.3291222 -0.7279866 -0.6669935 -0.158604 -0.3893305 -0.8922781 -0.2286079 -0.410685 -0.8683646 -0.2779942 -0.6822993 -0.7305508 -0.02762454 -0.06047317 -0.9973098 -0.04142627 -0.4819868 -0.7769414 0.4050319 0.01570555 0.2799654 -0.9598816 -0.1398874 0.4445135 -0.8847821 -0.08337644 0.1098962 -0.9904399 0.09577796 -0.1566515 -0.9829989 -0.3227877 0.07318694 -0.9436375 -0.1293946 -0.2636173 -0.9559095 -0.4716857 -0.2189073 -0.8541617 -0.7228469 -0.2787777 -0.6322779 -0.4491763 -0.5460182 -0.7071809 -0.3268131 -0.9450233 0.0111386 -0.5694832 -0.7774547 0.2669327 -0.4354155 -0.873134 0.2192039 -0.1826684 -0.9534396 0.2399693 -0.3349842 -0.8138893 0.4747312 -0.03331186 -0.970318 0.2395272 -0.2016677 -0.8089505 0.552204 0.05649012 -0.9322244 0.3574445 -0.0570652 -0.7892971 0.6113539 -0.740622 -0.4697764 -0.4804053 -0.5769747 -0.6511582 -0.4930447 -0.3113757 0.3939408 -0.8647866 -0.1536809 0.0771291 -0.9851057 -0.4515081 0.3067404 -0.8378847 -0.3232531 0.0744239 -0.9433814 -0.5708022 0.2046494 -0.7951751 -0.6212567 0.2214531 -0.7516639 -0.3662638 -0.1351287 -0.9206471 -0.6057928 -0.2451143 -0.7569241 -0.7228727 -0.2787847 -0.6322453 -0.7242902 -0.4252401 -0.5427472 -0.750461 -0.5933861 -0.2910347 -0.7279837 -0.6669993 -0.1585927 -0.6822989 -0.7305512 -0.02762412 -0.614731 -0.7825062 0.09894391 -0.5685473 -0.7780961 0.2670587 -0.3802786 -0.88457 0.2700444 -0.5181118 -0.7914992 0.3241747 -0.5874926 -0.6192623 0.5209286 -0.3336721 -0.8151049 0.4735683 -0.4668556 -0.6171181 0.6334123 -0.2016623 -0.8089493 0.5522078 -0.3268288 -0.6037258 0.7271163 -0.057481 -0.7890202 0.6116723 -0.1703519 -0.5758632 0.799601 0.3088445 -0.7804991 -0.5435405 0.3085623 -0.7925448 -0.5259868 0.3034474 -0.7988311 -0.5194117 0.3200702 -0.8038336 -0.5014046 0.2950464 -0.8029168 -0.51795 0.3067615 -0.8062649 -0.5058006 0.2966321 -0.8127986 -0.501366 0.2966667 -0.8175562 -0.4935491 0.3033081 -0.8281329 -0.471381 0.3121733 -0.8577422 -0.4084436 0.3238404 -0.8400867 -0.43518 0.3022454 -0.88773 -0.347251 0.2789175 -0.9590417 -0.04943812 0.202657 -0.9283513 0.311599 0.1127215 -0.7971858 0.5931178 0.1123189 -0.7970047 0.5934374 -0.007773821 -0.5402986 0.8414375 -0.08739968 -0.529017 0.8440985 -0.6817433 -0.5629292 0.4672653 -0.8481147 -0.4789578 0.2264972 -0.9037169 -0.4178912 0.09307356 -0.699999 -0.2842408 -0.6551402 -0.927073 -0.1766097 -0.330673 -0.03363016 -0.5385573 0.8419175 0.2445619 -0.3418614 -0.90737 -0.7529091 -0.2249967 -0.6184694 -0.6914806 -0.1588208 -0.7047202 -0.999944 0.009603139 -0.004445782 0.04559039 -0.5214113 0.8520867 -0.4573651 0.7056401 -0.5411923 -0.9999434 0.009677869 -0.004428141 0.5287118 0.6931364 -0.4899242 -0.1964338 -0.8294577 -0.5228897 -0.3716803 -0.787272 -0.4919924 -0.553249 -0.7092633 -0.4368765 -0.7107767 -0.5972958 -0.3715295 -0.8269814 -0.467178 -0.3128042 -0.09916822 -0.8239987 -0.5578457 -0.7209795 -0.5768064 -0.384035 -0.9370716 -0.3465242 -0.04263592 0.358415 -0.5038917 0.7858956 -0.4567399 -0.7951803 -0.3988445 -0.5413046 -0.7521618 -0.3758217 0.09351169 0.3014484 -0.9488859 0.2118137 -0.1044191 -0.9717158 -0.6419867 -0.6862829 -0.3418609 0.2121806 -0.1051279 -0.9715593 0.2630899 -0.3326028 -0.9056264 -0.618634 -0.5657598 0.5451677 -0.6419356 -0.6081532 -0.466978 -0.5445598 -0.6707288 -0.5035648 -0.1837067 -0.7539761 -0.6306916 -0.1211014 0.4664861 -0.8761993 -0.3951793 0.3298505 -0.8573401 -0.6692265 0.1477575 -0.7282195 -0.9222834 -0.1103326 -0.3704322 -0.8910081 -0.04758765 -0.4514864 -0.7676052 0.1209668 -0.629404 -0.6780903 0.2011312 -0.7069227 -0.08362401 0.5051468 -0.8589725 -0.1937096 0.4685735 -0.8619254 -0.3143535 0.4222146 -0.8502451 -0.4444699 0.3580341 -0.8211322 -0.5690456 0.2823416 -0.7723149 -0.8411618 0.03551519 -0.5396161 -0.5907359 -0.5625665 0.578403 -0.9384469 -0.02396425 -0.3445913 -0.8789106 0.0735044 -0.4712888 -0.6783435 0.4676677 -0.5666895 -0.9999436 0.009657707 -0.004425526 -0.4595469 0.3971245 -0.7944236 -0.04860923 0.5196276 -0.853009 0.05654983 0.4950591 -0.8670171 0.0626269 0.4937218 -0.8673619 0.06648433 0.4946431 -0.8665495 0.09252354 0.5007354 -0.8606413 0.07820531 0.5048152 -0.8596776 0.07460771 0.5163332 -0.8531317 0.1503609 0.4425019 -0.8840722 0.2008197 0.3731324 -0.9057835 0.2169264 0.4086147 -0.8865534 0.2395518 0.4552358 -0.8575403 0.2426739 0.4785937 -0.843835 0.2098922 0.3301201 -0.9203075 0.3308007 0.3696251 -0.8683019 0.422927 0.4359003 -0.7944329 0.3370242 0.2178735 -0.9159398 0.3269078 0.2101029 -0.9214055 0.3838915 0.2791215 -0.8801809 0.4231866 0.3639857 -0.8297153 0.4254705 0.4011892 -0.8111856 -0.999944 0.00964335 -0.004357704 0.4248745 0.07540768 -0.9021061 0.4624264 -0.04044322 -0.8857348 -0.9999437 0.00964996 -0.00442151 0.4585393 0.08660562 -0.884444 0.5208665 0.1456589 -0.8411193 0.5421212 0.2140945 -0.8125689 0.5791062 0.2581148 -0.7733128 0.5921504 0.3088948 -0.7442727 0.6910947 0.3084616 -0.6536356 0.4165316 -0.02691642 -0.9087227 0.4841932 0.7614833 -0.4309294 0.4659273 0.7865197 -0.4053376 0.5413186 0.4332008 -0.7206326 0.07896391 0.5231785 -0.848557 0.07491252 0.3323871 -0.9401632 0.02830361 0.8352445 0.5491498 0.02368591 0.7728786 0.6341117 0.9492574 0.2187648 0.2259477 0.8649943 0.01636556 0.5015147 0.4483154 -0.1062192 -0.887542 0.5823231 -0.119721 -0.8040937 0.7423672 0.1108881 -0.6607532 0.725001 0.28963 -0.6248904 0.479471 -0.1809854 -0.858692 0.5498784 -0.1941741 -0.8123608 0.6672816 -0.06598029 -0.7418772 0.7319209 0.03014125 -0.6807227 -0.9275714 -0.3247487 -0.184796 0.7782053 0.1583006 -0.6077314 0.7966902 0.2213953 -0.5623779 0.4971643 -0.2769998 -0.8222522 0.5554556 -0.2999319 -0.7755707 0.6239027 -0.2403989 -0.7436086 0.7132874 -0.1583565 -0.6827476 0.7780969 -0.06327303 -0.6249493 0.8119508 0.01670452 -0.5834868 0.8448361 0.08375697 -0.5284285 0.8694477 0.1386788 -0.4741612 0.5116818 -0.3587288 -0.7807019 -0.9286315 -0.3593839 -0.09212369 -0.9358613 -0.3351614 -0.1087683 0.8166703 0.279484 -0.5049142 0.7363093 0.3441339 -0.582598 0.6981152 0.2586723 -0.6676255 0.6923873 0.2136498 -0.6891687 0.6604933 0.1440386 -0.7368863 0.6212082 0.101258 -0.777076 0.568121 0.03205744 -0.8223204 0.5082843 -0.03487757 -0.8604828 0.4518313 -0.06767314 -0.8895329 0.9051728 0.173302 -0.3881089 0.9956408 -0.02332831 -0.09030577 0.9975174 0.05448558 0.04461373 0.9793396 0.1659937 0.1154995 0.8668138 0.4485545 -0.2177903 0.9527816 0.2833407 0.1092027 0.8652417 0.4303353 -0.2572319 0.9700612 0.230851 0.07542652 0.8867741 0.3447358 -0.3078781 0.9873525 0.1560417 0.02803716 0.9027445 0.254533 -0.3467929 0.9972583 0.07042467 -0.02272031 -0.9520929 -0.2956377 -0.07821402 -0.2736058 -0.1160822 -0.9548114 0.4160382 -0.3751856 0.8283405 -0.5594792 0.006375466 -0.8288199 -0.9999442 0.009630319 -0.004349611 -0.8962667 -0.4424438 -0.03081442 -0.958038 -0.06377866 -0.2794558 -0.999944 0.009635673 -0.004369671 -0.5362331 0.633468 0.5578283 0.3448385 -0.4109957 0.843901 -0.2963928 -0.7007064 -0.6489699 0.4352957 0.2227596 0.8722935 -0.2258816 -0.3317569 -0.915923 -0.907552 -0.4010394 0.1245666 -0.5470235 -0.7793609 0.3055516 -0.9999442 0.009614778 -0.004370266 -0.02992068 -0.5570788 0.8299205 -0.9999441 0.0096238 -0.004368511 -0.01728611 -0.3450514 -0.9384246 -0.7067258 -0.7059351 -0.04684294 -0.8065256 -0.5909745 -0.01630054 -0.1538831 -0.9879246 -0.01802422 -0.1741629 -0.5174759 -0.8377863 -0.6184496 -0.3693497 -0.6936144 -0.002311256 0.0769273 -0.997034 -0.7172159 -0.4438888 -0.5371816 -0.9999439 0.009669283 -0.004332313 -0.7834672 -0.5780196 -0.228194 -0.7176522 -0.5324102 -0.4489038 -0.9999439 0.009657978 -0.004352985 -0.280998 -0.9399251 -0.1938579 -0.2547541 -0.9299523 -0.2651208 -0.6974478 -0.3245742 -0.6389196 -0.3713749 -0.8275498 -0.4210012 0.5740668 -0.006197945 0.818785 0.7269468 0.4296979 -0.535638 0.5685612 0.02496476 0.8222621 0.733964 0.357049 -0.5777654 0.5779659 0.07633351 0.812483 0.5441978 0.339697 0.767108 0.5786522 -0.006530116 0.8155483 0.5784967 -0.01209645 0.815595 0.7044105 0.5456524 -0.4539486 0.6853479 0.5131346 -0.516712 0.7518464 0.3509412 -0.5581821 0.7720271 0.2054413 -0.6014716 0.7693561 0.1294859 -0.6255594 0.6290837 -0.1224744 -0.7676286 0.773947 0.1655473 -0.6112283 0.5506724 0.2516023 0.7958996 0.7552591 0.2585101 -0.6022925 0.5649434 0.1672129 0.8080091 0.7332969 0.4428906 -0.5158717 0.5308492 0.08259958 0.8434313 0.7524626 0.4623925 -0.4690343 0.4109514 0.2797115 0.8676868 0.757102 0.459482 -0.4644059 0.2621048 0.4322178 0.8628376 0.7546874 0.4878454 -0.4386955 0.08582578 0.5858792 0.8058408 0.1955897 0.4798104 0.8552933 0.7938187 0.4941999 -0.3544268 0.0297074 0.7417335 0.6700365 0.8006591 0.4911362 -0.3431184 0.02482808 0.8204026 0.571247 0.8077844 0.4872857 -0.3317183 0.02559465 0.8846588 0.4655359 0.7618841 0.3044429 -0.5717055 0.7101077 0.4143471 -0.5692658 0.6312539 0.5709887 -0.5248717 0.4252317 0.5837701 -0.6916578 0.2470636 0.567251 -0.7856118 0.1276186 0.5423146 -0.8304267 0.124995 0.4655754 -0.8761369 0.127163 0.2163375 -0.9680019 0.1244574 0.02696529 -0.9918585 0.1394518 -0.2836812 -0.9487245 0.1073311 -0.2227476 -0.9689497 0.2209303 -0.2232526 -0.9493935 0.4578761 -0.1898288 -0.8685128 0.6388001 -0.1367219 -0.7571272 0.7065855 -0.1105976 -0.6989314 0.7077124 0.08509953 -0.7013568 0.7370046 0.2513232 -0.627424 0.6595165 -0.1200605 -0.74204 0.6879224 0.373292 -0.6224273 0.6162632 0.4483672 -0.6474462 0.5882835 0.4874869 -0.6451968 0.5225761 0.551293 -0.650377 -0.9160944 -0.3037918 -0.26169 -0.01993162 -0.905051 0.4248358 -0.01840193 -0.9000432 0.4354121 -0.02234699 -0.9481672 0.3169851 0.5828012 0.03332069 -0.8119313 0.6480381 0.2154509 -0.7304981 0.5769167 0.3356167 -0.7446667 0.4103293 -0.2457056 -0.8782133 0.4923578 -0.1817505 -0.8512053 0.3361008 0.2586426 -0.905616 0.4863083 0.4047366 -0.7743982 0.4129616 0.4748362 -0.7771701 0.3515392 0.5362008 -0.767404 0.23945 -0.2887531 -0.9269764 0.4093625 -0.02596454 -0.9120023 0.4429807 0.09363604 -0.8916279 0.16008 0.3623067 -0.9182093 0.7313228 -0.008122178 -0.6819831 0.6206732 -0.06480929 -0.7813863 -0.9595405 -0.2793211 0.03552168 0.4330916 -0.1316335 -0.8916862 0.2927167 -0.2501945 -0.9228866 0.3677973 -0.1607678 -0.9159033 0.7857982 0.5044363 -0.357862 0.3687299 0.3601642 -0.8569247 -0.4549092 -0.5943315 0.663195 0.5463 -0.1690493 -0.8203528 0.3551299 -0.20879 -0.9112022 0.1650858 -0.09354015 -0.9818334 0.2590502 -0.09280184 -0.9613952 0.4555551 -0.08752268 -0.8858946 0.552102 -0.07955133 -0.8299729 0.7007253 -0.06116844 -0.7108041 0.639425 0.181546 0.7471123 0.6491284 0.1753657 0.7401886 -0.743338 -0.008512377 -0.6688619 0.8665749 0.3984899 -0.3004225 -0.9875132 0.1478682 0.05433911 -0.0974678 -0.5298413 0.8424774 -0.7243003 -0.6394867 0.257771 -0.04142073 -0.9056995 0.4218919 -0.9242723 -0.3269132 -0.1971001 -0.7233319 -0.6156063 -0.3127618 -0.1018947 -0.8861017 -0.4521518 -0.01820481 0.2616935 -0.9649793 -0.166526 -0.5834463 0.7948959 -0.9186989 -0.3033017 -0.252983 -0.02505728 -0.9722282 0.2326895 -0.03256531 -0.5179126 -0.8548135 -0.9602863 -0.2654173 0.08604563 0.9497853 0.2594228 0.1749507 -0.02056966 0.4880188 -0.8725907 -0.01594996 0.5246051 -0.8511962 -0.7516797 -0.4556411 0.4768321 -0.01591832 0.5246078 -0.8511952 -0.03515388 0.5422172 -0.8395027 -0.3180422 0.7449777 0.5863935 -0.01885968 0.1529748 -0.9880501 -0.01148951 0.3580796 -0.9336204 -0.02444474 0.5454252 -0.837803 -0.01576617 0.2112834 -0.9772977 -0.9273086 -0.3179832 0.1974473 -0.9615447 -0.256753 0.09751769 -0.9523815 -0.2884559 -0.09880643 -0.9485789 -0.2962513 -0.1115043 -0.9999441 0.009619002 -0.004386228 -0.3026424 -0.07445286 -0.9501918 -0.1101912 -0.7900545 -0.6030521 -0.02016127 0.409383 -0.9121398 -0.8108923 -0.4222653 0.405149 -0.9706929 0.05285339 -0.2344395 -0.9568857 -0.2859458 -0.05103631 -0.6544835 -0.556565 0.5117487 -0.5678949 0.2242332 -0.791969 0.4795635 0.5763094 -0.6617298 -0.1264005 -0.3516734 -0.9275499 0.6525825 0.1480657 0.7431101 0.6240961 -0.05119881 -0.7796683 0.6619696 0.098924 0.742974 0.6872991 0.06595903 -0.7233736 0.6763805 0.01181543 0.7364576 0.6887066 -0.08292544 0.7202823 0.6709525 0.07890701 0.7372899 0.690871 -0.7153365 0.104838 0.561943 0.8265195 0.03294838 0.6353778 0.7715721 0.03117017 0.6708568 0.7409213 0.03141223 0.6940988 -0.7194025 -0.02621091 0.5780894 0.8158897 -0.01168926 0.6878607 -0.7245297 0.04363982 0.6952042 0.7105758 -0.1085042 0.6878698 -0.717485 0.1097744 0.6870134 0.6582391 -0.3077887 0.6950703 -0.6484683 0.3104289 0.6793718 0.5598288 -0.4743899 0.6934688 -0.5581012 0.4556578 0.6710786 0.5379924 -0.5101153 0.6891597 -0.5194278 0.5052263 0.6480431 0.3565191 -0.6730039 0.6903384 -0.3462271 0.6352635 0.6920499 0.267738 -0.6703606 0.6946944 -0.2852982 0.6603065 0.6485645 0.2340793 -0.7242727 0.6942797 -0.2192199 0.6855059 0.6884887 0.1454888 -0.7105043 0.6892553 -0.1574325 0.7072073 0.5443827 0.08326723 -0.834694 0.6853234 -0.07521067 0.7243447 0.6517386 -0.06667607 -0.7555072 0.3575128 -0.09321934 -0.9292442 0.08771619 -0.09614806 -0.9914945 0.09931623 0.2343414 -0.9670679 0.1048235 0.793151 -0.5999363 0.1350199 0.8806077 -0.4542022 0.1331498 0.9822802 -0.1318966 0.3172529 0.9398339 -0.1267392 0.3178235 0.8425671 -0.4348206 0.3170796 0.6471303 -0.693313 0.3152426 0.3762874 -0.8712232 0.3121035 0.06314134 -0.9479476 0.4677669 0.8427447 -0.2664121 0.4676056 0.7035141 -0.5351756 0.4663844 0.4821651 -0.7416215 0.4642311 0.2043724 -0.8618128 0.5177284 0.8478127 -0.1147647 0.5200587 0.7599699 -0.3898522 0.5193929 0.5840046 -0.6238347 0.5177566 0.3397262 -0.7851842 0.5150507 0.05842407 -0.8551663 0.6439395 0.7584067 -0.1008032 0.6371701 0.7345939 -0.233208 0.6443732 0.6808851 -0.3481072 0.6355478 0.6143632 -0.4675863 0.6451375 0.5213295 -0.5585815 0.6318372 0.4220562 -0.6501157 0.6397714 0.304904 -0.705497 0.629741 0.1770505 -0.7563593 0.6433428 0.04988959 -0.763951 0.2402582 0.9259649 -0.2913159 0.2400767 0.7740127 -0.5858904 0.2387022 0.532023 -0.8123871 -0.3024326 -0.9214804 0.2437383 0.2363839 0.2280437 -0.9445204 0.6818126 -0.3503031 0.6421989 0.08305384 -0.258873 -0.9623341 0.07050268 0.9968117 0.03736175 -0.6771193 0.7354849 0.02390706 0.06335561 0.9104435 0.4087525 0.06811885 0.9604578 0.2699643 -0.7338872 0.6221827 0.2725772 -0.6211973 0.758499 0.19696 -0.6838505 0.3189672 0.6562077 0.05775242 0.4399899 0.8961437 -0.7406535 0.2055066 0.639687 0.0573913 0.2973841 0.9530314 -0.721693 -0.009243918 0.6921516 0.05830867 -0.005240394 0.9982848 -0.689573 -0.2068579 0.6940453 0.04591945 -0.2857796 0.9571946 0.09100096 -0.2867481 0.9536741 0.0900669 0.1619572 0.9826789 0.1229263 0.3255443 0.937502 0.1273537 0.6211008 0.7733142 0.09886414 0.7464586 0.6580467 0.1317985 0.8453651 0.5176746 0.1313808 0.8876783 0.4413234 0.1359884 0.9479828 0.2878119 0.1255908 -0.3877723 0.9131591 0.1869237 -0.4367874 0.8799297 0.2626601 -0.434876 0.8613318 0.3572901 -0.3922744 0.8476229 0.4599122 -0.337511 0.8213204 0.7327279 -0.1809833 0.6560144 0.5991469 -0.1890136 0.7780083 0.5018298 -0.2179911 0.8370464 0.4043069 -0.2447149 0.8812778 0.2595777 -0.2769977 0.9251441 0.1760091 -0.2830032 0.9428308 0.5875335 -0.2325755 0.7750568 0.4369425 -0.2890343 0.8517866 0.2755779 -0.3316944 0.9022392 0.1844366 -0.3493989 0.9186422 -0.002887723 -0.3569209 0.9341301 0.5191151 -0.2947004 0.8022912 0.3399236 -0.3635202 0.8673552 0.1866132 -0.4103427 0.8926334 -0.2303036 -0.4696204 0.8523009 0.5256652 -0.3056967 0.7938675 0.3238297 -0.4035707 0.8557249 -0.02428254 0.5454635 -0.8377828 0.07043495 -0.4920579 0.8677084 0.03849643 -0.5118822 0.8581927 -0.04356873 -0.5263839 0.84913 0.7047395 -0.182959 0.6854693 0.6015006 -0.2088826 0.7710805 0.4283749 -0.2667751 0.8633226 0.2413994 -0.3124646 0.9187449 0.1383218 -0.3297168 0.9338918 0.1604884 -0.3269584 0.9313118 0.6642805 -0.2253199 0.7127148 0.5878457 -0.2690679 0.7629153 -0.9999438 0.009646865 -0.004392418 -0.6574311 -0.544283 0.5210954 -0.01565559 0.5246589 -0.8511686 -0.9999441 0.009627163 -0.004379194 0.6155302 0.4966326 -0.6119466 0.573563 0.5303265 -0.6243231 0.7683258 -0.1622802 0.619145 0.5697217 0.6056839 -0.5554856 0.5764036 0.5864053 -0.5691114 0.5766594 0.5850342 -0.5702622 0.57531 0.5537607 -0.6019697 -0.5132617 0.4900174 -0.7045888 -0.9999425 0.009722248 -0.00451936 0.7921711 -0.09254827 0.603241 -0.9002519 -0.2132558 -0.3795636 -0.01738054 -0.1131482 -0.9934261 -0.02479475 -0.2095505 -0.9774834 0.574374 -0.1410025 -0.8063578 -0.01804889 -0.5963216 -0.8025427 -0.04215882 -0.9338226 -0.3552437 -0.06409344 -0.9925924 0.1032101 -0.05876274 -0.9977698 0.03165953 -0.03570775 -0.960754 -0.2750938 -0.02726937 -0.9961629 -0.08316156 -0.0238116 -0.999709 0.003874528 -0.02386051 -0.9596405 0.2802155 -0.02501989 -0.8120277 0.5830823 -0.03157296 -0.6518235 0.7577132 -0.0331039 -0.581248 0.8130528 -0.03348689 -0.5457275 0.8372933 -0.0418725 -0.5173056 0.8547758 -0.05011534 -0.9958692 -0.07571595 -0.7981913 -0.5655874 0.2073681 0.5011445 0.7394749 -0.4494786 0.06645717 0.7424314 -0.6666177 -0.730584 0.5136948 -0.4498497 -0.9442833 -0.2947725 -0.1464179 -0.04214842 -0.9599297 -0.2770531 -0.8062193 -0.5840001 -0.09462722 -0.544076 -0.8127981 -0.2081839 -0.123975 -0.9692612 -0.2125157 -0.2443327 -0.9399913 -0.2381553 -0.1886444 -0.977215 -0.09728386 0.5135437 0.1076046 0.8512897 0.5537886 0.03610257 0.8318743 0.5798301 -0.02060713 0.8144768 0.5789207 -0.01646483 0.8152176 -0.5449994 -0.07809041 -0.8347919 -0.8966282 -0.4200988 0.1399102 -0.9206268 -0.3156048 0.2298692 -0.6630799 -0.510142 -0.5477958 -0.9083825 -0.1326261 -0.3965496 -0.1130009 -0.405319 0.9071644 -0.0445952 -0.6313784 -0.7741916 -0.9639611 -0.2578768 0.06541114 -0.8769503 -0.07757745 -0.4742784 -0.9729093 -0.2309276 0.01095078 -0.05417848 -0.9324933 -0.3571008 0.7861246 0.4968793 -0.3675855 0.04043925 0.6895655 0.7230934 0.08582578 0.5858792 0.8058408 0.7538144 0.4625085 -0.4667438 0.3482031 0.363259 0.8641745 0.7386064 0.4490197 -0.5028339 0.5096088 0.1253108 0.8512321 0.4436921 0.2166444 0.869599 0.5275956 0.08035333 0.8456869 0.5124242 0.1140181 0.8511294 0.5100212 0.1177548 0.8520635 0.486537 0.1604851 0.8587935 0.5008177 0.1346145 0.8550208 0.3715341 0.2874539 0.8827982 0.3082943 0.3686768 0.8769447 0.8651145 0.4564729 -0.2078686 0.9477549 0.2967862 0.1169555 0.8459001 0.4656294 -0.2600814 0.7854656 0.5078806 -0.3536963 0.8426432 0.4746317 -0.254317 0.02500375 0.8624775 0.5054773 0.01861414 0.9139223 0.4054622 0.02626687 0.9156956 0.4010133 0.02534202 0.8667538 0.498092 0.870887 0.4437364 -0.2113144 0.9484999 0.2962346 0.1122185 0.02616727 0.9088952 0.4162029 0.02850311 0.8581311 0.5126388 0.8517142 0.4597479 -0.2514254 0.01781679 0.9144423 0.4043239 0.8211434 0.4799213 -0.3088674 0.02603961 0.9094289 0.4150434 0.01060101 0.9190556 0.3939854 0.02608492 0.9071253 0.4200516 0.02551403 0.8471466 0.5307463 0.9514811 0.257866 0.1678951 0.02499597 0.8468216 0.5312894 0.02716068 0.8316259 0.5546717 0.4088424 0.5794302 -0.7050593 0.3376348 0.5775639 -0.7432514 0.1216748 0.555278 -0.822716 0.02998897 0.5367847 -0.8431861 0.3376231 0.5774079 -0.7433779 0.5348813 0.5815953 -0.6129021 -0.01002868 0.5046829 -0.8632465 0.04108791 0.4509007 -0.8916279 -0.9154504 0.3261153 0.2357953 -0.388132 -0.5702186 0.7240195 -0.0315154 -0.07984748 -0.9963088 0.02496315 -0.3179771 -0.9477697 0.1407732 -0.2814386 -0.9491972 0.1194586 -0.3203148 -0.939749 0.1570918 -0.1603984 -0.9744714 0.2158202 -0.04379548 -0.9754505 0.03464504 0.07174426 -0.9968212 0.03641089 0.5164302 -0.8555548 0.08379202 0.9957825 0.03736559 0.1042403 0.9487159 -0.2984496 0.1344557 0.6766817 -0.7238947 0.103099 0.5454749 -0.8317618 0.1316707 0.3941112 -0.9095819 0.1267313 0.06582278 -0.9897507 0.06567206 -0.218211 -0.9736894 0.06316438 -0.2161536 -0.9743141 -0.678266 -0.1616634 -0.7168125 0.06618609 -0.08200944 -0.9944314 -0.7102818 -0.05786731 -0.7015348 0.06776748 0.06891225 -0.9953184 -0.7088827 0.06313539 -0.7024951 0.06686753 0.2207007 -0.9730467 -0.7042536 0.1493649 -0.6940583 0.06608678 0.5053185 -0.8603986 -0.7315754 0.3444741 -0.5883324 0.06783145 0.9095505 -0.4100205 -0.7012392 0.6557503 -0.2797412 -0.9999436 0.009649337 -0.004430602 -0.688693 -0.2045338 0.6956062 0.2469487 0.5717226 -0.7823999 -0.01064688 -0.4714592 -0.8818236 -0.8627585 -0.229902 -0.4503252 -0.2609108 -0.8592399 -0.4400367 -0.9999436 0.009661236 -0.004413506 -0.6719031 -0.5964466 0.4390873 -0.4534577 -0.8720233 -0.1842594 -0.4522303 -0.8463587 -0.281362 -0.9999445 0.00958642 -0.004372322 -0.7050252 -0.7004965 0.1106532 -0.7279656 -0.6621407 0.1778647 -0.1663512 -0.9481854 0.2706876 0.882046 0.3028916 -0.3609037 -0.3399432 -0.567987 -0.7495527 -0.09004763 -0.3047488 -0.9481664 -0.9716548 -0.2363289 -0.005967249 -0.06386087 -0.9971001 0.04139116 -0.908383 -0.3674089 -0.1996272 -0.02270871 -0.9819664 0.1876866 -0.02436587 0.5454693 -0.8377766 -0.5451563 0.7546927 0.3650252 -0.8304387 -0.4735143 0.293523 -0.9999441 0.009628706 -0.004379742 -0.9999439 0.009669818 -0.004318166 -0.4595913 0.5674405 0.6832182 -0.9999441 0.009614387 -0.004396664 -0.6749761 0.3508118 0.6491059 -0.9999441 0.009623978 -0.004373754 -0.502376 0.3235149 0.8018457 -0.9999441 0.009626923 -0.004375392 -0.4761209 0.2040354 0.855382 -0.999944 0.009632206 -0.00437254 -0.5946952 0.05626419 0.80198 -0.7407309 -0.09362716 0.6652455 0.05580285 -0.1548844 0.9863553 -0.7102278 0.127253 0.692375 0.05756199 0.1477893 0.9873424 -0.7313934 0.4047356 0.548865 0.05859522 0.5721905 0.8180249 -0.7243817 0.474688 0.4999423 0.05988021 0.6908345 0.720529 -0.6928551 0.5852345 0.4212509 0.06157485 0.7931052 0.6059643 0.06363766 0.8765568 0.4770728 -0.7365984 0.5974172 0.3170418 0.0687444 0.979599 0.1888387 -0.6900905 0.7073815 0.1529267 -0.6010772 -0.7096833 0.3674994 -0.7563305 -0.5933937 0.2754053 -0.9066338 -0.3758689 0.1916709 -0.9430682 -0.2949221 0.1537639 -0.8991136 -0.2525417 0.3575155 -0.4903824 -0.2423563 -0.8371311 -0.5830069 -0.3995612 0.7074276 -0.02153603 -0.4253488 0.9047732 0.05202014 -0.403865 0.9133384 0.02869586 -0.34636 0.9376627 -0.8092592 -0.2764314 0.5183485 -0.008130054 -0.4558339 0.8900277 -0.8061503 -0.3591572 0.4702424 -0.06249912 -0.6487574 0.7584244 -0.9639723 -0.2590898 -0.06024857 -0.05646342 -0.9979538 0.02999997 -0.9254038 -0.3510575 -0.142781 -0.9753451 -0.2206504 -0.003917227 -0.05527124 -0.9871316 -0.1500543 -0.001006648 -0.3885165 0.9214412 0.2313591 0.4511191 0.8619539 -0.1671148 -0.4621618 0.8709071 -0.1605212 -0.4952407 0.8537972 -0.3604874 -0.4656865 0.8081986 -0.3645329 -0.4950946 0.7886679 -0.2239724 -0.5680801 0.7919099 -0.1040301 -0.3791808 0.9194562 -0.4489681 -0.3907026 0.8036038 -0.9108149 -0.2787956 -0.3044491 -0.02146195 -0.8612125 0.5077918 -0.02554413 -0.7922344 0.609682 -0.4619315 -0.5622633 0.6859149 -0.862826 -0.3440655 0.370338 -0.3422075 -0.6283603 0.6986111 -0.3184752 -0.4174328 0.8510719 -0.7414212 -0.3696002 0.5600806 -0.7592476 -0.4519507 0.4682774 -0.6238887 -0.5965197 0.504903 -0.4458549 -0.6811929 0.5806803 -0.8554025 -0.3968701 0.3328374 -0.3171805 -0.742037 0.5905739 -0.8008691 -0.4953676 0.3364813 -0.6576164 -0.6256654 0.4196231 -0.3881511 -0.7639913 0.5154182 -0.8045624 -0.4961467 0.3263706 -0.1952557 -0.8298751 0.5226686 -0.09048837 -0.4087308 0.908158 0.01967152 -0.3480057 0.937286 -0.2062102 -0.4128776 0.8871355 -0.05511995 -0.368988 0.9277983 -0.6122461 -0.3254204 -0.7205944 0.02622089 -0.362629 0.9315646 -0.2026149 -0.3838718 0.9008827 -0.48733 -0.4687227 0.7367553 -0.3694516 -0.5291803 0.7638545 -0.3472737 -0.3783536 0.8580498 -0.5897346 -0.3726645 0.7164735 -0.5865441 -0.450701 0.6729299 -0.704622 -0.4260988 0.5674044 -0.6195309 -0.5337332 0.5755956 0.3298168 0.5234083 -0.7856619 -0.4921637 -0.6241981 0.606755 -0.980322 0.007426079 -0.1972656 -0.04198545 -0.5173339 0.8547531 -0.8978663 -0.3186871 0.3037675 -0.8832181 -0.3807215 0.273819 0.04733421 -0.2985531 -0.9532185 -0.8271685 -0.1681048 -0.5362211 -0.9273263 -0.3026025 -0.2202217 -0.03807194 -0.9734318 -0.2257898 0.007718737 -0.5279677 0.8492294 0.05233454 -0.2801264 0.9585355 0.04549839 -0.3302496 0.9427964 -0.999944 0.009642784 -0.004370558 -0.6410467 0.5877843 0.4935268 -0.5629939 -0.5005564 0.657633 0.02613827 -0.5104462 0.8595123 -0.02568502 -0.5426058 0.8395947 0.6785948 -0.1844463 0.7109773 0.6068924 -0.2429198 0.7567507 0.5383124 -0.2896785 0.7913951 0.1708389 -0.4713144 0.8652611 0.06650493 -0.5069796 0.8593886 0.00590226 -0.527861 0.8493103 0.1740161 -0.4786721 0.8605762 0.2698508 -0.4436133 0.8546273 0.5002737 -0.3315874 0.79986 0.5992654 -0.2690605 0.7539811 0.0248266 0.838248 0.5447238 0.8340894 -0.02401971 0.5511061 0.03334051 0.9652362 0.2592441 0.8154218 -0.05027605 0.5766798 0.04622022 0.9847011 0.1680104 0.08673965 0.9952764 0.0436028 0.8070487 -0.06032689 0.5873951 0.6009921 0.4053943 -0.6888135 0.7132265 -0.1849529 0.6760921 0.7764875 -0.1487715 0.6123187 0.7862891 -0.07769873 0.6129538 -0.3286431 -0.4088614 -0.8513672 -0.8624881 -0.3067717 -0.4024989 -0.8414563 -0.3385056 -0.4211476 -0.07250497 -0.1658487 -0.9834822 -0.01595092 0.5246048 -0.8511964 -0.871653 -0.4365126 0.2228851 -0.02257667 -0.3932046 -0.9191738 -0.9561672 -0.2723498 0.1075633 -0.04044718 -0.9443712 -0.3263848 -0.03949321 -0.9452824 -0.3238542 0.01139789 -0.5324033 0.8464141 -0.9102338 -0.2613811 -0.3211765 -0.02687411 -0.7485888 0.6624896 -0.9999439 0.009626622 -0.004412672 -0.6252145 0.07687712 0.7766574 -0.8413212 -0.0248261 -0.5399651 -0.5118696 -0.5651588 0.6469814 -0.4149586 -0.567458 0.7111967 -0.3081192 -0.5611801 0.7682053 -0.04197191 -0.5173293 0.8547565 -0.04201322 -0.5173444 0.8547454 0.5725277 0.5748315 -0.5846202 0.79595 -0.1081917 0.5956158 0.5558649 0.6353338 -0.5360646 0.7664799 -0.127431 0.6294998 0.5141042 0.7150704 -0.4736784 0.7635503 -0.1293408 0.6326626 0.4838273 0.7619001 -0.4306035 0.4382458 0.815576 -0.3778576 0.4659273 0.7865197 -0.4053376 0.7628725 -0.12977 0.6333919 0.4382458 0.815576 -0.3778576 0.3822762 0.8710637 -0.3084039 0.7630123 -0.1261837 0.6339479 0.3476147 0.9029437 -0.2526988 0.7792257 -0.09871113 0.6189212 0.2858631 0.9426872 -0.1721137 0.7819258 -0.09440882 0.616181 0.2035237 0.9734596 -0.1046637 0.7912678 -0.0778157 0.6064981 0.1154702 0.993301 -0.004452312 0.7985712 -0.06942286 0.5978833 0.2478763 0.9517824 -0.1807419 0.3090899 0.9155565 -0.2573319 -0.1901364 -0.5488747 0.813993 0.03517642 0.464263 -0.8849986 -0.4544428 0.2591687 -0.8522402 0 0 0 -0.9999442 0.009611451 -0.004375322 -0.9999443 0.009610141 -0.0043726 -0.9999443 0.009605005 -0.004385761 -0.9999441 0.009624544 -0.004382635 -0.9999441 0.009627419 -0.004377549 -0.9999442 0.009606126 -0.004385697 -0.9999442 0.00961964 -0.004375337 -0.999944 0.009631484 -0.00438998 -0.999944 0.009639322 -0.004376832 -0.9999441 0.009623831 -0.004383378 -0.9999441 0.009617634 -0.004387822 -0.9999441 0.009617893 -0.004389886 -0.9999441 0.009618131 -0.004388996 -0.9999441 0.009625842 -0.004381835 -0.9999441 0.00962762 -0.004364061 -0.9999441 0.009624145 -0.004372391 -0.9999441 0.009627211 -0.004383285 -0.999944 0.009630803 -0.004393425 -0.999944 0.009624 -0.004392106 -0.999944 0.009625456 -0.004394777 -0.999944 0.009628246 -0.004385895 -0.999944 0.009632731 -0.00437691 -0.9999444 0.009604986 -0.004363072 -0.9999442 0.009613223 -0.004369731 -0.9999442 0.009611155 -0.004373247 -0.9999442 0.009613203 -0.004376664 -0.9999443 0.009603395 -0.004386343 -0.9999441 0.009623988 -0.004381487 -0.999944 0.009631836 -0.004375965 -0.9999442 0.009606826 -0.004388194 -0.9999442 0.009605448 -0.004392952 -0.999944 0.009641548 -0.004372365 -0.9999441 0.009628883 -0.004371782 -0.9999441 0.009624282 -0.004384323 -0.9999441 0.009619218 -0.004387552 -0.9999441 0.009620842 -0.004386524 -0.9999441 0.00961906 -0.004386741 -0.9999441 0.009626786 -0.004382064 -0.9999441 0.00962872 -0.004359398 -0.9999441 0.009624824 -0.004368825 -0.9999441 0.009627163 -0.004381247 -0.999944 0.009631691 -0.004395067 -0.9999441 0.009621181 -0.004388513 -0.9999439 0.009637389 -0.004389036 -0.9999443 0.009607398 -0.004366245 -0.9999441 0.009626357 -0.004374393 -0.9999444 0.009604963 -0.004362994 -0.9999442 0.009612903 -0.004369483</float_array>
          <technique_common>
            <accessor count="8428" source="#normals-array-array" stride="3">
              <param type="float" name="X"/>
              <param type="float" name="Y"/>
              <param type="float" name="Z"/>
            </accessor>
          </technique_common>
        </source>
        <vertices id="verts-array-vertices">
          <input semantic="POSITION" source="#verts-array"/>
        </vertices>
        <triangles count="10462" material="material0">
          <input offset="0" semantic="VERTEX" source="#verts-array-vertices"/>
          <input offset="1" semantic="NORMAL" source="#normals-array"/>
          <p>2107 2107 2049 2049 1601 1601 2919 2919 2901 2901 2889 2889 1355 1355 2978 2978 2967 2967 3095 3095 3097 3097 3107 3107 3107 3107 3097 3097 3110 3110 2864 2864 2876 2876 2883 2883 3099 3099 3100 3100 3113 3113 2875 2875 2870 2870 2878 2878 2303 2303 2257 2257 2262 2262 3150 3150 3105 3105 3152 3152 2084 2084 2085 2085 2066 2066 2065 2065 2084 2084 2066 2066 3031 3031 3057 3057 3029 3029 3029 3029 3057 3057 3028 3028 2123 2123 2124 2124 1712 1712 690 690 1997 1997 2009 2009 1995 1995 704 704 1976 1976 1995 1995 1977 1977 704 704 1995 1995 1978 1978 1977 1977 1995 1995 702 702 1978 1978 1995 1995 701 701 702 702 1995 1995 1979 1979 701 701 1845 1845 1997 1997 690 690 1844 1844 1979 1979 1995 1995 1844 1844 1980 1980 1979 1979 1844 1844 1981 1981 1980 1980 1981 1981 1844 1844 1974 1974 699 699 1974 1974 1844 1844 1857 1857 699 699 1844 1844 1857 1857 698 698 699 699 1857 1857 697 697 698 698 1857 1857 1969 1969 697 697 1857 1857 1970 1970 1969 1969 1857 1857 1971 1971 1970 1970 1857 1857 696 696 1971 1971 1857 1857 695 695 696 696 1857 1857 1956 1956 695 695 1857 1857 1936 1936 1956 1956 1936 1936 1924 1924 1932 1932 1936 1936 1925 1925 1924 1924 1936 1936 694 694 1925 1925 1936 1936 1926 1926 694 694 1936 1936 693 693 1926 1926 1936 1936 1927 1927 693 693 1900 1900 692 692 1927 1927 692 692 1900 1900 691 691 1927 1927 1936 1936 1900 1900 1857 1857 1900 1900 1936 1936 1857 1857 1876 1876 1900 1900 1855 1855 1876 1876 1857 1857 1855 1855 1867 1867 1876 1876 1868 1868 1867 1867 1855 1855 1972 1972 695 695 1956 1956 1902 1902 691 691 1900 1900 3122 3122 3119 3119 3123 3123 2295 2295 2294 2294 2215 2215 2049 2049 2050 2050 1599 1599 2184 2184 848 848 850 850 2324 2324 2348 2348 2322 2322 861 861 2215 2215 2294 2294 1601 1601 2049 2049 1599 1599 869 869 2312 2312 890 890 2211 2211 2300 2300 2299 2299 2998 2998 3010 3010 2388 2388 2272 2272 2273 2273 2286 2286 2366 2366 2341 2341 2368 2368 3025 3025 2978 2978 1355 1355 2414 2414 2413 2413 2429 2429 2909 2909 2898 2898 2912 2912 2395 2395 2411 2411 2394 2394 3063 3063 3134 3134 3062 3062 2312 2312 869 869 1789 1789 793 793 2093 2093 792 792 2126 2126 2127 2127 1708 1708 3178 3178 3166 3166 2520 2520 2430 2430 2414 2414 2429 2429 2411 2411 2395 2395 1020 1020 2369 2369 2371 2371 2386 2386 3064 3064 3050 3050 3160 3160 3050 3050 3064 3064 3051 3051 3143 3143 2526 2526 3142 3142 1710 1710 2125 2125 1709 1709 2095 2095 2116 2116 2088 2088 3165 3165 3178 3178 2520 2520 2610 2610 2574 2574 2569 2569 3142 3142 2526 2526 3167 3167 2671 2671 2635 2635 2830 2830 2911 2911 2914 2914 876 876 2736 2736 2697 2697 1276 1276 2696 2696 1276 1276 2697 2697 2921 2921 2879 2879 2871 2871 2531 2531 2530 2530 2512 2512 2695 2695 2656 2656 2694 2694 2656 2656 2663 2663 2694 2694 2785 2785 2786 2786 2798 2798 2289 2289 2123 2123 2306 2306 2114 2114 2102 2102 802 802 3137 3137 3128 3128 3125 3125 2703 2703 2689 2689 2709 2709 2074 2074 2075 2075 2056 2056 3029 3029 2955 2955 3031 3031 2306 2306 2288 2288 2289 2289 859 859 2213 2213 858 858 2300 2300 2211 2211 2301 2301 3124 3124 3125 3125 3128 3128 2779 2779 2780 2780 2790 2790 856 856 2211 2211 2298 2298 2301 2301 2211 2211 874 874 2303 2303 2262 2262 871 871 2790 2790 2780 2780 2791 2791 1789 1789 869 869 2314 2314 2211 2211 856 856 2212 2212 874 874 2211 2211 2216 2216 3017 3017 3009 3009 2945 2945 2429 2429 2426 2426 2430 2430 2355 2355 2353 2353 2343 2343 3030 3030 2429 2429 3021 3021 2893 2893 2896 2896 2907 2907 1369 1369 3115 3115 3113 3113 2396 2396 1020 1020 2395 2395 3138 3138 3115 3115 1369 1369 2314 2314 869 869 1787 1787 2938 2938 1323 1323 2924 2924 3043 3043 3009 3009 3044 3044 2358 2358 2357 2357 2342 2342 2426 2426 2429 2429 2427 2427 3165 3165 3179 3179 3178 3178 3021 3021 2429 2429 2413 2413 2188 2188 2179 2179 2189 2189 2396 2396 1019 1019 1020 1020 3009 3009 3003 3003 3012 3012 2379 2379 2369 2369 2386 2386 3022 3022 3013 3013 1359 1359 3051 3051 3063 3063 3062 3062 2082 2082 2100 2100 2083 2083 2117 2117 2094 2094 793 793 1711 1711 2124 2124 1710 1710 2739 2739 2728 2728 1281 1281 1281 1281 2728 2728 2750 2750 2887 2887 2890 2890 2899 2899 3179 3179 3165 3165 3180 3180 897 897 2907 2907 889 889 3032 3032 3057 3057 3031 3031 2899 2899 2890 2890 2902 2902 2830 2830 2634 2634 2846 2846 2634 2634 2830 2830 2635 2635 2907 2907 2910 2910 889 889 2885 2885 2888 2888 2897 2897 2151 2151 2170 2170 2152 2152 2531 2531 2509 2509 2547 2547 2100 2100 2115 2115 2101 2101 2115 2115 2100 2100 801 801 2831 2831 2805 2805 2673 2673 2127 2127 2150 2150 2128 2128 2149 2149 2150 2150 2127 2127 2820 2820 2796 2796 2837 2837 2372 2372 2343 2343 2374 2374 796 796 2097 2097 795 795 3105 3105 3106 3106 3119 3119 2796 2796 2797 2797 2837 2837 2922 2922 2892 2892 2923 2923 2707 2707 2686 2686 2713 2713 2112 2112 2067 2067 2425 2425 2951 2951 3045 3045 1347 1347 2718 2718 2720 2720 2726 2726 2982 2982 2972 2972 2985 2985 2972 2972 2974 2974 2985 2985 1656 1656 2982 2982 3006 3006 2809 2809 2834 2834 2808 2808 1589 1589 2854 2854 1588 1588 2854 2854 2745 2745 1588 1588 3160 3160 3131 3131 3064 3064 2826 2826 2800 2800 2677 2677 2800 2800 2801 2801 2677 2677 2080 2080 2081 2081 2062 2062 2061 2061 2080 2080 2062 2062 2116 2116 2095 2095 2117 2117 871 871 2262 2262 2304 2304 2296 2296 2213 2213 859 859 1599 1599 2050 2050 1586 1586 848 848 2184 2184 847 847 2212 2212 2219 2219 2235 2235 2343 2343 2352 2352 2346 2346 2304 2304 2262 2262 2280 2280 2213 2213 2296 2296 2214 2214 2576 2576 2785 2785 2600 2600 2316 2316 869 869 2318 2318 2208 2208 2184 2184 850 850 3140 3140 3092 3092 3083 3083 2996 2996 3009 3009 3017 3017 2427 2427 2429 2429 3030 3030 2352 2352 2351 2351 2346 2346 2132 2132 2155 2155 2133 2133 3009 3009 3012 3012 3019 3019 2431 2431 2416 2416 2430 2430 2985 2985 2999 2999 2997 2997 2394 2394 2410 2410 2406 2406 3110 3110 3113 3113 3115 3115 2386 2386 2371 2371 2387 2387 2318 2318 869 869 2320 2320 2961 2961 2962 2962 2972 2972 3004 3004 1357 1357 3013 3013 982 982 2360 2360 2341 2341 3166 3166 3177 3177 2527 2527 2416 2416 2431 2431 2417 2417 2410 2410 2394 2394 2411 2411 2985 2985 2987 2987 2999 2999 2371 2371 2373 2373 2387 2387 2093 2093 793 793 2094 2094 3050 3050 3159 3159 3160 3160 1356 1356 2988 2988 2981 2981 2124 2124 2125 2125 1710 1710 2145 2145 2146 2146 2123 2123 794 794 2088 2088 2116 2116 2100 2100 2101 2101 2083 2083 3039 3039 2982 2982 1658 1658 842 842 2173 2173 841 841 3166 3166 3178 3178 3177 3177 2092 2092 851 851 2118 2118 888 888 2909 2909 878 878 2084 2084 2102 2102 2085 2085 2920 2920 2879 2879 2921 2921 2619 2619 2676 2676 2634 2634 2909 2909 2912 2912 878 878 2550 2550 2512 2512 2549 2549 2390 2390 2382 2382 2391 2391 2382 2382 2386 2386 2391 2391 2541 2541 2534 2534 2506 2506 2096 2096 795 795 2097 2097 2123 2123 1713 1713 2306 2306 2101 2101 802 802 2102 2102 2426 2426 2112 2112 2430 2430 2207 2207 2074 2074 2120 2120 2686 2686 2707 2707 2687 2687 3142 3142 3080 3080 3143 3143 2430 2430 2112 2112 2431 2431 2906 2906 904 904 2934 2934 2923 2923 2906 2906 2934 2934 62 62 825 825 53 53 53 53 825 825 19 19 2781 2781 2771 2771 2782 2782 860 860 2214 2214 2296 2296 2211 2211 2212 2212 2216 2216 2785 2785 2576 2576 2786 2786 2298 2298 2211 2211 2299 2299 2216 2216 2212 2212 2227 2227 2062 2062 2063 2063 2050 2050 2214 2214 860 860 2295 2295 2049 2049 2062 2062 2050 2050 1787 1787 869 869 1785 1785 2395 2395 2387 2387 2396 2396 2262 2262 2266 2266 2280 2280 2351 2351 2350 2350 2346 2346 2414 2414 2430 2430 2415 2415 985 985 2393 2393 2406 2406 1785 1785 869 869 2316 2316 3110 3110 3115 3115 3120 3120 3120 3120 3115 3115 3121 3121 2387 2387 2388 2388 2396 2396 2527 2527 3142 3142 3167 3167 2416 2416 2415 2415 2430 2430 985 985 2406 2406 2410 2410 3006 3006 2996 2996 3015 3015 2373 2373 2397 2397 2387 2387 3015 3015 2996 2996 3017 3017 3063 3063 3051 3051 3064 3064 2083 2083 2101 2101 2084 2084 19 19 825 825 54 54 2146 2146 2147 2147 2124 2124 2123 2123 2146 2146 2124 2124 2088 2088 794 794 2096 2096 2527 2527 3177 3177 3142 3142 2423 2423 2085 2085 2113 2113 878 878 2912 2912 877 877 54 54 825 825 827 827 2895 2895 2898 2898 2909 2909 3175 3175 3168 3168 3176 3176 2634 2634 2678 2678 2846 2846 2869 2869 2872 2872 2877 2877 2512 2512 2530 2530 2548 2548 2549 2549 2512 2512 2548 2548 2734 2734 2655 2655 2697 2697 802 802 2101 2101 2115 2115 2571 2571 2556 2556 2572 2572 1260 1260 2420 2420 2435 2435 2437 2437 1260 1260 2435 2435 797 797 2098 2098 796 796 2114 2114 803 803 2113 2113 54 54 827 827 18 18 18 18 827 827 829 829 18 18 829 829 55 55 55 55 829 829 831 831 55 55 831 831 17 17 17 17 831 831 60 60 2120 2120 2074 2074 2056 2056 2687 2687 2708 2708 2688 2688 3162 3162 3051 3051 3161 3161 3051 3051 3162 3162 3052 3052 17 17 60 60 16 16 16 16 60 60 833 833 16 16 833 833 56 56 56 56 833 833 835 835 56 56 835 835 15 15 15 15 835 835 295 295 15 15 295 295 14 14 14 14 295 295 308 308 14 14 308 308 13 13 13 13 308 308 286 286 2849 2849 2853 2853 2861 2861 941 941 2940 2940 925 925 13 13 286 286 305 305 13 13 305 305 283 283 13 13 284 284 57 57 57 57 284 284 281 281 57 57 281 281 58 58 57 57 58 58 304 304 57 57 304 304 12 12 2387 2387 2344 2344 2388 2388 941 941 1339 1339 2940 2940 2526 2526 2519 2519 3167 3167 12 12 304 304 341 341 12 12 341 341 344 344 12 12 344 344 11 11 11 11 344 344 451 451 11 11 451 451 107 107 11 11 107 107 10 10 10 10 107 107 105 105 10 10 105 105 453 453 10 10 453 453 354 354 10 10 354 354 36 36 2280 2280 2266 2266 1719 1719 2813 2813 2787 2787 2576 2576 847 847 2183 2183 846 846 2346 2346 2350 2350 2348 2348 1719 1719 2266 2266 2282 2282 2061 2061 2062 2062 2049 2049 2310 2310 2308 2308 890 890 2183 2183 847 847 2184 2184 2215 2215 861 861 2224 2224 2322 2322 2348 2348 2350 2350 2433 2433 2417 2417 2431 2431 3009 3009 3019 3019 3044 3044 2405 2405 1019 1019 2396 2396 2382 2382 2377 2377 2386 2386 2312 2312 2310 2310 890 890 3161 3161 3135 3135 3162 3162 3180 3180 3165 3165 1382 1382 2433 2433 2418 2418 2417 2417 1019 1019 2405 2405 2412 2412 2377 2377 2379 2379 2386 2386 3046 3046 3129 3129 3050 3050 3159 3159 3050 3050 3129 3129 36 36 354 354 103 103 3129 3129 3131 3131 3159 3159 903 903 2904 2904 2926 2926 2426 2426 2055 2055 2112 2112 2727 2727 2731 2731 2749 2749 2204 2204 2162 2162 2119 2119 2083 2083 2084 2084 2065 2065 792 792 2092 2092 2118 2118 2425 2425 2085 2085 2424 2424 2676 2676 2619 2619 2824 2824 36 36 103 103 101 101 2508 2508 2532 2532 2546 2546 2655 2655 2656 2656 2697 2697 2697 2697 2656 2656 2696 2696 2848 2848 2857 2857 2936 2936 2133 2133 2144 2144 1699 1699 2195 2195 2128 2128 1707 1707 2127 2127 2128 2128 2195 2195 2103 2103 2045 2045 2104 2104 2370 2370 2342 2342 2343 2343 2370 2370 2343 2343 2372 2372 2097 2097 796 796 2098 2098 36 36 101 101 37 37 1699 1699 2144 2144 1682 1682 37 37 101 101 455 455 37 37 455 455 38 38 38 38 455 455 99 99 2044 2044 2045 2045 2103 2103 38 38 99 99 9 9 2699 2699 2693 2693 2704 2704 2690 2690 2704 2704 2693 2693 1355 1355 2967 2967 3026 3026 9 9 99 99 497 497 9 9 497 497 39 39 39 39 497 497 97 97 39 39 97 97 8 8 8 8 97 97 668 668 8 8 668 668 640 640 8 8 640 640 40 40 40 40 640 640 633 633 40 40 633 633 7 7 2891 2891 2894 2894 2903 2903 7 7 633 633 644 644 7 7 644 644 627 627 7 7 626 626 614 614 7 7 614 614 6 6 64 64 823 823 62 62 2378 2378 2342 2342 2380 2380 64 64 62 62 53 53 64 64 53 53 20 20 64 64 20 20 21 21 64 64 21 21 66 66 66 66 21 21 52 52 66 66 52 52 68 68 68 68 52 52 22 22 68 68 22 22 70 70 70 70 22 22 51 51 70 70 51 51 72 72 72 72 51 51 23 23 72 72 23 23 26 26 72 72 26 26 74 74 75 75 27 27 28 28 2551 2551 2437 2437 2439 2439 2292 2292 861 861 2293 2293 2814 2814 2778 2778 2788 2788 2292 2292 2224 2224 861 861 2266 2266 2259 2259 2282 2282 861 861 840 840 2293 2293 2212 2212 858 858 2219 2219 2788 2788 2778 2778 2789 2789 1793 1793 909 909 890 890 2185 2185 846 846 2183 2183 2291 2291 2224 2224 2292 2292 2386 2386 2387 2387 2394 2394 2259 2259 2268 2268 2282 2282 1339 1339 941 941 1614 1614 2353 2353 2352 2352 2343 2343 1615 1615 3040 3040 2947 2947 2419 2419 2418 2418 2433 2433 2412 2412 2405 2405 2388 2388 2962 2962 2965 2965 2974 2974 2148 2148 2149 2149 2126 2126 1793 1793 890 890 2308 2308 3107 3107 3110 3110 3120 3120 2944 2944 3020 3020 2943 2943 2094 2094 2117 2117 2095 2095 2394 2394 2387 2387 2395 2395 2342 2342 2357 2357 2343 2343 2357 2357 2356 2356 2343 2343 2422 2422 2419 2419 2433 2433 3010 3010 2412 2412 2388 2388 2400 2400 2377 2377 2382 2382 2101 2101 2102 2102 2084 2084 3129 3129 3046 3046 3065 3065 75 75 28 28 78 78 2899 2899 2902 2902 2913 2913 2124 2124 2147 2147 2125 2125 1712 1712 2124 2124 1711 1711 1348 1348 3014 3014 3042 3042 2925 2925 2908 2908 898 898 2621 2621 2838 2838 2822 2822 78 78 28 28 29 29 2547 2547 2508 2508 2546 2546 2508 2508 2547 2547 2509 2509 2679 2679 2803 2803 2828 2828 2076 2076 2095 2095 2077 2077 1257 1257 2549 2549 1204 1204 1708 1708 2127 2127 2195 2195 2126 2126 2149 2149 2127 2127 2098 2098 797 797 2099 2099 2214 2214 2295 2295 2222 2222 78 78 29 29 818 818 818 818 29 29 80 80 2203 2203 2044 2044 2122 2122 80 80 29 29 50 50 80 80 50 50 49 49 1251 1251 2554 2554 2563 2563 80 80 49 49 82 82 82 82 49 49 48 48 2056 2056 2075 2075 2057 2057 2689 2689 2703 2703 2690 2690 82 82 48 48 816 816 816 816 48 48 2 2 816 816 2 2 85 85 85 85 2 2 46 46 85 85 46 46 3 3 85 85 3 3 87 87 87 87 3 3 45 45 87 87 45 45 89 89 89 89 45 45 44 44 89 89 44 44 91 91 1566 1566 2054 2054 1484 1484 91 91 44 44 4 4 91 91 4 4 811 811 811 811 4 4 43 43 811 811 43 43 93 93 93 93 43 43 42 42 93 93 42 42 809 809 2997 2997 3003 3003 3009 3009 809 809 42 42 5 5 809 809 5 5 807 807 807 807 5 5 41 41 807 807 41 41 805 805 805 805 41 41 6 6 2053 2053 2066 2066 2054 2054 805 805 6 6 614 614 805 805 614 614 1393 1393 1393 1393 614 614 606 606 1393 1393 606 606 648 648 1393 1393 648 648 562 562 1393 1393 562 562 554 554 1393 1393 554 554 548 548 2849 2849 2861 2861 2867 2867 863 863 113 113 862 862 183 183 108 108 156 156 154 154 156 156 123 123 123 123 156 156 108 108 108 108 109 109 123 123 123 123 109 109 115 115 109 109 110 110 115 115 110 110 112 112 115 115 115 115 112 112 116 116 112 112 113 113 116 116 863 863 116 116 113 113 865 865 116 116 863 863 136 136 152 152 123 123 154 154 123 123 152 152 2897 2897 2888 2888 2900 2900 123 123 115 115 118 118 115 115 116 116 118 118 118 118 116 116 120 120 116 116 865 865 120 120 120 120 865 865 122 122 2517 2517 2508 2508 2519 2519 136 136 123 123 138 138 3123 3123 3124 3124 3134 3134 3027 3027 2958 2958 3075 3075 123 123 118 118 127 127 118 118 120 120 127 127 127 127 120 120 128 128 120 120 122 122 128 128 128 128 122 122 867 867 123 123 145 145 140 140 138 138 123 123 140 140 145 145 123 123 882 882 123 123 127 127 882 882 868 868 128 128 867 867 150 150 128 128 868 868 2391 2391 2386 2386 2392 2392 140 140 145 145 142 142 882 882 127 127 146 146 146 146 127 127 148 148 127 127 128 128 148 148 148 148 128 128 879 879 150 150 879 879 128 128 2985 2985 2974 2974 2987 2987 869 869 879 879 150 150 142 142 145 145 144 144 1271 1271 182 182 155 155 1820 1820 3190 3190 3205 3205 1820 1820 1824 1824 3190 3190 1820 1820 1823 1823 1824 1824 1820 1820 1822 1822 1823 1823 1820 1820 3239 3239 1822 1822 1821 1821 3239 3239 1820 1820 1833 1833 1820 1820 3205 3205 680 680 1820 1820 1833 1833 1825 1825 1841 1841 3307 3307 685 685 1841 1841 1825 1825 1841 1841 685 685 684 684 1841 1841 684 684 1840 1840 684 684 3437 3437 1840 1840 684 684 1836 1836 3437 3437 1826 1826 1836 1836 684 684 1836 1836 1826 1826 3411 3411 1827 1827 3411 3411 1826 1826 683 683 3411 3411 1827 1827 3411 3411 683 683 1835 1835 682 682 1835 1835 683 683 1835 1835 682 682 1828 1828 1835 1835 1828 1828 3308 3308 3308 3308 1828 1828 1829 1829 3308 3308 1829 1829 3346 3346 1829 1829 3309 3309 3346 3346 1830 1830 3309 3309 1829 1829 3309 3309 1830 1830 3312 3312 1831 1831 3312 3312 1830 1830 1832 1832 3312 3312 1831 1831 3312 3312 1832 1832 3314 3314 1833 1833 3314 3314 1832 1832 3205 3205 3314 3314 1833 1833 1842 1842 1825 1825 3307 3307 1843 1843 1825 1825 1842 1842 1271 1271 155 155 153 153 689 689 1819 1819 681 681 688 688 1853 1853 1818 1818 1853 1853 688 688 1852 1852 688 688 1854 1854 1852 1852 1852 1852 1854 1854 687 687 1852 1852 687 687 3228 3228 3228 3228 687 687 686 686 3228 3228 686 686 3229 3229 3229 3229 686 686 1846 1846 3229 3229 1846 1846 1851 1851 1846 1846 3230 3230 1851 1851 1847 1847 3230 3230 1846 1846 3230 3230 1847 1847 1850 1850 1848 1848 1850 1850 1847 1847 1850 1850 1848 1848 3231 3231 1848 1848 780 780 3231 3231 3231 3231 780 780 779 779 3231 3231 779 779 3232 3232 778 778 3232 3232 779 779 3232 3232 778 778 3233 3233 1849 1849 3233 3233 778 778 2464 2464 3233 3233 1849 1849 2463 2463 3233 3233 2464 2464 3504 3504 1843 1843 1842 1842 1856 1856 1843 1843 3504 3504 3529 3529 1892 1892 3530 3530 1909 1909 1892 1892 3529 3529 1892 1892 1909 1909 1891 1891 1893 1893 1891 1891 1909 1909 1893 1893 1890 1890 1891 1891 1890 1890 1893 1893 1872 1872 1893 1893 1894 1894 1872 1872 1872 1872 1894 1894 1889 1889 1894 1894 1895 1895 1889 1889 1889 1889 1895 1895 1888 1888 1895 1895 1896 1896 1888 1888 1896 1896 1897 1897 1888 1888 1888 1888 1897 1897 1887 1887 1897 1897 1908 1908 1887 1887 1907 1907 1887 1887 1908 1908 1887 1887 1907 1907 1886 1886 1907 1907 1906 1906 1886 1886 1886 1886 1906 1906 1873 1873 1906 1906 1898 1898 1873 1873 1905 1905 1873 1873 1898 1898 1904 1904 1873 1873 1905 1905 1904 1904 1874 1874 1873 1873 1874 1874 1904 1904 1899 1899 1874 1874 1899 1899 1875 1875 1903 1903 1875 1875 1899 1899 1900 1900 1875 1875 1903 1903 1876 1876 1875 1875 1900 1900 2161 2161 1928 1928 1946 1946 1947 1947 1928 1928 2161 2161 1928 1928 1947 1947 1929 1929 1948 1948 1929 1929 1947 1947 1929 1929 1948 1948 1930 1930 1949 1949 1930 1930 1948 1948 1930 1930 1949 1949 1945 1945 1949 1949 1962 1962 1945 1945 1945 1945 1962 1962 1931 1931 1961 1961 1931 1931 1962 1962 1931 1931 1961 1961 1944 1944 1950 1950 1944 1944 1961 1961 1944 1944 1950 1950 1943 1943 1950 1950 1960 1960 1943 1943 1943 1943 1960 1960 1942 1942 1960 1960 1951 1951 1942 1942 1959 1959 1942 1942 1951 1951 1942 1942 1959 1959 1941 1941 1959 1959 1958 1958 1941 1941 1941 1941 1958 1958 1940 1940 1958 1958 1952 1952 1940 1940 1952 1952 1953 1953 1940 1940 1953 1953 1939 1939 1940 1940 1954 1954 1939 1939 1953 1953 1955 1955 1939 1939 1954 1954 1955 1955 1938 1938 1939 1939 1938 1938 1955 1955 1937 1937 1955 1955 1957 1957 1937 1937 1956 1956 1937 1937 1957 1957 1936 1936 1937 1937 1956 1956 1649 1649 2004 2004 1987 1987 2021 2021 2004 2004 1649 1649 2020 2020 2004 2004 2021 2021 2004 2004 2020 2020 1988 1988 2019 2019 1988 1988 2020 2020 1988 1988 2019 2019 1989 1989 2018 2018 1989 1989 2019 2019 1989 1989 2018 2018 2003 2003 2017 2017 2003 2003 2018 2018 2003 2003 2017 2017 2002 2002 2016 2016 2002 2002 2017 2017 2002 2002 2016 2016 2015 2015 2002 2002 2015 2015 2001 2001 2014 2014 2001 2001 2015 2015 2001 2001 2014 2014 1990 1990 2014 2014 2013 2013 1990 1990 1990 1990 2013 2013 2012 2012 1990 1990 2012 2012 1991 1991 2005 2005 1991 1991 2012 2012 1991 1991 2005 2005 1992 1992 2006 2006 1992 1992 2005 2005 1992 1992 2006 2006 2000 2000 2011 2011 2000 2000 2006 2006 2000 2000 2011 2011 1993 1993 2008 2008 1993 1993 2011 2011 2007 2007 1996 1996 1994 1994 1271 1271 153 153 151 151 1271 1271 151 151 135 135 1271 1271 135 135 137 137 1271 1271 137 137 139 139 1271 1271 139 139 141 141 1271 1271 141 141 883 883 883 883 141 141 143 143 2565 2565 977 977 2330 2330 977 977 2321 2321 2330 2330 181 181 108 108 183 183 1299 1299 159 159 1297 1297 1297 1297 159 159 181 181 181 181 159 159 108 108 159 159 161 161 108 108 108 108 161 161 109 109 161 161 1315 1315 109 109 109 109 1315 1315 110 110 110 110 1315 1315 111 111 1315 1315 114 114 111 111 404 404 2421 2421 2637 2637 2515 2515 2421 2421 404 404 1581 1581 2040 2040 2595 2595 2440 2440 2040 2040 1581 1581 2440 2440 2451 2451 2040 2040 2453 2453 2451 2451 2440 2440 2438 2438 2451 2451 2453 2453 2438 2438 2449 2449 2451 2451 2438 2438 2447 2447 2449 2449 2454 2454 2447 2447 2438 2438 2436 2436 2447 2447 2454 2454 2455 2455 2447 2447 2436 2436 2455 2455 3108 3108 2447 2447 2434 2434 3108 3108 2455 2455 2434 2434 2032 2032 3108 3108 2456 2456 2032 2032 2434 2434 2432 2432 2032 2032 2456 2456 2432 2432 2956 2956 2032 2032 2457 2457 2956 2956 2432 2432 2458 2458 2956 2956 2457 2457 2459 2459 2956 2956 2458 2458 2428 2428 2956 2956 2459 2459 2428 2428 2445 2445 2956 2956 2460 2460 2445 2445 2428 2428 184 184 2460 2460 2461 2461 184 184 2445 2445 2460 2460 2421 2421 184 184 2461 2461 2421 2421 2443 2443 184 184 2421 2421 3405 3405 2443 2443 2421 2421 2441 2441 3405 3405 2515 2515 2441 2441 2421 2421 1677 1677 2441 2441 2515 2515 862 862 131 131 169 169 2464 2464 3522 3522 2463 2463 2462 2462 3522 3522 2464 2464 1200 1200 3522 3522 2462 2462 2467 2467 3522 3522 1200 1200 1304 1304 164 164 1301 1301 2465 2465 1200 1200 2462 2462 2038 2038 1200 1200 2465 2465 2471 2471 1869 1869 789 789 1870 1870 1869 1869 2471 2471 2469 2469 1870 1870 2471 2471 2469 2469 1877 1877 1870 1870 2471 2471 2470 2470 2469 2469 1901 1901 1877 1877 2469 2469 1301 1301 164 164 1299 1299 2478 2478 1771 1771 1045 1045 2478 2478 1745 1745 1771 1771 2478 2478 2501 2501 1745 1745 2501 2501 2478 2478 2479 2479 2501 2501 2479 2479 995 995 2480 2480 995 995 2479 2479 2481 2481 995 995 2480 2480 995 995 2481 2481 2706 2706 2481 2481 2499 2499 2706 2706 2482 2482 2499 2499 2481 2481 2483 2483 2499 2499 2482 2482 2499 2499 2483 2483 2497 2497 2483 2483 2495 2495 2497 2497 2484 2484 2495 2495 2483 2483 822 822 2495 2495 2484 2484 2495 2495 822 822 624 624 821 821 624 624 822 822 624 624 821 821 1631 1631 820 820 1631 1631 821 821 1631 1631 820 820 2493 2493 2485 2485 2493 2493 820 820 2486 2486 2493 2493 2485 2485 2486 2486 2491 2491 2493 2493 2491 2491 2486 2486 1633 1633 817 817 1633 1633 2486 2486 1633 1633 817 817 1214 1214 2487 2487 1214 1214 817 817 1214 1214 2487 2487 2489 2489 2487 2487 1103 1103 2489 2489 814 814 1103 1103 2487 2487 798 798 1103 1103 814 814 1813 1813 1103 1103 798 798 1299 1299 164 164 159 159 164 164 166 166 159 159 166 166 161 161 159 159 1315 1315 1316 1316 114 114 114 114 1316 1316 1317 1317 170 170 114 114 1317 1317 114 114 170 170 132 132 169 169 133 133 171 171 177 177 1306 1306 1328 1328 177 177 1303 1303 1306 1306 1304 1304 176 176 164 164 1361 1361 190 190 322 322 321 321 206 206 208 208 321 321 208 208 1362 1362 1362 1362 208 208 1361 1361 1361 1361 208 208 190 190 322 322 190 190 323 323 208 208 209 209 190 190 323 323 190 190 191 191 323 323 191 191 324 324 324 324 191 191 325 325 190 190 209 209 191 191 209 209 326 326 191 191 2637 2637 2628 2628 404 404 2638 2638 2628 2628 2637 2637 2628 2628 2638 2638 1273 1273 2638 2638 2639 2639 1273 1273 1273 1273 2639 2639 597 597 2639 2639 2640 2640 597 597 597 597 2640 2640 645 645 2640 2640 2641 2641 645 645 645 645 2641 2641 1409 1409 645 645 1409 1409 2632 2632 1409 1409 2630 2630 2632 2632 2643 2643 2630 2630 1409 1409 2644 2644 2630 2630 2643 2643 2630 2630 2644 2644 2963 2963 2963 2963 2644 2644 2626 2626 2644 2644 2645 2645 2626 2626 2626 2626 2645 2645 1408 1408 2626 2626 1408 1408 2624 2624 2646 2646 2624 2624 1408 1408 2646 2646 2622 2622 2624 2624 2622 2622 2646 2646 2384 2384 2646 2646 2647 2647 2384 2384 2384 2384 2647 2647 1407 1407 2384 2384 1407 1407 2617 2617 2617 2617 1407 1407 2648 2648 2617 2617 2648 2648 1548 1548 1406 1406 1548 1548 2648 2648 1406 1406 588 588 1548 1548 588 588 1406 1406 1722 1722 1406 1406 2649 2649 1722 1722 1722 1722 2649 2649 2650 2650 1722 1722 2650 2650 2614 2614 2614 2614 2650 2650 1405 1405 2614 2614 1405 1405 95 95 95 95 1405 1405 2652 2652 95 95 2652 2652 359 359 359 359 2652 2652 1404 1404 359 359 1404 1404 1701 1701 1701 1701 1404 1404 2609 2609 2654 2654 2609 2609 1404 1404 2653 2653 1108 1108 2608 2608 1053 1053 1108 1108 2653 2653 1108 1108 1053 1053 2604 2604 1053 1053 1052 1052 2604 2604 2604 2604 1052 1052 2602 2602 1052 1052 1051 1051 2602 2602 2602 2602 1051 1051 3133 3133 1051 1051 1050 1050 3133 3133 3133 3133 1050 1050 610 610 1050 1050 2657 2657 610 610 610 610 2657 2657 2658 2658 610 610 2658 2658 1690 1690 2658 2658 522 522 1690 1690 2659 2659 522 522 2658 2658 522 522 2659 2659 1564 1564 2659 2659 2660 2660 1564 1564 1564 1564 2660 2660 2031 2031 2660 2660 2661 2661 2031 2031 2031 2031 2661 2661 2662 2662 2031 2031 2662 2662 2593 2593 2662 2662 2591 2591 2593 2593 1049 1049 2591 2591 2662 2662 2591 2591 1049 1049 2511 2511 1049 1049 1048 1048 2511 2511 2511 2511 1048 1048 2665 2665 2511 2511 2665 2665 2588 2588 2588 2588 2665 2665 2666 2666 2588 2588 2666 2666 2586 2586 2667 2667 2586 2586 2666 2666 2667 2667 2584 2584 2586 2586 2584 2584 2667 2667 2582 2582 2667 2667 1047 1047 2582 2582 2582 2582 1047 1047 2668 2668 2582 2582 2668 2668 2580 2580 2580 2580 2668 2668 2669 2669 2580 2580 2669 2669 2578 2578 2578 2578 2669 2669 1046 1046 2578 2578 1046 1046 1110 1110 1046 1046 1771 1771 1110 1110 1046 1046 1045 1045 1771 1771 205 205 193 193 206 206 193 193 194 194 206 206 213 213 214 214 193 193 193 193 214 214 194 194 206 206 194 194 208 208 194 194 197 197 208 208 208 208 197 197 209 209 214 214 215 215 194 194 194 194 215 215 197 197 1713 1713 2123 2123 1712 1712 2052 2052 2053 2053 2110 2110 2109 2109 2052 2052 2110 2110 2949 2949 2945 2945 2950 2950 2877 2877 2880 2880 2887 2887 215 215 216 216 197 197 197 197 216 216 196 196 196 196 216 216 327 327 197 197 196 196 209 209 209 209 196 196 326 326 196 196 327 327 326 326 854 854 327 327 216 216 219 219 198 198 213 213 219 219 220 220 198 198 213 213 198 198 214 214 198 198 199 199 214 214 198 198 220 220 199 199 214 214 199 199 215 215 199 199 203 203 215 215 220 220 201 201 199 199 199 199 201 201 203 203 201 201 222 222 203 203 203 203 222 222 204 204 215 215 203 203 216 216 203 203 204 204 216 216 204 204 329 329 216 216 854 854 216 216 853 853 222 222 223 223 204 204 204 204 223 223 329 329 216 216 329 329 853 853 223 223 224 224 329 329 320 320 205 205 1363 1363 205 205 206 206 1363 1363 1363 1363 206 206 321 321 352 352 210 210 211 211 352 352 211 211 319 319 319 319 211 211 212 212 319 319 212 212 1364 1364 1364 1364 212 212 213 213 193 193 320 320 1364 1364 320 320 193 193 205 205 1364 1364 213 213 193 193 210 210 217 217 211 211 211 211 217 217 212 212 217 217 219 219 212 212 219 219 213 213 212 212 224 224 333 333 330 330 329 329 224 224 330 330 318 318 225 225 210 210 210 210 225 225 217 217 2804 2804 2806 2806 2829 2829 225 225 226 226 217 217 217 217 226 226 219 219 219 219 226 226 220 220 226 226 228 228 220 220 228 228 229 229 220 220 220 220 229 229 201 201 229 229 230 230 201 201 1658 1658 2982 2982 1656 1656 201 201 230 230 222 222 230 230 231 231 222 222 222 222 231 231 223 223 231 231 232 232 223 223 223 223 232 232 224 224 232 232 234 234 224 224 224 224 234 234 333 333 333 333 234 234 852 852 234 234 235 235 852 852 852 852 235 235 837 837 1349 1349 2947 2947 3040 3040 236 236 237 237 318 318 318 318 237 237 225 225 237 237 238 238 225 225 225 225 238 238 226 226 238 238 240 240 226 226 226 226 240 240 228 228 240 240 241 241 228 228 228 228 241 241 229 229 229 229 241 241 230 230 241 241 242 242 230 230 230 230 242 242 231 231 231 231 242 242 232 232 242 242 243 243 232 232 232 232 243 243 234 234 243 243 245 245 234 234 234 234 245 245 235 235 235 235 245 245 837 837 187 187 837 837 245 245 236 236 246 246 237 237 246 246 247 247 237 237 237 237 247 247 238 238 247 247 248 248 238 238 238 238 248 248 240 240 248 248 250 250 240 240 2996 2996 2997 2997 3009 3009 240 240 250 250 241 241 250 250 251 251 241 241 241 241 251 251 242 242 251 251 252 252 242 242 242 242 252 252 243 243 252 252 245 245 243 243 2174 2174 2175 2175 2164 2164 2164 2164 2175 2175 2165 2165 254 254 255 255 246 246 246 246 255 255 247 247 247 247 255 255 248 248 255 255 256 256 248 248 256 256 257 257 248 248 248 248 257 257 250 250 257 257 258 258 250 250 250 250 258 258 251 251 258 258 252 252 251 251 3106 3106 3107 3107 3119 3119 2982 2982 2996 2996 3006 3006 187 187 245 245 260 260 317 317 262 262 254 254 254 254 262 262 255 255 262 262 256 256 255 255 256 256 263 263 257 257 257 257 265 265 258 258 258 258 265 265 252 252 2772 2772 2766 2766 1584 1584 252 252 265 265 245 245 2272 2272 2252 2252 2273 2273 260 260 245 245 265 265 3055 3055 3051 3051 3057 3057 317 317 266 266 262 262 266 266 267 267 262 262 1717 1717 2273 2273 1716 1716 267 267 269 269 262 262 262 262 269 269 256 256 256 256 269 269 263 263 269 269 270 270 263 263 263 263 270 270 257 257 270 270 271 271 257 257 257 257 271 271 265 265 2063 2063 2064 2064 2051 2051 2252 2252 2253 2253 2273 2273 260 260 265 265 188 188 3110 3110 3099 3099 3113 3113 2048 2048 2049 2049 2107 2107 314 314 267 267 266 266 2534 2534 2539 2539 2542 2542 2883 2883 2876 2876 2886 2886 2051 2051 2064 2064 2052 2052 3083 3083 3179 3179 3141 3141 3123 3123 3120 3120 3124 3124 2852 2852 2855 2855 2860 2860 2155 2155 2144 2144 2133 2133 276 276 279 279 314 314 314 314 279 279 267 267 1252 1252 2542 2542 2539 2539 279 279 280 280 267 267 267 267 280 280 269 269 2703 2703 2709 2709 2718 2718 2766 2766 2772 2772 1570 1570 3057 3057 3052 3052 3058 3058 3179 3179 3180 3180 3141 3141 280 280 282 282 269 269 269 269 282 282 270 270 282 282 285 285 270 270 285 285 287 287 270 270 270 270 287 287 271 271 2974 2974 2975 2975 2987 2987 2219 2219 2213 2213 2240 2240 2860 2860 2855 2855 2863 2863 188 188 265 265 296 296 276 276 291 291 279 279 2718 2718 2709 2709 2720 2720 2699 2699 2704 2704 2714 2714 3059 3059 3058 3058 1365 1365 3003 3003 3000 3000 3004 3004 2684 2684 2710 2710 2681 2681 2732 2732 2710 2710 2733 2733 287 287 296 296 271 271 271 271 296 296 265 265 3077 3077 3079 3079 3095 3095 2129 2129 2130 2130 1705 1705 1705 1705 2130 2130 1704 1704 2426 2426 2427 2427 1462 1462 2507 2507 2533 2533 2544 2544 291 291 302 302 279 279 2589 2589 2574 2574 2594 2594 2289 2289 2277 2277 2193 2193 279 279 303 303 280 280 59 59 280 280 303 303 2714 2714 2704 2704 2716 2716 282 282 280 280 59 59 1815 1815 869 869 871 871 2268 2268 2251 2251 2272 2272 311 311 301 301 292 292 2747 2747 2730 2730 2742 2742 2545 2545 2507 2507 2544 2544 2344 2344 2347 2347 2388 2388 872 872 2257 2257 2303 2303 1569 1569 2770 2770 2769 2769 300 300 311 311 340 340 2519 2519 2512 2512 3167 3167 2175 2175 2176 2176 2165 2165 2165 2165 2176 2176 2166 2166 2253 2253 2244 2244 2254 2254 2244 2244 2224 2224 2254 2254 314 314 334 334 276 276 376 376 334 334 448 448 266 266 334 334 314 314 448 448 334 334 347 347 334 334 266 266 337 337 316 316 337 337 266 266 347 347 334 334 348 348 334 334 337 337 348 348 317 317 337 337 316 316 348 348 337 337 377 377 337 337 317 317 339 339 339 339 317 317 254 254 246 246 339 339 254 254 377 377 337 337 349 349 337 337 339 339 349 349 349 349 339 339 350 350 236 236 339 339 246 246 350 350 339 339 380 380 380 380 339 339 381 381 345 345 343 343 340 340 311 311 345 345 340 340 375 375 345 345 311 311 292 292 375 375 311 311 375 375 292 292 376 376 3204 3204 3189 3189 3254 3254 312 312 376 376 292 292 3255 3255 3290 3290 3203 3203 3290 3290 3255 3255 3253 3253 376 376 312 312 334 334 3289 3289 3253 3253 3252 3252 3289 3289 3252 3252 3318 3318 3252 3252 3202 3202 3318 3318 3191 3191 3202 3202 3252 3252 3202 3202 3191 3191 3201 3201 3251 3251 3201 3201 3191 3191 3201 3201 3251 3251 3291 3291 3192 3192 3291 3291 3251 3251 3291 3291 3192 3192 3200 3200 3192 3192 3193 3193 3200 3200 3200 3200 3193 3193 3199 3199 3193 3193 3195 3195 3199 3199 276 276 334 334 312 312 3198 3198 3194 3194 3197 3197 3194 3194 1697 1697 3197 3197 381 381 339 339 382 382 339 339 236 236 382 382 318 318 382 382 236 236 1542 1542 1580 1580 2765 2765 1543 1543 1580 1580 1542 1542 1580 1580 1543 1543 3224 3224 1544 1544 3224 3224 1543 1543 3224 3224 1544 1544 3225 3225 1544 1544 3226 3226 3225 3225 3237 3237 3226 3226 1544 1544 3226 3226 3237 3237 3227 3227 1546 1546 3227 3227 3237 3237 3227 3227 1546 1546 3236 3236 1547 1547 3236 3236 1546 1546 3236 3236 1547 1547 3235 3235 1550 1550 3235 3235 1547 1547 3235 3235 1550 1550 3234 3234 3239 3239 3234 3234 1550 1550 3234 3234 3239 3239 1821 1821 318 318 351 351 382 382 1822 1822 3238 3238 3258 3258 1552 1552 3258 3258 3238 3238 210 210 351 351 318 318 210 210 384 384 351 351 3261 3261 3257 3257 1551 1551 1553 1553 3261 3261 1551 1551 384 384 210 210 352 352 1555 1555 3259 3259 1553 1553 384 384 352 352 385 385 3264 3264 3260 3260 1554 1554 1557 1557 3264 3264 1554 1554 385 385 352 352 447 447 3244 3244 3263 3263 1556 1556 102 102 353 353 357 357 3266 3266 3262 3262 3243 3243 353 353 355 355 357 357 1558 1558 3267 3267 3241 3241 3247 3247 3265 3265 1558 1558 3270 3270 3265 3265 3247 3247 355 355 413 413 357 357 3250 3250 3269 3269 3245 3245 1449 1449 3269 3269 3250 3250 1450 1450 3269 3269 1449 1449 357 357 413 413 422 422 1822 1822 3258 3258 1823 1823 1823 1823 3258 3258 3273 3273 3261 3261 3272 3272 3257 3257 454 454 356 356 428 428 3276 3276 3271 3271 3260 3260 3264 3264 3276 3276 3260 3260 102 102 357 357 100 100 356 356 454 454 100 100 100 100 357 357 356 356 357 357 422 422 356 356 3282 3282 3274 3274 3262 3262 3266 3266 3282 3282 3262 3262 356 356 422 422 361 361 3287 3287 3281 3281 3268 3268 356 356 361 361 428 428 3270 3270 3285 3285 3265 3265 3136 3136 3135 3135 3128 3128 3288 3288 3283 3283 3269 3269 3269 3269 1450 1450 3288 3288 3164 3164 3135 3135 3136 3136 3273 3273 3189 3189 1824 1824 1823 1823 3273 3273 1824 1824 3189 3189 3273 3273 3254 3254 3255 3255 3271 3271 3253 3253 3276 3276 3253 3253 3271 3271 3253 3253 3276 3276 3252 3252 3252 3252 3275 3275 3191 3191 3191 3191 3274 3274 3251 3251 3282 3282 3251 3251 3274 3274 3251 3251 3281 3281 3192 3192 3287 3287 3192 3192 3281 3281 3192 3192 3286 3286 3193 3193 3193 3193 3284 3284 3195 3195 361 361 363 363 428 428 3288 3288 3194 3194 3283 3283 3194 3194 3288 3288 1697 1697 428 428 363 363 368 368 1671 1671 3105 3105 3150 3150 3316 3316 3313 3313 3203 3203 3290 3290 3316 3316 3203 3203 3318 3318 3315 3315 3289 3289 2050 2050 2063 2063 2051 2051 2771 2771 2781 2781 2770 2770 3122 3122 3123 3123 3131 3131 3320 3320 3318 3318 3202 3202 3201 3201 3319 3319 3202 3202 3322 3322 3319 3319 3201 3201 3291 3291 3322 3322 3201 3201 363 363 365 365 368 368 3200 3200 3321 3321 3291 3291 3324 3324 3321 3321 3200 3200 3199 3199 3324 3324 3200 3200 368 368 365 365 370 370 3197 3197 3323 3323 3198 3198 3326 3326 3323 3323 3197 3197 2051 2051 2052 2052 2109 2109 1602 1602 3325 3325 3196 3196 3316 3316 3311 3311 3313 3313 3329 3329 3311 3311 3316 3316 3318 3318 3328 3328 3315 3315 98 98 454 454 367 367 3332 3332 3327 3327 3318 3318 3320 3320 3332 3332 3318 3318 454 454 428 428 367 367 3012 3012 3004 3004 3013 3013 3322 3322 3330 3330 3319 3319 3334 3334 3330 3330 3322 3322 98 98 367 367 495 495 3324 3324 3333 3333 3321 3321 3343 3343 3333 3333 3324 3324 3326 3326 3342 3342 3323 3323 3336 3336 3342 3342 3326 3326 367 367 428 428 368 368 495 495 367 367 494 494 1602 1602 3335 3335 3325 3325 1604 1604 3335 3335 1602 1602 367 367 368 368 494 494 3329 3329 3310 3310 3311 3311 3351 3351 3310 3310 3329 3329 494 494 368 368 433 433 3338 3338 3349 3349 3327 3327 3332 3332 3338 3338 3327 3327 2064 2064 2083 2083 2065 2065 3340 3340 3337 3337 3331 3331 433 433 368 368 493 493 3334 3334 3339 3339 3330 3330 3358 3358 3339 3339 3334 3334 3360 3360 3357 3357 3333 3333 3343 3343 3360 3360 3333 3333 368 368 370 370 493 493 2423 2423 2433 2433 2424 2424 2425 2425 2424 2424 2433 2433 3345 3345 3342 3342 3336 3336 493 493 370 370 434 434 1604 1604 3344 3344 3335 3335 3362 3362 3344 3344 1604 1604 3351 3351 3348 3348 3310 3310 434 434 370 370 435 435 370 370 371 371 435 435 3354 3354 3349 3349 3338 3338 3340 3340 3353 3353 3337 3337 435 435 371 371 492 492 3358 3358 3352 3352 3339 3339 371 371 372 372 492 492 3364 3364 3359 3359 3342 3342 3345 3345 3364 3364 3342 3342 492 492 372 372 491 491 3292 3292 3362 3362 1604 1604 491 491 372 372 436 436 372 372 374 374 436 436 436 436 374 374 437 437 437 437 374 374 438 438 3350 3350 3367 3367 3347 3347 374 374 373 373 438 438 3354 3354 3365 3365 3349 3349 3381 3381 3365 3365 3354 3354 3358 3358 3379 3379 3352 3352 3385 3385 3379 3379 3358 3358 3369 3369 3386 3386 3356 3356 376 376 448 448 387 387 3359 3359 3368 3368 3355 3355 3371 3371 3368 3368 3359 3359 3364 3364 3371 3371 3359 3359 387 387 448 448 347 347 348 348 387 387 347 347 3375 3375 3370 3370 3363 3363 387 387 348 348 377 377 1457 1457 2556 2556 2557 2557 3294 3294 3374 3374 3361 3361 2573 2573 2556 2556 1457 1457 3295 3295 3372 3372 3293 3293 3296 3296 3372 3372 3295 3295 3308 3308 3366 3366 3377 3377 3346 3346 3366 3366 3308 3308 377 377 349 349 388 388 350 350 388 388 349 349 388 388 350 350 380 380 3381 3381 3376 3376 3365 3365 2676 2676 2824 2824 2825 2825 3039 3039 2971 2971 2982 2982 3385 3385 3382 3382 3379 3379 3388 3388 3384 3384 3368 3368 3371 3371 3388 3388 3368 3368 3390 3390 3387 3387 3370 3370 3375 3375 3390 3390 3370 3370 3394 3394 3389 3389 3373 3373 3296 3296 3393 3393 3372 3372 3075 3075 2958 2958 3028 3028 3308 3308 3377 3377 1835 1835 446 446 385 385 447 447 3398 3398 1834 1834 3378 3378 342 342 375 375 450 450 450 450 375 375 386 386 3381 3381 3396 3396 3376 3376 375 375 376 376 386 386 3383 3383 3395 3395 3380 3380 3402 3402 3395 3395 3383 3383 376 376 387 387 386 386 3385 3385 3401 3401 3382 3382 3419 3419 3400 3400 3384 3384 3388 3388 3419 3419 3384 3384 3404 3404 3419 3419 3388 3388 377 377 388 388 387 387 3390 3390 3403 3403 3387 3387 3421 3421 3403 3403 3390 3390 3408 3408 3422 3422 3389 3389 3394 3394 3408 3408 3389 3389 3410 3410 3407 3407 3392 3392 380 380 381 381 388 388 388 388 381 381 394 394 381 381 382 382 394 394 394 394 382 382 395 395 3398 3398 3412 3412 1834 1834 382 382 384 384 395 395 395 395 384 384 396 396 3415 3415 3413 3413 3397 3397 384 384 385 385 396 396 3402 3402 3414 3414 3395 3395 3417 3417 3414 3414 3402 3402 2206 2206 2184 2184 2208 2208 2903 2903 2894 2894 2908 2908 446 446 396 396 385 385 3419 3419 3416 3416 3400 3400 2942 2942 3020 3020 2941 2941 1366 1366 396 396 446 446 450 450 386 386 106 106 3421 3421 3418 3418 3403 3403 106 106 386 386 392 392 3447 3447 3420 3420 3407 3407 3410 3410 3447 3447 3407 3407 386 386 387 387 392 392 392 392 387 387 399 399 3424 3424 3446 3446 3409 3409 3297 3297 3424 3424 3409 3409 387 387 388 388 399 399 3425 3425 1837 1837 3413 3413 3415 3415 3425 3425 3413 3413 399 399 388 388 401 401 3429 3429 3426 3426 3414 3414 3417 3417 3429 3429 3414 3414 388 388 394 394 401 401 3419 3419 3427 3427 3416 3416 3431 3431 3427 3427 3419 3419 3433 3433 3430 3430 3418 3418 3421 3421 3433 3433 3418 3418 3447 3447 3432 3432 3420 3420 3424 3424 3434 3434 3446 3446 1607 1607 3434 3434 3424 3424 445 445 396 396 1366 1366 106 106 392 392 104 104 3425 3425 3436 3436 1837 1837 104 104 392 392 397 397 3440 3440 3438 3438 3426 3426 3429 3429 3440 3440 3426 3426 392 392 399 399 397 397 3442 3442 3439 3439 3428 3428 3431 3431 3441 3441 3427 3427 3457 3457 3441 3441 3431 3431 3444 3444 3458 3458 3430 3430 3433 3433 3444 3444 3430 3430 3447 3447 3443 3443 3432 3432 3144 3144 3076 3076 3174 3174 3076 3076 3144 3144 3077 3077 3435 3435 3451 3451 3448 3448 401 401 394 394 410 410 1607 1607 3449 3449 3434 3434 1609 1609 3449 3449 1607 1607 394 394 395 395 410 410 410 410 395 395 411 411 395 395 396 396 411 411 3452 3452 1839 1839 3438 3438 3440 3440 3452 3452 3438 3438 411 411 396 396 412 412 3095 3095 3079 3079 3097 3097 3455 3455 3453 3453 3439 3439 3442 3442 3455 3455 3439 3439 3176 3176 2525 2525 3143 3143 445 445 412 412 396 396 3457 3457 3454 3454 3441 3441 444 444 412 412 445 445 3460 3460 3456 3456 3445 3445 104 104 397 397 452 452 452 452 397 397 406 406 3462 3462 3459 3459 3443 3443 3447 3447 3462 3462 3443 3443 3451 3451 3461 3461 3448 3448 3300 3300 3461 3461 3451 3451 397 397 399 399 406 406 3464 3464 3299 3299 3450 3450 406 406 399 399 407 407 1609 1609 3463 3463 3449 3449 3466 3466 3463 3463 1609 1609 1611 1611 3466 3466 1609 1609 399 399 401 401 407 407 3307 3307 1838 1838 3306 3306 3452 3452 3306 3306 1839 1839 3306 3306 3452 3452 3305 3305 407 407 401 401 409 409 3455 3455 3304 3304 3453 3453 401 401 410 410 409 409 3303 3303 3454 3454 3301 3301 3457 3457 3301 3301 3454 3454 3301 3301 3457 3457 3468 3468 3467 3467 3456 3456 3471 3471 3460 3460 3471 3471 3456 3456 3470 3470 3459 3459 3472 3472 3462 3462 3472 3472 3459 3459 3472 3472 3462 3462 3474 3474 3300 3300 3473 3473 3461 3461 985 985 1021 1021 2392 2392 2393 2393 985 985 2392 2392 3299 3299 3464 3464 3475 3475 3476 3476 3463 3463 3478 3478 3466 3466 3478 3478 3463 3463 1842 1842 3307 3307 3306 3306 1842 1842 3306 3306 3487 3487 3487 3487 3306 3306 3486 3486 3306 3306 3305 3305 3486 3486 3486 3486 3305 3305 3485 3485 2526 2526 3143 3143 2525 2525 2167 2167 2168 2168 2149 2149 3484 3484 3303 3303 3301 3301 3484 3484 3301 3301 3483 3483 3483 3483 3301 3301 3482 3482 3301 3301 3468 3468 3482 3482 3467 3467 3471 3471 3480 3480 443 443 412 412 444 444 452 452 406 406 353 353 3481 3481 3470 3470 3472 3472 3481 3481 3472 3472 3479 3479 3479 3479 3472 3472 3491 3491 3472 3472 3474 3474 3491 3491 353 353 406 406 355 355 3490 3490 3473 3473 3300 3300 3489 3489 3299 3299 3475 3475 3489 3489 3475 3475 3493 3493 3476 3476 3478 3478 3492 3492 3492 3492 3478 3478 3494 3494 355 355 406 406 413 413 3504 3504 3488 3488 1858 1858 3504 3504 1412 1412 3488 3488 3504 3504 1842 1842 3487 3487 3504 3504 3487 3487 3503 3503 3503 3503 3487 3487 3501 3501 3487 3487 3486 3486 3501 3501 406 406 407 407 413 413 3486 3486 3485 3485 3500 3500 3502 3502 3484 3484 3483 3483 3502 3502 3483 3483 3499 3499 3499 3499 3483 3483 1431 1431 3483 3483 3482 3482 1431 1431 413 413 407 407 414 414 407 407 409 409 414 414 1432 1432 3481 3481 1430 1430 1430 1430 3481 3481 3479 3479 1430 1430 3479 3479 1429 1429 1429 1429 3479 3479 3497 3497 3479 3479 3491 3491 3497 3497 414 414 409 409 416 416 409 409 410 410 416 416 3498 3498 3489 3489 3493 3493 3498 3498 3493 3493 3495 3495 416 416 410 410 365 365 3496 3496 3492 3492 1612 1612 3492 3492 3494 3494 1612 1612 1865 1865 3515 3515 766 766 1864 1864 3515 3515 1865 1865 3515 3515 1864 1864 1236 1236 1863 1863 1236 1236 1864 1864 1236 1236 1863 1863 1232 1232 3505 3505 1232 1232 1863 1863 3505 3505 1078 1078 1232 1232 1862 1862 1078 1078 3505 3505 1078 1078 1862 1862 3514 3514 1862 1862 1861 1861 3514 3514 3506 3506 3514 3514 1861 1861 3514 3514 3506 3506 3512 3512 1860 1860 3512 3512 3506 3506 3512 3512 1860 1860 1152 1152 1859 1859 1152 1152 1860 1860 1152 1152 1859 1859 3511 3511 3507 3507 3511 3511 1859 1859 3507 3507 1186 1186 3511 3511 3508 3508 1186 1186 3507 3507 3508 3508 1230 1230 1186 1186 1230 1230 3508 3508 1229 1229 3508 3508 3509 3509 1229 1229 3509 3509 1412 1412 1229 1229 3509 3509 3488 3488 1412 1412 3216 3216 855 855 1591 1591 3216 3216 3516 3516 855 855 3216 3216 849 849 3516 3516 3216 3216 997 997 849 849 3216 3216 766 766 997 997 3215 3215 766 766 3216 3216 3517 3517 766 766 3215 3215 1865 1865 766 766 3517 3517 3518 3518 3517 3517 3215 3215 3518 3518 1866 1866 3517 3517 1866 1866 3518 3518 3528 3528 3518 3518 3214 3214 3528 3528 3528 3528 3214 3214 3213 3213 3528 3528 3213 3213 3527 3527 3212 3212 3527 3527 3213 3213 3527 3527 3212 3212 2473 2473 3211 3211 2473 2473 3212 3212 3211 3211 3526 3526 2473 2473 3526 3526 3211 3211 3210 3210 3526 3526 3210 3210 2474 2474 2474 2474 3210 3210 3209 3209 2474 2474 3209 3209 3525 3525 3208 3208 3525 3525 3209 3209 3525 3525 3208 3208 2475 2475 3519 3519 2475 2475 3208 3208 3519 3519 3524 3524 2475 2475 3207 3207 3524 3524 3519 3519 3524 3524 3207 3207 2476 2476 3206 3206 2476 2476 3207 3207 3206 3206 3523 3523 2476 2476 3523 3523 3206 3206 2477 2477 3206 3206 3520 3520 2477 2477 3521 3521 2477 2477 3520 3520 2466 2466 2477 2477 3521 3521 1871 1871 3529 3529 3530 3530 3533 3533 3529 3529 1871 1871 1901 1901 1878 1878 1877 1877 1918 1918 1878 1878 1901 1901 1878 1878 1918 1918 1879 1879 1917 1917 1879 1879 1918 1918 1879 1879 1917 1917 1880 1880 1916 1916 1880 1880 1917 1917 1880 1880 1916 1916 1881 1881 1915 1915 1881 1881 1916 1916 1915 1915 3535 3535 1881 1881 1914 1914 3535 3535 1915 1915 3535 3535 1914 1914 3534 3534 3534 3534 1914 1914 1913 1913 3534 3534 1913 1913 1882 1882 1882 1882 1913 1913 1912 1912 1882 1882 1912 1912 1883 1883 1911 1911 1883 1883 1912 1912 1883 1883 1911 1911 1884 1884 1910 1910 1884 1884 1911 1911 1884 1884 1910 1910 1885 1885 1910 1910 3532 3532 1885 1885 3533 3533 1885 1885 3532 3532 1871 1871 1885 1885 3533 3533 1208 1208 338 338 2285 2285 1208 1208 1730 1730 338 338 1208 1208 747 747 1730 1730 2278 2278 747 747 1208 1208 2278 2278 746 746 747 747 2226 2226 746 746 2278 2278 2226 2226 745 745 746 746 1334 1334 745 745 2226 2226 1334 1334 268 268 745 745 195 195 268 268 1334 1334 195 195 1216 1216 268 268 195 195 673 673 1216 1216 195 195 2670 2670 673 673 195 195 402 402 2670 2670 195 195 672 672 402 402 195 195 671 671 672 672 2274 2274 671 671 195 195 2274 2274 398 398 671 671 2274 2274 264 264 398 398 2274 2274 259 259 264 264 2409 2409 259 259 2274 2274 2409 2409 984 984 259 259 2973 2973 984 984 2409 2409 2973 2973 2269 2269 984 984 2973 2973 1743 1743 2269 2269 2973 2973 670 670 1743 1743 2271 2271 670 670 2973 2973 2271 2271 1209 1209 670 670 2271 2271 2376 2376 1209 1209 2270 2270 2376 2376 2271 2271 2270 2270 1757 1757 2376 2376 2270 2270 641 641 1757 1757 393 393 641 641 2270 2270 393 393 604 604 641 641 393 393 758 758 604 604 393 393 595 595 758 758 477 477 595 595 393 393 477 477 1545 1545 595 595 477 477 594 594 1545 1545 2210 2210 594 594 477 477 2210 2210 1729 1729 594 594 2210 2210 1756 1756 1729 1729 2210 2210 1097 1097 1756 1756 1097 1097 162 162 1207 1207 2210 2210 162 162 1097 1097 2611 2611 1161 1161 3008 3008 549 549 1161 1161 2611 2611 427 427 1919 1919 417 417 427 427 3103 3103 1919 1919 427 427 1572 1572 3103 3103 391 391 1572 1572 427 427 391 391 3018 3018 1572 1572 736 736 3018 3018 391 391 636 636 3018 3018 736 736 636 636 1920 1920 3018 3018 288 288 1920 1920 636 636 288 288 1921 1921 1920 1920 288 288 575 575 1921 1921 288 288 574 574 575 575 737 737 574 574 288 288 737 737 525 525 574 574 737 737 2968 2968 525 525 737 737 572 572 2968 2968 565 565 572 572 737 737 565 565 502 502 572 572 565 565 571 571 502 502 3098 3098 571 571 565 565 3098 3098 570 570 571 571 3098 3098 1638 1638 570 570 2334 2334 1638 1638 3098 3098 2334 2334 569 569 1638 1638 676 676 569 569 2334 2334 677 677 569 569 676 676 677 677 568 568 569 569 583 583 568 568 677 677 583 583 567 567 568 568 678 678 567 567 583 583 678 678 1758 1758 567 567 2238 2238 1758 1758 678 678 2238 2238 2089 2089 1758 1758 126 126 2089 2089 2238 2238 126 126 2086 2086 2089 2089 589 589 2086 2086 126 126 589 589 543 543 2086 2086 589 589 726 726 543 543 590 590 726 726 589 589 1098 1098 726 726 590 590 1098 1098 3096 3096 726 726 591 591 3096 3096 1098 1098 3002 3002 3096 3096 591 591 3002 3002 1761 1761 3096 3096 592 592 1761 1761 3002 3002 593 593 1761 1761 592 592 1621 1621 1761 1761 593 593 1621 1621 1733 1733 1761 1761 1683 1683 1733 1733 1621 1621 1207 1207 1733 1733 1683 1683 162 162 1733 1733 1207 1207 162 162 725 725 1733 1733 2265 2265 725 725 162 162 2265 2265 1210 1210 725 725 2265 2265 724 724 1210 1210 2264 2264 724 724 2265 2265 2264 2264 2518 2518 724 724 2263 2263 2518 2518 2264 2264 505 505 2518 2518 2263 2263 505 505 723 723 2518 2518 505 505 1637 1637 723 723 505 505 733 733 1637 1637 505 505 732 732 733 733 505 505 669 669 732 732 505 505 3056 3056 669 669 505 505 731 731 3056 3056 505 505 2990 2990 731 731 505 505 730 730 2990 2990 505 505 520 520 730 730 505 505 728 728 520 520 1731 1731 1216 1216 673 673 2691 2691 1216 1216 1731 1731 2383 2383 1216 1216 2691 2691 189 189 1216 1216 2383 2383 189 189 2404 2404 1216 1216 1622 1622 2404 2404 189 189 674 674 2404 2404 1622 1622 674 674 744 744 2404 2404 675 675 744 744 674 674 563 563 744 744 675 675 563 563 742 742 744 744 676 676 549 549 2611 2611 676 676 2334 2334 549 549 2611 2611 742 742 676 676 563 563 676 676 742 742 576 576 1921 1921 575 575 577 577 1921 1921 576 576 578 578 1921 1921 577 577 578 578 1922 1922 1921 1921 134 134 1922 1922 578 578 366 366 1922 1922 134 134 366 366 1923 1923 1922 1922 579 579 1923 1923 366 366 1766 1766 1923 1923 579 579 1624 1624 1923 1923 1766 1766 1624 1624 519 519 1923 1923 2538 2538 519 519 1624 1624 2538 2538 2090 2090 519 519 1783 1783 2090 2090 2538 2538 580 580 2090 2090 1783 1783 581 581 2090 2090 580 580 537 537 2090 2090 581 581 2521 2521 2090 2090 537 537 538 538 2090 2090 2521 2521 1966 1966 2090 2090 538 538 510 510 2090 2090 1966 1966 186 186 1966 1966 538 538 294 294 1966 1966 186 186 294 294 738 738 1966 1966 221 221 738 738 294 294 539 539 738 738 221 221 539 539 741 741 738 738 3116 3116 741 741 539 539 2156 2156 741 741 3116 3116 503 503 741 741 2156 2156 2225 2225 741 741 503 503 2225 2225 993 993 741 741 3130 3130 993 993 2225 2225 718 718 993 993 3130 3130 202 202 993 993 718 718 202 202 1967 1967 993 993 719 719 1967 1967 202 202 719 719 757 757 1967 1967 720 720 757 757 719 719 720 720 1968 1968 757 757 378 378 1968 1968 720 720 715 715 1968 1968 378 378 715 715 1975 1975 1968 1968 715 715 1001 1001 1975 1975 715 715 708 708 1001 1001 715 715 707 707 708 708 715 715 706 706 707 707 715 715 369 369 706 706 715 715 705 705 369 369 715 715 200 200 705 705 715 715 703 703 200 200 715 715 700 700 703 703 715 715 2504 2504 700 700 722 722 543 543 726 726 722 722 542 542 543 543 722 722 2553 2553 542 542 716 716 2553 2553 722 722 716 716 541 541 2553 2553 716 716 540 540 541 541 717 717 540 540 716 716 717 717 2555 2555 540 540 717 717 1388 1388 2555 2555 717 717 1692 1692 1388 1388 717 717 721 721 1692 1692 721 721 718 718 3130 3130 717 717 718 718 721 721 1759 1759 723 723 1637 1637 3088 3088 723 723 1759 1759 603 603 723 723 3088 3088 734 734 723 723 603 603 1106 1106 723 723 734 734 1639 1639 723 723 1106 1106 1217 1217 723 723 1639 1639 735 735 723 723 1217 1217 389 389 723 723 735 735 249 249 723 723 389 389 410 410 411 411 365 365 244 244 1975 1975 1001 1001 551 551 1975 1975 244 244 709 709 1975 1975 551 551 710 710 1975 1975 709 709 2986 2986 1975 1975 710 710 711 711 1975 1975 2986 2986 714 714 1975 1975 711 711 712 712 1975 1975 714 714 713 713 1975 1975 712 712 1973 1973 1975 1975 713 713 365 365 411 411 424 424 2158 2158 2161 2161 1946 1946 1963 1963 2161 2161 2158 2158 510 510 2247 2247 2090 2090 2159 2159 2247 2247 510 510 2247 2247 2159 2159 2091 2091 2247 2247 2091 2091 1248 1248 2087 2087 1248 1248 2091 2091 1248 1248 2087 2087 642 642 2087 2087 2218 2218 642 642 2218 2218 1933 1933 642 642 2217 2217 1933 1933 2218 2218 1933 1933 2217 2217 1934 1934 1750 1750 1934 1934 2217 2217 1934 1934 1750 1750 544 544 1750 1750 1748 1748 544 544 544 544 1748 1748 2989 2989 544 544 2989 2989 1760 1760 175 175 1760 1760 2989 2989 1760 1760 175 175 207 207 175 175 261 261 207 207 207 207 261 261 1330 1330 207 207 1330 1330 2182 2182 1965 1965 2182 2182 1330 1330 2182 2182 1965 1965 1935 1935 1965 1965 1964 1964 1935 1935 1963 1963 1935 1935 1964 1964 2158 2158 1935 1935 1963 1963 424 424 411 411 425 425 277 277 2255 2255 275 275 278 278 2255 2255 277 277 2070 2070 2255 2255 278 278 306 306 2255 2255 2070 2070 313 313 2255 2255 306 306 3016 3016 2255 2255 313 313 2258 2258 2255 2255 3016 3016 332 332 2255 2255 2258 2258 469 469 2255 2255 332 332 3051 3051 3052 3052 3057 3057 2250 2250 2255 2255 469 469 2255 2255 2135 2135 275 275 2255 2255 2142 2142 2135 2135 2255 2255 2143 2143 2142 2142 2255 2255 2141 2141 2143 2143 2255 2255 2071 2071 2141 2141 2255 2255 2072 2072 2071 2071 2140 2140 2069 2069 2072 2072 2136 2136 2140 2140 272 272 2069 2069 2140 2140 2136 2136 2072 2072 2255 2255 2140 2140 2255 2255 2137 2137 2140 2140 2242 2242 2137 2137 2255 2255 2242 2242 2073 2073 2137 2137 2241 2241 2073 2073 2242 2242 2241 2241 2138 2138 2073 2073 2220 2220 2138 2138 2241 2241 2220 2220 390 390 2138 2138 1278 1278 390 390 2220 2220 1278 1278 379 379 390 390 1278 1278 430 430 379 379 1278 1278 1571 1571 430 430 1278 1278 1587 1587 1571 1571 1278 1278 1600 1600 1587 1587 1278 1278 2037 2037 1600 1600 2239 2239 2037 2037 1278 1278 2239 2239 566 566 2037 2037 2239 2239 1773 1773 566 566 2239 2239 526 526 1773 1773 307 307 526 526 2239 2239 307 307 1780 1780 526 526 2237 2237 1780 1780 307 307 2237 2237 1634 1634 1780 1780 2237 2237 1791 1791 1634 1634 2237 2237 2612 2612 1791 1791 2236 2236 2612 2612 2237 2237 2236 2236 3182 3182 2612 2612 2236 2236 2692 2692 3182 3182 2068 2068 2692 2692 2236 2236 2068 2068 3183 3183 2692 2692 2068 2068 3184 3184 3183 3183 2234 2234 3184 3184 2068 2068 2234 2234 612 612 3184 3184 2234 2234 1668 1668 612 612 2234 2234 3185 3185 1668 1668 2233 2233 3185 3185 2234 2234 2233 2233 400 400 3185 3185 2233 2233 3186 3186 400 400 2232 2232 3186 3186 2233 2233 2232 2232 3187 3187 3186 3186 2232 2232 3188 3188 3187 3187 2232 2232 3240 3240 3188 3188 3240 3240 2231 2231 3248 3248 2232 2232 2231 2231 3240 3240 532 532 456 456 531 531 1755 1755 456 456 532 532 1206 1206 456 456 1755 1755 533 533 456 456 1206 1206 534 534 456 456 533 533 1648 1648 456 456 534 534 991 991 456 456 1648 1648 535 535 456 456 991 991 536 536 456 456 535 535 3256 3256 456 456 536 536 456 456 907 907 531 531 456 456 403 403 907 907 456 456 1767 1767 403 403 456 456 905 905 1767 1767 456 456 315 315 905 905 456 456 529 529 315 315 2245 2245 528 528 529 529 1005 1005 2245 2245 3091 3091 528 528 2245 2245 1005 1005 529 529 456 456 2245 2245 456 456 1982 1982 2245 2245 490 490 1982 1982 456 456 490 490 1983 1983 1982 1982 1215 1215 1983 1983 490 490 501 501 1983 1983 1215 1215 501 501 1984 1984 1983 1983 383 383 1984 1984 501 501 383 383 129 129 1984 1984 383 383 3114 3114 129 129 383 383 2993 2993 3114 3114 582 582 2993 2993 383 383 582 582 2284 2284 2993 2993 582 582 2680 2680 2284 2284 582 582 1383 1383 2680 2680 2221 2221 1383 1383 582 582 2221 2221 3078 3078 1383 1383 2221 2221 657 657 3078 3078 1394 1394 657 657 2221 2221 1394 1394 2616 2616 657 657 1394 1394 3181 3181 2616 2616 488 488 3181 3181 1394 1394 488 488 2029 2029 3181 3181 1513 1513 2029 2029 488 488 2528 2528 2029 2029 1513 1513 2528 2528 3104 3104 2029 2029 293 293 3104 3104 2528 2528 293 293 3102 3102 3104 3104 911 911 3102 3102 293 293 911 911 739 739 3102 3102 887 887 739 739 911 911 887 887 679 679 739 739 1684 1684 679 679 887 887 1684 1684 2039 2039 679 679 1623 1623 2039 2039 1684 1684 1623 1623 1693 1693 2039 2039 1623 1623 119 119 1693 1693 3531 3531 119 119 1623 1623 3469 3469 119 119 3531 3531 3469 3469 117 117 119 119 3399 3399 117 117 3469 3469 1099 1099 117 117 3399 3399 1099 1099 346 346 117 117 527 527 346 346 1099 1099 3317 3317 346 346 527 527 3298 3298 346 346 3317 3317 3298 3298 2134 2134 346 346 3280 3280 2134 2134 3298 3298 3248 3248 2134 2134 3280 3280 2231 2231 2134 2134 3248 3248 2231 2231 47 47 2134 2134 2230 2230 47 47 2231 2231 2230 2230 35 35 47 47 2230 2230 34 34 35 35 2229 2229 34 34 2230 2230 2229 2229 130 130 34 34 2228 2228 130 130 2229 2229 420 420 130 130 2228 2228 420 420 1538 1538 130 130 218 218 1538 1538 420 420 573 573 1538 1538 218 218 1691 1691 379 379 430 430 2279 2279 379 379 1691 1691 1790 1790 379 379 2279 2279 233 233 379 379 1790 1790 233 233 2139 2139 379 379 2260 2260 2139 2139 233 233 408 408 2139 2139 2260 2260 408 408 1772 1772 2139 2139 743 743 1772 1772 408 408 740 740 1772 1772 743 743 740 740 360 360 1772 1772 360 360 1513 1513 488 488 740 740 1513 1513 360 360 2281 2281 129 129 3114 3114 1765 1765 129 129 2281 2281 596 596 129 129 1765 1765 596 596 1985 1985 129 129 449 449 1985 1985 596 596 1643 1643 1985 1985 449 449 1643 1643 478 478 1985 1985 2157 2157 478 478 1643 1643 415 415 478 478 2157 2157 2223 2223 478 478 415 415 2223 2223 530 530 478 478 1635 1635 530 530 2223 2223 1635 1635 418 418 530 530 516 516 418 418 1635 1635 643 643 418 418 516 516 2337 2337 418 418 643 643 1268 1268 418 418 2337 2337 2283 2283 418 418 1268 1268 558 558 418 418 2283 2283 2010 2010 418 418 558 558 545 545 418 418 2010 2010 2979 2979 2010 2010 558 558 364 364 2010 2010 2979 2979 364 364 1642 1642 2010 2010 1769 1769 1642 1642 364 364 239 239 1642 1642 1769 1769 239 239 2034 2034 1642 1642 1218 1218 2034 2034 239 239 3101 3101 2034 2034 1218 1218 2472 2472 2034 2034 3101 3101 227 227 2034 2034 2472 2472 227 227 1220 1220 2034 2034 1742 1742 1220 1220 227 227 24 24 1220 1220 1742 1742 25 25 1220 1220 24 24 25 25 2035 2035 1220 1220 30 30 2035 2035 25 25 30 30 1768 1768 2035 2035 31 31 1768 1768 30 30 31 31 2036 2036 1768 1768 32 32 2036 2036 31 31 1698 1698 2036 2036 32 32 1698 1698 2261 2261 2036 2036 1654 1654 2261 2261 1698 1698 727 727 2261 2261 1654 1654 362 362 1693 1693 119 119 1672 1672 1693 1693 362 362 2267 2267 1693 1693 1672 1672 2267 2267 618 618 1693 1693 2267 2267 2338 2338 618 618 0 0 2338 2338 2267 2267 0 0 599 599 2338 2338 0 0 729 729 599 599 1 1 729 729 0 0 1 1 489 489 729 729 1 1 3089 3089 489 489 1 1 1714 1714 3089 3089 1 1 421 421 1714 1714 421 421 24 24 1742 1742 1 1 24 24 421 421 33 33 1672 1672 362 362 1749 1749 1672 1672 33 33 1986 1986 1649 1649 1987 1987 1762 1762 1649 1649 1986 1986 545 545 1998 1998 418 418 2028 2028 1998 1998 545 545 1998 1998 2028 2028 2027 2027 1998 1998 2027 2027 192 192 2026 2026 192 192 2027 2027 192 192 2026 2026 1129 1129 2026 2026 432 432 1129 1129 432 432 3001 3001 1129 1129 1720 1720 3001 3001 432 432 3001 3001 1720 1720 457 457 559 559 457 457 1720 1720 457 457 559 559 987 987 559 559 602 602 987 987 987 987 602 602 253 253 987 987 253 253 3090 3090 3090 3090 253 253 2025 2025 3090 3090 2025 2025 2946 2946 2024 2024 2946 2946 2025 2025 2024 2024 429 429 2946 2946 429 429 2024 2024 2023 2023 429 429 2023 2023 1625 1625 2022 2022 1625 1625 2023 2023 1625 1625 2022 2022 3341 3341 1625 1625 3341 3341 1999 1999 1762 1762 1999 1999 3341 3341 1986 1986 1999 1999 1762 1762 411 411 412 412 425 425 425 425 412 412 426 426 443 443 426 426 412 412 2516 2516 3085 3085 2970 2970 405 405 3085 3085 2516 2516 2995 2995 1678 1678 3049 3049 1678 1678 2995 2995 2442 2442 310 310 2442 2442 2995 2995 2442 2442 310 310 3406 3406 2816 2816 3406 3406 310 310 3406 3406 2816 2816 2444 2444 2845 2845 2444 2444 2816 2816 2444 2444 2845 2845 185 185 1747 1747 185 185 2845 2845 185 185 1747 1747 299 299 185 185 299 299 2446 2446 3094 3094 2446 2446 299 299 2446 2446 3094 3094 2957 2957 2957 2957 3094 3094 2033 2033 3094 3094 2932 2932 2033 2033 2033 2033 2932 2932 3109 3109 2932 2932 1641 1641 3109 3109 1641 1641 2448 2448 3109 3109 2448 2448 1641 1641 2450 2450 1641 1641 557 557 2450 2450 158 158 2450 2450 557 557 158 158 2452 2452 2450 2450 2452 2452 158 158 2041 2041 158 158 3112 3112 2041 2041 2041 2041 3112 3112 2598 2598 3112 3112 2977 2977 2598 2598 2977 2977 2328 2328 2598 2598 2328 2328 1702 1702 2598 2598 1487 1487 465 465 3117 3117 1487 1487 1775 1775 465 465 1219 1219 1775 1775 1487 1487 1775 1775 1219 1219 3278 3278 1583 1583 3278 3278 1219 1219 2596 2596 3277 3277 1582 1582 2516 2516 3049 3049 1678 1678 2516 2516 2970 2970 3049 3049 442 442 426 426 443 443 1813 1813 2984 2984 1811 1811 1813 1813 1809 1809 2984 2984 1813 1813 515 515 1809 1809 1813 1813 1807 1807 515 515 1813 1813 1805 1805 1807 1807 798 798 1805 1805 1813 1813 2468 2468 1805 1805 798 798 546 546 1805 1805 2468 2468 1111 1111 1805 1805 546 546 2698 2698 1805 1805 1111 1111 2698 2698 1803 1803 1805 1805 3302 3302 1803 1803 2698 2698 560 560 1803 1803 3302 3302 1732 1732 1803 1803 560 560 1732 1732 1801 1801 1803 1803 511 511 1801 1801 1732 1732 470 470 1801 1801 511 511 470 470 1291 1291 1801 1801 1285 1285 1291 1291 470 470 1221 1221 1291 1291 1285 1285 586 586 1291 1291 1221 1221 586 586 1799 1799 1291 1291 2552 2552 1799 1799 586 586 2552 2552 336 336 1799 1799 419 419 336 336 2552 2552 1636 1636 336 336 419 419 1636 1636 2340 2340 336 336 1636 1636 466 466 2340 2340 1636 1636 3118 3118 466 466 1102 1102 1814 1814 1727 1727 1812 1812 1814 1814 1102 1102 1628 1628 1102 1102 1727 1727 1628 1628 2488 2488 1102 1102 2488 2488 1628 1628 1213 1213 1628 1628 1723 1723 1213 1213 1723 1723 1632 1632 1213 1213 1632 1632 1723 1723 2490 2490 1723 1723 1763 1763 2490 2490 1763 1763 2492 2492 2490 2490 1734 1734 2492 2492 1763 1763 2492 2492 1734 1734 1630 1630 1630 1630 1734 1734 1751 1751 1630 1630 1751 1751 623 623 1751 1751 2494 2494 623 623 2042 2042 2494 2494 1751 1751 2494 2494 2042 2042 2496 2496 1222 1222 2496 2496 2042 2042 2496 2496 1222 1222 2498 2498 1753 1753 2498 2498 1222 1222 1753 1753 2705 2705 2498 2498 1776 1776 2705 2705 1753 1753 2705 2705 1776 1776 994 994 1740 1740 994 994 1776 1776 994 994 1740 1740 2500 2500 1740 1740 1778 1778 2500 2500 1781 1781 2500 2500 1778 1778 1744 1744 2500 2500 1781 1781 2502 2502 1744 1744 1781 1781 2502 2502 1770 1770 1744 1744 2502 2502 1109 1109 1770 1770 1104 1104 1109 1109 2502 2502 1109 1109 1104 1104 1410 1410 1109 1109 1410 1410 2577 2577 1410 1410 2579 2579 2577 2577 1416 1416 2579 2579 1410 1410 2579 2579 1416 1416 2581 2581 1416 1416 1418 1418 2581 2581 2581 2581 1418 1418 2842 2842 2581 2581 2842 2842 2583 2583 2842 2842 2585 2585 2583 2583 3086 3086 2585 2585 2842 2842 2585 2585 3086 3086 2587 2587 3086 3086 1420 1420 2587 2587 2587 2587 1420 1420 1738 1738 2587 2587 1738 1738 2510 2510 1422 1422 2510 2510 1738 1738 1422 1422 2590 2590 2510 2510 2590 2590 1422 1422 2592 2592 1422 1422 3081 3081 2592 2592 2592 2592 3081 3081 1736 1736 2592 2592 1736 1736 2030 2030 273 273 2030 2030 1736 1736 273 273 1563 1563 2030 2030 1563 1563 273 273 521 521 273 273 1685 1685 521 521 521 521 1685 1685 2991 2991 521 521 2991 2991 1689 1689 1427 1427 1689 1689 2991 2991 1427 1427 609 609 1689 1689 609 609 1427 1427 3132 3132 1427 1427 1725 1725 3132 3132 3132 3132 1725 1725 1455 1455 3132 3132 1455 1455 2601 2601 124 124 2601 2601 1455 1455 124 124 2603 2603 2601 2601 2603 2603 124 124 1107 1107 124 124 483 483 1107 1107 1644 1644 1107 1107 483 483 2606 2606 1107 1107 1644 1644 413 413 414 414 422 422 422 422 414 414 361 361 361 361 414 414 363 363 414 414 416 416 363 363 363 363 416 416 365 365 365 365 424 424 423 423 1645 1645 1700 1700 2607 2607 2674 2674 1700 1700 1645 1645 1700 1700 2674 2674 523 523 1700 1700 523 523 358 358 523 523 94 94 358 358 1433 1433 94 94 523 523 94 94 1433 1433 2613 2613 1433 1433 1435 1435 2613 2613 2613 2613 1435 1435 1437 1437 2613 2613 1437 1437 1721 1721 1437 1437 587 587 1721 1721 289 289 587 587 1437 1437 587 587 289 289 1549 1549 289 289 1440 1440 1549 1549 1549 1549 1440 1440 1442 1442 1549 1549 1442 1442 2618 2618 1442 1442 2385 2385 2618 2618 1444 1444 2385 2385 1442 1442 2385 2385 1444 1444 2623 2623 1444 1444 585 585 2623 2623 2623 2623 585 585 481 481 2623 2623 481 481 2625 2625 1446 1446 2625 2625 481 481 1446 1446 2627 2627 2625 2625 2627 2627 1446 1446 2964 2964 1446 1446 2336 2336 2964 2964 2964 2964 2336 2336 1452 1452 2964 2964 1452 1452 2631 2631 1454 1454 2631 2631 1452 1452 1454 1454 2633 2633 2631 2631 2633 2633 1454 1454 646 646 1454 1454 1212 1212 646 646 646 646 1212 1212 1101 1101 646 646 1101 1101 598 598 1627 1627 598 598 1101 1101 1627 1627 1274 1274 598 598 1274 1274 1627 1627 2629 2629 1627 1627 1688 1688 2629 2629 3085 3085 2629 2629 1688 1688 405 405 2629 2629 3085 3085 2814 2814 2605 2605 2778 2778 2663 2663 1575 1575 2686 2686 2619 2619 2634 2634 2651 2651 2254 2254 2224 2224 2256 2256 2078 2078 2079 2079 2060 2060 2921 2921 2871 2871 2862 2862 2057 2057 2076 2076 2058 2058 2770 2770 1569 1569 2771 2771 2811 2811 2778 2778 2605 2605 2749 2749 2731 2731 2748 2748 3031 3031 2955 2955 3032 3032 2122 2122 2044 2044 2201 2201 2841 2841 2599 2599 2818 2818 2059 2059 2078 2078 2060 2060 1695 1695 2514 2514 3169 3169 2776 2776 2321 2321 950 950 2110 2110 2053 2053 2111 2111 2112 2112 2055 2055 2067 2067 2719 2719 2707 2707 2722 2722 2795 2795 2818 2818 2599 2599 2762 2762 2741 2741 2746 2746 1484 1484 2055 2055 1483 1483 2941 2941 2953 2953 2942 2942 2941 2941 2954 2954 2953 2953 2792 2792 2793 2793 2806 2806 2721 2721 2711 2711 2724 2724 2737 2737 2701 2701 1282 1282 1282 1282 2701 2701 2715 2715 2077 2077 2078 2078 2059 2059 2697 2697 2736 2736 2734 2734 2088 2088 2079 2079 2078 2078 2077 2077 2088 2088 2078 2078 2965 2965 2955 2955 2966 2966 2635 2635 2671 2671 2832 2832 2575 2575 2576 2576 2600 2600 2569 2569 1275 1275 1267 1267 2569 2569 2574 2574 1275 1275 2693 2693 2664 2664 2690 2690 2181 2181 2186 2186 2185 2185 2425 2425 2067 2067 2085 2085 2651 2651 2635 2635 1573 1573 2642 2642 2651 2651 2656 2656 2688 2688 2663 2663 2687 2687 3115 3115 3138 3138 3121 3121 2066 2066 2085 2085 2067 2067 1380 1380 2520 2520 1379 1379 2550 2550 1256 1256 2551 2551 1259 1259 2551 2551 1256 1256 3158 3158 3127 3127 3129 3129 1238 1238 2546 2546 2532 2532 2687 2687 2663 2663 2686 2686 2972 2972 2962 2962 2974 2974 3099 3099 3092 3092 3100 3100 3080 3080 3083 3083 3092 3092 3044 3044 2950 2950 3043 3043 3044 3044 2951 2951 2950 2950 2813 2813 2573 2573 2605 2605 2257 2257 2235 2235 2248 2248 2045 2045 2058 2058 2046 2046 2804 2804 2792 2792 2806 2806 2547 2547 2546 2546 1238 1238 2341 2341 2360 2360 2342 2342 2375 2375 2343 2343 2346 2346 2431 2431 2425 2425 2433 2433 3179 3179 3083 3083 3178 3178 3140 3140 3083 3083 3141 3141 3073 3073 3053 3053 3034 3034 2998 2998 2388 2388 2347 2347 3053 3053 3055 3055 3034 3034 1360 1360 2941 2941 3020 3020 2276 2276 2256 2256 2277 2277 2360 2360 2359 2359 2342 2342 1360 1360 1329 1329 2941 2941 2911 2911 2900 2900 2914 2914 2282 2282 2268 2268 1718 1718 441 441 426 426 442 442 3162 3162 3135 3135 3163 3163 1718 1718 2272 2272 2286 2286 2112 2112 2425 2425 2431 2431 2266 2266 2249 2249 2259 2259 2176 2176 844 844 2177 2177 2193 2193 2277 2277 2256 2256 2180 2180 2187 2187 2181 2181 2268 2268 2272 2272 1718 1718 2178 2178 2179 2179 2168 2168 365 365 423 423 370 370 2054 2054 2067 2067 2055 2055 2179 2179 2180 2180 2169 2169 2257 2257 2248 2248 2262 2262 845 845 2177 2177 844 844 2186 2186 2181 2181 2187 2187 370 370 423 423 371 371 2936 2936 2859 2859 2874 2874 2168 2168 2179 2179 2169 2169 2756 2756 2752 2752 1281 1281 2169 2169 2180 2180 2170 2170 423 423 424 424 371 371 371 371 424 424 372 372 424 424 425 425 372 372 372 372 425 425 374 374 425 425 426 426 374 374 374 374 426 426 373 373 373 373 426 426 431 431 441 441 431 431 426 426 440 440 431 431 441 441 3051 3051 3061 3061 3161 3161 438 438 373 373 439 439 373 373 431 431 439 439 439 439 431 431 440 440 439 439 458 458 438 438 476 476 458 458 439 439 440 440 476 476 439 439 2779 2779 2812 2812 2780 2780 2732 2732 2723 2723 2710 2710 2057 2057 2058 2058 2045 2045 3127 3127 3122 3122 3129 3129 3129 3129 3122 3122 3131 3131 2848 2848 2936 2936 1325 1325 2874 2874 1325 1325 2936 2936 2770 2770 2780 2780 2812 2812 1282 1282 2715 2715 2717 2717 2839 2839 2589 2589 2599 2599 2045 2045 2046 2046 2105 2105 2065 2065 2066 2066 2053 2053 2053 2053 2054 2054 1566 1566 2173 2173 842 842 2174 2174 2190 2190 2174 2174 842 842 3168 3168 2519 2519 2525 2525 2514 2514 2507 2507 2517 2517 2508 2508 2509 2509 2519 2519 2507 2507 2508 2508 2517 2517 2550 2550 2551 2551 2529 2529 3169 3169 2514 2514 2523 2523 2514 2514 2517 2517 2523 2523 2571 2571 2575 2575 2570 2570 2849 2849 2753 2753 2853 2853 2817 2817 2615 2615 2840 2840 1239 1239 2532 2532 2537 2537 1238 1238 2532 2532 1239 1239 2048 2048 2061 2061 2049 2049 876 876 2914 2914 2928 2928 2952 2952 2943 2943 2953 2953 2145 2145 2123 2123 2289 2289 2892 2892 2905 2905 2923 2923 2060 2060 2061 2061 2048 2048 2599 2599 2594 2594 2795 2795 2681 2681 1576 1576 2684 2684 2953 2953 2943 2943 2942 2942 3139 3139 3092 3092 3140 3140 1323 1323 2923 2923 2934 2934 2525 2525 3176 3176 3168 3168 2095 2095 2088 2088 2077 2077 2097 2097 2098 2098 2080 2080 2081 2081 2099 2099 2082 2082 2098 2098 2099 2099 2081 2081 2554 2554 2561 2561 2556 2556 2559 2559 2556 2556 2561 2561 2215 2215 2224 2224 2244 2244 438 438 459 459 437 437 1323 1323 2934 2934 2924 2924 2913 2913 2917 2917 2927 2927 2533 2533 2507 2507 2543 2543 2199 2199 2133 2133 1699 1699 2193 2193 2145 2145 2289 2289 801 801 2099 2099 797 797 2718 2718 2726 2726 1280 1280 1280 1280 2726 2726 2739 2739 1349 1349 3007 3007 3041 3041 1369 1369 3113 3113 1368 1368 1674 1674 3105 3105 1671 1671 2864 2864 2868 2868 2876 2876 2322 2322 2350 2350 983 983 2391 2391 1021 1021 2390 2390 2173 2173 2163 2163 2291 2291 2950 2950 2945 2945 3043 3043 2224 2224 2291 2291 2191 2191 2882 2882 2894 2894 2891 2891 1483 1483 2055 2055 1462 1462 3033 3033 2955 2955 2962 2962 1021 1021 2391 2391 2392 2392 2152 2152 2153 2153 2130 2130 2875 2875 2878 2878 2885 2885 2885 2885 2878 2878 2888 2888 437 437 459 459 436 436 2292 2292 2173 2173 2291 2291 874 874 2216 2216 873 873 2935 2935 2882 2882 2922 2922 2235 2235 2219 2219 2248 2248 2249 2249 2251 2251 2259 2259 2962 2962 2955 2955 2965 2965 458 458 459 459 438 438 2130 2130 2153 2153 2131 2131 458 458 487 487 459 459 2173 2173 840 840 841 841 1365 1365 3052 3052 3060 3060 1325 1325 2922 2922 2923 2923 459 459 460 460 436 436 436 436 460 460 491 491 459 459 487 487 460 460 2359 2359 2358 2358 2342 2342 491 491 461 461 492 492 460 460 461 461 491 491 460 460 479 479 461 461 487 487 479 479 460 460 492 492 461 461 435 435 2823 2823 2799 2799 2827 2827 3072 3072 3035 3035 1662 1662 2975 2975 2978 2978 2987 2987 2975 2975 2967 2967 2978 2978 2205 2205 2056 2056 2203 2203 1241 1241 2544 2544 2533 2533 2545 2545 2544 2544 1241 1241 3007 3007 1349 1349 3040 3040 2148 2148 2167 2167 2149 2149 2525 2525 2519 2519 2526 2526 2519 2519 2531 2531 2512 2512 1379 1379 2512 2512 2529 2529 2512 2512 2550 2550 2529 2529 2574 2574 2610 2610 2575 2575 2570 2570 2575 2575 2610 2610 2074 2074 2093 2093 2075 2075 2092 2092 2093 2093 2074 2074 2710 2710 2684 2684 2733 2733 2634 2634 2635 2635 2651 2651 2810 2810 2783 2783 1584 1584 2534 2534 2541 2541 2558 2558 2539 2539 2534 2534 2558 2558 1348 1348 2948 2948 3041 3041 3167 3167 2512 2512 2527 2527 2574 2574 2575 2575 2594 2594 2873 2873 2858 2858 2865 2865 2783 2783 2772 2772 1584 1584 3014 3014 1348 1348 3041 3041 2203 2203 2056 2056 2044 2044 2798 2798 2799 2799 2823 2823 2594 2594 2575 2575 2784 2784 2784 2784 2575 2575 2600 2600 2927 2927 2917 2917 2930 2930 2079 2079 2097 2097 2080 2080 2561 2561 2554 2554 1251 1251 2636 2636 2619 2619 2642 2642 2542 2542 2506 2506 2534 2534 2150 2150 2169 2169 2151 2151 2125 2125 2126 2126 1709 1709 2099 2099 801 801 2100 2100 2740 2740 2729 2729 1577 1577 2729 2729 2732 2732 1577 1577 2169 2169 2170 2170 2151 2151 2809 2809 2808 2808 2794 2794 1347 1347 3045 3045 3019 3019 2275 2275 2254 2254 2276 2276 2104 2104 2045 2045 2105 2105 873 873 2216 2216 2246 2246 2881 2881 2884 2884 2893 2893 2397 2397 2345 2345 2387 2387 2173 2173 2292 2292 2293 2293 435 435 461 461 434 434 2254 2254 2256 2256 2276 2276 2216 2216 2227 2227 2246 2246 2893 2893 2884 2884 2896 2896 1652 1652 3005 3005 1650 1650 2173 2173 2293 2293 840 840 434 434 461 461 467 467 434 434 467 467 493 493 461 461 479 479 467 467 493 493 467 467 433 433 479 479 482 482 467 467 433 433 467 467 494 494 485 485 468 468 458 458 468 468 486 486 458 458 458 458 486 486 487 487 487 487 471 471 479 479 3037 3037 2971 2971 1660 1660 2937 2937 2752 2752 1326 1326 2751 2751 2848 2848 1325 1325 3000 3000 3024 3024 3004 3004 2971 2971 2972 2972 2982 2982 1660 1660 2971 2971 3039 3039 1252 1252 2543 2543 2542 2542 1253 1253 2543 2543 1252 1252 2615 2615 2619 2619 2636 2636 2180 2180 2181 2181 2170 2170 2085 2085 2423 2423 2424 2424 2102 2102 2114 2114 2113 2113 2524 2524 2517 2517 3168 3168 2517 2517 2519 2519 3168 3168 2506 2506 2507 2507 2514 2514 2575 2575 2571 2571 2576 2576 2572 2572 2576 2576 2571 2571 2295 2295 2215 2215 2222 2222 2081 2081 2082 2082 2063 2063 2537 2537 2545 2545 1241 1241 2532 2532 2545 2545 2537 2537 2954 2954 2941 2941 1345 1345 1380 1380 3165 3165 2520 2520 1380 1380 1382 1382 3165 3165 3017 3017 2949 2949 3042 3042 2527 2527 2512 2512 3166 3166 2512 2512 2520 2520 3166 3166 2093 2093 2094 2094 2075 2075 2682 2682 2712 2712 2685 2685 2062 2062 2081 2081 2063 2063 1345 1345 2941 2941 1329 1329 2949 2949 3017 3017 2945 2945 2837 2837 2797 2797 2821 2821 1669 1669 2044 2044 2103 2103 2685 2685 1574 1574 2682 2682 2605 2605 2573 2573 2811 2811 1457 1457 2811 2811 2573 2573 2507 2507 2545 2545 2508 2508 2532 2532 2508 2508 2545 2545 2096 2096 2097 2097 2079 2079 2570 2570 2554 2554 2571 2571 2554 2554 2556 2556 2571 2571 3033 3033 3032 3032 2955 2955 2506 2506 2542 2542 2507 2507 2507 2507 2542 2542 2543 2543 2222 2222 2215 2215 2244 2244 3052 3052 3163 3163 3060 3060 3060 3060 3163 3163 3164 3164 2147 2147 2148 2148 2125 2125 1709 1709 2126 2126 2194 2194 2723 2723 2732 2732 2729 2729 2194 2194 2126 2126 1708 1708 2206 2206 2162 2162 2184 2184 2748 2748 2754 2754 2749 2749 2248 2248 2219 2219 2249 2249 2364 2364 2362 2362 2366 2366 1021 1021 2407 2407 2390 2390 1704 1704 2130 2130 2196 2196 2130 2130 2131 2131 2196 2196 2119 2119 2162 2162 2206 2206 2192 2192 2224 2224 2191 2191 2882 2882 2891 2891 2922 2922 2219 2219 2240 2240 2249 2249 2259 2259 2251 2251 2268 2268 471 471 472 472 479 479 2955 2955 3028 3028 2958 2958 2781 2781 2782 2782 2792 2792 2792 2792 2782 2782 2793 2793 2867 2867 2861 2861 2870 2870 2170 2170 2160 2160 2152 2152 2406 2406 2386 2386 2394 2394 2183 2183 2184 2184 2172 2172 3163 3163 3052 3052 3162 3162 2212 2212 857 857 858 858 2919 2919 2889 2889 2920 2920 2920 2920 2889 2889 2879 2879 1614 1614 941 941 954 954 1371 1371 476 476 440 440 2790 2790 2791 2791 2802 2802 2105 2105 2046 2046 1605 1605 494 494 467 467 495 495 467 467 482 482 495 495 2536 2536 2547 2547 1238 1238 3175 3175 3077 3077 3144 3144 1590 1590 2901 2901 2919 2919 495 495 482 482 496 496 495 495 496 496 98 98 3119 3119 3107 3107 3120 3120 1371 1371 474 474 476 476 474 474 475 475 476 476 1590 1590 2916 2916 2901 2901 3124 3124 3128 3128 3134 3134 3134 3134 3128 3128 3135 3135 3076 3076 3077 3077 3095 3095 3146 3146 3076 3076 1680 1680 2273 2273 2287 2287 1716 1716 476 476 475 475 485 485 476 476 485 485 458 458 3163 3163 3135 3135 3164 3164 1695 1695 3169 3169 3171 3171 2987 2987 2988 2988 3000 3000 2933 2933 2938 2938 2924 2924 479 479 472 472 482 482 2111 2111 2053 2053 1566 1566 96 96 482 482 472 472 3097 3097 3099 3099 3110 3110 496 496 482 482 96 96 2812 2812 2769 2769 2770 2770 3131 3131 3123 3123 3134 3134 2291 2291 2163 2163 2191 2191 486 486 659 659 487 487 487 487 659 659 500 500 660 660 487 487 500 500 487 487 660 660 471 471 661 661 471 471 660 660 662 662 471 471 661 661 2276 2276 2288 2288 1715 1715 2742 2742 2760 2760 2747 2747 2742 2742 2764 2764 2760 2760 3178 3178 3083 3083 3177 3177 3064 3064 3131 3131 3063 3063 3131 3131 3134 3134 3063 3063 663 663 471 471 662 662 664 664 471 471 663 663 2887 2887 2880 2880 2890 2890 471 471 664 664 472 472 472 472 664 664 499 499 473 473 498 498 666 666 472 472 665 665 512 512 667 667 472 472 512 512 96 96 472 472 667 667 607 607 608 608 619 619 619 619 608 608 615 615 1375 1375 504 504 1374 1374 504 504 607 607 619 619 619 619 615 615 628 628 628 628 615 615 620 620 1374 1374 504 504 656 656 506 506 656 656 504 504 504 504 619 619 506 506 506 506 619 619 628 628 628 628 620 620 629 629 506 506 628 628 507 507 506 506 507 507 508 508 508 508 507 507 634 634 656 656 506 506 1373 1373 1373 1373 506 506 1372 1372 1372 1372 506 506 508 508 628 628 629 629 507 507 507 507 629 629 634 634 634 634 629 629 509 509 1372 1372 508 508 1371 1371 1371 1371 508 508 474 474 508 508 634 634 474 474 474 474 634 634 475 475 485 485 634 634 468 468 634 634 509 509 468 468 468 468 509 509 658 658 475 475 634 634 485 485 667 667 512 512 638 638 2565 2565 2322 2322 983 983 2565 2565 983 983 977 977 550 550 1385 1385 517 517 517 517 1385 1385 1386 1386 1387 1387 517 517 1386 1386 2193 2193 2256 2256 2290 2290 650 650 518 518 517 517 2213 2213 2214 2214 2240 2240 649 649 518 518 650 650 1682 1682 2144 2144 1681 1681 1389 1389 547 547 518 518 2196 2196 2131 2131 2197 2197 2439 2439 2437 2437 803 803 1390 1390 547 547 1389 1389 2151 2151 2152 2152 2129 2129 1391 1391 547 547 1390 1390 1392 1392 547 547 1391 1391 651 651 513 513 652 652 550 550 652 652 513 513 550 550 517 517 564 564 564 564 517 517 555 555 2302 2302 2246 2246 872 872 2092 2092 792 792 2093 2093 517 517 518 518 555 555 555 555 518 518 552 552 2240 2240 2214 2214 2243 2243 3010 3010 3021 3021 2412 2412 2121 2121 1681 1681 2144 2144 2145 2145 2164 2164 2146 2146 518 518 547 547 552 552 2131 2131 2132 2132 2197 2197 2121 2121 2144 2144 2202 2202 803 803 2437 2437 2113 2113 3027 3027 2967 2967 2958 2958 2129 2129 2152 2152 2130 2130 2132 2132 2133 2133 2199 2199 2174 2174 2190 2190 2175 2175 2883 2883 2886 2886 2895 2895 652 652 550 550 1378 1378 2961 2961 3033 3033 2962 2962 858 858 2213 2213 2219 2219 2960 2960 2961 2961 2971 2971 2971 2971 2961 2961 2972 2972 2380 2380 2342 2342 2370 2370 2125 2125 2148 2148 2126 2126 2707 2707 2713 2713 2722 2722 2589 2589 2594 2594 2599 2599 2164 2164 2165 2165 2146 2146 3026 3026 2967 2967 3027 3027 552 552 547 547 553 553 2154 2154 2155 2155 2132 2132 2121 2121 2200 2200 1681 1681 843 843 2175 2175 2190 2190 2246 2246 2227 2227 2257 2257 3139 3139 3100 3100 3092 3092 1367 1367 3100 3100 3139 3139 550 550 600 600 653 653 1378 1378 550 550 653 653 550 550 564 564 600 600 3148 3148 3076 3076 1674 1674 555 555 552 552 601 601 2938 2938 2933 2933 2940 2940 2297 2297 2212 2212 856 856 3171 3171 3169 3169 3172 3172 2572 2572 2556 2556 2573 2573 2146 2146 2165 2165 2147 2147 3173 3173 3172 3172 3169 3169 552 552 553 553 561 561 2227 2227 2235 2235 2257 2257 3158 3158 3129 3129 3067 3067 653 653 600 600 654 654 564 564 555 555 601 601 1674 1674 3076 3076 3105 3105 3144 3144 3174 3174 2523 2523 2940 2940 2933 2933 925 925 3074 3074 3055 3055 3033 3033 601 601 552 552 611 611 2165 2165 2166 2166 2147 2147 2149 2149 2168 2168 2150 2150 552 552 561 561 611 611 647 647 611 611 561 561 605 605 611 611 647 647 654 654 600 600 655 655 3106 3106 3095 3095 3107 3107 600 600 564 564 608 608 564 564 601 601 608 608 2524 2524 3144 3144 2523 2523 1707 1707 2128 2128 1706 1706 3055 3055 3057 3057 3033 3033 1205 1205 2548 2548 1235 1235 2356 2356 2355 2355 2343 2343 2168 2168 2169 2169 2150 2150 2155 2155 2162 2162 2144 2144 2398 2398 2343 2343 2375 2375 2185 2185 2183 2183 2171 2171 2852 2852 2763 2763 2855 2855 2549 2549 2548 2548 1205 1205 655 655 600 600 1377 1377 1376 1376 1377 1377 607 607 607 607 1377 1377 600 600 600 600 608 608 607 607 608 608 601 601 615 615 615 615 601 601 616 616 601 601 611 611 616 616 2368 2368 2341 2341 2403 2403 2170 2170 2181 2181 2160 2160 1368 1368 3100 3100 1367 1367 1676 1676 3076 3076 3148 3148 2204 2204 2144 2144 2162 2162 2192 2192 2163 2163 2290 2290 611 611 605 605 617 617 617 617 605 605 613 613 2171 2171 2183 2183 2172 2172 2179 2179 2188 2188 2180 2180 2523 2523 3173 3173 3169 3169 2897 2897 2900 2900 2911 2911 1376 1376 504 504 1375 1375 1376 1376 607 607 504 504 616 616 611 611 617 617 2076 2076 2077 2077 2058 2058 2227 2227 2212 2212 2235 2235 3146 3146 3172 3172 3076 3076 2163 2163 2164 2164 2145 2145 2147 2147 2166 2166 2148 2148 2187 2187 2180 2180 2188 2188 2290 2290 2256 2256 2192 2192 3173 3173 2523 2523 3174 3174 625 625 617 617 613 613 2694 2694 2700 2700 2695 2695 615 615 616 616 620 620 620 620 616 616 621 621 616 616 617 617 621 621 621 621 617 617 622 622 3173 3173 3076 3076 3172 3172 2788 2788 2789 2789 2800 2800 2166 2166 2167 2167 2148 2148 2202 2202 2144 2144 2204 2204 622 622 617 617 625 625 873 873 2246 2246 2302 2302 2251 2251 2243 2243 2252 2252 620 620 621 621 629 629 629 629 621 621 630 630 621 621 622 622 630 630 630 630 622 622 631 631 3033 3033 3057 3057 3032 3032 3124 3124 3120 3120 3125 3125 2800 2800 2789 2789 2801 2801 2163 2163 2145 2145 2290 2290 2290 2290 2145 2145 2193 2193 622 622 625 625 632 632 2176 2176 2177 2177 2166 2166 2243 2243 2222 2222 2252 2252 509 509 629 629 635 635 629 629 630 630 635 635 630 630 631 631 635 635 635 635 631 631 639 639 2251 2251 2252 2252 2272 2272 2320 2320 869 869 1817 1817 1619 1619 3005 3005 1616 1616 3120 3120 3121 3121 3125 3125 3003 3003 3004 3004 3012 3012 2131 2131 2154 2154 2132 2132 2166 2166 2177 2177 2167 2167 2400 2400 2382 2382 2402 2402 2642 2642 2619 2619 2651 2651 658 658 509 509 486 486 509 509 635 635 486 486 486 486 635 635 659 659 659 659 635 635 500 500 500 500 635 635 660 660 660 660 635 635 661 661 661 661 635 635 662 662 635 635 639 639 662 662 662 662 639 639 663 663 1817 1817 869 869 1815 1815 663 663 639 639 664 664 2965 2965 2967 2967 2975 2975 664 664 639 639 499 499 2198 2198 2132 2132 2199 2199 498 498 637 637 666 666 665 665 638 638 512 512 1325 1325 2923 2923 1323 1323 2075 2075 2076 2076 2057 2057 2987 2987 2978 2978 2988 2988 3012 3012 3013 3013 3019 3019 1662 1662 3035 3035 2960 2960 2426 2426 1462 1462 2055 2055 3035 3035 3033 3033 2961 2961 1349 1349 3041 3041 2948 2948 2163 2163 2192 2192 2191 2191 2201 2201 2044 2044 1669 1669 1667 1667 3047 3047 1665 1665 3024 3024 2988 2988 1356 1356 2192 2192 2256 2256 2224 2224 857 857 2212 2212 2297 2297 3136 3136 3128 3128 3137 3137 1618 1618 3040 3040 1615 1615 1592 1592 2929 2929 2915 2915 2535 2535 2531 2531 2536 2536 1235 1235 2531 2531 2535 2535 1795 1795 2333 2333 909 909 3137 3137 3125 3125 1370 1370 3077 3077 3175 3175 3079 3079 2154 2154 2172 2172 2155 2155 1795 1795 909 909 1793 1793 2252 2252 2222 2222 2253 2253 1370 1370 3125 3125 3121 3121 3176 3176 3079 3079 3175 3175 2172 2172 2162 2162 2155 2155 2222 2222 2244 2244 2253 2253 2943 2943 3020 3020 2942 2942 3019 3019 3020 3020 2944 2944 2836 2836 2620 2620 2819 2819 3080 3080 3142 3142 3083 3083 3177 3177 3083 3083 3142 3142 2523 2523 2517 2517 2524 2524 1276 1276 2696 2696 2702 2702 2058 2058 2077 2077 2059 2059 2175 2175 843 843 2176 2176 2177 2177 2178 2178 2167 2167 844 844 2176 2176 843 843 2167 2167 2178 2178 2168 2168 3145 3145 1694 1694 3170 3170 1679 1679 1694 1694 3145 3145 1675 1675 1694 1694 1679 1679 3147 3147 1694 1694 1675 1675 1673 1673 1694 1694 3147 3147 1670 1670 1694 1694 1673 1673 3149 3149 1694 1694 1670 1670 3151 3151 1694 1694 3149 3149 3153 3153 1694 1694 3151 3151 3155 3155 1694 1694 3153 3153 3126 3126 1694 1694 3155 3155 3157 3157 1694 1694 3126 3126 3157 3157 1696 1696 1694 1694 3157 3157 3196 3196 1696 1696 3157 3157 1602 1602 3196 3196 3157 3157 1604 1604 1602 1602 3157 3157 3292 3292 1604 1604 3157 3157 3295 3295 3292 3292 3066 3066 3295 3295 3157 3157 3066 3066 3296 3296 3295 3295 3066 3066 3391 3391 3296 3296 3066 3066 3409 3409 3391 3391 3066 3066 3297 3297 3409 3409 3066 3066 3423 3423 3297 3297 3066 3066 1606 1606 3423 3423 3066 3066 1608 1608 1606 1606 3066 3066 1610 1610 1608 1608 3066 3066 3465 3465 1610 1610 3066 3066 3477 3477 3465 3465 1666 1666 3477 3477 3066 3066 1666 1666 3494 3494 3477 3477 1664 1664 3494 3494 1666 1666 1664 1664 1612 1612 3494 3494 3069 3069 1612 1612 1664 1664 3069 3069 1395 1395 1612 1612 3069 3069 1190 1190 1395 1395 3069 3069 1173 1173 1190 1190 3069 3069 1157 1157 1173 1173 3070 3070 1157 1157 3069 3069 3071 3071 1613 1613 1158 1158 3071 3071 1123 1123 1613 1613 2128 2128 2151 2151 2129 2129 3071 3071 1080 1080 1123 1123 3071 3071 1384 1384 1080 1080 3071 3071 1381 1381 1384 1384 3071 3071 1346 1346 1381 1381 3071 3071 1341 1341 1346 1346 1661 1661 1341 1341 3071 3071 1661 1661 760 760 1341 1341 1661 1661 954 954 760 760 2959 2959 954 954 1661 1661 3036 3036 954 954 2959 2959 1659 1659 954 954 3036 3036 3038 3038 954 954 1659 1659 1657 1657 954 954 3038 3038 1655 1655 954 954 1657 1657 1653 1653 954 954 1655 1655 1651 1651 954 954 1653 1653 1620 1620 954 954 1651 1651 1617 1617 954 954 1620 1620 1614 1614 954 954 1617 1617 1596 1596 2743 2743 1597 1597 1596 1596 1588 1588 2743 2743 1588 1588 1596 1596 1589 1589 1595 1595 1589 1589 1596 1596 1589 1589 1595 1595 2921 2921 1595 1595 3220 3220 2921 2921 2921 2921 3220 3220 2920 2920 3220 3220 3219 3219 2920 2920 1594 1594 2920 2920 3219 3219 2920 2920 1594 1594 2919 2919 1593 1593 2919 2919 1594 1594 2919 2919 1593 1593 1590 1590 3218 3218 1590 1590 1593 1593 1590 1590 3218 3218 2918 2918 3217 3217 2918 2918 3218 3218 2918 2918 3217 3217 1591 1591 3217 3217 3216 3216 1591 1591 2740 2740 1598 1598 2744 2744 1577 1577 1598 1598 2740 2740 2732 2732 1598 1598 1577 1577 2733 2733 1598 1598 2732 2732 2683 2683 1598 1598 2733 2733 2683 2683 3221 3221 1598 1598 3221 3221 2683 2683 3222 3222 2683 2683 1575 1575 3222 3222 3222 3222 1575 1575 1578 1578 1575 1575 1573 1573 1578 1578 1578 1578 1573 1573 2635 2635 1578 1578 2635 2635 1579 1579 1579 1579 2635 2635 2835 2835 1579 1579 2835 2835 3223 3223 2809 2809 3223 3223 2835 2835 1585 1585 3223 3223 2809 2809 2810 2810 3223 3223 1585 1585 1584 1584 3223 3223 2810 2810 1584 1584 1580 1580 3223 3223 1584 1584 2765 2765 1580 1580 1541 1541 2765 2765 2766 2766 1570 1570 1541 1541 2766 2766 1529 1529 1539 1539 1569 1569 2769 2769 1529 1529 1569 1569 1537 1537 1529 1529 2769 2769 1542 1542 2765 2765 1533 1533 2999 2999 3000 3000 3003 3003 1541 1541 1533 1533 2765 2765 1531 1531 1532 1532 1540 1540 1529 1529 1530 1530 1539 1539 2046 2046 2059 2059 2047 2047 2058 2058 2059 2059 2046 2046 1526 1526 1527 1527 1536 1536 1542 1542 1533 1533 1543 1543 1543 1543 1533 1533 1515 1515 1531 1531 1514 1514 1532 1532 1522 1522 1514 1514 1531 1531 1529 1529 1521 1521 1530 1530 1520 1520 1521 1521 1529 1529 1525 1525 1519 1519 1528 1528 1518 1518 1519 1519 1525 1525 1568 1568 1517 1517 1524 1524 1567 1567 1517 1517 1568 1568 1543 1543 1515 1515 1544 1544 1515 1515 3237 3237 1544 1544 1267 1267 2567 2567 2554 2554 1504 1504 1516 1516 1523 1523 1520 1520 1502 1502 1521 1521 1512 1512 1502 1502 1520 1520 1518 1518 1511 1511 1519 1519 1510 1510 1511 1511 1518 1518 1567 1567 1509 1509 1517 1517 1499 1499 1509 1509 1567 1567 3237 3237 1515 1515 1508 1508 2563 2563 2554 2554 2567 2567 1504 1504 1507 1507 1516 1516 3004 3004 3024 3024 1358 1358 1492 1492 1502 1502 1512 1512 1510 1510 1491 1491 1511 1511 1501 1501 1491 1491 1510 1510 1499 1499 1500 1500 1509 1509 1565 1565 1499 1499 1567 1567 3237 3237 1508 1508 1546 1546 1546 1546 1508 1508 1547 1547 1496 1496 1547 1547 1506 1506 1503 1503 1495 1495 1505 1505 1492 1492 1494 1494 1502 1502 1501 1501 1489 1489 1491 1491 1499 1499 1488 1488 1500 1500 1486 1486 1488 1488 1499 1499 1448 1448 1485 1485 1498 1498 1496 1496 1482 1482 1547 1547 1480 1480 1481 1481 1494 1494 1492 1492 1480 1480 1494 1494 1490 1490 1479 1479 1493 1493 1478 1478 1479 1479 1490 1490 1463 1463 1477 1477 1488 1488 1486 1486 1463 1463 1488 1488 1476 1476 1463 1463 1486 1486 1448 1448 1475 1475 1485 1485 1473 1473 1475 1475 1448 1448 1562 1562 1474 1474 1447 1447 1559 1559 1471 1471 1562 1562 1547 1547 1482 1482 1550 1550 1550 1550 1482 1482 1470 1470 1553 1553 1468 1468 1481 1481 1480 1480 1553 1553 1481 1481 1467 1467 1553 1553 1480 1480 1478 1478 1466 1466 1479 1479 1465 1465 1466 1466 1478 1478 1461 1461 1463 1463 1476 1476 1473 1473 1460 1460 1475 1475 1459 1459 1460 1460 1473 1473 1560 1560 1458 1458 1472 1472 1550 1550 1470 1470 3239 3239 3238 3238 1469 1469 1552 1552 1553 1553 1551 1551 1468 1468 1553 1553 1467 1467 1555 1555 1465 1465 1554 1554 1466 1466 1554 1554 1465 1465 1557 1557 1556 1556 1464 1464 3244 3244 1461 1461 3242 3242 1463 1463 3241 3241 1460 1460 1558 1558 1459 1459 1558 1558 1460 1460 1558 1558 1459 1459 3247 3247 1560 1560 3246 3246 1458 1458 3250 3250 3245 3245 1561 1561 1696 1696 2513 2513 1694 1694 3288 3288 2513 2513 1696 1696 2513 2513 3288 3288 1450 1450 2513 2513 1450 1450 2522 2522 1449 1449 2522 2522 1450 1450 1449 1449 2505 2505 2522 2522 2505 2505 1449 1449 3249 3249 2505 2505 3249 3249 2540 2540 1559 1559 2540 2540 3249 3249 1562 1562 2540 2540 1559 1559 1562 1562 2557 2557 2540 2540 1447 1447 2557 2557 1562 1562 1497 1497 2557 2557 1447 1447 1565 1565 2557 2557 1497 1497 1567 1567 2557 2557 1565 1565 1568 1568 2557 2557 1567 1567 2557 2557 1568 1568 1535 1535 2557 2557 1534 1534 2768 2768 2557 2557 2768 2768 1457 1457 2768 2768 2811 2811 1457 1457 1412 1412 3504 3504 3503 3503 1412 1412 3503 3503 1413 1413 1413 1413 3503 3503 1414 1414 3503 3503 3501 3501 1414 1414 1415 1415 3502 3502 1403 1403 1403 1403 3502 3502 3499 3499 1403 1403 3499 3499 1402 1402 1402 1402 3499 3499 1400 1400 3499 3499 1431 1431 1400 1400 1401 1401 1432 1432 1430 1430 1401 1401 1430 1430 1399 1399 1399 1399 1430 1430 1429 1429 1399 1399 1429 1429 1398 1398 1398 1398 1429 1429 1424 1424 1429 1429 3497 3497 1424 1424 1425 1425 3498 3498 1426 1426 1426 1426 3498 3498 3495 3495 1426 1426 3495 3495 1396 1396 1397 1397 3496 3496 1395 1395 3496 3496 1612 1612 1395 1395 1413 1413 1228 1228 1412 1412 1227 1227 1228 1228 1413 1413 1414 1414 1227 1227 1413 1413 1224 1224 1226 1226 1415 1415 1403 1403 1224 1224 1415 1415 1402 1402 1225 1225 1403 1403 1201 1201 1225 1225 1402 1402 1400 1400 1201 1201 1402 1402 1198 1198 1202 1202 1401 1401 1399 1399 1198 1198 1401 1401 1398 1398 1199 1199 1399 1399 1193 1193 1199 1199 1398 1398 1424 1424 1193 1193 1398 1398 3152 3152 3105 3105 3154 3154 1426 1426 1195 1195 1425 1425 1191 1191 1195 1195 1426 1426 1396 1396 1191 1191 1426 1426 3154 3154 3105 3105 3156 3156 1379 1379 2520 2520 2512 2512 1189 1189 1192 1192 1397 1397 1395 1395 1189 1189 1397 1397 1231 1231 1228 1228 1188 1188 1227 1227 1188 1188 1228 1228 1184 1184 1187 1187 1226 1226 1224 1224 1184 1184 1226 1226 1182 1182 1185 1185 1225 1225 1201 1201 1182 1182 1225 1225 1180 1180 1183 1183 1202 1202 1198 1198 1180 1180 1202 1202 1178 1178 1181 1181 1199 1199 1193 1193 1178 1178 1199 1199 1176 1176 1179 1179 1194 1194 1191 1191 1177 1177 1195 1195 1174 1174 1177 1177 1191 1191 1189 1189 1175 1175 1192 1192 1172 1172 1175 1175 1189 1189 1171 1171 3510 3510 1187 1187 1184 1184 1171 1171 1187 1187 1168 1168 1170 1170 1185 1185 1182 1182 1168 1168 1185 1185 1166 1166 1169 1169 1183 1183 1180 1180 1166 1166 1183 1183 1178 1178 1167 1167 1181 1181 1164 1164 1167 1167 1178 1178 1176 1176 1165 1165 1179 1179 1162 1162 1165 1165 1176 1176 1174 1174 1163 1163 1177 1177 1159 1159 1163 1163 1174 1174 1172 1172 1160 1160 1175 1175 1156 1156 1160 1160 1172 1172 1365 1365 3058 3058 3052 3052 1663 1663 3054 3054 3068 3068 1171 1171 1154 1154 3510 3510 1150 1150 1153 1153 1170 1170 1168 1168 1150 1150 1170 1170 1147 1147 1151 1151 1169 1169 1166 1166 1147 1147 1169 1169 1145 1145 1149 1149 1167 1167 1164 1164 1145 1145 1167 1167 1143 1143 1146 1146 1165 1165 1162 1162 1143 1143 1165 1165 1141 1141 1144 1144 1163 1163 1159 1159 1141 1141 1163 1163 1125 1125 1142 1142 1160 1160 1156 1156 1125 1125 1160 1160 1123 1123 1126 1126 1613 1613 1126 1126 1155 1155 1613 1613 1150 1150 1139 1139 1153 1153 1136 1136 1139 1139 1150 1150 1147 1147 1137 1137 1151 1151 1134 1134 1138 1138 1148 1148 1145 1145 1135 1135 1149 1149 1132 1132 1135 1135 1145 1145 1143 1143 1133 1133 1146 1146 1130 1130 1133 1133 1143 1143 1141 1141 1131 1131 1144 1144 1127 1127 1131 1131 1141 1141 1125 1125 1128 1128 1142 1142 3512 3512 1140 1140 1121 1121 1152 1152 1140 1140 3512 3512 1136 1136 1120 1120 1139 1139 1118 1118 1120 1120 1136 1136 1116 1116 1119 1119 1138 1138 1134 1134 1116 1116 1138 1138 1114 1114 1117 1117 1135 1135 1132 1132 1114 1114 1135 1135 1112 1112 1115 1115 1133 1133 1130 1130 1112 1112 1133 1133 1095 1095 1113 1113 1131 1131 1127 1127 1095 1095 1131 1131 1093 1093 1096 1096 1128 1128 1125 1125 1093 1093 1128 1128 1079 1079 1094 1094 1122 1122 1094 1094 1124 1124 1122 1122 1706 1706 2129 2129 1705 1705 3512 3512 1121 1121 3514 3514 1091 1091 3513 3513 1120 1120 1118 1118 1091 1091 1120 1120 1089 1089 1092 1092 1119 1119 1116 1116 1089 1089 1119 1119 1087 1087 1090 1090 1117 1117 1114 1114 1087 1087 1117 1117 1085 1085 1088 1088 1115 1115 1112 1112 1085 1085 1115 1115 1083 1083 1086 1086 1113 1113 1095 1095 1083 1083 1113 1113 1081 1081 1084 1084 1096 1096 1093 1093 1081 1081 1096 1096 1079 1079 1082 1082 1094 1094 1091 1091 1076 1076 3513 3513 1074 1074 1077 1077 1092 1092 1089 1089 1074 1074 1092 1092 1072 1072 1075 1075 1090 1090 1087 1087 1072 1072 1090 1090 1070 1070 1073 1073 1088 1088 1085 1085 1070 1070 1088 1088 1068 1068 1071 1071 1086 1086 1083 1083 1068 1068 1086 1086 1066 1066 1069 1069 1084 1084 1081 1081 1066 1066 1084 1084 1064 1064 1067 1067 1082 1082 1079 1079 1064 1064 1082 1082 1384 1384 1065 1065 1080 1080 1062 1062 1233 1233 1077 1077 1074 1074 1062 1062 1077 1077 1060 1060 1063 1063 1075 1075 1072 1072 1060 1060 1075 1075 1058 1058 1061 1061 1073 1073 1070 1070 1058 1058 1073 1073 1056 1056 1059 1059 1071 1071 1068 1068 1056 1056 1071 1071 1054 1054 1057 1057 1069 1069 1066 1066 1054 1054 1069 1069 1043 1043 1055 1055 1067 1067 1064 1064 1043 1043 1067 1067 1381 1381 1044 1044 1384 1384 1044 1044 1065 1065 1384 1384 1062 1062 1040 1040 1233 1233 1038 1038 1042 1042 1063 1063 1060 1060 1038 1038 1063 1063 1036 1036 1039 1039 1061 1061 1058 1058 1036 1036 1061 1061 1034 1034 1037 1037 1059 1059 1056 1056 1034 1034 1059 1059 1032 1032 1035 1035 1057 1057 1054 1054 1032 1032 1057 1057 1030 1030 1033 1033 1055 1055 1043 1043 1030 1030 1055 1055 1381 1381 1031 1031 1044 1044 1232 1232 1041 1041 1236 1236 1236 1236 1041 1041 1026 1026 1038 1038 1027 1027 1042 1042 1013 1013 1029 1029 1039 1039 1036 1036 1013 1013 1039 1039 1010 1010 1014 1014 1037 1037 1034 1034 1010 1010 1037 1037 1008 1008 1011 1011 1035 1035 1032 1032 1008 1008 1035 1035 1006 1006 1009 1009 1033 1033 1030 1030 1006 1006 1033 1033 1003 1003 1007 1007 1031 1031 1381 1381 1003 1003 1031 1031 1341 1341 1004 1004 1346 1346 1004 1004 1381 1381 1346 1346 1026 1026 767 767 3515 3515 1236 1236 1026 1026 3515 3515 768 768 1028 1028 1254 1254 1013 1013 1255 1255 1029 1029 1255 1255 1013 1013 765 765 764 764 1014 1014 762 762 1010 1010 762 762 1014 1014 763 763 1011 1011 761 761 1008 1008 761 761 1011 1011 761 761 1008 1008 1308 1308 1307 1307 1009 1009 1310 1310 1006 1006 1310 1310 1009 1009 1310 1310 1006 1006 1312 1312 1003 1003 1314 1314 1007 1007 1314 1314 1003 1003 759 759 760 760 1004 1004 1341 1341 849 849 998 998 838 838 748 748 838 838 998 998 750 750 839 839 749 749 812 812 839 839 750 750 751 751 812 812 750 750 799 799 813 813 752 752 753 753 799 799 752 752 958 958 800 800 754 754 790 790 800 800 958 958 955 955 791 791 959 959 787 787 791 791 955 955 785 785 788 788 957 957 755 755 785 785 957 957 952 952 786 786 756 756 925 925 786 786 941 941 786 786 952 952 941 941 849 849 838 838 3516 3516 3516 3516 838 838 783 783 781 781 784 784 839 839 812 812 781 781 839 839 776 776 782 782 813 813 799 799 776 776 813 813 774 774 777 777 800 800 790 790 774 774 800 800 771 771 775 775 791 791 787 787 771 771 791 791 785 785 773 773 788 788 769 769 773 773 785 785 786 786 925 925 770 770 2933 2933 770 770 925 925 783 783 1592 1592 855 855 783 783 2929 2929 1592 1592 3516 3516 783 783 855 855 2930 2930 784 784 2927 2927 781 781 2927 2927 784 784 2928 2928 782 782 876 876 776 776 876 876 782 782 877 877 777 777 878 878 774 774 878 878 777 777 878 878 774 774 888 888 771 771 889 889 775 775 889 889 771 771 897 897 898 898 772 772 2925 2925 769 769 2926 2926 773 773 2926 2926 769 769 903 903 2933 2933 904 904 770 770 2924 2924 904 904 2933 2933 998 998 768 768 748 748 1254 1254 748 748 768 768 749 749 1255 1255 750 750 750 750 1255 1255 765 765 750 750 765 765 751 751 762 762 752 752 764 764 752 752 762 762 753 753 761 761 754 754 763 763 754 754 761 761 958 958 1308 1308 958 958 761 761 1309 1309 955 955 959 959 1307 1307 1310 1310 956 956 957 957 1310 1310 755 755 1310 1310 1312 1312 755 755 756 756 1313 1313 952 952 759 759 953 953 1314 1314 2427 2427 2969 2969 3084 3084 3030 3030 2969 2969 2427 2427 2976 2976 2323 2323 2325 2325 3111 3111 2323 2323 2976 2976 3111 3111 2998 2998 2323 2323 157 157 2998 2998 3111 3111 157 157 3011 3011 2998 2998 556 556 3011 3011 157 157 1640 1640 3011 3011 556 556 3011 3011 1640 1640 2931 2931 3011 3011 2931 2931 3021 3021 2931 2931 3093 3093 3021 3021 3093 3093 298 298 3021 3021 298 298 1746 1746 3021 3021 1746 1746 2844 2844 3021 3021 2844 2844 2815 2815 3021 3021 2815 2815 309 309 3021 3021 3021 3021 3048 3048 3030 3030 3021 3021 2994 2994 3048 3048 309 309 2994 2994 3021 3021 2969 2969 3030 3030 3048 3048 1774 1774 1796 1796 464 464 1774 1774 2775 2775 1796 1796 2329 2329 2775 2775 1774 1774 1703 1703 3279 3279 2597 2597 2327 2327 3279 3279 1703 1703 3279 3279 2329 2329 1774 1774 3279 3279 2566 2566 2329 2329 2327 2327 2566 2566 3279 3279 1810 1810 1814 1814 1812 1812 1810 1810 1816 1816 1814 1814 2774 2774 463 463 1797 1797 1794 1794 462 462 2773 2773 462 462 1794 1794 2339 2339 1792 1792 2339 2339 1794 1794 2339 2339 1792 1792 335 335 1792 1792 1798 1798 335 335 2307 2307 1798 1798 1792 1792 1798 1798 2307 2307 1290 1290 2309 2309 1290 1290 2307 2307 1290 1290 2309 2309 1800 1800 2311 2311 1800 1800 2309 2309 1800 1800 2311 2311 1802 1802 2311 2311 1788 1788 1802 1802 2313 2313 1802 1802 1788 1788 1802 1802 2313 2313 1804 1804 2313 2313 1786 1786 1804 1804 1804 1804 1786 1786 1806 1806 1786 1786 1784 1784 1806 1806 2315 2315 1806 1806 1784 1784 1806 1806 2315 2315 514 514 2317 2317 514 514 2315 2315 514 514 2317 2317 1808 1808 2319 2319 1808 1808 2317 2317 2319 2319 2983 2983 1808 1808 2983 2983 2319 2319 1810 1810 2319 2319 1816 1816 1810 1810 77 77 79 79 851 851 1782 1782 2306 2306 2503 2503 1782 1782 2288 2288 2306 2306 1779 1779 2288 2288 1782 1782 2288 2288 1779 1779 1715 1715 1779 1779 1741 1741 1715 1715 1777 1777 1715 1715 1741 1741 1777 1777 2305 2305 1715 1715 1754 1754 2305 2305 1777 1777 1223 1223 2305 2305 1754 1754 2305 2305 1223 1223 2287 2287 2043 2043 2287 2287 1223 1223 2287 2287 2043 2043 1716 1716 1752 1752 1716 1716 2043 2043 1716 1716 1752 1752 1717 1717 1735 1735 1717 1717 1752 1752 1717 1717 1735 1735 2286 2286 1764 1764 2286 2286 1735 1735 2286 2286 1764 1764 1718 1718 1724 1724 1718 1718 1764 1764 1718 1718 1724 1724 2282 2282 1724 1724 1719 1719 2282 2282 1629 1629 1719 1719 1724 1724 1719 1719 1629 1629 2280 2280 1728 1728 2280 2280 1629 1629 2280 2280 1728 1728 2304 2304 1815 1815 2304 2304 1728 1728 871 871 2304 2304 1815 1815 3084 3084 1462 1462 2427 2427 1687 1687 1462 1462 3084 3084 1462 1462 1687 1687 1483 1483 1687 1687 1626 1626 1483 1483 1483 1483 1626 1626 1484 1484 1626 1626 1100 1100 1484 1484 1484 1484 1100 1100 1566 1566 1100 1100 1211 1211 1566 1566 1566 1566 1211 1211 1453 1453 1566 1566 1453 1453 2111 2111 1453 1453 2110 2110 2111 2111 1451 1451 2110 2110 1453 1453 2335 2335 2110 2110 1451 1451 2110 2110 2335 2335 2109 2109 2109 2109 2335 2335 2108 2108 2335 2335 1445 1445 2108 2108 2108 2108 1445 1445 480 480 2108 2108 480 480 1586 1586 480 480 1599 1599 1586 1586 584 584 1599 1599 480 480 1599 1599 584 584 1601 1601 584 584 1443 1443 1601 1601 1601 1601 1443 1443 1441 1441 1601 1601 1441 1441 2107 2107 2107 2107 1441 1441 1439 1439 2107 2107 1439 1439 1603 1603 290 290 1603 1603 1439 1439 290 290 2106 2106 1603 1603 2106 2106 290 290 1605 1605 290 290 1438 1438 1605 1605 1605 1605 1438 1438 1436 1436 1605 1605 1436 1436 2105 2105 2105 2105 1436 1436 1434 1434 2105 2105 1434 1434 2104 2104 2104 2104 1434 1434 524 524 2104 2104 524 524 2103 2103 2103 2103 524 524 2675 2675 2103 2103 2675 2675 1669 1669 2675 2675 2201 2201 1669 1669 1647 1647 2201 2201 2675 2675 2200 2200 1646 1646 1681 1681 484 484 1681 1681 1646 1646 1681 1681 484 484 1682 1682 484 484 125 125 1682 1682 1682 1682 125 125 1699 1699 125 125 1456 1456 1699 1699 1699 1699 1456 1456 2199 2199 1456 1456 1726 1726 2199 2199 2199 2199 1726 1726 2198 2198 1726 1726 1428 1428 2198 2198 2198 2198 1428 1428 2992 2992 2198 2198 2992 2992 2197 2197 2992 2992 2196 2196 2197 2197 1686 1686 2196 2196 2992 2992 2196 2196 1686 1686 1704 1704 1686 1686 274 274 1704 1704 1704 1704 274 274 1705 1705 274 274 1737 1737 1705 1705 1705 1705 1737 1737 3082 3082 1705 1705 3082 3082 1706 1706 3082 3082 1707 1707 1706 1706 1423 1423 1707 1707 3082 3082 1707 1707 1423 1423 2195 2195 1423 1423 1739 1739 2195 2195 2195 2195 1739 1739 1421 1421 2195 2195 1421 1421 1708 1708 1708 1708 1421 1421 3087 3087 1708 1708 3087 3087 2194 2194 3087 3087 1709 1709 2194 2194 2843 2843 1709 1709 3087 3087 1709 1709 2843 2843 1710 1710 2843 2843 1419 1419 1710 1710 1710 1710 1419 1419 1417 1417 1710 1710 1417 1417 1711 1711 1711 1711 1417 1417 1411 1411 1711 1711 1411 1411 1712 1712 1712 1712 1411 1411 1105 1105 1712 1712 1105 1105 1713 1713 1105 1105 2306 2306 1713 1713 1105 1105 2503 2503 2306 2306 851 851 79 79 2118 2118 819 819 2118 2118 79 79 2656 2656 2651 2651 2663 2663 819 819 792 792 2118 2118 793 793 792 792 819 819 81 81 793 793 819 819 2672 2672 2807 2807 2833 2833 2117 2117 793 793 81 81 83 83 2117 2117 81 81 3175 3175 3144 3144 2524 2524 2727 2727 2721 2721 2731 2731 2116 2116 2117 2117 83 83 815 815 2116 2116 83 83 794 794 2116 2116 815 815 3168 3168 3175 3175 2524 2524 2997 2997 2999 2999 3003 3003 2721 2721 2724 2724 2731 2731 1257 1257 2550 2550 2549 2549 2080 2080 2098 2098 2081 2081 2044 2044 2057 2057 2045 2045 2903 2903 2908 2908 2925 2925 84 84 794 794 815 815 794 794 84 84 86 86 2094 2094 2095 2095 2076 2076 2557 2557 2556 2556 1243 1243 2663 2663 2651 2651 1575 1575 2056 2056 2057 2057 2044 2044 794 794 86 86 2096 2096 2750 2750 2756 2756 1281 1281 2651 2651 1573 1573 1575 1575 3046 3046 3050 3050 3053 3053 88 88 2096 2096 86 86 88 88 795 795 2096 2096 2066 2066 2067 2067 2054 2054 2918 2918 1591 1591 2916 2916 90 90 795 795 88 88 90 90 796 796 795 795 2810 2810 2794 2794 2783 2783 1281 1281 2752 2752 2937 2937 810 810 796 796 90 90 2809 2809 2794 2794 1585 1585 810 810 797 797 796 796 92 92 797 797 810 810 92 92 801 801 797 797 808 808 801 801 92 92 808 808 2115 2115 801 801 802 802 2115 2115 808 808 806 806 802 802 808 808 2114 2114 802 802 806 806 804 804 2114 2114 806 806 2114 2114 804 804 1392 1392 2114 2114 1392 1392 803 803 297 297 836 836 837 837 837 837 836 836 840 840 840 840 836 836 841 841 834 834 841 841 836 836 834 834 842 842 841 841 61 61 842 842 834 834 61 61 2190 2190 842 842 832 832 2190 2190 61 61 832 832 843 843 2190 2190 830 830 843 843 832 832 830 830 844 844 843 843 845 845 844 844 830 830 828 828 845 845 830 830 2189 2189 845 845 828 828 826 826 2189 2189 828 828 2188 2188 2189 2189 826 826 63 63 2188 2188 826 826 2187 2187 2188 2188 63 63 824 824 2187 2187 63 63 2186 2186 2187 2187 824 824 65 65 2186 2186 824 824 2186 2186 65 65 67 67 2186 2186 67 67 2185 2185 69 69 2185 2185 67 67 69 69 846 846 2185 2185 71 71 846 846 69 69 71 71 847 847 846 846 73 73 847 847 71 71 73 73 848 848 847 847 848 848 73 73 76 76 848 848 76 76 850 850 325 325 191 191 2299 2299 2299 2299 191 191 2298 2298 856 856 2298 2298 191 191 326 326 856 856 191 191 2297 2297 856 856 326 326 3156 3156 3105 3105 3127 3127 327 327 2297 2297 326 326 3105 3105 3119 3119 3127 3127 857 857 2297 2297 327 327 328 328 857 857 327 327 2856 2856 2850 2850 2868 2868 857 857 328 328 858 858 854 854 858 858 328 328 858 858 854 854 859 859 853 853 859 859 854 854 329 329 859 859 853 853 859 859 329 329 2296 2296 330 330 2296 2296 329 329 330 330 860 860 2296 2296 860 860 330 330 2295 2295 2295 2295 330 330 331 331 333 333 2295 2295 331 331 333 333 2294 2294 2295 2295 852 852 2294 2294 333 333 2294 2294 852 852 861 861 837 837 861 861 852 852 837 837 840 840 861 861 2299 2299 2300 2300 875 875 862 862 875 875 2300 2300 2301 2301 862 862 2300 2300 862 862 2301 2301 863 863 864 864 863 863 2301 2301 874 874 864 864 2301 2301 864 864 874 874 873 873 121 121 864 864 873 873 2302 2302 121 121 873 873 866 866 121 121 2302 2302 872 872 866 866 2302 2302 3097 3097 3080 3080 3099 3099 872 872 868 868 866 866 150 150 868 868 872 872 2303 2303 150 150 872 872 3028 3028 3059 3059 3075 3075 150 150 2303 2303 871 871 150 150 871 871 869 869 144 144 145 145 885 885 885 885 145 145 886 886 882 882 886 886 145 145 886 886 882 882 892 892 892 892 882 882 893 893 146 146 893 893 882 882 893 893 146 146 894 894 881 881 894 894 146 146 881 881 895 895 894 894 896 896 895 895 881 881 147 147 896 896 881 881 896 896 147 147 899 899 149 149 899 899 147 147 149 149 900 900 899 899 910 910 900 900 149 149 880 880 910 910 149 149 910 910 880 880 901 901 870 870 901 901 880 880 870 870 891 891 901 901 2273 2273 2275 2275 2287 2287 3171 3171 3172 3172 3146 3146 2918 2918 2916 2916 1590 1590 904 904 2924 2924 2934 2934 2108 2108 2051 2051 2109 2109 3034 3034 3055 3055 3074 3074 1235 1235 2530 2530 2531 2531 2548 2548 2530 2530 1235 1235 2999 2999 2987 2987 3000 3000 3079 3079 3143 3143 3080 3080 1267 1267 2554 2554 2569 2569 908 908 901 901 891 891 2275 2275 2276 2276 2287 2287 2798 2798 2786 2786 2799 2799 884 884 892 892 1270 1270 1270 1270 892 892 921 921 892 892 893 893 921 921 921 921 893 893 902 902 893 893 894 894 902 902 894 894 895 895 902 902 2368 2368 2402 2402 2382 2382 895 895 896 896 902 902 902 902 896 896 906 906 896 896 899 899 906 906 899 899 900 900 906 906 906 906 900 900 939 939 900 900 901 901 939 939 908 908 939 939 901 901 2333 2333 938 938 909 909 1270 1270 961 961 913 913 2776 2776 951 951 2331 2331 961 961 1270 1270 916 916 1270 1270 921 921 917 917 921 921 902 902 924 924 924 924 902 902 927 927 3024 3024 3000 3000 2988 2988 927 927 902 902 929 929 929 929 902 902 906 906 929 929 906 906 931 931 931 931 906 906 933 933 933 933 906 906 935 935 906 906 939 939 935 935 936 936 940 940 949 949 2725 2725 2719 2719 2728 2728 2655 2655 2642 2642 2656 2656 2569 2569 2554 2554 2610 2610 951 951 942 942 2332 2332 944 944 914 914 960 960 915 915 944 944 960 960 944 944 915 915 945 945 918 918 945 945 915 915 1605 1605 2047 2047 2106 2106 920 920 945 945 918 918 922 922 946 946 919 919 2719 2719 2722 2722 2728 2728 923 923 926 926 945 945 926 926 928 928 945 945 945 945 928 928 947 947 928 928 930 930 947 947 930 930 932 932 947 947 932 932 934 934 947 947 947 947 934 934 948 948 1589 1589 2862 2862 2854 2854 937 937 942 942 948 948 948 948 942 942 969 969 951 951 969 969 942 942 2321 2321 969 969 950 950 969 969 951 951 950 950 979 979 981 981 944 944 979 979 944 944 978 978 944 944 945 945 978 978 978 978 945 945 962 962 2046 2046 2047 2047 1605 1605 962 962 945 945 963 963 963 963 945 945 964 964 945 945 947 947 964 964 964 964 947 947 965 965 965 965 947 947 966 966 947 947 948 948 966 966 966 966 948 948 967 967 2921 2921 2862 2862 1589 1589 967 967 948 948 968 968 948 948 969 969 968 968 983 983 2349 2349 977 977 977 977 2349 2349 971 971 2350 2350 971 971 2349 2349 971 971 2350 2350 2351 2351 2352 2352 971 971 2351 2351 971 971 2352 2352 972 972 972 972 2352 2352 2353 2353 2354 2354 972 972 2353 2353 972 972 2354 2354 2355 2355 2356 2356 972 972 2355 2355 972 972 2356 2356 973 973 2357 2357 973 973 2356 2356 973 973 2357 2357 2358 2358 2359 2359 973 973 2358 2358 973 973 2359 2359 974 974 2360 2360 974 974 2359 2359 982 982 974 974 2360 2360 974 974 982 982 976 976 976 976 982 982 2361 2361 2362 2362 976 976 2361 2361 976 976 2362 2362 2364 2364 977 977 971 971 2321 2321 2321 2321 971 971 970 970 970 970 971 971 969 969 969 969 971 971 968 968 968 968 971 971 967 967 971 971 972 972 967 967 967 967 972 972 966 966 966 966 972 972 965 965 972 972 973 973 965 965 965 965 973 973 964 964 964 964 973 973 963 963 973 973 974 974 963 963 963 963 974 974 962 962 962 962 974 974 978 978 974 974 976 976 978 978 2064 2064 2065 2065 2052 2052 978 978 976 976 979 979 976 976 981 981 979 979 1266 1266 2407 2407 989 989 1021 1021 989 989 2407 2407 989 989 1021 1021 985 985 985 985 2410 2410 986 986 2757 2757 2853 2853 2753 2753 2411 2411 986 986 2410 2410 1584 1584 2767 2767 2765 2765 1020 1020 986 986 2411 2411 986 986 1020 1020 988 988 988 988 1020 1020 1019 1019 2412 2412 988 988 1019 1019 3021 3021 988 988 2412 2412 988 988 3021 3021 2413 2413 2414 2414 988 988 2413 2413 1266 1266 989 989 1264 1264 989 989 985 985 990 990 985 985 986 986 990 990 990 990 986 986 992 992 986 986 988 988 992 992 988 988 2414 2414 2415 2415 2416 2416 988 988 2415 2415 1264 1264 989 989 1023 1023 1360 1360 3020 3020 3022 3022 1650 1650 3005 3005 1619 1619 992 992 988 988 996 996 2416 2416 996 996 988 988 2417 2417 996 996 2416 2416 1023 1023 989 989 1262 1262 2998 2998 2347 2347 2323 2323 989 989 990 990 999 999 2690 2690 2664 2664 2689 2689 990 990 992 992 999 999 999 999 992 992 1000 1000 992 992 996 996 1000 1000 2418 2418 996 996 2417 2417 2776 2776 950 950 951 951 1262 1262 989 989 1015 1015 989 989 999 999 1015 1015 1000 1000 996 996 1002 1002 2418 2418 1002 1002 996 996 2419 2419 1002 1002 2418 2418 1262 1262 1015 1015 1025 1025 2047 2047 2060 2060 2048 2048 2059 2059 2060 2060 2047 2047 1015 1015 999 999 1018 1018 999 999 1000 1000 1018 1018 1018 1018 1000 1000 1197 1197 1197 1197 1000 1000 1012 1012 1000 1000 1002 1002 1012 1012 2177 2177 845 845 2178 2178 2420 2420 1012 1012 2419 2419 1012 1012 1002 1002 2419 2419 2974 2974 2965 2965 2975 2975 1025 1025 1015 1015 2568 2568 1197 1197 1012 1012 1249 1249 1249 1249 1012 1012 1247 1247 1247 1247 1012 1012 1246 1246 2420 2420 1246 1246 1012 1012 1246 1246 2420 2420 1260 1260 2794 2794 2810 2810 1585 1585 1603 1603 2048 2048 2107 2107 2860 2860 2863 2863 2869 2869 2189 2189 2178 2178 845 845 2869 2869 2863 2863 2872 2872 2420 2420 2419 2419 2422 2422 2435 2435 2420 2420 2422 2422 2763 2763 2852 2852 2759 2759 2636 2636 2642 2642 2655 2655 2944 2944 1347 1347 3019 3019 2075 2075 2094 2094 2076 2076 2960 2960 2971 2971 3037 3037 851 851 2092 2092 2209 2209 2181 2181 2185 2185 2171 2171 2615 2615 2817 2817 2619 2619 2209 2209 2092 2092 2074 2074 1325 1325 2874 2874 2935 2935 2913 2913 2902 2902 2917 2917 2088 2088 2096 2096 2079 2079 2120 2120 2056 2056 2205 2205 2739 2739 2725 2725 2728 2728 1325 1325 2935 2935 2922 2922 2099 2099 2100 2100 2082 2082 2955 2955 2958 2958 2966 2966 2403 2403 2341 2341 2401 2401 2197 2197 2132 2132 2198 2198 2153 2153 2154 2154 2131 2131 2982 2982 2985 2985 2996 2996 2978 2978 2980 2980 2988 2988 3061 3061 3134 3134 3161 3161 2063 2063 2082 2082 2064 2064 2249 2249 2240 2240 2251 2251 2287 2287 2276 2276 2305 2305 2305 2305 2276 2276 1715 1715 3134 3134 3135 3135 3161 3161 2576 2576 2572 2572 2813 2813 2573 2573 2813 2813 2572 2572 2745 2745 2854 2854 2761 2761 2547 2547 2536 2536 2531 2531 2366 2366 2362 2362 2341 2341 2362 2362 982 982 2341 2341 2240 2240 2243 2243 2251 2251 2543 2543 1253 1253 2533 2533 1241 1241 2533 2533 1253 1253 2262 2262 2248 2248 2266 2266 2965 2965 2966 2966 2967 2967 872 872 2246 2246 2257 2257 2248 2248 2249 2249 2266 2266 3079 3079 3080 3080 3097 3097 2945 2945 3009 3009 3043 3043 2082 2082 2083 2083 2064 2064 3028 3028 2955 2955 3029 3029 2777 2777 2333 2333 1795 1795 2152 2152 2160 2160 2153 2153 2160 2160 2171 2171 2153 2153 3080 3080 3092 3092 3099 3099 2128 2128 2129 2129 1706 1706 1348 1348 3042 3042 2949 2949 3076 3076 3173 3173 3174 3174 2784 2784 2796 2796 2594 2594 2796 2796 2784 2784 2797 2797 1276 1276 2702 2702 2737 2737 2047 2047 2048 2048 1603 1603 2106 2106 2047 2047 1603 1603 2874 2874 2881 2881 2935 2935 2330 2330 2321 2321 2776 2776 2209 2209 2074 2074 2207 2207 1680 1680 3076 3076 1676 1676 1586 1586 2051 2051 2108 2108 2050 2050 2051 2051 1586 1586 2085 2085 2102 2102 2113 2113 2435 2435 2113 2113 2437 2437 2422 2422 2113 2113 2435 2435 2874 2874 2866 2866 2881 2881 1260 1260 2437 2437 2551 2551 2324 2324 2322 2322 2326 2326 2326 2326 2322 2322 2565 2565 3159 3159 3131 3131 3160 3160 2881 2881 2866 2866 2884 2884 2867 2867 2870 2870 2875 2875 2877 2877 2872 2872 2880 2880 2422 2422 2423 2423 2113 2113 2433 2433 2423 2423 2422 2422 1243 1243 2556 2556 2559 2559 2828 2828 2847 2847 2679 2679 3067 3067 3047 3047 1667 1667 1015 1015 2564 2564 2568 2568 1256 1256 1245 1245 1259 1259 1246 1246 1258 1258 1247 1247 1247 1247 1258 1258 1203 1203 1247 1247 1203 1203 1249 1249 1249 1249 1203 1203 1234 1234 1249 1249 1234 1234 1196 1196 1196 1196 1234 1234 1016 1016 1234 1234 1237 1237 1016 1016 1017 1017 1237 1237 1250 1250 1250 1250 1237 1237 1015 1015 1015 1015 1237 1237 2564 2564 1237 1237 2562 2562 2564 2564 2273 2273 2253 2253 2275 2275 1234 1234 1238 1238 1237 1237 1238 1238 1239 1239 1237 1237 2374 2374 2343 2343 2399 2399 3119 3119 3120 3120 3123 3123 1239 1239 1240 1240 1237 1237 1237 1237 1240 1240 2562 2562 1240 1240 1242 1242 2562 2562 2253 2253 2254 2254 2275 2275 2562 2562 1242 1242 2560 2560 2996 2996 2985 2985 2997 2997 1240 1240 1252 1252 1242 1242 2539 2539 1242 1242 1252 1252 1244 1244 2539 2539 2558 2558 2567 2567 1267 1267 1024 1024 1024 1024 1267 1267 1261 1261 1261 1261 1267 1267 1022 1022 1022 1022 1267 1267 1263 1263 1263 1263 1267 1267 1265 1265 1265 1265 1267 1267 2389 2389 1265 1265 2389 2389 2408 2408 980 980 975 975 2735 2735 2735 2735 975 975 2655 2655 2655 2655 975 975 2636 2636 2636 2636 975 975 2363 2363 2636 2636 2363 2363 2615 2615 2615 2615 2363 2363 2839 2839 883 883 1269 1269 1271 1271 1271 1271 1269 1269 1272 1272 1284 1284 1272 1272 1269 1269 912 912 1284 1284 1269 1269 1283 1283 1284 1284 912 912 943 943 1283 1283 912 912 1283 1283 943 943 2735 2735 2735 2735 943 943 980 980 1267 1267 1275 1275 2389 2389 2389 2389 1275 1275 2381 2381 2574 2574 2381 2381 1275 1275 2381 2381 2574 2574 2367 2367 2589 2589 2367 2367 2574 2574 2367 2367 2589 2589 2365 2365 2365 2365 2589 2589 2839 2839 2365 2365 2839 2839 2363 2363 2736 2736 1283 1283 2735 2735 1283 1283 2736 2736 1276 1276 1277 1277 1284 1284 1283 1283 1283 1283 1276 1276 1277 1277 2737 2737 1277 1277 1276 1276 1282 1282 1277 1277 2737 2737 1277 1277 1282 1282 1279 1279 2717 2717 1279 1279 1282 1282 2738 2738 1279 1279 2717 2717 1279 1279 2738 2738 1280 1280 2610 2610 2554 2554 2570 2570 1271 1271 1272 1272 1286 1286 1284 1284 1277 1277 1272 1272 1272 1272 1277 1277 1286 1286 1286 1286 1277 1277 1289 1289 1289 1289 1277 1277 1295 1295 1277 1277 1279 1279 1295 1295 1295 1295 1279 1279 1287 1287 1287 1287 1279 1279 1288 1288 1279 1279 1280 1280 1288 1288 1288 1288 1280 1280 1294 1294 2739 2739 1294 1294 1280 1280 1281 1281 1294 1294 2739 2739 1294 1294 1281 1281 2937 2937 3076 3076 3095 3095 3105 3105 3105 3105 3095 3095 3106 3106 1271 1271 1289 1289 182 182 182 182 1289 1289 180 180 1289 1289 1295 1295 1292 1292 1287 1287 1292 1292 1295 1295 180 180 1289 1289 1296 1296 1289 1289 1292 1292 1296 1296 1288 1288 1292 1292 1287 1287 1296 1296 1292 1292 1298 1298 1292 1292 1288 1288 1293 1293 1294 1294 1293 1293 1288 1288 1298 1298 1292 1292 1300 1300 1292 1292 1293 1293 1300 1300 3143 3143 3079 3079 3176 3176 2937 2937 1293 1293 1294 1294 1300 1300 1293 1293 1302 1302 1326 1326 1293 1293 2937 2937 1302 1302 1293 1293 1305 1305 1326 1326 1305 1305 1293 1293 1324 1324 1350 1350 1327 1327 1322 1322 1328 1328 1350 1350 1322 1322 177 177 1328 1328 1321 1321 178 178 1322 1322 179 179 1321 1321 1311 1311 1320 1320 1311 1311 1321 1321 1320 1320 163 163 1311 1311 1351 1351 163 163 1320 1320 1351 1351 174 174 163 163 174 174 1351 1351 165 165 1352 1352 168 168 1351 1351 167 167 1352 1352 173 173 160 160 173 173 1352 1352 1353 1353 160 160 1352 1352 1331 1331 160 160 1353 1353 1331 1331 172 172 160 160 1315 1315 172 172 1331 1331 1316 1316 1315 1315 1331 1331 1319 1319 1316 1316 1331 1331 1316 1316 1319 1319 1317 1317 1318 1318 1317 1317 1319 1319 1318 1318 170 170 1317 1317 1354 1354 170 170 1318 1318 875 875 171 171 1354 1354 875 875 169 169 171 171 862 862 169 169 875 875 2299 2299 875 875 1342 1342 2299 2299 1342 1342 1343 1343 2299 2299 1343 1343 1344 1344 2299 2299 1344 1344 1345 1345 2299 2299 1345 1345 1329 1329 2299 2299 1329 1329 325 325 875 875 1354 1354 1342 1342 1342 1342 1354 1354 1335 1335 1318 1318 1335 1335 1354 1354 1319 1319 1335 1335 1318 1318 1335 1335 1319 1319 1331 1331 1353 1353 1332 1332 1331 1331 1352 1352 1332 1332 1353 1353 1332 1332 1352 1352 1333 1333 1333 1333 1352 1352 1351 1351 1320 1320 1333 1333 1351 1351 1321 1321 1333 1333 1320 1320 1333 1333 1321 1321 2939 2939 2939 2939 1321 1321 1322 1322 1350 1350 2939 2939 1322 1322 1350 1350 1324 1324 2939 2939 1342 1342 1335 1335 1343 1343 1335 1335 1331 1331 1336 1336 1331 1331 1332 1332 1336 1336 1336 1336 1332 1332 1337 1337 1332 1332 1333 1333 1337 1337 1337 1337 1333 1333 1338 1338 1333 1333 2939 2939 1338 1338 1338 1338 2939 2939 1340 1340 1343 1343 1335 1335 1344 1344 1344 1344 1335 1335 1345 1345 1345 1345 1335 1335 2954 2954 2954 2954 1335 1335 2953 2953 1335 1335 1336 1336 2953 2953 2953 2953 1336 1336 2952 2952 2952 2952 1336 1336 1347 1347 1336 1336 1337 1337 1347 1347 1347 1347 1337 1337 2951 2951 2951 2951 1337 1337 2950 2950 1337 1337 1338 1338 2950 2950 2950 2950 1338 1338 2949 2949 2949 2949 1338 1338 1348 1348 1348 1348 1338 1338 2948 2948 1338 1338 1340 1340 2948 2948 2948 2948 1340 1340 1349 1349 1349 1349 1340 1340 2947 2947 1340 1340 1615 1615 2947 2947 352 352 319 319 3075 3075 3075 3075 319 319 3027 3027 3026 3026 3027 3027 319 319 1364 1364 3026 3026 319 319 320 320 3026 3026 1364 1364 320 320 1355 1355 3026 3026 3025 3025 1355 1355 320 320 1363 1363 3025 3025 320 320 3025 3025 1363 1363 2981 2981 321 321 2981 2981 1363 1363 321 321 1356 1356 2981 2981 1362 1362 1356 1356 321 321 2944 2944 2952 2952 1347 1347 1356 1356 1362 1362 3024 3024 1361 1361 3024 3024 1362 1362 3023 3023 3024 3024 1361 1361 322 322 3023 3023 1361 1361 3023 3023 322 322 1359 1359 323 323 1359 1359 322 322 1359 1359 323 323 3022 3022 324 324 3022 3022 323 323 3022 3022 324 324 1360 1360 325 325 1360 1360 324 324 1360 1360 325 325 1329 1329 3075 3075 3059 3059 352 352 352 352 3059 3059 447 447 447 447 3059 3059 446 446 3127 3127 3119 3119 3122 3122 2943 2943 2952 2952 2944 2944 3053 3053 3050 3050 3055 3055 446 446 3059 3059 1366 1366 1365 1365 1366 1366 3059 3059 1366 1366 1365 1365 445 445 445 445 1365 1365 444 444 444 444 1365 1365 443 443 3060 3060 443 443 1365 1365 3060 3060 442 442 443 443 3045 3045 2951 2951 3044 3044 442 442 3060 3060 441 441 441 441 3060 3060 440 440 440 440 3060 3060 3164 3164 440 440 3164 3164 1371 1371 651 651 652 652 3180 3180 3141 3141 3180 3180 652 652 1378 1378 3141 3141 652 652 3141 3141 1378 1378 653 653 3141 3141 653 653 3140 3140 654 654 3140 3140 653 653 3140 3140 654 654 3139 3139 655 655 3139 3139 654 654 3139 3139 655 655 1367 1367 1367 1367 655 655 1377 1377 1376 1376 1367 1367 1377 1377 1367 1367 1376 1376 1368 1368 1376 1376 1375 1375 1368 1368 1374 1374 1368 1368 1375 1375 1368 1368 1374 1374 1369 1369 2392 2392 2386 2386 2393 2393 2393 2393 2386 2386 2406 2406 1369 1369 1374 1374 3138 3138 656 656 3138 3138 1374 1374 1373 1373 3138 3138 656 656 1373 1373 1370 1370 3138 3138 1372 1372 1370 1370 1373 1373 1372 1372 3137 3137 1370 1370 3136 3136 3137 3137 1372 1372 1371 1371 3136 3136 1372 1372 3136 3136 1371 1371 3164 3164 2551 2551 2439 2439 2529 2529 2529 2529 2439 2439 1379 1379 1379 1379 2439 2439 1380 1380 1380 1380 2439 2439 1382 1382 1382 1382 2439 2439 3180 3180 3050 3050 3051 3051 3055 3055 3180 3180 2439 2439 651 651 651 651 2439 2439 803 803 651 651 803 803 513 513 513 513 803 803 550 550 550 550 803 803 1385 1385 1385 1385 803 803 1386 1386 1386 1386 803 803 1387 1387 1387 1387 803 803 517 517 517 517 803 803 650 650 650 650 803 803 649 649 649 649 803 803 518 518 518 518 803 803 1389 1389 1389 1389 803 803 1390 1390 1390 1390 803 803 1391 1391 2960 2960 3035 3035 2961 2961 1391 1391 803 803 1392 1392 3019 3019 3013 3013 3020 3020 3113 3113 3100 3100 1368 1368 2758 2758 2754 2754 2748 2748 2153 2153 2171 2171 2154 2154 2054 2054 2055 2055 1484 1484 2171 2171 2172 2172 2154 2154 2864 2864 2856 2856 2868 2868 2848 2848 2851 2851 2857 2857 2980 2980 2978 2978 3025 3025 2214 2214 2222 2222 2243 2243 2401 2401 2341 2341 2378 2378 2341 2341 2342 2342 2378 2378 2052 2052 2065 2065 2053 2053 3022 3022 3020 3020 3013 3013 2966 2966 2958 2958 2967 2967 2173 2173 2174 2174 2163 2163 2895 2895 2886 2886 2898 2898 2181 2181 2171 2171 2160 2160 2276 2276 2277 2277 2288 2288 2172 2172 2184 2184 2162 2162 2163 2163 2174 2174 2164 2164 2289 2289 2288 2288 2277 2277 2286 2286 2273 2273 1717 1717 3057 3057 3058 3058 3028 3028 3028 3028 3058 3058 3059 3059 2178 2178 2189 2189 2179 2179 2150 2150 2151 2151 2128 2128 2079 2079 2080 2080 2061 2061 2060 2060 2079 2079 2061 2061 2907 2907 2896 2896 2910 2910 2848 2848 2751 2751 2851 2851 2755 2755 2851 2851 2751 2751 2 2 3537 3537 3536 3536 2 2 3536 3536 46 46 48 48 3538 3538 3537 3537 48 48 3537 3537 2 2 49 49 3539 3539 3538 3538 49 49 3538 3538 48 48 50 50 3540 3540 3539 3539 50 50 3539 3539 49 49 29 29 3541 3541 3540 3540 29 29 3540 3540 50 50 28 28 3542 3542 3541 3541 28 28 3541 3541 29 29 27 27 3544 3544 3542 3542 27 27 3542 3542 28 28 23 23 3545 3545 3543 3543 23 23 3543 3543 26 26 51 51 3546 3546 3545 3545 51 51 3545 3545 23 23 22 22 3547 3547 3546 3546 22 22 3546 3546 51 51 52 52 3548 3548 3547 3547 52 52 3547 3547 22 22 21 21 3549 3549 3548 3548 21 21 3548 3548 52 52 20 20 3550 3550 3549 3549 20 20 3549 3549 21 21 53 53 3551 3551 3550 3550 53 53 3550 3550 20 20 19 19 3552 3552 3551 3551 19 19 3551 3551 53 53 54 54 3553 3553 3552 3552 54 54 3552 3552 19 19 18 18 3554 3554 3553 3553 18 18 3553 3553 54 54 55 55 3555 3555 3554 3554 55 55 3554 3554 18 18 17 17 3556 3556 3555 3555 17 17 3555 3555 55 55 16 16 3557 3557 3556 3556 16 16 3556 3556 17 17 56 56 3558 3558 3557 3557 56 56 3557 3557 16 16 15 15 3559 3559 3558 3558 15 15 3558 3558 56 56 14 14 3560 3560 3559 3559 14 14 3559 3559 15 15 13 13 3561 3561 3560 3560 13 13 3560 3560 14 14 57 57 3562 3562 3561 3561 57 57 3561 3561 13 13 12 12 3563 3563 3562 3562 12 12 3562 3562 57 57 11 11 3564 3564 3563 3563 11 11 3563 3563 12 12 10 10 3565 3565 3564 3564 10 10 3564 3564 11 11 36 36 3566 3566 3565 3565 36 36 3565 3565 10 10 37 37 3567 3567 3566 3566 37 37 3566 3566 36 36 38 38 3568 3568 3567 3567 38 38 3567 3567 37 37 9 9 3569 3569 3568 3568 9 9 3568 3568 38 38 39 39 3570 3570 3569 3569 39 39 3569 3569 9 9 8 8 3571 3571 3570 3570 8 8 3570 3570 39 39 40 40 3572 3572 3571 3571 40 40 3571 3571 8 8 7 7 3573 3573 3572 3572 7 7 3572 3572 40 40 6 6 3574 3574 3573 3573 6 6 3573 3573 7 7 41 41 3575 3575 3574 3574 41 41 3574 3574 6 6 5 5 3576 3576 3575 3575 5 5 3575 3575 41 41 42 42 3577 3577 3576 3576 42 42 3576 3576 5 5 43 43 3578 3578 3577 3577 43 43 3577 3577 42 42 4 4 3579 3579 3578 3578 4 4 3578 3578 43 43 44 44 3580 3580 3579 3579 44 44 3579 3579 4 4 45 45 3581 3581 3580 3580 45 45 3580 3580 44 44 3 3 3582 3582 3581 3581 3 3 3581 3581 45 45 46 46 3536 3536 3582 3582 46 46 3582 3582 3 3 3677 3677 3661 3661 3659 3659 3749 3749 3661 3661 3677 3677 3661 3661 3749 3749 3663 3663 3749 3749 3747 3747 3663 3663 3663 3663 3747 3747 3665 3665 3747 3747 3597 3597 3665 3665 3665 3665 3597 3597 3595 3595 3597 3597 3745 3745 3595 3595 3595 3595 3745 3745 3667 3667 3745 3745 3743 3743 3667 3667 3667 3667 3743 3743 3599 3599 3667 3667 3599 3599 3593 3593 3593 3593 3599 3599 3601 3601 3593 3593 3601 3601 3669 3669 3669 3669 3601 3601 3741 3741 3669 3669 3741 3741 3671 3671 3741 3741 3591 3591 3671 3671 3603 3603 3591 3591 3741 3741 3591 3591 3603 3603 3589 3589 3605 3605 3589 3589 3603 3603 3589 3589 3605 3605 3588 3588 3740 3740 3588 3588 3605 3605 3588 3588 3740 3740 3674 3674 3740 3740 3608 3608 3674 3674 3674 3674 3608 3608 3676 3676 3608 3608 3738 3738 3676 3676 3676 3676 3738 3738 3586 3586 3736 3736 3586 3586 3738 3738 3734 3734 3586 3586 3736 3736 3584 3584 3586 3586 3734 3734 3734 3734 3648 3648 3584 3584 3732 3732 3648 3648 3734 3734 3648 3648 3732 3732 3646 3646 3732 3732 3730 3730 3646 3646 3646 3646 3730 3730 3728 3728 3646 3646 3728 3728 3754 3754 3754 3754 3728 3728 3610 3610 3754 3754 3610 3610 3644 3644 3610 3610 3642 3642 3644 3644 3612 3612 3642 3642 3610 3610 3642 3642 3612 3612 3640 3640 3614 3614 3640 3640 3612 3612 3640 3640 3614 3614 3638 3638 3616 3616 3638 3638 3614 3614 3638 3638 3616 3616 3636 3636 3616 3616 3618 3618 3636 3636 3636 3636 3618 3618 3634 3634 3618 3618 3620 3620 3634 3634 3634 3634 3620 3620 3756 3756 3620 3620 3622 3622 3756 3756 3756 3756 3622 3622 3632 3632 3622 3622 3726 3726 3632 3632 3632 3632 3726 3726 3630 3630 3726 3726 3624 3624 3630 3630 3630 3630 3624 3624 3626 3626 3630 3630 3626 3626 3758 3758 3758 3758 3626 3626 3724 3724 3758 3758 3724 3724 3628 3628 3752 3752 3628 3628 3724 3724 3881 3881 3628 3628 3752 3752 3777 3777 3583 3583 3649 3649 3777 3777 3585 3585 3583 3583 3585 3585 3777 3777 3776 3776 3585 3585 3776 3776 3675 3675 3650 3650 3675 3675 3776 3776 3675 3675 3650 3650 3673 3673 3650 3650 3775 3775 3673 3673 3673 3673 3775 3775 3774 3774 3673 3673 3774 3774 3587 3587 3651 3651 3587 3587 3774 3774 3587 3587 3651 3651 3590 3590 3652 3652 3590 3590 3651 3651 3590 3590 3652 3652 3653 3653 3590 3590 3653 3653 3592 3592 3654 3654 3592 3592 3653 3653 3654 3654 3672 3672 3592 3592 3672 3672 3654 3654 3670 3670 3654 3654 3773 3773 3670 3670 3772 3772 3670 3670 3773 3773 3670 3670 3772 3772 3594 3594 3655 3655 3594 3594 3772 3772 3594 3594 3655 3655 3668 3668 3655 3655 3771 3771 3668 3668 3668 3668 3771 3771 3656 3656 3668 3668 3656 3656 3596 3596 3657 3657 3596 3596 3656 3656 3596 3596 3657 3657 3666 3666 3657 3657 3770 3770 3666 3666 3666 3666 3770 3770 3769 3769 3666 3666 3769 3769 3664 3664 3658 3658 3664 3664 3769 3769 3664 3664 3658 3658 3662 3662 3658 3658 3768 3768 3662 3662 3895 3895 3662 3662 3768 3768 3660 3660 3662 3662 3895 3895 3659 3659 3778 3778 3677 3677 3680 3680 3778 3778 3659 3659 3685 3685 3678 3678 3682 3682 3678 3678 3685 3685 3750 3750 3685 3685 3687 3687 3750 3750 3750 3750 3687 3687 3792 3792 3750 3750 3792 3792 3748 3748 3748 3748 3792 3792 3689 3689 3748 3748 3689 3689 3598 3598 3790 3790 3598 3598 3689 3689 3598 3598 3790 3790 3746 3746 3788 3788 3746 3746 3790 3790 3746 3746 3788 3788 3744 3744 3786 3786 3744 3744 3788 3788 3744 3744 3786 3786 3600 3600 3691 3691 3600 3600 3786 3786 3600 3600 3691 3691 3602 3602 3691 3691 3693 3693 3602 3602 3602 3602 3693 3693 3695 3695 3602 3602 3695 3695 3742 3742 3697 3697 3742 3742 3695 3695 3742 3742 3697 3697 3604 3604 3699 3699 3604 3604 3697 3697 3604 3604 3699 3699 3606 3606 3699 3699 3798 3798 3606 3606 3606 3606 3798 3798 3739 3739 3798 3798 3702 3702 3739 3739 3704 3704 3739 3739 3702 3702 3739 3739 3704 3704 3607 3607 3706 3706 3607 3607 3704 3704 3607 3607 3706 3706 3737 3737 3706 3706 3827 3827 3737 3737 3708 3708 3737 3737 3827 3827 3737 3737 3708 3708 3825 3825 3737 3737 3825 3825 3735 3735 3825 3825 3733 3733 3735 3735 3823 3823 3733 3733 3825 3825 3733 3733 3823 3823 3731 3731 3823 3823 3710 3710 3731 3731 3731 3731 3710 3710 3729 3729 3821 3821 3729 3729 3710 3710 3729 3729 3821 3821 3727 3727 3819 3819 3727 3727 3821 3821 3727 3727 3819 3819 3609 3609 3712 3712 3609 3609 3819 3819 3609 3609 3712 3712 3611 3611 3714 3714 3611 3611 3712 3712 3611 3611 3714 3714 3613 3613 3714 3714 3716 3716 3613 3613 3613 3613 3716 3716 3817 3817 3613 3613 3817 3817 3615 3615 3718 3718 3615 3615 3817 3817 3615 3615 3718 3718 3617 3617 3815 3815 3617 3617 3718 3718 3617 3617 3815 3815 3619 3619 3720 3720 3619 3619 3815 3815 3619 3619 3720 3720 3621 3621 3813 3813 3621 3621 3720 3720 3621 3621 3813 3813 3725 3725 3813 3813 3811 3811 3725 3725 3725 3725 3811 3811 3809 3809 3725 3725 3809 3809 3623 3623 3807 3807 3623 3623 3809 3809 3623 3623 3807 3807 3625 3625 3805 3805 3625 3625 3807 3807 3625 3625 3805 3805 3723 3723 3722 3722 3723 3723 3805 3805 3723 3723 3722 3722 3751 3751 3722 3722 3803 3803 3751 3751 3752 3752 3861 3861 3879 3879 3881 3881 3752 3752 3879 3879 3892 3892 3880 3880 3893 3893 3892 3892 3627 3627 3880 3880 3627 3627 3892 3892 3891 3891 3627 3627 3891 3891 3757 3757 3759 3759 3757 3757 3891 3891 3757 3757 3759 3759 3629 3629 3759 3759 3890 3890 3629 3629 3629 3629 3890 3890 3760 3760 3629 3629 3760 3760 3631 3631 3889 3889 3631 3631 3760 3760 3631 3631 3889 3889 3755 3755 3889 3889 3761 3761 3755 3755 3755 3755 3761 3761 3762 3762 3755 3755 3762 3762 3633 3633 3888 3888 3633 3633 3762 3762 3633 3633 3888 3888 3635 3635 3888 3888 3887 3887 3635 3635 3635 3635 3887 3887 3886 3886 3635 3635 3886 3886 3637 3637 3885 3885 3637 3637 3886 3886 3637 3637 3885 3885 3639 3639 3884 3884 3639 3639 3885 3885 3639 3639 3884 3884 3883 3883 3639 3639 3883 3883 3641 3641 3763 3763 3641 3641 3883 3883 3763 3763 3643 3643 3641 3641 3643 3643 3763 3763 3764 3764 3643 3643 3764 3764 3753 3753 3765 3765 3753 3753 3764 3764 3753 3753 3765 3765 3645 3645 3765 3765 3766 3766 3645 3645 3645 3645 3766 3766 3882 3882 3645 3645 3882 3882 3647 3647 3767 3767 3647 3647 3882 3882 3649 3649 3647 3647 3767 3767 3583 3583 3647 3647 3649 3649 3895 3895 3681 3681 3660 3660 3894 3894 3681 3681 3895 3895 3778 3778 4070 4070 3780 3780 3680 3680 4070 4070 3778 3778 3782 3782 3683 3683 3679 3679 3782 3782 3679 3679 3779 3779 3799 3799 3785 3785 3952 3952 3952 3952 3785 3785 3796 3796 3796 3796 3785 3785 3953 3953 3953 3953 3785 3785 3795 3795 3785 3785 3954 3954 3795 3795 3785 3785 3955 3955 3954 3954 3955 3955 3785 3785 3794 3794 3785 3785 3956 3956 3794 3794 3785 3785 3957 3957 3956 3956 3785 3785 3684 3684 3957 3957 3684 3684 3785 3785 3686 3686 3688 3688 3686 3686 3785 3785 3688 3688 3785 3785 3793 3793 3785 3785 3690 3690 3793 3793 3690 3690 3785 3785 3791 3791 3791 3791 3785 3785 3789 3789 3789 3789 3785 3785 3787 3787 3787 3787 3785 3785 3692 3692 3785 3785 3694 3694 3692 3692 3694 3694 3785 3785 3696 3696 3696 3696 3785 3785 3698 3698 3698 3698 3785 3785 3700 3700 3797 3797 3700 3700 3785 3785 3785 3785 3701 3701 3797 3797 3701 3701 3785 3785 3703 3703 3785 3785 3705 3705 3703 3703 3705 3705 3785 3785 3826 3826 3826 3826 3785 3785 3707 3707 3824 3824 3707 3707 3785 3785 3824 3824 3785 3785 3822 3822 3822 3822 3785 3785 3709 3709 3709 3709 3785 3785 3820 3820 3820 3820 3785 3785 3818 3818 3818 3818 3785 3785 3711 3711 3711 3711 3785 3785 3713 3713 3785 3785 3715 3715 3713 3713 3715 3715 3785 3785 3816 3816 3717 3717 3816 3816 3785 3785 3717 3717 3785 3785 3814 3814 3814 3814 3785 3785 3719 3719 3719 3719 3785 3785 3812 3812 3812 3812 3785 3785 3810 3810 3785 3785 3808 3808 3810 3810 3808 3808 3785 3785 3806 3806 3806 3806 3785 3785 3804 3804 3804 3804 3785 3785 3721 3721 3802 3802 3721 3721 3785 3785 3801 3801 3802 3802 3785 3785 3801 3801 3785 3785 3800 3800 3799 3799 3800 3800 3785 3785 3837 3837 3868 3868 3866 3866 3975 3975 3868 3868 3837 3837 3868 3868 3975 3975 3834 3834 3839 3839 3834 3834 3975 3975 3973 3973 3834 3834 3839 3839 3834 3834 3973 3973 3870 3870 3841 3841 3870 3870 3973 3973 3870 3870 3841 3841 3832 3832 3843 3843 3832 3832 3841 3841 3832 3832 3843 3843 3872 3872 3971 3971 3872 3872 3843 3843 3872 3872 3971 3971 3830 3830 3969 3969 3830 3830 3971 3971 3830 3830 3969 3969 3874 3874 3969 3969 3876 3876 3874 3874 3967 3967 3876 3876 3969 3969 3876 3876 3967 3967 3828 3828 3845 3845 3828 3828 3967 3967 3828 3828 3845 3845 3848 3848 3965 3965 3848 3848 3845 3845 3999 3999 3848 3848 3965 3965 3803 3803 3977 3977 3847 3847 3847 3847 3860 3860 3751 3751 3847 3847 3862 3862 3860 3860 3803 3803 3847 3847 3751 3751 3837 3837 3866 3866 3847 3847 3862 3862 3847 3847 3864 3864 3866 3866 3864 3864 3847 3847 3879 3879 3861 3861 3863 3863 3879 3879 3863 3863 4002 4002 3865 3865 4002 4002 3863 3863 4002 4002 3865 3865 4004 4004 3867 3867 4004 4004 3865 3865 4004 4004 3867 3867 3859 3859 3867 3867 3869 3869 3859 3859 3859 3859 3869 3869 4006 4006 3869 3869 3835 3835 4006 4006 4006 4006 3835 3835 3871 3871 4006 4006 3871 3871 3857 3857 3857 3857 3871 3871 3833 3833 3857 3857 3833 3833 4008 4008 4008 4008 3833 3833 3873 3873 4008 4008 3873 3873 3855 3855 3831 3831 3855 3855 3873 3873 3855 3855 3831 3831 4010 4010 4010 4010 3831 3831 3875 3875 4010 4010 3875 3875 3853 3853 3877 3877 3853 3853 3875 3875 3853 3853 3877 3877 3851 3851 3877 3877 3829 3829 3851 3851 3851 3851 3829 3829 4012 4012 3849 3849 4012 4012 3829 3829 3984 3984 4012 4012 3849 3849 3878 3878 3893 3893 3880 3880 3878 3878 4022 4022 3893 3893 3903 3903 3908 3908 4041 4041 3903 3903 3907 3907 3908 3908 3903 3903 4028 4028 3907 3907 3903 3903 3906 3906 4028 4028 3903 3903 3905 3905 3906 3906 3903 3903 4029 4029 3905 3905 3903 3903 4030 4030 4029 4029 3903 3903 3904 3904 4030 4030 3903 3903 4031 4031 3904 3904 4043 4043 3903 3903 4041 4041 4071 4071 3903 3903 4043 4043 4071 4071 3894 3894 3903 3903 3681 3681 3894 3894 4071 4071 3950 3950 4049 4049 3910 3910 4049 4049 3950 3950 3935 3935 3914 3914 3935 3935 3950 3950 3935 3935 3914 3914 4053 4053 3947 3947 4053 4053 3914 3914 3947 3947 3933 3933 4053 4053 3915 3915 3933 3933 3947 3947 3933 3933 3915 3915 4056 4056 3945 3945 4056 4056 3915 3915 4056 4056 3945 3945 3917 3917 4056 4056 3917 3917 4058 4058 3919 3919 4058 4058 3917 3917 3919 3919 3931 3931 4058 4058 3931 3931 3919 3919 4060 4060 3921 3921 4060 4060 3919 3919 4060 4060 3921 3921 4062 4062 3943 3943 4062 4062 3921 3921 4062 4062 3943 3943 4064 4064 3943 3943 3941 3941 4064 4064 4064 4064 3941 3941 3929 3929 3941 3941 3939 3939 3929 3929 3929 3929 3939 3939 3927 3927 3939 3939 3923 3923 3927 3927 3927 3927 3923 3923 4066 4066 3923 3923 3925 3925 4066 4066 4066 4066 3925 3925 4068 4068 3925 3925 3937 3937 4068 4068 4068 4068 3937 3937 4070 4070 3937 3937 3780 3780 4070 4070 3782 3782 3949 3949 3909 3909 3782 3782 3913 3913 3949 3949 3782 3782 3948 3948 3913 3913 3782 3782 3916 3916 3948 3948 3782 3782 3946 3946 3916 3916 3782 3782 3918 3918 3946 3946 3782 3782 3920 3920 3918 3918 3782 3782 3922 3922 3920 3920 3782 3782 3944 3944 3922 3922 3782 3782 3942 3942 3944 3944 3782 3782 3940 3940 3942 3942 3782 3782 3924 3924 3940 3940 3782 3782 3926 3926 3924 3924 3782 3782 3938 3938 3926 3926 3779 3779 3938 3938 3782 3782 3781 3781 3938 3938 3779 3779 3962 3962 3958 3958 3684 3684 3684 3684 3958 3958 3957 3957 3958 3958 3956 3956 3957 3957 3959 3959 3956 3956 3958 3958 3956 3956 3959 3959 3794 3794 3794 3794 3959 3959 3955 3955 3959 3959 3954 3954 3955 3955 3959 3959 3795 3795 3954 3954 3795 3795 3959 3959 3953 3953 3959 3959 3796 3796 3953 3953 3796 3796 3959 3959 3952 3952 3799 3799 3952 3952 3959 3959 3962 3962 3960 3960 3958 3958 3959 3959 3958 3958 3960 3960 3799 3799 3959 3959 3978 3978 3979 3979 3959 3959 3961 3961 3978 3978 3959 3959 3979 3979 3979 3979 3961 3961 3963 3963 3960 3960 3962 3962 3784 3784 3951 3951 3960 3960 3783 3783 4087 4087 3960 3960 3951 3951 3959 3959 3960 3960 4087 4087 4086 4086 3959 3959 4087 4087 3961 3961 3959 3959 4086 4086 4085 4085 3961 3961 4086 4086 4084 4084 3961 3961 4085 4085 3980 3980 3961 3961 4084 4084 3963 3963 3961 3961 3980 3980 3978 3978 3800 3800 3799 3799 3978 3978 3972 3972 3838 3838 3979 3979 3972 3972 3978 3978 3963 3963 3970 3970 3979 3979 3980 3980 3970 3970 3963 3963 3964 3964 3980 3980 4084 4084 3978 3978 3802 3802 3801 3801 3800 3800 3978 3978 3801 3801 3802 3802 3978 3978 3976 3976 3978 3978 3846 3846 3976 3976 3846 3846 3978 3978 3836 3836 3978 3978 3974 3974 3836 3836 3838 3838 3974 3974 3978 3978 3979 3979 3840 3840 3972 3972 3840 3840 3979 3979 3842 3842 3842 3842 3979 3979 3970 3970 3980 3980 3968 3968 3970 3970 3968 3968 3980 3980 3966 3966 3980 3980 3844 3844 3966 3966 3844 3844 3980 3980 3964 3964 3982 3982 3849 3849 4000 4000 3984 3984 3849 3849 3982 3982 3999 3999 3995 3995 3997 3997 3999 3999 3993 3993 3995 3995 3999 3999 4108 4108 3993 3993 3999 3999 4110 4110 4108 4108 3999 3999 4112 4112 4110 4110 3999 3999 4114 4114 4112 4112 3999 3999 3991 3991 4114 4114 3999 3999 4116 4116 3991 3991 3999 3999 4118 4118 4116 4116 3999 3999 3989 3989 4118 4118 3999 3999 4121 4121 3989 3989 3999 3999 4123 4123 4121 4121 3965 3965 4123 4123 3999 3999 3988 3988 4123 4123 3965 3965 4022 4022 3878 3878 4001 4001 4022 4022 4001 4001 4021 4021 4003 4003 4021 4021 4001 4001 4021 4021 4003 4003 4023 4023 3858 3858 4023 4023 4003 4003 4023 4023 3858 3858 4020 4020 4005 4005 4020 4020 3858 3858 4020 4020 4005 4005 4019 4019 3856 3856 4019 4019 4005 4005 4019 4019 3856 3856 4018 4018 3856 3856 4024 4024 4018 4018 4007 4007 4024 4024 3856 3856 4024 4024 4007 4007 4017 4017 3854 3854 4017 4017 4007 4007 4017 4017 3854 3854 4016 4016 4009 4009 4016 4016 3854 3854 4016 4016 4009 4009 4015 4015 3852 3852 4015 4015 4009 4009 4015 4015 3852 3852 4014 4014 3850 3850 4014 4014 3852 3852 4014 4014 3850 3850 4013 4013 4011 4011 4013 4013 3850 3850 4013 4013 4011 4011 4093 4093 4011 4011 3983 3983 4093 4093 4051 4051 3936 3936 4078 4078 4078 4078 3936 3936 4055 4055 4079 4079 4054 4054 4034 4034 4034 4034 4054 4054 4048 4048 4054 4054 3934 3934 4048 4048 4048 4048 3934 3934 4036 4036 3934 3934 4057 4057 4036 4036 4036 4036 4057 4057 4059 4059 4036 4036 4059 4059 4047 4047 4047 4047 4059 4059 3932 3932 4047 4047 3932 3932 4046 4046 4061 4061 4046 4046 3932 3932 4046 4046 4061 4061 4037 4037 4061 4061 4063 4063 4037 4037 4037 4037 4063 4063 4045 4045 4063 4063 4065 4065 4045 4045 4045 4045 4065 4065 4044 4044 4065 4065 3930 3930 4044 4044 4044 4044 3930 3930 4038 4038 3930 3930 3928 3928 4038 4038 4038 4038 3928 3928 4039 4039 3928 3928 4067 4067 4039 4039 4039 4039 4067 4067 4043 4043 4067 4067 4069 4069 4043 4043 4069 4069 4071 4071 4043 4043 4083 4083 3912 3912 4050 4050 4088 4088 3912 3912 4083 4083 4076 4076 4088 4088 4083 4083 3985 3985 4088 4088 4076 4076 4052 4052 4033 4033 4081 4081 4052 4052 4080 4080 4033 4033 4074 4074 4052 4052 4081 4081 4074 4074 4027 4027 4072 4072 4081 4081 4027 4027 4074 4074 4074 4074 4082 4082 4052 4052 4084 4084 3986 3986 3964 3964 4085 4085 3986 3986 4084 4084 4089 4089 3986 3986 4085 4085 4086 4086 4089 4089 4085 4085 4087 4087 4089 4089 4086 4086 3951 3951 4089 4089 4087 4087 3783 3783 4089 4089 3951 3951 3911 3911 4089 4089 3783 3783 3998 3998 3982 3982 4000 4000 4105 4105 3982 3982 3998 3998 4092 4092 3983 3983 3981 3981 4093 4093 3983 3983 4092 4092 3996 3996 4105 4105 3998 3998 4105 4105 3996 3996 3994 3994 4105 4105 3994 3994 4103 4103 4109 4109 4103 4103 3994 3994 4103 4103 4109 4109 4091 4091 4111 4111 4091 4091 4109 4109 4091 4091 4111 4111 4095 4095 4113 4113 4095 4095 4111 4111 4095 4095 4113 4113 4101 4101 4107 4107 4101 4101 4113 4113 4115 4115 4107 4107 4113 4113 4115 4115 4099 4099 4107 4107 4099 4099 4115 4115 3992 3992 4099 4099 3992 3992 4125 4125 4125 4125 3992 3992 4117 4117 4125 4125 4117 4117 4127 4127 4117 4117 4129 4129 4127 4127 4129 4129 4117 4117 4131 4131 4117 4117 4119 4119 4131 4131 4119 4119 4133 4133 4131 4131 4133 4133 4119 4119 4097 4097 4119 4119 3990 3990 4097 4097 3990 3990 4135 4135 4097 4097 4120 4120 4135 4135 3990 3990 4135 4135 4120 4120 4137 4137 4122 4122 4137 4137 4120 4120 4137 4137 4122 4122 4077 4077 3987 3987 4077 4077 4122 4122 4102 4102 4032 4032 4104 4104 4102 4102 4145 4145 4032 4032 4145 4145 4102 4102 4144 4144 4102 4102 4090 4090 4144 4144 4144 4144 4090 4090 4143 4143 4090 4090 4094 4094 4143 4143 4143 4143 4094 4094 4100 4100 4143 4143 4100 4100 4142 4142 4106 4106 4142 4142 4100 4100 4142 4142 4106 4106 4035 4035 4106 4106 4098 4098 4035 4035 4035 4035 4098 4098 4124 4124 4035 4035 4124 4124 4141 4141 4141 4141 4124 4124 4126 4126 4141 4141 4126 4126 4140 4140 4140 4140 4126 4126 4128 4128 4140 4140 4128 4128 4040 4040 4130 4130 4040 4040 4128 4128 4040 4040 4130 4130 4139 4139 4130 4130 4132 4132 4139 4139 4139 4139 4132 4132 4138 4138 4096 4096 4138 4138 4132 4132 4138 4138 4096 4096 4042 4042 4134 4134 4042 4042 4096 4096 4042 4042 4134 4134 4073 4073 4134 4134 4136 4136 4073 4073 4073 4073 4136 4136 4075 4075 4026 4026 4149 4149 4025 4025 4026 4026 4148 4148 4149 4149 4026 4026 4147 4147 4148 4148 4026 4026 3902 3902 4147 4147 4026 4026 3901 3901 3902 3902 4026 4026 3900 3900 3901 3901 4026 4026 3899 3899 3900 3900 4026 4026 3898 3898 3899 3899 4026 4026 4146 4146 3898 3898 4026 4026 3897 3897 4146 4146 4026 4026 3896 3896 3897 3897 4026 4026 4032 4032 3896 3896 3981 3981 4032 4032 4026 4026 4104 4104 4032 4032 3981 3981 4092 4092 3981 3981 4026 4026 4535 4535 5403 5403 5438 5438 4535 4535 5438 5438 4536 4536 4761 4761 4762 4762 5402 5402 4761 4761 5402 5402 5435 5435 4312 4312 4211 4211 4283 4283 4312 4312 4161 4161 4211 4211 4161 4161 4312 4312 4160 4160 4312 4312 4163 4163 4160 4160 4160 4160 4163 4163 4212 4212 4163 4163 4310 4310 4212 4212 4212 4212 4310 4310 4159 4159 4310 4310 4165 4165 4159 4159 4159 4159 4165 4165 4167 4167 4159 4159 4167 4167 4158 4158 4158 4158 4167 4167 4169 4169 4158 4158 4169 4169 4213 4213 4213 4213 4169 4169 4171 4171 4213 4213 4171 4171 4214 4214 4173 4173 4214 4214 4171 4171 4173 4173 4215 4215 4214 4214 4215 4215 4173 4173 4157 4157 4173 4173 4175 4175 4157 4157 4157 4157 4175 4175 4216 4216 4175 4175 4308 4308 4216 4216 4216 4216 4308 4308 4156 4156 4308 4308 4306 4306 4156 4156 4156 4156 4306 4306 4177 4177 4156 4156 4177 4177 4217 4217 4217 4217 4177 4177 4304 4304 4217 4217 4304 4304 4218 4218 4218 4218 4304 4304 4179 4179 4218 4218 4179 4179 4155 4155 4301 4301 4155 4155 4179 4179 4155 4155 4301 4301 4154 4154 4301 4301 5439 5439 4154 4154 5439 5439 4180 4180 4154 4154 4150 4150 4154 4154 4180 4180 4153 4153 4154 4154 4150 4150 4150 4150 4219 4219 4153 4153 4374 4374 4219 4219 4150 4150 4219 4219 4374 4374 4205 4205 4371 4371 4205 4205 4374 4374 4371 4371 4220 4220 4205 4205 4220 4220 4371 4371 4221 4221 4369 4369 4221 4221 4371 4371 4369 4369 4222 4222 4221 4221 4222 4222 4369 4369 4223 4223 4369 4369 4367 4367 4223 4223 4367 4367 4204 4204 4223 4223 4184 4184 4204 4204 4367 4367 4204 4204 4184 4184 4224 4224 4224 4224 4184 4184 4185 4185 4224 4224 4185 4185 4203 4203 4185 4185 4202 4202 4203 4203 4187 4187 4202 4202 4185 4185 4202 4202 4187 4187 4201 4201 4187 4187 4225 4225 4201 4201 4364 4364 4225 4225 4187 4187 4225 4225 4364 4364 4200 4200 4189 4189 4200 4200 4364 4364 4200 4200 4189 4189 4199 4199 4362 4362 4199 4199 4189 4189 4362 4362 4226 4226 4199 4199 4226 4226 4362 4362 4198 4198 4360 4360 4198 4198 4362 4362 4360 4360 4227 4227 4198 4198 4227 4227 4360 4360 4197 4197 4360 4360 4358 4358 4197 4197 4197 4197 4358 4358 4356 4356 4197 4197 4356 4356 4196 4196 4356 4356 4228 4228 4196 4196 4228 4228 4356 4356 4354 4354 4228 4228 4354 4354 4195 4195 4354 4354 4194 4194 4195 4195 4191 4191 4194 4194 4354 4354 4194 4194 4191 4191 4193 4193 4679 4679 4193 4193 4191 4191 4229 4229 4193 4193 4679 4679 4156 4156 4157 4157 4216 4216 4217 4217 4157 4157 4156 4156 4217 4217 4215 4215 4157 4157 4218 4218 4215 4215 4217 4217 4515 4515 4215 4215 4218 4218 4513 4513 4214 4214 4215 4215 4215 4215 4515 4515 4513 4513 4511 4511 4214 4214 4513 4513 4244 4244 4214 4214 4511 4511 4244 4244 4213 4213 4214 4214 4509 4509 4213 4213 4244 4244 4509 4509 4158 4158 4213 4213 4507 4507 4158 4158 4509 4509 4246 4246 4158 4158 4507 4507 4246 4246 4159 4159 4158 4158 4248 4248 4159 4159 4246 4246 4250 4250 4159 4159 4248 4248 4250 4250 4212 4212 4159 4159 4252 4252 4212 4212 4250 4250 4252 4252 4160 4160 4212 4212 4254 4254 4160 4160 4252 4252 4254 4254 4161 4161 4160 4160 4505 4505 4161 4161 4254 4254 4505 4505 4211 4211 4161 4161 4570 4570 4211 4211 4505 4505 4570 4570 4210 4210 4211 4211 4569 4569 4210 4210 4570 4570 4569 4569 4456 4456 4210 4210 4567 4567 4456 4456 4569 4569 4257 4257 4456 4456 4567 4567 4257 4257 4458 4458 4456 4456 4565 4565 4458 4458 4257 4257 4259 4259 4458 4458 4565 4565 4259 4259 4209 4209 4458 4458 4563 4563 4209 4209 4259 4259 4563 4563 4384 4384 4209 4209 4561 4561 4384 4384 4563 4563 4261 4261 4384 4384 4561 4561 4261 4261 4208 4208 4384 4384 4559 4559 4208 4208 4261 4261 4263 4263 4208 4208 4559 4559 4263 4263 4207 4207 4208 4208 4265 4265 4207 4207 4263 4263 4196 4196 4207 4207 4265 4265 4228 4228 4207 4207 4196 4196 4228 4228 4206 4206 4207 4207 4195 4195 4206 4206 4228 4228 4194 4194 4206 4206 4195 4195 4194 4194 4481 4481 4206 4206 4193 4193 4481 4481 4194 4194 4229 4229 4481 4481 4193 4193 4230 4230 4481 4481 4229 4229 4218 4218 4242 4242 4515 4515 4155 4155 4242 4242 4218 4218 4155 4155 4517 4517 4242 4242 4154 4154 4517 4517 4155 4155 4154 4154 4240 4240 4517 4517 4154 4154 4519 4519 4240 4240 4153 4153 4519 4519 4154 4154 4153 4153 4238 4238 4519 4519 4219 4219 4238 4238 4153 4153 4205 4205 4238 4238 4219 4219 4205 4205 4236 4236 4238 4238 4220 4220 4236 4236 4205 4205 4220 4220 4521 4521 4236 4236 4221 4221 4521 4521 4220 4220 4221 4221 4234 4234 4521 4521 4222 4222 4234 4234 4221 4221 4223 4223 4234 4234 4222 4222 4223 4223 4525 4525 4234 4234 4204 4204 4525 4525 4223 4223 4204 4204 4232 4232 4525 4525 4224 4224 4232 4232 4204 4204 4224 4224 4551 4551 4232 4232 4203 4203 4551 4551 4224 4224 4203 4203 4281 4281 4551 4551 4202 4202 4281 4281 4203 4203 4202 4202 4279 4279 4281 4281 4201 4201 4279 4279 4202 4202 4201 4201 4277 4277 4279 4279 4225 4225 4277 4277 4201 4201 4200 4200 4277 4277 4225 4225 4200 4200 4275 4275 4277 4277 4199 4199 4275 4275 4200 4200 4199 4199 4553 4553 4275 4275 4226 4226 4553 4553 4199 4199 4226 4226 4273 4273 4553 4553 4226 4226 4555 4555 4273 4273 4198 4198 4555 4555 4226 4226 4198 4198 4271 4271 4555 4555 4227 4227 4271 4271 4198 4198 4227 4227 4557 4557 4271 4271 4197 4197 4557 4557 4227 4227 4197 4197 4269 4269 4557 4557 4197 4197 4267 4267 4269 4269 4267 4267 4196 4196 4265 4265 4197 4197 4196 4196 4267 4267 4287 4287 4295 4295 4453 4453 4453 4453 4295 4295 4297 4297 4453 4453 4297 4297 4285 4285 4285 4285 4297 4297 4299 4299 4299 4299 4454 4454 4284 4284 4285 4285 4299 4299 4284 4284 4289 4289 4454 4454 4299 4299 4456 4456 4455 4455 4210 4210 4455 4455 4454 4454 4210 4210 4210 4210 4319 4319 4293 4293 4210 4210 4293 4293 4318 4318 4210 4210 4318 4318 4316 4316 4210 4210 4316 4316 4314 4314 4210 4210 4314 4314 4211 4211 4211 4211 4314 4314 4283 4283 4454 4454 4289 4289 4291 4291 4454 4454 4291 4291 4602 4602 4602 4602 4600 4600 4210 4210 4454 4454 4602 4602 4210 4210 4319 4319 4210 4210 4600 4600 4322 4322 4292 4292 4320 4320 4322 4322 4317 4317 4292 4292 4322 4322 4315 4315 4317 4317 4322 4322 4313 4313 4315 4315 4322 4322 4282 4282 4313 4313 4323 4323 4282 4282 4322 4322 4282 4282 4323 4323 4311 4311 4325 4325 4311 4311 4323 4323 4311 4311 4325 4325 4162 4162 4654 4654 4162 4162 4325 4325 4654 4654 4309 4309 4162 4162 4309 4309 4654 4654 4164 4164 4654 4654 4327 4327 4164 4164 4164 4164 4327 4327 4166 4166 4327 4327 4652 4652 4166 4166 4166 4166 4652 4652 4168 4168 4652 4652 4329 4329 4168 4168 4168 4168 4329 4329 4170 4170 4650 4650 4170 4170 4329 4329 4170 4170 4650 4650 4172 4172 4648 4648 4172 4172 4650 4650 4172 4172 4648 4648 4174 4174 4646 4646 4174 4174 4648 4648 4646 4646 4307 4307 4174 4174 4307 4307 4646 4646 4305 4305 4646 4646 4644 4644 4305 4305 4305 4305 4644 4644 4176 4176 4644 4644 4331 4331 4176 4176 4176 4176 4331 4331 4303 4303 4331 4331 4333 4333 4303 4303 4303 4303 4333 4333 4178 4178 4335 4335 4178 4178 4333 4333 4178 4178 4335 4335 4300 4300 4641 4641 4300 4300 4335 4335 4340 4340 4344 4344 4368 4368 4368 4368 4344 4344 4366 4366 4344 4344 4636 4636 4366 4366 4366 4366 4636 4636 4634 4634 4366 4366 4634 4634 4183 4183 4183 4183 4634 4634 4633 4633 4183 4183 4633 4633 4186 4186 4186 4186 4633 4633 4631 4631 4186 4186 4631 4631 4188 4188 4188 4188 4631 4631 4347 4347 4188 4188 4347 4347 4365 4365 4347 4347 4190 4190 4365 4365 4349 4349 4190 4190 4347 4347 4190 4190 4349 4349 4363 4363 4351 4351 4363 4363 4349 4349 4363 4363 4351 4351 4361 4361 4629 4629 4361 4361 4351 4351 4361 4361 4629 4629 4359 4359 4359 4359 4629 4629 4353 4353 4359 4359 4353 4353 4357 4357 4357 4357 4353 4353 4627 4627 4357 4357 4627 4627 4355 4355 4355 4355 4627 4627 4625 4625 4355 4355 4625 4625 4192 4192 4676 4676 4192 4192 4625 4625 4680 4680 4192 4192 4676 4676 4229 4229 4377 4377 4230 4230 4679 4679 4377 4377 4229 4229 4686 4686 4405 4405 4379 4379 4395 4395 4391 4391 4393 4393 4407 4407 4387 4387 4477 4477 4387 4387 4407 4407 4385 4385 4407 4407 4436 4436 4385 4385 4479 4479 4206 4206 4481 4481 4685 4685 4408 4408 4686 4686 4686 4686 4408 4408 4405 4405 4403 4403 4405 4405 4408 4408 4409 4409 4403 4403 4408 4408 4401 4401 4403 4403 4409 4409 4410 4410 4401 4401 4409 4409 4399 4399 4401 4401 4410 4410 4397 4397 4399 4399 4410 4410 4411 4411 4397 4397 4410 4410 4395 4395 4397 4397 4411 4411 4412 4412 4395 4395 4411 4411 4391 4391 4395 4395 4412 4412 4413 4413 4391 4391 4412 4412 4389 4389 4391 4391 4413 4413 4414 4414 4389 4389 4413 4413 4477 4477 4389 4389 4414 4414 4415 4415 4477 4477 4414 4414 4407 4407 4477 4477 4415 4415 4416 4416 4385 4385 4436 4436 4479 4479 4385 4385 4416 4416 4207 4207 4479 4479 4416 4416 4206 4206 4479 4479 4207 4207 4437 4437 4436 4436 4417 4417 4416 4416 4436 4436 4437 4437 4382 4382 4418 4418 4381 4381 4381 4381 4418 4418 4685 4685 4419 4419 4685 4685 4418 4418 4408 4408 4685 4685 4419 4419 4409 4409 4408 4408 4419 4419 4420 4420 4410 4410 4409 4409 4411 4411 4410 4410 4420 4420 4412 4412 4411 4411 4420 4420 4207 4207 4416 4416 4208 4208 4684 4684 4418 4418 4382 4382 4422 4422 4419 4419 4418 4418 4409 4409 4419 4419 4422 4422 4423 4423 4409 4409 4422 4422 4420 4420 4409 4409 4423 4423 4424 4424 4420 4420 4423 4423 4412 4412 4420 4420 4424 4424 4425 4425 4412 4412 4424 4424 4413 4413 4412 4412 4425 4425 4414 4414 4413 4413 4425 4425 4460 4460 4426 4426 4684 4684 4684 4684 4426 4426 4418 4418 4427 4427 4418 4418 4426 4426 4422 4422 4418 4418 4427 4427 4428 4428 4422 4422 4427 4427 4429 4429 4422 4422 4428 4428 4423 4423 4422 4422 4429 4429 4430 4430 4423 4423 4429 4429 4431 4431 4423 4423 4430 4430 4424 4424 4423 4423 4431 4431 4432 4432 4424 4424 4431 4431 4433 4433 4424 4424 4432 4432 4425 4425 4424 4424 4433 4433 4434 4434 4425 4425 4433 4433 4434 4434 4438 4438 4425 4425 4435 4435 4438 4438 4434 4434 4417 4417 4407 4407 4415 4415 4436 4436 4407 4407 4417 4417 4421 4421 4415 4415 4414 4414 4417 4417 4415 4415 4421 4421 4438 4438 4414 4414 4425 4425 4421 4421 4414 4414 4438 4438 4439 4439 4417 4417 4421 4421 4437 4437 4417 4417 4439 4439 4416 4416 4437 4437 4439 4439 4208 4208 4416 4416 4384 4384 4416 4416 4439 4439 4384 4384 4440 4440 4438 4438 4435 4435 4421 4421 4438 4438 4440 4440 4439 4439 4421 4421 4440 4440 4384 4384 4439 4439 4209 4209 4439 4439 4468 4468 4209 4209 4462 4462 4468 4468 4439 4439 4383 4383 4462 4462 4439 4439 4463 4463 4462 4462 4383 4383 4440 4440 4463 4463 4383 4383 4435 4435 4463 4463 4440 4440 4464 4464 4463 4463 4435 4435 4434 4434 4464 4464 4435 4435 4474 4474 4464 4464 4434 4434 4433 4433 4474 4474 4434 4434 4465 4465 4459 4459 4431 4431 4430 4430 4465 4465 4431 4431 4429 4429 4465 4465 4430 4430 4466 4466 4465 4465 4429 4429 4428 4428 4466 4466 4429 4429 4427 4427 4466 4466 4428 4428 4467 4467 4466 4466 4427 4427 4426 4426 4467 4467 4427 4427 4460 4460 4467 4467 4426 4426 4461 4461 4467 4467 4460 4460 4209 4209 4468 4468 4457 4457 4469 4469 4468 4468 4462 4462 4463 4463 4469 4469 4462 4462 4470 4470 4469 4469 4463 4463 4464 4464 4470 4470 4463 4463 4474 4474 4470 4470 4464 4464 4471 4471 4470 4470 4474 4474 4459 4459 4471 4471 4474 4474 4606 4606 4471 4471 4459 4459 4465 4465 4606 4606 4459 4459 4608 4608 4606 4606 4465 4465 4466 4466 4608 4608 4465 4465 4472 4472 4608 4608 4466 4466 4467 4467 4472 4472 4466 4466 4473 4473 4472 4472 4467 4467 4461 4461 4473 4473 4467 4467 4683 4683 4473 4473 4461 4461 4468 4468 4455 4455 4456 4456 4457 4457 4468 4468 4456 4456 4455 4455 4468 4468 4454 4454 4468 4468 4284 4284 4454 4454 4469 4469 4284 4284 4468 4468 4284 4284 4469 4469 4285 4285 4285 4285 4469 4469 4453 4453 4470 4470 4453 4453 4469 4469 4453 4453 4470 4470 4287 4287 4470 4470 4452 4452 4287 4287 4452 4452 4470 4470 4604 4604 4470 4470 4450 4450 4604 4604 4471 4471 4450 4450 4470 4470 4450 4450 4471 4471 4448 4448 4471 4471 4446 4446 4448 4448 4606 4606 4446 4446 4471 4471 4472 4472 4444 4444 4608 4608 4444 4444 4472 4472 4442 4442 4473 4473 4442 4442 4472 4472 4442 4442 4473 4473 4693 4693 4693 4693 4473 4473 4683 4683 4432 4432 4474 4474 4433 4433 4459 4459 4474 4474 4432 4432 4500 4500 4498 4498 4718 4718 4503 4503 4498 4498 4500 4500 4476 4476 4498 4498 4503 4503 4476 4476 4496 4496 4498 4498 4380 4380 4496 4496 4476 4476 4406 4406 4496 4496 4380 4380 4406 4406 4494 4494 4496 4496 4404 4404 4494 4494 4406 4406 4404 4404 4492 4492 4494 4494 4402 4402 4492 4492 4404 4404 4400 4400 4492 4492 4402 4402 4400 4400 4696 4696 4492 4492 4398 4398 4696 4696 4400 4400 4398 4398 4698 4698 4696 4696 4396 4396 4698 4698 4398 4398 4396 4396 4490 4490 4698 4698 4394 4394 4490 4490 4396 4396 4392 4392 4490 4490 4394 4394 4392 4392 4488 4488 4490 4490 4390 4390 4488 4488 4392 4392 4390 4390 4486 4486 4488 4488 4478 4478 4486 4486 4390 4390 4478 4478 4700 4700 4486 4486 4388 4388 4700 4700 4478 4478 4388 4388 4484 4484 4700 4700 4386 4386 4484 4484 4388 4388 4386 4386 4702 4702 4484 4484 4480 4480 4702 4702 4386 4386 4480 4480 4704 4704 4702 4702 4482 4482 4704 4704 4480 4480 4231 4231 4704 4704 4482 4482 4378 4378 4704 4704 4231 4231 4678 4678 4704 4704 4378 4378 4571 4571 4730 4730 4746 4746 4506 4506 4730 4730 4571 4571 4730 4730 4506 4506 4549 4549 4255 4255 4549 4549 4506 4506 4255 4255 4548 4548 4549 4549 4548 4548 4255 4255 4547 4547 4255 4255 4253 4253 4547 4547 4253 4253 4546 4546 4547 4547 4546 4546 4253 4253 4731 4731 4253 4253 4251 4251 4731 4731 4731 4731 4251 4251 4249 4249 4731 4731 4249 4249 4545 4545 4249 4249 4732 4732 4545 4545 4247 4247 4732 4732 4249 4249 4732 4732 4247 4247 4733 4733 4508 4508 4733 4733 4247 4247 4508 4508 4544 4544 4733 4733 4544 4544 4508 4508 4543 4543 4508 4508 4510 4510 4543 4543 4543 4543 4510 4510 4245 4245 4543 4543 4245 4245 4734 4734 4245 4245 4542 4542 4734 4734 4512 4512 4542 4542 4245 4245 4542 4542 4512 4512 4735 4735 4512 4512 4736 4736 4735 4735 4514 4514 4736 4736 4512 4512 4736 4736 4514 4514 4737 4737 4516 4516 4737 4737 4514 4514 4516 4516 4243 4243 4737 4737 4243 4243 4738 4738 4737 4737 4518 4518 4738 4738 4243 4243 4738 4738 4518 4518 4739 4739 4518 4518 4740 4740 4739 4739 4241 4241 4740 4740 4518 4518 4740 4740 4241 4241 4541 4541 4541 4541 4241 4241 4520 4520 4541 4541 4520 4520 4741 4741 4520 4520 4742 4742 4741 4741 4239 4239 4742 4742 4520 4520 4742 4742 4239 4239 4540 4540 4239 4239 4743 4743 4540 4540 4237 4237 4743 4743 4239 4239 4743 4743 4237 4237 4744 4744 4744 4744 4237 4237 4522 4522 4744 4744 4522 4522 4537 4537 4522 4522 4536 4536 4537 4537 4235 4235 4536 4536 4522 4522 4536 4536 4235 4235 4535 4535 4526 4526 4535 4535 4235 4235 4526 4526 4534 4534 4535 4535 4534 4534 4526 4526 4745 4745 4526 4526 4233 4233 4745 4745 4550 4550 4745 4745 4233 4233 4747 4747 4745 4745 4550 4550 4550 4550 4748 4748 4747 4747 4280 4280 4748 4748 4550 4550 4748 4748 4280 4280 4749 4749 4278 4278 4749 4749 4280 4280 4278 4278 4582 4582 4749 4749 4582 4582 4278 4278 4750 4750 4278 4278 4276 4276 4750 4750 4276 4276 4581 4581 4750 4750 4581 4581 4276 4276 4751 4751 4276 4276 4274 4274 4751 4751 4751 4751 4274 4274 4552 4552 4751 4751 4552 4552 4752 4752 4552 4552 4580 4580 4752 4752 4272 4272 4580 4580 4552 4552 4580 4580 4272 4272 4579 4579 4554 4554 4579 4579 4272 4272 4554 4554 4753 4753 4579 4579 4753 4753 4554 4554 4754 4754 4554 4554 4270 4270 4754 4754 4754 4754 4270 4270 4556 4556 4754 4754 4556 4556 4755 4755 4556 4556 4578 4578 4755 4755 4268 4268 4578 4578 4556 4556 4578 4578 4268 4268 4577 4577 4268 4268 4756 4756 4577 4577 4266 4266 4756 4756 4268 4268 4756 4756 4266 4266 4757 4757 4264 4264 4757 4757 4266 4266 4264 4264 4262 4262 4757 4757 4262 4262 4758 4758 4757 4757 4558 4558 4758 4758 4262 4262 4758 4758 4558 4558 4759 4759 4558 4558 4760 4760 4759 4759 4260 4260 4760 4760 4558 4558 4760 4760 4260 4260 4761 4761 4761 4761 4260 4260 4560 4560 4761 4761 4560 4560 4762 4762 4560 4560 4576 4576 4762 4762 4562 4562 4576 4576 4560 4560 4576 4576 4562 4562 4575 4575 4562 4562 4763 4763 4575 4575 4258 4258 4763 4763 4562 4562 4763 4763 4258 4258 4764 4764 4764 4764 4258 4258 4564 4564 4764 4764 4564 4564 4765 4765 4564 4564 4574 4574 4765 4765 4256 4256 4574 4574 4564 4564 4574 4574 4256 4256 4573 4573 4566 4566 4573 4573 4256 4256 4566 4566 4766 4766 4573 4573 4766 4766 4566 4566 4572 4572 4566 4566 4568 4568 4572 4572 4571 4571 4572 4572 4568 4568 4746 4746 4572 4572 4571 4571 4320 4320 4597 4597 4322 4322 4599 4599 4597 4597 4320 4320 4597 4597 4599 4599 4601 4601 4597 4597 4601 4601 4595 4595 4290 4290 4595 4595 4601 4601 4290 4290 4609 4609 4595 4595 4609 4609 4290 4290 4611 4611 4290 4290 4288 4288 4611 4611 4611 4611 4288 4288 4613 4613 4298 4298 4613 4613 4288 4288 4613 4613 4298 4298 4615 4615 4296 4296 4615 4615 4298 4298 4615 4615 4296 4296 4593 4593 4294 4294 4593 4593 4296 4296 4294 4294 4591 4591 4593 4593 4591 4591 4294 4294 4772 4772 4294 4294 4286 4286 4772 4772 4772 4772 4286 4286 4589 4589 4451 4451 4589 4589 4286 4286 4589 4589 4451 4451 4774 4774 4603 4603 4774 4774 4451 4451 4603 4603 4587 4587 4774 4774 4587 4587 4603 4603 4585 4585 4603 4603 4449 4449 4585 4585 4447 4447 4585 4585 4449 4449 4585 4585 4447 4447 4776 4776 4445 4445 4776 4776 4447 4447 4605 4605 4776 4776 4445 4445 4605 4605 4583 4583 4776 4776 4607 4607 4583 4583 4605 4605 4583 4583 4607 4607 4778 4778 4443 4443 4778 4778 4607 4607 4441 4441 4778 4778 4443 4443 4780 4780 4778 4778 4441 4441 4617 4617 4771 4771 4770 4770 4773 4773 4771 4771 4617 4617 4787 4787 4773 4773 4617 4617 4787 4787 4592 4592 4773 4773 4621 4621 4592 4592 4787 4787 4618 4618 4594 4594 4621 4621 4621 4621 4594 4594 4592 4592 4618 4618 4616 4616 4594 4594 4619 4619 4614 4614 4618 4618 4622 4622 4614 4614 4619 4619 4618 4618 4614 4614 4616 4616 4614 4614 4610 4610 4612 4612 4610 4610 4614 4614 4622 4622 4786 4786 4610 4610 4622 4622 4596 4596 4610 4610 4786 4786 4620 4620 4596 4596 4786 4786 4623 4623 4596 4596 4620 4620 4796 4796 4598 4598 4623 4623 4321 4321 4598 4598 4796 4796 4596 4596 4623 4623 4598 4598 4645 4645 4661 4661 4662 4662 4647 4647 4661 4661 4645 4645 4647 4647 4660 4660 4661 4661 4649 4649 4660 4660 4647 4647 4649 4649 4659 4659 4660 4660 4651 4651 4659 4659 4649 4649 4651 4651 4658 4658 4659 4659 4330 4330 4658 4658 4651 4651 4330 4330 4793 4793 4658 4658 4653 4653 4793 4793 4330 4330 4653 4653 4657 4657 4793 4793 4328 4328 4657 4657 4653 4653 4328 4328 4656 4656 4657 4657 4655 4655 4656 4656 4328 4328 4655 4655 4794 4794 4656 4656 4326 4326 4794 4794 4655 4655 4326 4326 4795 4795 4794 4794 4324 4324 4795 4795 4326 4326 4321 4321 4795 4795 4324 4324 4796 4796 4795 4795 4321 4321 4662 4662 4332 4332 4645 4645 4663 4663 4332 4332 4662 4662 4663 4663 4334 4334 4332 4332 4792 4792 4334 4334 4663 4663 4792 4792 4336 4336 4334 4334 4664 4664 4336 4336 4792 4792 4664 4664 4642 4642 4336 4336 4791 4791 4642 4642 4664 4664 4791 4791 4638 4638 4642 4642 4803 4803 4638 4638 4791 4791 4803 4803 4337 4337 5441 5441 4803 4803 5441 5441 4638 4638 4665 4665 4337 4337 4803 4803 4802 4802 4337 4337 4665 4665 4802 4802 4341 4341 4337 4337 4666 4666 4341 4341 4802 4802 4666 4666 4345 4345 4341 4341 4801 4801 4345 4345 4666 4666 4801 4801 4637 4637 4345 4345 4667 4667 4637 4637 4801 4801 4667 4667 4635 4635 4637 4637 4800 4800 4635 4635 4667 4667 4800 4800 4632 4632 4635 4635 4799 4799 4632 4632 4800 4800 4799 4799 4630 4630 4632 4632 4798 4798 4630 4630 4799 4799 4798 4798 4346 4346 4630 4630 4668 4668 4346 4346 4798 4798 4668 4668 4348 4348 4346 4346 4669 4669 4348 4348 4668 4668 4669 4669 4350 4350 4348 4348 4669 4669 4628 4628 4350 4350 4797 4797 4628 4628 4669 4669 4797 4797 4352 4352 4628 4628 4670 4670 4352 4352 4797 4797 4670 4670 4626 4626 4352 4352 4671 4671 4626 4626 4670 4670 4671 4671 4624 4624 4626 4626 4624 4624 4672 4672 4675 4675 4671 4671 4672 4672 4624 4624 4677 4677 4705 4705 4703 4703 4677 4677 4804 4804 4705 4705 4675 4675 4804 4804 4677 4677 4672 4672 4804 4804 4675 4675 4672 4672 4674 4674 4804 4804 4672 4672 4673 4673 4674 4674 4378 4378 4676 4676 4678 4678 4378 4378 4680 4680 4676 4676 4475 4475 4686 4686 4379 4379 4475 4475 4685 4685 4686 4686 4475 4475 4381 4381 4685 4685 4475 4475 4382 4382 4381 4381 4475 4475 4684 4684 4382 4382 4475 4475 4460 4460 4684 4684 4681 4681 4460 4460 4475 4475 4460 4460 4681 4681 4461 4461 4681 4681 4683 4683 4461 4461 4681 4681 4727 4727 4683 4683 4815 4815 4688 4688 4690 4690 4815 4815 4724 4724 4688 4688 4815 4815 4726 4726 4724 4724 4815 4815 4682 4682 4726 4726 4782 4782 4682 4682 4815 4815 4782 4782 4692 4692 4682 4682 4782 4782 4441 4441 4692 4692 4782 4782 4780 4780 4441 4441 4497 4497 4715 4715 4694 4694 4495 4495 4715 4715 4497 4497 4715 4715 4495 4495 4714 4714 4493 4493 4714 4714 4495 4495 4714 4714 4493 4493 4491 4491 4714 4714 4491 4491 4713 4713 4712 4712 4713 4713 4491 4491 4695 4695 4712 4712 4491 4491 4695 4695 4711 4711 4712 4712 4697 4697 4711 4711 4695 4695 4489 4489 4711 4711 4697 4697 4711 4711 4489 4489 4710 4710 4487 4487 4710 4710 4489 4489 4710 4710 4487 4487 4709 4709 4485 4485 4709 4709 4487 4487 4709 4709 4485 4485 4708 4708 4699 4699 4708 4708 4485 4485 4708 4708 4699 4699 4707 4707 4483 4483 4707 4707 4699 4699 4707 4707 4483 4483 4706 4706 4701 4701 4706 4706 4483 4483 4706 4706 4701 4701 4807 4807 4701 4701 4804 4804 4807 4807 4705 4705 4804 4804 4701 4701 4701 4701 4703 4703 4705 4705 4497 4497 4806 4806 4717 4717 4694 4694 4806 4806 4497 4497 4716 4716 4806 4806 4805 4805 4866 4866 4806 4806 4716 4716 4499 4499 4806 4806 4866 4866 4717 4717 4806 4806 4499 4499 4869 4869 4867 4867 4871 4871 4720 4720 4867 4867 4869 4869 4720 4720 4501 4501 4867 4867 4504 4504 4501 4501 4720 4720 4719 4719 4475 4475 4502 4502 4926 4926 4475 4475 4719 4719 4681 4681 4475 4475 4926 4926 4728 4728 4681 4681 4926 4926 4994 4994 4728 4728 4926 4926 4994 4994 5035 5035 4728 4728 4994 4994 5038 5038 5035 5035 4809 4809 5038 5038 4994 4994 5182 5182 5038 5038 4809 4809 5095 5095 4681 4681 4728 4728 4956 4956 4681 4681 5095 5095 4721 4721 4681 4681 4956 4956 4980 4980 4681 4681 4721 4721 4978 4978 4681 4681 4980 4980 4976 4976 4681 4681 4978 4978 4976 4976 4727 4727 4681 4681 4993 4993 4727 4727 4976 4976 4725 4725 4727 4727 4993 4993 5334 5334 5336 5336 5321 5321 5319 5319 5334 5334 5321 5321 5322 5322 5334 5334 5319 5319 5317 5317 5322 5322 5319 5319 5322 5322 5317 5317 5225 5225 5322 5322 5225 5225 5324 5324 4533 4533 5337 5337 5249 5249 5249 5249 5337 5337 5326 5326 5249 5249 5256 5256 4533 4533 4533 4533 5256 5256 4531 4531 5277 5277 5246 5246 5268 5268 5279 5279 5245 5245 5276 5276 5316 5316 5313 5313 5224 5224 5336 5336 4532 4532 4524 4524 5321 5321 5336 5336 4524 4524 5335 5335 5326 5326 5337 5337 5335 5335 5328 5328 5326 5326 5330 5330 5328 5328 5335 5335 5323 5323 5330 5330 5335 5335 5330 5330 5323 5323 5325 5325 5330 5330 5325 5325 5332 5332 5309 5309 5168 5168 5166 5166 5279 5279 5254 5254 5245 5245 5282 5282 5253 5253 5280 5280 5287 5287 5252 5252 5283 5283 5289 5289 5251 5251 5286 5286 5316 5316 5098 5098 5313 5313 4590 4590 4771 4771 4773 4773 4771 4771 4590 4590 4770 4770 4590 4590 4775 4775 4770 4770 4775 4775 4588 4588 4770 4770 4770 4770 4588 4588 4788 4788 4588 4588 4586 4586 4788 4788 4777 4777 4788 4788 4586 4586 4777 4777 4789 4789 4788 4788 4789 4789 4777 4777 4790 4790 4584 4584 4790 4790 4777 4777 4790 4790 4584 4584 4769 4769 4779 4779 4769 4769 4584 4584 4769 4769 4779 4779 4768 4768 4767 4767 4768 4768 4779 4779 4781 4781 4767 4767 4779 4779 4785 4785 4767 4767 4781 4781 4783 4783 4785 4785 4781 4781 4783 4783 5106 5106 4785 4785 4816 4816 5106 5106 4783 4783 4784 4784 5106 5106 4816 4816 4723 4723 4813 4813 4687 4687 4990 4990 4813 4813 4723 4723 5179 5179 4813 4813 4990 4990 4808 4808 4813 4813 5179 5179 4808 4808 5127 5127 4813 4813 4808 4808 4810 4810 5127 5127 4817 4817 4691 4691 4689 4689 4814 4814 4817 4817 4689 4689 5183 5183 4817 4817 4814 4814 4812 4812 4817 4817 5183 5183 4817 4817 4816 4816 4691 4691 4817 4817 4784 4784 4816 4816 4870 4870 4866 4866 4716 4716 4818 4818 4819 4819 4870 4870 4819 4819 4820 4820 4870 4870 4820 4820 5192 5192 4870 4870 5192 5192 4821 4821 4870 4870 4821 4821 4822 4822 4870 4870 4818 4818 4870 4870 4716 4716 4822 4822 4864 4864 4870 4870 4822 4822 4872 4872 4864 4864 4823 4823 4872 4872 4822 4822 4823 4823 4862 4862 4872 4872 4823 4823 4874 4874 4862 4862 5191 5191 4874 4874 4823 4823 5191 5191 4876 4876 4874 4874 5190 5190 4876 4876 5191 5191 5190 5190 4860 4860 4876 4876 4824 4824 4860 4860 5190 5190 4824 4824 4878 4878 4860 4860 5189 5189 4878 4878 4824 4824 5189 5189 4880 4880 4878 4878 5189 5189 4858 4858 4880 4880 4825 4825 4858 4858 5189 5189 4825 4825 4856 4856 4858 4858 4825 4825 4854 4854 4856 4856 5188 5188 4854 4854 4825 4825 5188 5188 4883 4883 4854 4854 4883 4883 5188 5188 4853 4853 5188 5188 4826 4826 4853 4853 5187 5187 4853 4853 4826 4826 5187 5187 4851 4851 4853 4853 4827 4827 4851 4851 5187 5187 4827 4827 4849 4849 4851 4851 4828 4828 4849 4849 4827 4827 4828 4828 4847 4847 4849 4849 4829 4829 4847 4847 4828 4828 4829 4829 4845 4845 4847 4847 5186 5186 4845 4845 4829 4829 5186 5186 4843 4843 4845 4845 4830 4830 4843 4843 5186 5186 4830 4830 4885 4885 4843 4843 5185 5185 4885 4885 4830 4830 4885 4885 5185 5185 4841 4841 5185 5185 5195 5195 4841 4841 4841 4841 5195 5195 5194 5194 4841 4841 5194 5194 5203 5203 5203 5203 5194 5194 5205 5205 5194 5194 4831 4831 5205 5205 5205 5205 4831 4831 4839 4839 4831 4831 4832 4832 4839 4839 4839 4839 4832 4832 5193 5193 4839 4839 5193 5193 4837 4837 4837 4837 5193 5193 5207 5207 5193 5193 4833 4833 5207 5207 5139 5139 5207 5207 4833 4833 4835 4835 5207 5207 5139 5139 4871 4871 4909 4909 4869 4869 4865 4865 4909 4909 4871 4871 4909 4909 4865 4865 4907 4907 4873 4873 4907 4907 4865 4865 4907 4907 4873 4873 4911 4911 4863 4863 4911 4911 4873 4873 4911 4911 4863 4863 4905 4905 4875 4875 4905 4905 4863 4863 4877 4877 4905 4905 4875 4875 4905 4905 4877 4877 4903 4903 4877 4877 4913 4913 4903 4903 4861 4861 4913 4913 4877 4877 4913 4913 4861 4861 4901 4901 4879 4879 4901 4901 4861 4861 4901 4901 4879 4879 4899 4899 4879 4879 4897 4897 4899 4899 4881 4881 4897 4897 4879 4879 4897 4897 4881 4881 4915 4915 4859 4859 4915 4915 4881 4881 4857 4857 4915 4915 4859 4859 4915 4915 4857 4857 4917 4917 4855 4855 4917 4917 4857 4857 4917 4917 4855 4855 4918 4918 4882 4882 4918 4918 4855 4855 4882 4882 4894 4894 4918 4918 4852 4852 4894 4894 4882 4882 4894 4894 4852 4852 4892 4892 4850 4850 4892 4892 4852 4852 4892 4892 4850 4850 4920 4920 4848 4848 4920 4920 4850 4850 4920 4920 4848 4848 4890 4890 4846 4846 4890 4890 4848 4848 4890 4890 4846 4846 4922 4922 4846 4846 4844 4844 4922 4922 4922 4922 4844 4844 4888 4888 4844 4844 4842 4842 4888 4888 4888 4888 4842 4842 4886 4886 4842 4842 4884 4884 4886 4886 4868 4868 4927 4927 4719 4719 4719 4719 4927 4927 4928 4928 4719 4719 4928 4928 4929 4929 4719 4719 4929 4929 4926 4926 4930 4930 4926 4926 4929 4929 4926 4926 4930 4930 4931 4931 4926 4926 4931 4931 4994 4994 4931 4931 4932 4932 4994 4994 4868 4868 4933 4933 4927 4927 4934 4934 4927 4927 4933 4933 4928 4928 4927 4927 4934 4934 4935 4935 4928 4928 4934 4934 4929 4929 4928 4928 4935 4935 4936 4936 4929 4929 4935 4935 4930 4930 4929 4929 4936 4936 4932 4932 4931 4931 4930 4930 4994 4994 4932 4932 4925 4925 4868 4868 4937 4937 4933 4933 4934 4934 4933 4933 4937 4937 4939 4939 4934 4934 4937 4937 4935 4935 4934 4934 4939 4939 4941 4941 4935 4935 4939 4939 4936 4936 4935 4935 4941 4941 4943 4943 4936 4936 4941 4941 4930 4930 4936 4936 4943 4943 4944 4944 4930 4930 4943 4943 4932 4932 4930 4930 4944 4944 4924 4924 4932 4932 4944 4944 4925 4925 4932 4932 4924 4924 4937 4937 4868 4868 4908 4908 4908 4908 4906 4906 4937 4937 4906 4906 4910 4910 4937 4937 4910 4910 4904 4904 4937 4937 4904 4904 4902 4902 4937 4937 4902 4902 4912 4912 4937 4937 4912 4912 4900 4900 4937 4937 4900 4900 4898 4898 4937 4937 4898 4898 4896 4896 4937 4937 4896 4896 4914 4914 4937 4937 4914 4914 4916 4916 4937 4937 4919 4919 4937 4937 4916 4916 4895 4895 4937 4937 4919 4919 4893 4893 4937 4937 4895 4895 4921 4921 4937 4937 4893 4893 4891 4891 4937 4937 4921 4921 4923 4923 4937 4937 4891 4891 4889 4889 4937 4937 4923 4923 4887 4887 4937 4937 4889 4889 4939 4939 4937 4937 4887 4887 5108 5108 4944 4944 4943 4943 4996 4996 4944 4944 5108 5108 4924 4924 4944 4944 4996 4996 4958 4958 5096 5096 4960 4960 5096 5096 5092 5092 4960 4960 4960 4960 5092 5092 4955 4955 5092 5092 5090 5090 4955 4955 4955 4955 5090 5090 4962 4962 4945 4945 4962 4962 5090 5090 4962 4962 4945 4945 4964 4964 4947 4947 4964 4964 4945 4945 4964 4964 4947 4947 4953 4953 5086 5086 4953 4953 4947 4947 4953 4953 5086 5086 4950 4950 4951 4951 5088 5088 5228 5228 5208 5208 5228 5228 5088 5088 5230 5230 5228 5228 5208 5208 4981 4981 4965 4965 4967 4967 4985 4985 4981 4981 4967 4967 4971 4971 4981 4981 4985 4985 4973 4973 4981 4981 4971 4971 4975 4975 4981 4981 4973 4973 4977 4977 4981 4981 4975 4975 4979 4979 4981 4981 4977 4977 4965 4965 4981 4981 5226 5226 5226 5226 4981 4981 4982 4982 4954 4954 4982 4982 4981 4981 4979 4979 4954 4954 4981 4981 4722 4722 4954 4954 4979 4979 4963 4963 4982 4982 4961 4961 4961 4961 4982 4982 4954 4954 4954 4954 4722 4722 4959 4959 4957 4957 4959 4959 4722 4722 4974 4974 5144 5144 4992 4992 4972 4972 5144 5144 4974 4974 4972 4972 5148 5148 5144 5144 4969 4969 5148 5148 4972 4972 4968 4968 5153 5153 5147 5147 4984 4984 5152 5152 4970 4970 4983 4983 5156 5156 5151 5151 4966 4966 5156 5156 4983 4983 4986 4986 5156 5156 4966 4966 5156 5156 4986 4986 5158 5158 4986 4986 5233 5233 5158 5158 4986 4986 4988 4988 5233 5233 4925 4925 4809 4809 4994 4994 4809 4809 4925 4925 4811 4811 4925 4925 4924 4924 4811 4811 5116 5116 4811 4811 4924 4924 4998 4998 5116 5116 4924 4924 5118 5118 4998 4998 4924 4924 5120 5120 5118 5118 4924 4924 5122 5122 5120 5120 4924 4924 5124 5124 5122 5122 4924 4924 5126 5126 5124 5124 4924 4924 4996 4996 5126 5126 4924 4924 5017 5017 5037 5037 5181 5181 5037 5037 5017 5017 5012 5012 5021 5021 5011 5011 5016 5016 5011 5011 5021 5021 5009 5009 5008 5008 5020 5020 5006 5006 5020 5020 5025 5025 5006 5006 5005 5005 5024 5024 5003 5003 5178 5178 5003 5003 5024 5024 5003 5003 5178 5178 5040 5040 5175 5175 5040 5040 5178 5178 5041 5041 5174 5174 5001 5001 5171 5171 5001 5001 5174 5174 5001 5001 5171 5171 4999 4999 5169 5169 4999 4999 5171 5171 5234 5234 4999 4999 5169 5169 5026 5026 5235 5235 5241 5241 5029 5029 5235 5235 5026 5026 5235 5235 5029 5029 5000 5000 5032 5032 5000 5000 5029 5029 5000 5000 5032 5032 5002 5002 5067 5067 5002 5002 5032 5032 5002 5002 5067 5067 5042 5042 5067 5067 5065 5065 5042 5042 5065 5065 5004 5004 5042 5042 5063 5063 5004 5004 5065 5065 5004 5004 5063 5063 5007 5007 5061 5061 5007 5007 5063 5063 5007 5007 5061 5061 5010 5010 5010 5010 5061 5061 5059 5059 5010 5010 5059 5059 5013 5013 5013 5013 5059 5059 5056 5056 5013 5013 5056 5056 5039 5039 5034 5034 5039 5039 5056 5056 5036 5036 5052 5052 4729 4729 5057 5057 5052 5052 5036 5036 5060 5060 5054 5054 5058 5058 5060 5060 5050 5050 5054 5054 5050 5050 5060 5060 5062 5062 5050 5050 5062 5062 5048 5048 5048 5048 5062 5062 5064 5064 5048 5048 5064 5064 5069 5069 5069 5069 5064 5064 5066 5066 5069 5069 5066 5066 5046 5046 5068 5068 5046 5046 5066 5066 5046 5046 5068 5068 5072 5072 5033 5033 5072 5072 5068 5068 5033 5033 5043 5043 5072 5072 5043 5043 5033 5033 5075 5075 5033 5033 5031 5031 5075 5075 5076 5076 5030 5030 5079 5079 5030 5030 5027 5027 5079 5079 5053 5053 5096 5096 4729 4729 5053 5053 5093 5093 5096 5096 5094 5094 5055 5055 5091 5091 5091 5091 5055 5055 5051 5051 5091 5091 5051 5051 4946 4946 5049 5049 4946 4946 5051 5051 4946 4946 5049 5049 4948 4948 5049 5049 5087 5087 4948 4948 5070 5070 5087 5087 5049 5049 5047 5047 5089 5089 5071 5071 5089 5089 5047 5047 5209 5209 5047 5047 5211 5211 5209 5209 5074 5074 5211 5211 5047 5047 5044 5044 5212 5212 5073 5073 5213 5213 5045 5045 5215 5215 5077 5077 5215 5215 5045 5045 5077 5077 5085 5085 5215 5215 5084 5084 5078 5078 5217 5217 5081 5081 5217 5217 5078 5078 5081 5081 5219 5219 5217 5217 5219 5219 5081 5081 5222 5222 5082 5082 5243 5243 5223 5223 5258 5258 5251 5251 5289 5289 5264 5264 5258 5258 5289 5289 5261 5261 5257 5257 5265 5265 4530 4530 5257 5257 5261 5261 5272 5272 4528 4528 4529 4529 5260 5260 5272 5272 4529 4529 5307 5307 5272 5272 5260 5260 5262 5262 5307 5307 5260 5260 5308 5308 5263 5263 5288 5288 5303 5303 5308 5308 5288 5288 5285 5285 5303 5303 5288 5288 5281 5281 5304 5304 5284 5284 5281 5281 5300 5300 5304 5304 5298 5298 5300 5300 5281 5281 5278 5278 5298 5298 5281 5281 5298 5298 5278 5278 5295 5295 5275 5275 5295 5295 5278 5278 5275 5275 5292 5292 5295 5295 5274 5274 5292 5292 5275 5275 5266 5266 5274 5274 5275 5275 5274 5274 5266 5266 5238 5238 5273 5273 5236 5236 5310 5310 5339 5339 5273 5273 5310 5310 5291 5291 5273 5273 5339 5339 5293 5293 5290 5290 5340 5340 5296 5296 5294 5294 5341 5341 5299 5299 5297 5297 5342 5342 5102 5102 5299 5299 5342 5342 5102 5102 5301 5301 5299 5299 5302 5302 5103 5103 5305 5305 5270 5270 5306 5306 5104 5104 5105 5105 4527 4527 5271 5271 4539 4539 5315 5315 4523 4523 4523 4523 5315 5315 5320 5320 5100 5100 5320 5320 5315 5315 5100 5100 5318 5318 5320 5320 5316 5316 5318 5318 5100 5100 5098 5098 5316 5316 5100 5100 4524 4524 4532 4532 4528 4528 4528 4528 4532 4532 4529 4529 4523 4523 4527 4527 4539 4539 4527 4527 5105 5105 4539 4539 4834 4834 5107 5107 5206 5206 4834 4834 4995 4995 5107 5107 4995 4995 4834 4834 5125 5125 4834 4834 5137 5137 5125 5125 5125 5125 5137 5137 5123 5123 5137 5137 5109 5109 5123 5123 5123 5123 5109 5109 5121 5121 5109 5109 5135 5135 5121 5121 5111 5111 5121 5121 5135 5135 5121 5121 5111 5111 5119 5119 5133 5133 5119 5119 5111 5111 5119 5119 5133 5133 5117 5117 5131 5131 5117 5117 5133 5133 5117 5117 5131 5131 4997 4997 5129 5129 4997 4997 5131 5131 5129 5129 5115 5115 4997 4997 5115 5115 5129 5129 4810 4810 5129 5129 5113 5113 4810 4810 5113 5113 5127 5127 4810 4810 5183 5183 4814 4814 5184 5184 4814 4814 5128 5128 5184 5184 5114 5114 5184 5184 5128 5128 5114 5114 5142 5142 5184 5184 5114 5114 5141 5141 5142 5142 5130 5130 5141 5141 5114 5114 5130 5130 5196 5196 5141 5141 5132 5132 5196 5196 5130 5130 5196 5196 5132 5132 5197 5197 5134 5134 5197 5197 5132 5132 5134 5134 5198 5198 5197 5197 5112 5112 5198 5198 5134 5134 5112 5112 5140 5140 5198 5198 5136 5136 5140 5140 5112 5112 5136 5136 5199 5199 5140 5140 5110 5110 5199 5199 5136 5136 5138 5138 5199 5199 5110 5110 5138 5138 5200 5200 5199 5199 4835 4835 5200 5200 5138 5138 4835 4835 5201 5201 5200 5200 4835 4835 5139 5139 5201 5201 5143 5143 5180 5180 4991 4991 5143 5143 5015 5015 5180 5180 5146 5146 5015 5015 5143 5143 5150 5150 5014 5014 5145 5145 5150 5150 5019 5019 5014 5014 5154 5154 5018 5018 5149 5149 5154 5154 5023 5023 5018 5018 5155 5155 5157 5157 5022 5022 5232 5232 5022 5022 5157 5157 5022 5022 5232 5232 5177 5177 5231 5231 5173 5173 5176 5176 5159 5159 5173 5173 5231 5231 5162 5162 5173 5173 5159 5159 5172 5172 5161 5161 5164 5164 5172 5172 5164 5164 5170 5170 5164 5164 5168 5168 5170 5170 5164 5164 5166 5166 5168 5168 4942 4942 5206 5206 5107 5107 5206 5206 4942 4942 4836 4836 4838 4838 4836 4836 4942 4942 4940 4940 4838 4838 4942 4942 4838 4838 4940 4940 5204 5204 4938 4938 5204 5204 4940 4940 5204 5204 4938 4938 5202 5202 4840 4840 5202 5202 4938 4938 4886 4886 4840 4840 4938 4938 4886 4886 4884 4884 4840 4840 5230 5230 5218 5218 5220 5220 5230 5230 5216 5216 5218 5218 5230 5230 5083 5083 5216 5216 5230 5230 5214 5214 5083 5083 5230 5230 5210 5210 5214 5214 5230 5230 5208 5208 5210 5210 5332 5332 5230 5230 5220 5220 5332 5332 5325 5325 5230 5230 4965 4965 4987 4987 4967 4967 4965 4965 4989 4989 4987 4987 5226 5226 4989 4989 4965 4965 4949 4949 4982 4982 4952 4952 4949 4949 5226 5226 4982 4982 5227 5227 5226 5226 4949 4949 5227 5227 4989 4989 5226 5226 5229 5229 4989 4989 5227 5227 5324 5324 4989 4989 5229 5229 5225 5225 4989 4989 5324 5324 4963 4963 4952 4952 4982 4982 5313 5313 4988 4988 5224 5224 5167 5167 4988 4988 5313 5313 5165 5165 4988 4988 5167 5167 5163 5163 4988 4988 5165 5165 5160 5160 4988 4988 5163 5163 5233 5233 4988 4988 5160 5160 5169 5169 5240 5240 5234 5234 5311 5311 5240 5240 5169 5169 5237 5237 5240 5240 5311 5311 5267 5267 5241 5241 5239 5239 5026 5026 5241 5241 5267 5267 5028 5028 5242 5242 5080 5080 5269 5269 5242 5242 5028 5028 5247 5247 5242 5242 5269 5269 5327 5327 5259 5259 5250 5250 5327 5327 5255 5255 5259 5259 5329 5329 5255 5255 5327 5327 5329 5329 5248 5248 5255 5255 5331 5331 5248 5248 5329 5329 5333 5333 5248 5248 5331 5331 5221 5221 5248 5248 5333 5333 5244 5244 5248 5248 5221 5221 5101 5101 5314 5314 4538 4538 5101 5101 5099 5099 5314 5314 5338 5338 5099 5099 5101 5101 5338 5338 5097 5097 5099 5099 5309 5309 5097 5097 5338 5338 5309 5309 5312 5312 5097 5097 5309 5309 5166 5166 5312 5312 4734 4734 5343 5343 4544 4544 4734 4734 4544 4544 4543 4543 5343 5343 5344 5344 4733 4733 5343 5343 4733 4733 4544 4544 5344 5344 5345 5345 4732 4732 5344 5344 4732 4732 4733 4733 5345 5345 5346 5346 4545 4545 5345 5345 4545 4545 4732 4732 5346 5346 4546 4546 4731 4731 5346 5346 4731 4731 4545 4545 4542 4542 5347 5347 5343 5343 4542 4542 5343 5343 4734 4734 5347 5347 5348 5348 5344 5344 5347 5347 5344 5344 5343 5343 5348 5348 5349 5349 5345 5345 5348 5348 5345 5345 5344 5344 5349 5349 5350 5350 5346 5346 5349 5349 5346 5346 5345 5345 5350 5350 4547 4547 4546 4546 5350 5350 4546 4546 5346 5346 4735 4735 5351 5351 5347 5347 4735 4735 5347 5347 4542 4542 5351 5351 5352 5352 5348 5348 5351 5351 5348 5348 5347 5347 5352 5352 5353 5353 5349 5349 5352 5352 5349 5349 5348 5348 5353 5353 5354 5354 5350 5350 5353 5353 5350 5350 5349 5349 5354 5354 4548 4548 4547 4547 5354 5354 4547 4547 5350 5350 4736 4736 5355 5355 5351 5351 4736 4736 5351 5351 4735 4735 5355 5355 5356 5356 5352 5352 5355 5355 5352 5352 5351 5351 5356 5356 5357 5357 5353 5353 5356 5356 5353 5353 5352 5352 5357 5357 5358 5358 5354 5354 5357 5357 5354 5354 5353 5353 5358 5358 4549 4549 4548 4548 5358 5358 4548 4548 5354 5354 4737 4737 5359 5359 5355 5355 4737 4737 5355 5355 4736 4736 5359 5359 5360 5360 5356 5356 5359 5359 5356 5356 5355 5355 5360 5360 5361 5361 5357 5357 5360 5360 5357 5357 5356 5356 5361 5361 5362 5362 5358 5358 5361 5361 5358 5358 5357 5357 4746 4746 4730 4730 4549 4549 4746 4746 4549 4549 5362 5362 4549 4549 5358 5358 5362 5362 4738 4738 5363 5363 5359 5359 4738 4738 5359 5359 4737 4737 5363 5363 5364 5364 5360 5360 5363 5363 5360 5360 5359 5359 5364 5364 5365 5365 5361 5361 5364 5364 5361 5361 5360 5360 5365 5365 5366 5366 5362 5362 5365 5365 5362 5362 5361 5361 5366 5366 4572 4572 4746 4746 5366 5366 4746 4746 5362 5362 4739 4739 5367 5367 5363 5363 4739 4739 5363 5363 4738 4738 5367 5367 5368 5368 5364 5364 5367 5367 5364 5364 5363 5363 5368 5368 5369 5369 5365 5365 5368 5368 5365 5365 5364 5364 5369 5369 5370 5370 5366 5366 5369 5369 5366 5366 5365 5365 5370 5370 4766 4766 4572 4572 5370 5370 4572 4572 5366 5366 4740 4740 5371 5371 5367 5367 4740 4740 5367 5367 4739 4739 5371 5371 5372 5372 5368 5368 5371 5371 5368 5368 5367 5367 5372 5372 5373 5373 5369 5369 5372 5372 5369 5369 5368 5368 5373 5373 5374 5374 5370 5370 5373 5373 5370 5370 5369 5369 5374 5374 4573 4573 4766 4766 5374 5374 4766 4766 5370 5370 4541 4541 5375 5375 5371 5371 4541 4541 5371 5371 4740 4740 5375 5375 5376 5376 5372 5372 5375 5375 5372 5372 5371 5371 5376 5376 5377 5377 5373 5373 5376 5376 5373 5373 5372 5372 5377 5377 5378 5378 5374 5374 5377 5377 5374 5374 5373 5373 5378 5378 4574 4574 4573 4573 5378 5378 4573 4573 5374 5374 4741 4741 5379 5379 5375 5375 4741 4741 5375 5375 4541 4541 5379 5379 5380 5380 5376 5376 5379 5379 5376 5376 5375 5375 5380 5380 5381 5381 5377 5377 5380 5380 5377 5377 5376 5376 5381 5381 5382 5382 5378 5378 5381 5381 5378 5378 5377 5377 5382 5382 4765 4765 4574 4574 5382 5382 4574 4574 5378 5378 4742 4742 5383 5383 5379 5379 4742 4742 5379 5379 4741 4741 5383 5383 5384 5384 5380 5380 5383 5383 5380 5380 5379 5379 5384 5384 5385 5385 5381 5381 5384 5384 5381 5381 5380 5380 5385 5385 5386 5386 5382 5382 5385 5385 5382 5382 5381 5381 5386 5386 4764 4764 4765 4765 5386 5386 4765 4765 5382 5382 4540 4540 5387 5387 5383 5383 4540 4540 5383 5383 4742 4742 5387 5387 5388 5388 5384 5384 5387 5387 5384 5384 5383 5383 5388 5388 5389 5389 5385 5385 5388 5388 5385 5385 5384 5384 5389 5389 5390 5390 5386 5386 5389 5389 5386 5386 5385 5385 5390 5390 4763 4763 4764 4764 5390 5390 4764 4764 5386 5386 4743 4743 5391 5391 5387 5387 4743 4743 5387 5387 4540 4540 5391 5391 5392 5392 5388 5388 5391 5391 5388 5388 5387 5387 5392 5392 5393 5393 5389 5389 5392 5392 5389 5389 5388 5388 5393 5393 5394 5394 5390 5390 5393 5393 5390 5390 5389 5389 5394 5394 4575 4575 4763 4763 5394 5394 4763 4763 5390 5390 4744 4744 5395 5395 5391 5391 4744 4744 5391 5391 4743 4743 5395 5395 5396 5396 5392 5392 5395 5395 5392 5392 5391 5391 5396 5396 5397 5397 5393 5393 5396 5396 5393 5393 5392 5392 5397 5397 5398 5398 5394 5394 5397 5397 5394 5394 5393 5393 5398 5398 4576 4576 4575 4575 5398 5398 4575 4575 5394 5394 4537 4537 5399 5399 5395 5395 4537 4537 5395 5395 4744 4744 5399 5399 5400 5400 5396 5396 5399 5399 5396 5396 5395 5395 5400 5400 5401 5401 5397 5397 5400 5400 5397 5397 5396 5396 5401 5401 5402 5402 5398 5398 5401 5401 5398 5398 5397 5397 5402 5402 4762 4762 4576 4576 5402 5402 4576 4576 5398 5398 4753 4753 4754 4754 4755 4755 4753 4753 4755 4755 5434 5434 5438 5438 5403 5403 5404 5404 5438 5438 5404 5404 5437 5437 5437 5437 5404 5404 5405 5405 5437 5437 5405 5405 5436 5436 5436 5436 5405 5405 5406 5406 5436 5436 5406 5406 5435 5435 5435 5435 5406 5406 4760 4760 5435 5435 4760 4760 4761 4761 5435 5435 5402 5402 5401 5401 5435 5435 5401 5401 5436 5436 4579 4579 4753 4753 5434 5434 4579 4579 5434 5434 5433 5433 4534 4534 5407 5407 5403 5403 4534 4534 5403 5403 4535 4535 5407 5407 5408 5408 5404 5404 5407 5407 5404 5404 5403 5403 5408 5408 5409 5409 5405 5405 5408 5408 5405 5405 5404 5404 5409 5409 5410 5410 5406 5406 5409 5409 5406 5406 5405 5405 5410 5410 4759 4759 4760 4760 5410 5410 4760 4760 5406 5406 4745 4745 5411 5411 5407 5407 4745 4745 5407 5407 4534 4534 5411 5411 5412 5412 5408 5408 5411 5411 5408 5408 5407 5407 5412 5412 5413 5413 5409 5409 5412 5412 5409 5409 5408 5408 5413 5413 5414 5414 5410 5410 5413 5413 5410 5410 5409 5409 5414 5414 4758 4758 4759 4759 5414 5414 4759 4759 5410 5410 4747 4747 5415 5415 5411 5411 4747 4747 5411 5411 4745 4745 5415 5415 5416 5416 5412 5412 5415 5415 5412 5412 5411 5411 5416 5416 5417 5417 5413 5413 5416 5416 5413 5413 5412 5412 5417 5417 5418 5418 5414 5414 5417 5417 5414 5414 5413 5413 5418 5418 4757 4757 4758 4758 5418 5418 4758 4758 5414 5414 4747 4747 4748 4748 4749 4749 4747 4747 4749 4749 5415 5415 4749 4749 5419 5419 5415 5415 5419 5419 5420 5420 5416 5416 5419 5419 5416 5416 5415 5415 5420 5420 5421 5421 5417 5417 5420 5420 5417 5417 5416 5416 5421 5421 5422 5422 5418 5418 5421 5421 5418 5418 5417 5417 5422 5422 4756 4756 4757 4757 5422 5422 4757 4757 5418 5418 4582 4582 5423 5423 5419 5419 4582 4582 5419 5419 4749 4749 5423 5423 5424 5424 5420 5420 5423 5423 5420 5420 5419 5419 5424 5424 5425 5425 5421 5421 5424 5424 5421 5421 5420 5420 5425 5425 5426 5426 5422 5422 5425 5425 5422 5422 5421 5421 5426 5426 4577 4577 4756 4756 5426 5426 4756 4756 5422 5422 4750 4750 5427 5427 5423 5423 4750 4750 5423 5423 4582 4582 5427 5427 5428 5428 5424 5424 5427 5427 5424 5424 5423 5423 5428 5428 5429 5429 5425 5425 5428 5428 5425 5425 5424 5424 5429 5429 5430 5430 5426 5426 5429 5429 5426 5426 5425 5425 5430 5430 4578 4578 4577 4577 5430 5430 4577 4577 5426 5426 4581 4581 5431 5431 5427 5427 4581 4581 5427 5427 4750 4750 5431 5431 5432 5432 5428 5428 5431 5431 5428 5428 5427 5427 5432 5432 5433 5433 5429 5429 5432 5432 5429 5429 5428 5428 5433 5433 5434 5434 5430 5430 5433 5433 5430 5430 5429 5429 5434 5434 4755 4755 4578 4578 5434 5434 4578 4578 5430 5430 4751 4751 4752 4752 5431 5431 4751 4751 5431 5431 4581 4581 4752 4752 4580 4580 5432 5432 4752 4752 5432 5432 5431 5431 4580 4580 4579 4579 5433 5433 4580 4580 5433 5433 5432 5432 5436 5436 5401 5401 5400 5400 5436 5436 5400 5400 5437 5437 5437 5437 5400 5400 5399 5399 5437 5437 5399 5399 5438 5438 5438 5438 5399 5399 4537 4537 5438 5438 4537 4537 4536 4536 4182 4182 5440 5440 4643 4643 4182 4182 4643 4643 4640 4640 4643 4643 5440 5440 4302 4302 4152 4152 4181 4181 4639 4639 4152 4152 4639 4639 5443 5443 4376 4376 4151 4151 5442 5442 4376 4376 5442 5442 4339 4339 4373 4373 4375 4375 4338 4338 4373 4373 4338 4338 4343 4343 4370 4370 4372 4372 4342 4342 6311 6311 6152 6152 6309 6309 6309 6309 6152 6152 6166 6166 7309 7309 7325 7325 7150 7150 6573 6573 6588 6588 6574 6574 6188 6188 5922 5922 6190 6190 7639 7639 5459 5459 7640 7640 5601 5601 5602 5602 5610 5610 5578 5578 5587 5587 5580 5580 5844 5844 5797 5797 6972 6972 5671 5671 5685 5685 5694 5694 6253 6253 6395 6395 6254 6254 5857 5857 6254 6254 7386 7386 6491 6491 6492 6492 6509 6509 7150 7150 7324 7324 7248 7248 7324 7324 7150 7150 7325 7325 5792 5792 5773 5773 5786 5786 7722 7722 7729 7729 5711 5711 5799 5799 5800 5800 5806 5806 6566 6566 6577 6577 6585 6585 6567 6567 6577 6577 6566 6566 7677 7677 7668 7668 6394 6394 6394 6394 7668 7668 7667 7667 5922 5922 5924 5924 6190 6190 7322 7322 6590 6590 5632 5632 6461 6461 6443 6443 7323 7323 7727 7727 7721 7721 7728 7728 6618 6618 5928 5928 5930 5930 7740 7740 7728 7728 7721 7721 7358 7358 7431 7431 6543 6543 6498 6498 6130 6130 6488 6488 8310 8310 7397 7397 7398 7398 6619 6619 5928 5928 6618 6618 7642 7642 5477 5477 7643 7643 7729 7729 7730 7730 7737 7737 6864 6864 5588 5588 5578 5578 5589 5589 5588 5588 6864 6864 6393 6393 7666 7666 7678 7678 6205 6205 6190 6190 6198 6198 5968 5968 7678 7678 7666 7666 6504 6504 6497 6497 6514 6514 6517 6517 6504 6504 6523 6523 5657 5657 5639 5639 5659 5659 7674 7674 6305 6305 6403 6403 5602 5602 5776 5776 5603 5603 7711 7711 7692 7692 5948 5948 5641 5641 6209 6209 6219 6219 7748 7748 7700 7700 7719 7719 5776 5776 5602 5602 5619 5619 6564 6564 6573 6573 6571 6571 6693 6693 6174 6174 5945 5945 7548 7548 7645 7645 7528 7528 5623 5623 5598 5598 5624 5624 7645 7645 7548 7548 7547 7547 6563 6563 6573 6573 6564 6564 5631 5631 5613 5613 7165 7165 7641 7641 7656 7656 7642 7642 6594 6594 6575 6575 6587 6587 6588 6588 6575 6575 6594 6594 6361 6361 6243 6243 6257 6257 7185 7185 5612 5612 7184 7184 5798 5798 5763 5763 5792 5792 6589 6589 6592 6592 6591 6591 6589 6589 6591 6591 6590 6590 6202 6202 6203 6203 6210 6210 6586 6586 6570 6570 6576 6576 6572 6572 6576 6576 6570 6570 6579 6579 6583 6583 6417 6417 6595 6595 6579 6579 6417 6417 6549 6549 6482 6482 7323 7323 7344 7344 7402 7402 7335 7335 7693 7693 7686 7686 7694 7694 6595 6595 6584 6584 6579 6579 7344 7344 7335 7335 7349 7349 5615 5615 7259 7259 7160 7160 6412 6412 6463 6463 6414 6414 5948 5948 7692 7692 7491 7491 6555 6555 6584 6584 6595 6595 6872 6872 5579 5579 5581 5581 6256 6256 5639 5639 6362 6362 6568 6568 6569 6569 6589 6589 7680 7680 7686 7686 7679 7679 6267 6267 6270 6270 6276 6276 7160 7160 7259 7259 7993 7993 6191 6191 6165 6165 6206 6206 7652 7652 7642 7642 5970 5970 6209 6209 5641 5641 5642 5642 6261 6261 6263 6263 6270 6270 6565 6565 6569 6569 6568 6568 5611 5611 5604 5604 5612 5612 7743 7743 7706 7706 7742 7742 6270 6270 6263 6263 6271 6271 6589 6589 6590 6590 7322 7322 6506 6506 6491 6491 6509 6509 5603 5603 5604 5604 5611 5611 6188 6188 6190 6190 6205 6205 7706 7706 7707 7707 7742 7742 5601 5601 5619 5619 5602 5602 6568 6568 6589 6589 7322 7322 5850 5850 5599 5599 5780 5780 5605 5605 5772 5772 5606 5606 6563 6563 6588 6588 6573 6573 6575 6575 6588 6588 6563 6563 7681 7681 7686 7686 7680 7680 7745 7745 7704 7704 7744 7744 5609 5609 5610 5610 5629 5629 7704 7704 7705 7705 7744 7744 7719 7719 7700 7700 7747 7747 5603 5603 5760 5760 5604 5604 5599 5599 5850 5850 5600 5600 5771 5771 5773 5773 5792 5792 7746 7746 7719 7719 7747 7747 7725 7725 7720 7720 7733 7733 5760 5760 5603 5603 5776 5776 5624 5624 5598 5598 6863 6863 5586 5586 5580 5580 5587 5587 6254 6254 6395 6395 7386 7386 6565 6565 6571 6571 6569 6569 5903 5903 5906 5906 6184 6184 6184 6184 5906 5906 6185 6185 7733 7733 7720 7720 7734 7734 6564 6564 6571 6571 6565 6565 6578 6578 6573 6573 6574 6574 6265 6265 6260 6260 6267 6267 6573 6573 6578 6578 6571 6571 6267 6267 6276 6276 6285 6285 7330 7330 7331 7331 6535 6535 7074 7074 5627 5627 7075 7075 6156 6156 6170 6170 6158 6158 6169 6169 6158 6158 6170 6170 7530 7530 7525 7525 7534 7534 7528 7528 7525 7525 7530 7530 6504 6504 6514 6514 6523 6523 6213 6213 6208 6208 6224 6224 6561 6561 6438 6438 6553 6553 5918 5918 6179 6179 6188 6188 6167 6167 5934 5934 6168 6168 6185 6185 6187 6187 6203 6203 6542 6542 6422 6422 6505 6505 6473 6473 6474 6474 6483 6483 5789 5789 5795 5795 5802 5802 5788 5788 5789 5789 5794 5794 6168 6168 5934 5934 5936 5936 7640 7640 5459 5459 7641 7641 7180 7180 5727 5727 6966 6966 5790 5790 5845 5845 5781 5781 6206 6206 6165 6165 6208 6208 5722 5722 5724 5724 5749 5749 5736 5736 5715 5715 5737 5737 5749 5749 5719 5719 5748 5748 6317 6317 6313 6313 6310 6310 5779 5779 5778 5778 5849 5849 5775 5775 5762 5762 5787 5787 6463 6463 6412 6412 6218 6218 5794 5794 5767 5767 5801 5801 5766 5766 5794 5794 5801 5801 6592 6592 6569 6569 6593 6593 5608 5608 5609 5609 5626 5626 6592 6592 6589 6589 6569 6569 6349 6349 6047 6047 6048 6048 6048 6048 6047 6047 6049 6049 6049 6049 6047 6047 5995 5995 6045 6045 5995 5995 6047 6047 5995 5995 6045 6045 6050 6050 6322 6322 6050 6050 6045 6045 6322 6322 6051 6051 6050 6050 5994 5994 6051 6051 6322 6322 6043 6043 5994 5994 6322 6322 5994 5994 6043 6043 6052 6052 6041 6041 6052 6052 6043 6043 6041 6041 5993 5993 6052 6052 5992 5992 5993 5993 6041 6041 6039 6039 5992 5992 6041 6041 5992 5992 6039 6039 6053 6053 6037 6037 6053 6053 6039 6039 6053 6053 6037 6037 5991 5991 6035 6035 5991 5991 6037 6037 6035 6035 6054 6054 5991 5991 5990 5990 6054 6054 6035 6035 6033 6033 5990 5990 6035 6035 5990 5990 6033 6033 5989 5989 6324 6324 5989 5989 6033 6033 6324 6324 6056 6056 5989 5989 5988 5988 6055 6055 6323 6323 6030 6030 5988 5988 6323 6323 5988 5988 6030 6030 5987 5987 6023 6023 5987 5987 6030 6030 6023 6023 5986 5986 5987 5987 6057 6057 5986 5986 6023 6023 6327 6327 6057 6057 6023 6023 6057 6057 6327 6327 6058 6058 6021 6021 6058 6058 6327 6327 6021 6021 5985 5985 6058 6058 6059 6059 5985 5985 6021 6021 6329 6329 6059 6059 6021 6021 5459 5459 7657 7657 7641 7641 6059 6059 6329 6329 6060 6060 6334 6334 6060 6060 6329 6329 6060 6060 6334 6334 6061 6061 5984 5984 6061 6061 6334 6334 6019 6019 5984 5984 6334 6334 6062 6062 5984 5984 6019 6019 6017 6017 6062 6062 6019 6019 6062 6062 6017 6017 5983 5983 6015 6015 5983 5983 6017 6017 6015 6015 5982 5982 5983 5983 5982 5982 6015 6015 6336 6336 6336 6336 6010 6010 5982 5982 6336 6336 6363 6363 6010 6010 6010 6010 6363 6363 6009 6009 6009 6009 6363 6363 6083 6083 6081 6081 6083 6083 6363 6363 6083 6083 6081 6081 6008 6008 6365 6365 6008 6008 6081 6081 6365 6365 6084 6084 6008 6008 6007 6007 6084 6084 6365 6365 6079 6079 6007 6007 6365 6365 6007 6007 6079 6079 6085 6085 6367 6367 6085 6085 6079 6079 6367 6367 6006 6006 6085 6085 6086 6086 6006 6006 6367 6367 6077 6077 6086 6086 6367 6367 6086 6086 6077 6077 6005 6005 6075 6075 6005 6005 6077 6077 6005 6005 6075 6075 6004 6004 6073 6073 6004 6004 6075 6075 6073 6073 6003 6003 6004 6004 6087 6087 6003 6003 6073 6073 6071 6071 6087 6087 6073 6073 6087 6087 6071 6071 6088 6088 6070 6070 6088 6088 6071 6071 6070 6070 6089 6089 6088 6088 6002 6002 6089 6089 6070 6070 6370 6370 6002 6002 6070 6070 6002 6002 6370 6370 6090 6090 6068 6068 6090 6090 6370 6370 6068 6068 6091 6091 6090 6090 6001 6001 6091 6091 6068 6068 6372 6372 6001 6001 6068 6068 5786 5786 5759 5759 5761 5761 6001 6001 6372 6372 6092 6092 6374 6374 6092 6092 6372 6372 6374 6374 6000 6000 6092 6092 5999 5999 6000 6000 6374 6374 6377 6377 5999 5999 6374 6374 5999 5999 6377 6377 5998 5998 6066 6066 5998 5998 6377 6377 5998 5998 6066 6066 6093 6093 5997 5997 6093 6093 6066 6066 6379 6379 5997 5997 6066 6066 6094 6094 5997 5997 6379 6379 6381 6381 6094 6094 6379 6379 6094 6094 6381 6381 5996 5996 6064 6064 5996 5996 6381 6381 6064 6064 6096 6096 5996 5996 6096 6096 6064 6064 6349 6349 5797 5797 6973 6973 6972 6972 6473 6473 6453 6453 6474 6474 5585 5585 5584 5584 7218 7218 6096 6096 6349 6349 6048 6048 6546 6546 6514 6514 6497 6497 7324 7324 6514 6514 6546 6546 5759 5759 5775 5775 5761 5761 6741 6741 6114 6114 6109 6109 6786 6786 6114 6114 6741 6741 6114 6114 6786 6786 6110 6110 6110 6110 6786 6786 6784 6784 6110 6110 6784 6784 6111 6111 6111 6111 6784 6784 6112 6112 6784 6784 6782 6782 6112 6112 6112 6112 6782 6782 5513 5513 6780 6780 5513 5513 6782 6782 6115 6115 5513 5513 6780 6780 6836 6836 6780 6780 6831 6831 6136 6136 6780 6780 6836 6836 6135 6135 6780 6780 6136 6136 6134 6134 6780 6780 6135 6135 6133 6133 6780 6780 6134 6134 6132 6132 6780 6780 6133 6133 6131 6131 6780 6780 6132 6132 6121 6121 6780 6780 6131 6131 6120 6120 6780 6780 6121 6121 6116 6116 6780 6780 6120 6120 6119 6119 6780 6780 6116 6116 6118 6118 6780 6780 6119 6119 6117 6117 6780 6780 6118 6118 6115 6115 6780 6780 6117 6117 7685 7685 5690 5690 5659 5659 5824 5824 5805 5805 7750 7750 6971 6971 5823 5823 5843 5843 5820 5820 5821 5821 5837 5837 5736 5736 5710 5710 5734 5734 6337 6337 6016 6016 7623 7623 7623 7623 6016 6016 7339 7339 6018 6018 7339 7339 6016 6016 6018 6018 7341 7341 7339 7339 6020 6020 7341 7341 6018 6018 6020 6020 7343 7343 7341 7341 6335 6335 7343 7343 6020 6020 6335 6335 7347 7347 7343 7343 6331 6331 7347 7347 6335 6335 6330 6330 7392 7392 7346 7346 6022 6022 7392 7392 6330 6330 6022 6022 7352 7352 7392 7392 6328 6328 7352 7352 6022 6022 6328 6328 6338 6338 7352 7352 6024 6024 6338 6338 6328 6328 6024 6024 6339 6339 6338 6338 6031 6031 6339 6339 6024 6024 6031 6031 6344 6344 6339 6339 6325 6325 6344 6344 6031 6031 6325 6325 7390 7390 6344 6344 7389 7389 7391 7391 6326 6326 6032 6032 7389 7389 6326 6326 7388 7388 7389 7389 6032 6032 6034 6034 7388 7388 6032 6032 6345 6345 7388 7388 6034 6034 6036 6036 6345 6345 6034 6034 7363 7363 6345 6345 6036 6036 6038 6038 7363 7363 6036 6036 7385 7385 7363 7363 6038 6038 6040 6040 7385 7385 6038 6038 7366 7366 7385 7385 6040 6040 6042 6042 7366 7366 6040 6040 7311 7311 7366 7366 6042 6042 6321 6321 7311 7311 6042 6042 7314 7314 7311 7311 6321 6321 6044 6044 7314 7314 6321 6321 7337 7337 7314 7314 6044 6044 6046 6046 7337 7337 6044 6044 7337 7337 6046 6046 6348 6348 7337 7337 6348 6348 6346 6346 6348 6348 6063 6063 6346 6346 6346 6346 6063 6063 7564 7564 6380 6380 7564 7564 6063 6063 6380 6380 7583 7583 7564 7564 6378 6378 7583 7583 6380 6380 6378 6378 7585 7585 7583 7583 6065 6065 7585 7585 6378 6378 6065 6065 7587 7587 7585 7585 6375 6375 7587 7587 6065 6065 6376 6376 6382 6382 7588 7588 6373 6373 6382 6382 6376 6376 6373 6373 6383 6383 6382 6382 6371 6371 6383 6383 6373 6373 6371 6371 6384 6384 6383 6383 6067 6067 6384 6384 6371 6371 6067 6067 6385 6385 6384 6384 6369 6369 6385 6385 6067 6067 6369 6369 6386 6386 6385 6385 6069 6069 6386 6386 6369 6369 6069 6069 6387 6387 6386 6386 7646 7646 6387 6387 6069 6069 6072 6072 7646 7646 6069 6069 7627 7627 7646 7646 6072 6072 6074 6074 7627 7627 6072 6072 7626 7626 7627 7627 6074 6074 6076 6076 7626 7626 6074 6074 6388 6388 7626 7626 6076 6076 6078 6078 6388 6388 6076 6076 7625 7625 6388 6388 6078 6078 6368 6368 7625 7625 6078 6078 7600 7600 7625 7625 6368 6368 6080 6080 7600 7600 6368 6368 7602 7602 7600 7600 6080 6080 6366 6366 7602 7602 6080 6080 7604 7604 7602 7602 6366 6366 6082 6082 7604 7604 6366 6366 7606 7606 7604 7604 6082 6082 6364 6364 7606 7606 6082 6082 7606 7606 6364 6364 6337 6337 7606 7606 6337 6337 7623 7623 5637 5637 5699 5699 5653 5653 5681 5681 5664 5664 5683 5683 6190 6190 6191 6191 6198 6198 7719 7719 7746 7746 7724 7724 7700 7700 7702 7702 7747 7747 6267 6267 6285 6285 6295 6295 5737 5737 5735 5735 5730 5730 7747 7747 7702 7702 7746 7746 7159 7159 7072 7072 7160 7160 6184 6184 5636 5636 6333 6333 6184 6184 6333 6333 6332 6332 5909 5909 5912 5912 6187 6187 6179 6179 5922 5922 6188 6188 6935 6935 7670 7670 7923 7923 5611 5611 5612 5612 7185 7185 5913 5913 5917 5917 6187 6187 6187 6187 5918 5918 6188 6188 6218 6218 6410 6410 5738 5738 7767 7767 7663 7663 7673 7673 5647 5647 6332 6332 5646 5646 5589 5589 5625 5625 5588 5588 7702 7702 7703 7703 7746 7746 6340 6340 5645 5645 6184 6184 5636 5636 6184 6184 5645 5645 6222 6222 6203 6203 6223 6223 6208 6208 6463 6463 6218 6218 5663 5663 5708 5708 5688 5688 7720 7720 7743 7743 7742 7742 5939 5939 6171 6171 6156 6156 6170 6170 6156 6156 6171 6171 6238 6238 6231 6231 6248 6248 8196 8196 7889 7889 7536 7536 6149 6149 8196 8196 7536 7536 7326 7326 6514 6514 7325 7325 6193 6193 8102 8102 7662 7662 6277 6277 6271 6271 6280 6280 6228 6228 6238 6238 6247 6247 6264 6264 6295 6295 6292 6292 7325 7325 6514 6514 7324 7324 6583 6583 6582 6582 7906 7906 5793 5793 5764 5764 5765 5765 5787 5787 5764 5764 5793 5793 6417 6417 6583 6583 7906 7906 5681 5681 5683 5683 5690 5690 6235 6235 6212 6212 6228 6228 5664 5664 5661 5661 5671 5671 6454 6454 6456 6456 6457 6457 6416 6416 7905 7905 6418 6418 6639 6639 5870 5870 6637 6637 6639 6639 6643 6643 5870 5870 6640 6640 6637 6637 5870 5870 6559 6559 6637 6637 6640 6640 6559 6559 7800 7800 6637 6637 6641 6641 7800 7800 6559 6559 6642 6642 7800 7800 6641 6641 5871 5871 6639 6639 6645 6645 6643 6643 6639 6639 5871 5871 5873 5873 6646 6646 6653 6653 5872 5872 6646 6646 5873 5873 7883 7883 6651 6651 6653 6653 7883 7883 5899 5899 6651 6651 7883 7883 6650 6650 5899 5899 7883 7883 5900 5900 6650 6650 7883 7883 6648 6648 5900 5900 7883 7883 6697 6697 6648 6648 7883 7883 6698 6698 6697 6697 7883 7883 6699 6699 6698 6698 7883 7883 6700 6700 6699 6699 7883 7883 6655 6655 6700 6700 7883 7883 6654 6654 6655 6655 7883 7883 7884 7884 6654 6654 5873 5873 6653 6653 6651 6651 5849 5849 5762 5762 5618 5618 5799 5799 5761 5761 5793 5793 6193 6193 7662 7662 7767 7767 6556 6556 6436 6436 6560 6560 5598 5598 5848 5848 5599 5599 5769 5769 5820 5820 5770 5770 5806 5806 5800 5800 5818 5818 5819 5819 5769 5769 5770 5770 5830 5830 5818 5818 5833 5833 5633 5633 5647 5647 5635 5635 5761 5761 5775 5775 5787 5787 6399 6399 6305 6305 7674 7674 5828 5828 5817 5817 5830 5830 5824 5824 5798 5798 5805 5805 5751 5751 5734 5734 5660 5660 7953 7953 6712 6712 7955 7955 7953 7953 6701 6701 6712 6712 6701 6701 7953 7953 7951 7951 6701 6701 7951 7951 6702 6702 7949 7949 6702 6702 7951 7951 6702 6702 7949 7949 6719 6719 6702 6702 6719 6719 6703 6703 6721 6721 6703 6703 6719 6719 6703 6703 6721 6721 6704 6704 6721 6721 7947 7947 6704 6704 6704 6704 7947 7947 7945 7945 6704 6704 7945 7945 6717 6717 6723 6723 6717 6717 7945 7945 6717 6717 6723 6723 6705 6705 6723 6723 7943 7943 6705 6705 6705 6705 7943 7943 6725 6725 6705 6705 6725 6725 6716 6716 6725 6725 6715 6715 6716 6716 6725 6725 6714 6714 6715 6715 6725 6725 6709 6709 6714 6714 6725 6725 6710 6710 6709 6709 6725 6725 6750 6750 6710 6710 6727 6727 6750 6750 6725 6725 6750 6750 6727 6727 7933 7933 6727 6727 7941 7941 7933 7933 7939 7939 7933 7933 7941 7941 7933 7933 7939 7939 6713 6713 7937 7937 6713 6713 7939 7939 7937 7937 6760 6760 6713 6713 6760 6760 7937 7937 6764 6764 6795 6795 6764 6764 7937 7937 6795 6795 6761 6761 6764 6764 6795 6795 6749 6749 6761 6761 6795 6795 6748 6748 6749 6749 6795 6795 6762 6762 6748 6748 6795 6795 6763 6763 6762 6762 6729 6729 6763 6763 6795 6795 6763 6763 6729 6729 6747 6747 6733 6733 6747 6747 6729 6729 6746 6746 6732 6732 6765 6765 6732 6732 6793 6793 6765 6765 6793 6793 6745 6745 6765 6765 6734 6734 6745 6745 6793 6793 6745 6745 6734 6734 6744 6744 6734 6734 6790 6790 6744 6744 6790 6790 6766 6766 6744 6744 6788 6788 6766 6766 6790 6790 6766 6766 6788 6788 6743 6743 6737 6737 6743 6743 6788 6788 6743 6743 6737 6737 6767 6767 6737 6737 6739 6739 6767 6767 6741 6741 6767 6767 6739 6739 6109 6109 6767 6767 6741 6741 5803 5803 5804 5804 5821 5821 5646 5646 5703 5703 5647 5647 5769 5769 5802 5802 5820 5820 5706 5706 5709 5709 5662 5662 5764 5764 5788 5788 5765 5765 5924 5924 5926 5926 6190 6190 6190 6190 5926 5926 6191 6191 5729 5729 5709 5709 5706 5706 5804 5804 5797 5797 5823 5823 5690 5690 5694 5694 5699 5699 7158 7158 5727 5727 7180 7180 5708 5708 5727 5727 7158 7158 6273 6273 6264 6264 6292 6292 6166 6166 6152 6152 6287 6287 5724 5724 5726 5726 5719 5719 8064 8064 7266 7266 7278 7278 5793 5793 5765 5765 5800 5800 6974 6974 6973 6973 5797 5797 5726 5726 5724 5724 5722 5722 5675 5675 7693 7693 5681 5681 5765 5765 5788 5788 5794 5794 6974 6974 5797 5797 5781 5781 5842 5842 5823 5823 6971 6971 7617 7617 7094 7094 7034 7034 7034 7034 7094 7094 7035 7035 7094 7094 7096 7096 7035 7035 7035 7035 7096 7096 7036 7036 7096 7096 7098 7098 7036 7036 7036 7036 7098 7098 7370 7370 7370 7370 7098 7098 7037 7037 7098 7098 7101 7101 7037 7037 7037 7037 7101 7101 7371 7371 7101 7101 7077 7077 7371 7371 7077 7077 7078 7078 7038 7038 7079 7079 7103 7103 7372 7372 7372 7372 7103 7103 7040 7040 7103 7103 7080 7080 7040 7040 7081 7081 7084 7084 7041 7041 7041 7041 7084 7084 7042 7042 7084 7084 7108 7108 7042 7042 7042 7042 7108 7108 7044 7044 7043 7043 7107 7107 7045 7045 7107 7107 7089 7089 7045 7045 7088 7088 7113 7113 7373 7373 7373 7373 7113 7113 7374 7374 7113 7113 7116 7116 7374 7374 7374 7374 7116 7116 7046 7046 7116 7116 7048 7048 7046 7046 7047 7047 7123 7123 7375 7375 7375 7375 7123 7123 7050 7050 7123 7123 7127 7127 7050 7050 7050 7050 7127 7127 7051 7051 7127 7127 7093 7093 7051 7051 7092 7092 7132 7132 7376 7376 7376 7376 7132 7132 7054 7054 7010 7010 7054 7054 7132 7132 7101 7101 7134 7134 7077 7077 7134 7134 7136 7136 7077 7077 7077 7077 7136 7136 7078 7078 7136 7136 7104 7104 7078 7078 7107 7107 7141 7141 7089 7089 7141 7141 7112 7112 7089 7089 7116 7116 7120 7120 7048 7048 7120 7120 7122 7122 7048 7048 7394 7394 7151 7151 7619 7619 7619 7619 7151 7151 7095 7095 7151 7151 7155 7155 7095 7095 7095 7095 7155 7155 7097 7097 7155 7155 7100 7100 7097 7097 7099 7099 7161 7161 7102 7102 7161 7161 7135 7135 7102 7102 7136 7136 7166 7166 7104 7104 7166 7166 7168 7168 7104 7104 7104 7104 7168 7168 7082 7082 7168 7168 7171 7171 7082 7082 7082 7082 7171 7171 7085 7085 7171 7171 7176 7176 7085 7085 7085 7085 7176 7176 7106 7106 7175 7175 7140 7140 7105 7105 7111 7111 7183 7183 7115 7115 7183 7183 7119 7119 7115 7115 7126 7126 7149 7149 7091 7091 7149 7149 7130 7130 7091 7091 7009 7009 7131 7131 7379 7379 7155 7155 7200 7200 7100 7100 7200 7200 7162 7162 7100 7100 7161 7161 7206 7206 7135 7135 7206 7206 7208 7208 7135 7135 7135 7135 7208 7208 7137 7137 7208 7208 7167 7167 7137 7137 7175 7175 7178 7178 7140 7140 7178 7178 7226 7226 7140 7140 7140 7140 7226 7226 7110 7110 7226 7226 7182 7182 7110 7110 7183 7183 7232 7232 7119 7119 7232 7232 7238 7238 7119 7119 7119 7119 7238 7238 7121 7121 7238 7238 7240 7240 7121 7121 7121 7121 7240 7240 7125 7125 7240 7240 7148 7148 7125 7125 7149 7149 7193 7193 7130 7130 7378 7378 7130 7130 7193 7193 7620 7620 7243 7243 7395 7395 7395 7395 7243 7243 7152 7152 5627 5627 5609 5609 5628 5628 7243 7243 7156 7156 7152 7152 7208 7208 7250 7250 7167 7167 7250 7250 7170 7170 7167 7167 7169 7169 7255 7255 7172 7172 7255 7255 7263 7263 7172 7172 7172 7172 7263 7263 7174 7174 7262 7262 7177 7177 7173 7173 7378 7378 7193 7193 7654 7654 7243 7243 7279 7279 7156 7156 7279 7279 7283 7283 7156 7156 7156 7156 7283 7283 7201 7201 7283 7283 7285 7285 7201 7201 7201 7201 7285 7285 7163 7163 7285 7285 7287 7287 7163 7163 7163 7163 7287 7287 7207 7207 7287 7287 7289 7289 7207 7207 7207 7207 7289 7289 7209 7209 7289 7289 7251 7251 7209 7209 7250 7250 7293 7293 7170 7170 7293 7293 7256 7256 7170 7170 7262 7262 7302 7302 7177 7177 7302 7302 7305 7305 7177 7177 7177 7177 7305 7305 7225 7225 7305 7305 7307 7307 7225 7225 7225 7225 7307 7307 7181 7181 7307 7307 7228 7228 7181 7181 7231 7231 7271 7271 7237 7237 7271 7271 7239 7239 7237 7237 7147 7147 7276 7276 7192 7192 7653 7653 7192 7192 7276 7276 7622 7622 7244 7244 7621 7621 7257 7257 7329 7329 7261 7261 7328 7328 7301 7301 7260 7260 7271 7271 7313 7313 7239 7239 7313 7313 7315 7315 7239 7239 7239 7239 7315 7315 7146 7146 7315 7315 7275 7275 7146 7146 7653 7653 7276 7276 7651 7651 7622 7622 7338 7338 7244 7244 7338 7338 7340 7340 7244 7244 7244 7244 7340 7340 7280 7280 7340 7340 7342 7342 7280 7280 7280 7280 7342 7342 7284 7284 7342 7342 7345 7345 7284 7284 7284 7284 7345 7345 7286 7286 7345 7345 7348 7348 7286 7286 7286 7286 7348 7348 7288 7288 6834 6834 6777 6777 6796 6796 6778 6778 6796 6796 6777 6777 6825 6825 6796 6796 6803 6803 6797 6797 6825 6825 6803 6803 6826 6826 6797 6797 6804 6804 6798 6798 6826 6826 6804 6804 6828 6828 6798 6798 6805 6805 6799 6799 6828 6828 6805 6805 6771 6771 6802 6802 6770 6770 6833 6833 6806 6806 6778 6778 6778 6778 6806 6806 6796 6796 6803 6803 6796 6796 6806 6806 7430 7430 7369 7369 7431 7431 7431 7431 7369 7369 6113 6113 6797 6797 6803 6803 6807 6807 6804 6804 6797 6797 6807 6807 7332 7332 8099 8099 7369 7369 7332 7332 7369 7369 7430 7430 6798 6798 6804 6804 6808 6808 6805 6805 6798 6798 6808 6808 7332 7332 7429 7429 7377 7377 8099 8099 7332 7332 7377 7377 6799 6799 6805 6805 6809 6809 6810 6810 6799 6799 6809 6809 6800 6800 6799 6799 6810 6810 6812 6812 6801 6801 6811 6811 6802 6802 6801 6801 6812 6812 6769 6769 6802 6802 6812 6812 6770 6770 6802 6802 6769 6769 6833 6833 6779 6779 6813 6813 6781 6781 6813 6813 6779 6779 6833 6833 6813 6813 6806 6806 6814 6814 6806 6806 6813 6813 6803 6803 6806 6806 6814 6814 6815 6815 6803 6803 6814 6814 6807 6807 6803 6803 6815 6815 6816 6816 6807 6807 6815 6815 6804 6804 6807 6807 6816 6816 6817 6817 6804 6804 6816 6816 6808 6808 6804 6804 6817 6817 6818 6818 6808 6808 6817 6817 6805 6805 6808 6808 6818 6818 6819 6819 6805 6805 6818 6818 6809 6809 6805 6805 6819 6819 6820 6820 6809 6809 6819 6819 6810 6810 6809 6809 6820 6820 6822 6822 6811 6811 6821 6821 6812 6812 6811 6811 6822 6822 7935 7935 6812 6812 6822 6822 7934 7934 6812 6812 7935 7935 6769 6769 6812 6812 7934 7934 6783 6783 6813 6813 6781 6781 6785 6785 6813 6813 6783 6783 6814 6814 6813 6813 6785 6785 6787 6787 6814 6814 6785 6785 6815 6815 6814 6814 6787 6787 6742 6742 6815 6815 6787 6787 6816 6816 6815 6815 6742 6742 6740 6740 6816 6816 6742 6742 6738 6738 6816 6816 6740 6740 6817 6817 6816 6816 6738 6738 6789 6789 6817 6817 6738 6738 6818 6818 6817 6817 6789 6789 6791 6791 6818 6818 6789 6789 6735 6735 6818 6818 6791 6791 6819 6819 6818 6818 6735 6735 6792 6792 6819 6819 6735 6735 6730 6730 6819 6819 6792 6792 6820 6820 6819 6819 6730 6730 6728 6728 6821 6821 6731 6731 6822 6822 6821 6821 6728 6728 6794 6794 6822 6822 6728 6728 7935 7935 6822 6822 7936 7936 6822 6822 6794 6794 7936 7936 6835 6835 6775 6775 6776 6776 6834 6834 6796 6796 6835 6835 6835 6835 6796 6796 6775 6775 7331 7331 5684 5684 6535 6535 8010 8010 6775 6775 6825 6825 6825 6825 6775 6775 6796 6796 8011 8011 8010 8010 6825 6825 8011 8011 6825 6825 6797 6797 5701 5701 5636 5636 5645 5645 6774 6774 8011 8011 6826 6826 6826 6826 8011 8011 6797 6797 8012 8012 6774 6774 6826 6826 8012 8012 6826 6826 6798 6798 8013 8013 8012 8012 6828 6828 6828 6828 8012 8012 6798 6798 8014 8014 8013 8013 6828 6828 8014 8014 6828 6828 6799 6799 6800 6800 8014 8014 6799 6799 8015 8015 8014 8014 6800 6800 6802 6802 8016 8016 6801 6801 6773 6773 8016 8016 6802 6802 6773 6773 6772 6772 8165 8165 6771 6771 6773 6773 6802 6802 6772 6772 6773 6773 6771 6771 6781 6781 6830 6830 6832 6832 7348 7348 7351 7351 7288 7288 6779 6779 6830 6830 6781 6781 6830 6830 6779 6779 8023 8023 8023 8023 6779 6779 8024 8024 6779 6779 6833 6833 8024 8024 8024 8024 6833 6833 8025 8025 6833 6833 6778 6778 8025 8025 8025 8025 6778 6778 6777 6777 8025 8025 6777 6777 6829 6829 6829 6829 6777 6777 8026 8026 6777 6777 6834 6834 8026 8026 8026 8026 6834 6834 6835 6835 8026 8026 6835 6835 8027 8027 6776 6776 8027 8027 6835 6835 8009 8009 8027 8027 6776 6776 7288 7288 7351 7351 7290 7290 7351 7351 7354 7354 7290 7290 7290 7290 7354 7354 7252 7252 6838 6838 6836 6836 6831 6831 6838 6838 6138 6138 6836 6836 6838 6838 6842 6842 6138 6138 6838 6838 6841 6841 6842 6842 6843 6843 6138 6138 6842 6842 7354 7354 7357 7357 7252 7252 7252 7252 7357 7357 7294 7294 7357 7357 7359 7359 7294 7294 7294 7294 7359 7359 7258 7258 7359 7359 7327 7327 7258 7258 7328 7328 7361 7361 7301 7301 7361 7361 7362 7362 7301 7301 7301 7301 7362 7362 7304 7304 7362 7362 7364 7364 7304 7304 7304 7304 7364 7364 7306 7306 7364 7364 7365 7365 7306 7306 7306 7306 7365 7365 7229 7229 7365 7365 7368 7368 7229 7229 7230 7230 7367 7367 7270 7270 7367 7367 7312 7312 7270 7270 7315 7315 7336 7336 7275 7275 7650 7650 7275 7275 7336 7336 5941 5941 6172 6172 5939 5939 6171 6171 5939 5939 6172 6172 7650 7650 7336 7336 6347 6347 7875 7875 7420 7420 7335 7335 7424 7424 7420 7420 7875 7875 7690 7690 7686 7686 7693 7693 7708 7708 7700 7700 7748 7748 7746 7746 7745 7745 7724 7724 5912 5912 5913 5913 6187 6187 7691 7691 7688 7688 7696 7696 7688 7688 7689 7689 7696 7696 7011 7011 7436 7436 7012 7012 7012 7012 7436 7436 7607 7607 7436 7436 7439 7439 7607 7607 7607 7607 7439 7439 7013 7013 7439 7439 7401 7401 7013 7013 7013 7013 7401 7401 7608 7608 7608 7608 7401 7401 7014 7014 7401 7401 7442 7442 7014 7014 7014 7014 7442 7442 7609 7609 7442 7442 7405 7405 7609 7609 7404 7404 7408 7408 7016 7016 7407 7407 7411 7411 7611 7611 7410 7410 7413 7413 7018 7018 7414 7414 7416 7416 7612 7612 7612 7612 7416 7416 7019 7019 7416 7416 7447 7447 7019 7019 7019 7019 7447 7447 7020 7020 7020 7020 7447 7447 7613 7613 7447 7447 7417 7417 7613 7613 7418 7418 7450 7450 7021 7021 7021 7021 7450 7450 7614 7614 7450 7450 7422 7422 7614 7614 7421 7421 7025 7025 7023 7023 7027 7027 7425 7425 7028 7028 7426 7426 7455 7455 7030 7030 7030 7030 7455 7455 7615 7615 7455 7455 7460 7460 7615 7615 7615 7615 7460 7460 7031 7031 7460 7460 7432 7432 7031 7031 7031 7031 7432 7432 7032 7032 7618 7618 7032 7032 7432 7432 7379 7379 7435 7435 7009 7009 7438 7438 7498 7498 7400 7400 7498 7498 7440 7440 7400 7400 7441 7441 7466 7466 7403 7403 7466 7466 7469 7469 7403 7403 7403 7403 7469 7469 7406 7406 7469 7469 7471 7471 7406 7406 7406 7406 7471 7471 7409 7409 7471 7471 7473 7473 7409 7409 7409 7409 7473 7473 7412 7412 7473 7473 7507 7507 7412 7412 7412 7412 7507 7507 7415 7415 7507 7507 7508 7508 7415 7415 7415 7415 7508 7508 7448 7448 7508 7508 7474 7474 7448 7448 7448 7448 7474 7474 7419 7419 7474 7474 7510 7510 7419 7419 7419 7419 7510 7510 7451 7451 7510 7510 7478 7478 7451 7451 7451 7451 7478 7478 7423 7423 7478 7478 7512 7512 7423 7423 7423 7423 7512 7512 7026 7026 7512 7512 7483 7483 7026 7026 7026 7026 7483 7483 7427 7427 7483 7483 7457 7457 7427 7427 7456 7456 7514 7514 7461 7461 7514 7514 7433 7433 7461 7461 7654 7654 7493 7493 7378 7378 6593 6593 6571 6571 6578 6578 7378 7378 7493 7493 7434 7434 7493 7493 7495 7495 7434 7434 7434 7434 7495 7495 7437 7437 7495 7495 7497 7497 7437 7437 7498 7498 7519 7519 7440 7440 7519 7519 7467 7467 7440 7440 7483 7483 7538 7538 7457 7457 7538 7538 7515 7515 7457 7457 7514 7514 7542 7542 7433 7433 5768 5768 5802 5802 5769 5769 7394 7394 7433 7433 7542 7542 7619 7619 7433 7433 7394 7394 7475 7475 7558 7558 7511 7511 7355 7355 6521 6521 7353 7353 7558 7558 7477 7477 7511 7511 7651 7651 7566 7566 7653 7653 7653 7653 7566 7566 7492 7492 7566 7566 7545 7545 7492 7492 6974 6974 5781 5781 6975 6975 7492 7492 7545 7545 7494 7494 7545 7545 7568 7568 7494 7494 7494 7494 7568 7568 7496 7496 7568 7568 7517 7517 7496 7496 7465 7465 7551 7551 7468 7468 7551 7551 7571 7571 7468 7468 7468 7468 7571 7571 7470 7470 7571 7571 7553 7553 7470 7470 7470 7470 7553 7553 7472 7472 7553 7553 7506 7506 7472 7472 7505 7505 7554 7554 7509 7509 7554 7554 7556 7556 7509 7509 7509 7509 7556 7556 7476 7476 7556 7556 7559 7559 7476 7476 7479 7479 7572 7572 7513 7513 7572 7572 7486 7486 7513 7513 7484 7484 7575 7575 7539 7539 7575 7575 7577 7577 7539 7539 7539 7539 7577 7577 7516 7516 7577 7577 7579 7579 7516 7516 7516 7516 7579 7579 7543 7543 7620 7620 7543 7543 7579 7579 7395 7395 7543 7543 7620 7620 7518 7518 7569 7569 7464 7464 7569 7569 7550 7550 7464 7464 7553 7553 7582 7582 7506 7506 7582 7582 7555 7555 7506 7506 6347 6347 7563 7563 7650 7650 7565 7565 7584 7584 7544 7544 7584 7584 7586 7586 7544 7544 7544 7544 7586 7586 7567 7567 7586 7586 7589 7589 7567 7567 7567 7567 7589 7589 7518 7518 7589 7589 7569 7569 7518 7518 7569 7569 7590 7590 7550 7550 7590 7590 7591 7591 7550 7550 7550 7550 7591 7591 7570 7570 7591 7591 7592 7592 7570 7570 7570 7570 7592 7592 7552 7552 7592 7592 7581 7581 7552 7552 7582 7582 7593 7593 7555 7555 7593 7593 7594 7594 7555 7555 7555 7555 7594 7594 7557 7557 7594 7594 7595 7595 7557 7557 7557 7557 7595 7595 7560 7560 7595 7595 7596 7596 7560 7560 7560 7560 7596 7596 7480 7480 7596 7596 7597 7597 7480 7480 7480 7480 7597 7597 7573 7573 7597 7597 7599 7599 7573 7573 7574 7574 7598 7598 7485 7485 7598 7598 7601 7601 7485 7485 7485 7485 7601 7601 7576 7576 7601 7601 7603 7603 7576 7576 7576 7576 7603 7603 7578 7578 7603 7603 7605 7605 7578 7578 7578 7578 7605 7605 7580 7580 7622 7622 7580 7580 7605 7605 7621 7621 7580 7580 7622 7622 7694 7694 7687 7687 7695 7695 7687 7687 7691 7691 7695 7695 6492 6492 6503 6503 6509 6509 7326 7326 6535 6535 6514 6514 7330 7330 6535 6535 7326 7326 7253 7253 5585 5585 5632 5632 6462 6462 6661 6661 6541 6541 6462 6462 5517 5517 6661 6661 6501 6501 7090 7090 7159 7159 5588 5588 7073 7073 5587 5587 5691 5691 7632 7632 8188 8188 5580 5580 5583 5583 5581 5581 7300 7300 7265 7265 7267 7267 7267 7267 7265 7265 7259 7259 7547 7547 7548 7548 7789 7789 6923 6923 7402 7402 7399 7399 6237 6237 7402 7402 6923 6923 7143 7143 6550 6550 7142 7142 6550 6550 7143 7143 6549 6549 7321 7321 6443 6443 5632 5632 7323 7323 6443 6443 7321 7321 6437 6437 6554 6554 6438 6438 6553 6553 6438 6438 6554 6554 7740 7740 7736 7736 7728 7728 5741 5741 7736 7736 7740 7740 5770 5770 5820 5820 5837 5837 6285 6285 6276 6276 6301 6301 6247 6247 6238 6238 6248 6248 6276 6276 6277 6277 6289 6289 5945 5945 6174 6174 5943 5943 6173 6173 5943 5943 6174 6174 6224 6224 6218 6218 6238 6238 6238 6238 6218 6218 6231 6231 8342 8342 7330 7330 7308 7308 7330 7330 8342 8342 7331 7331 6518 6518 6428 6428 6431 6431 6428 6428 6518 6518 6543 6543 6209 6209 5642 5642 6201 6201 7695 7695 7691 7691 7703 7703 6231 6231 6395 6395 6253 6253 5906 5906 5907 5907 6185 6185 7265 7265 7296 7296 7266 7266 7292 7292 7266 7266 7296 7296 7660 7660 7669 7669 6935 6935 6756 6756 8195 8195 7522 7522 5462 5462 7522 7522 8195 8195 6548 6548 6497 6497 6482 6482 6547 6547 6497 6497 6548 6548 5817 5817 5818 5818 5830 5830 5702 5702 5636 5636 5701 5701 5793 5793 5761 5761 5787 5787 5809 5809 5768 5768 5769 5769 6158 6158 6169 6169 6160 6160 6614 6614 6160 6160 6169 6169 6422 6422 6498 6498 6505 6505 6291 6291 6273 6273 6292 6292 7647 7647 7129 7129 7090 7090 6518 6518 6506 6506 6519 6519 6478 6478 6487 6487 6492 6492 5848 5848 5598 5598 5846 5846 5837 5837 5821 5821 5839 5839 5580 5580 5586 5586 5582 5582 5663 5663 5688 5688 5686 5686 5805 5805 5817 5817 5828 5828 5711 5711 5715 5715 5736 5736 5636 5636 5646 5646 6333 6333 5660 5660 5664 5664 5751 5751 5765 5765 5794 5794 5766 5766 5637 5637 5641 5641 6219 6219 5800 5800 5765 5765 5766 5766 7722 7722 7723 7723 7729 7729 7299 7299 5763 5763 5824 5824 5707 5707 5734 5734 5751 5751 5639 5639 5657 5657 5638 5638 6301 6301 6303 6303 6397 6397 5839 5839 5822 5822 5841 5841 5821 5821 5822 5822 5839 5839 5735 5735 5747 5747 6970 6970 6498 6498 6489 6489 6505 6505 6505 6505 6489 6489 6506 6506 5802 5802 5795 5795 5803 5803 5840 5840 5749 5749 7737 7737 6882 6882 7707 7707 7711 7711 6212 6212 6213 6213 6228 6228 7142 7142 7323 7323 7321 7321 5748 5748 5719 5719 5755 5755 5775 5775 5618 5618 5762 5762 5790 5790 5797 5797 5804 5804 6586 6586 6576 6576 6562 6562 6552 6552 6586 6586 6562 6562 5654 5654 5690 5690 5698 5698 6289 6289 6290 6290 7920 7920 5777 5777 5849 5849 5778 5778 5633 5633 5903 5903 6332 6332 7923 7923 7665 7665 7661 7661 5707 5707 7699 7699 5750 5750 5853 5853 7689 7689 7712 7712 6476 6476 6478 6478 6491 6491 5608 5608 5600 5600 5609 5609 5794 5794 5789 5789 5767 5767 6361 6361 6226 6226 6243 6243 6226 6226 6222 6222 6243 6243 5800 5800 5766 5766 5818 5818 6534 6534 6545 6545 7420 7420 5709 5709 5663 5663 5662 5662 7424 7424 6534 6534 7420 7420 7680 7680 5640 5640 7681 7681 6471 6471 6481 6481 6487 6487 7160 7160 5614 5614 5615 5615 6453 6453 6454 6454 6474 6474 5685 5685 5663 5663 5686 5686 5662 5662 5663 5663 5685 5685 5694 5694 5700 5700 5651 5651 5809 5809 5769 5769 5819 5819 6483 6483 6474 6474 6488 6488 7703 7703 7691 7691 7704 7704 6488 6488 6474 6474 6489 6489 6517 6517 6523 6523 6530 6530 5806 5806 5818 5818 5817 5817 5805 5805 5806 5806 5817 5817 6397 6397 7670 7670 6301 6301 7663 7663 7662 7662 8102 8102 6394 6394 6295 6295 7677 7677 6503 6503 6504 6504 6517 6517 5790 5790 5781 5781 5797 5797 6165 6165 6286 6286 6208 6208 6457 6457 6471 6471 6478 6478 7724 7724 7745 7745 7725 7725 6271 6271 6946 6946 6280 6280 5788 5788 5778 5778 5789 5789 5777 5777 5778 5778 5788 5788 6280 6280 6946 6946 6407 6407 7797 7797 8096 8096 7795 7795 7797 7797 8097 8097 8096 8096 7797 7797 7802 7802 8097 8097 7797 7797 7801 7801 7802 7802 7797 7797 7215 7215 7801 7801 7215 7215 7797 7797 7799 7799 7215 7215 7799 7799 7233 7233 7799 7799 7234 7234 7233 7233 7812 7812 7234 7234 7799 7799 7234 7234 7812 7812 7235 7235 7810 7810 7235 7235 7812 7812 7235 7235 7810 7810 7236 7236 7810 7810 6637 6637 7236 7236 6637 6637 7241 7241 7236 7236 7800 7800 7241 7241 6637 6637 8124 8124 8137 8137 8133 8133 8137 8137 8124 8124 8128 8128 8137 8137 8128 8128 8139 8139 8127 8127 8139 8139 8128 8128 8127 8127 7826 7826 8139 8139 8127 8127 7824 7824 7826 7826 8127 8127 7822 7822 7824 7824 8127 8127 8109 8109 7822 7822 8109 8109 8127 8127 7819 7819 6638 6638 7808 7808 6644 6644 6636 6636 7808 7808 6638 6638 7808 7808 6636 6636 7867 7867 6636 6636 7807 7807 7867 7867 7809 7809 7807 7807 6636 6636 7807 7807 7809 7809 7806 7806 7806 7806 7809 7809 7811 7811 7806 7806 7811 7811 7828 7828 7828 7828 7811 7811 7798 7798 7828 7828 7798 7798 7805 7805 7805 7805 7798 7798 7796 7796 7805 7805 7796 7796 7829 7829 7813 7813 7829 7829 7796 7796 8114 8114 7829 7829 7813 7813 7815 7815 7829 7829 8114 8114 8112 8112 7817 7817 7804 7804 7815 7815 8112 8112 7804 7804 7829 7829 7815 7815 7804 7804 7817 7817 7819 7819 7804 7804 7803 7803 7804 7804 7819 7819 8127 8127 7803 7803 7819 7819 6644 6644 7842 7842 6652 6652 7845 7845 7842 7842 6644 6644 7808 7808 7845 7845 6644 6644 7806 7806 7843 7843 7807 7807 7844 7844 7843 7843 7806 7806 7828 7828 7844 7844 7806 7806 7805 7805 7844 7844 7828 7828 7846 7846 7844 7844 7805 7805 7829 7829 7846 7846 7805 7805 7847 7847 7846 7846 7829 7829 7848 7848 7847 7847 7829 7829 7804 7804 7848 7848 7829 7829 7849 7849 7848 7848 7804 7804 7803 7803 7849 7849 7804 7804 7830 7830 7849 7849 7803 7803 8152 8152 7849 7849 7830 7830 7845 7845 7841 7841 7842 7842 7430 7430 7358 7358 7332 7332 7855 7855 7843 7843 7844 7844 7846 7846 7855 7855 7844 7844 7831 7831 7849 7849 8152 8152 7845 7845 7876 7876 7841 7841 7858 7858 7876 7876 7845 7845 7855 7855 7854 7854 7843 7843 7856 7856 7855 7855 7846 7846 7847 7847 7856 7856 7846 7846 7860 7860 7856 7856 7847 7847 7848 7848 7860 7860 7847 7847 7861 7861 7860 7860 7848 7848 7849 7849 7861 7861 7848 7848 7862 7862 7861 7861 7849 7849 7831 7831 7862 7862 7849 7849 8151 8151 7862 7862 7831 7831 7858 7858 7857 7857 7876 7876 7642 7642 7643 7643 6244 6244 7265 7265 7266 7266 7259 7259 7865 7865 7854 7854 7855 7855 7856 7856 7865 7865 7855 7855 7859 7859 7865 7865 7856 7856 7860 7860 7859 7859 7856 7856 7832 7832 7862 7862 8151 8151 7858 7858 7863 7863 7857 7857 7871 7871 7863 7863 7858 7858 5696 5696 5640 5640 7679 7679 7128 7128 7090 7090 7129 7129 7874 7874 7859 7859 7860 7860 7861 7861 7874 7874 7860 7860 7866 7866 7874 7874 7861 7861 7862 7862 7866 7866 7861 7861 7834 7834 7866 7866 7862 7862 7832 7832 7834 7834 7862 7862 7833 7833 7834 7834 7832 7832 8159 8159 7863 7863 8160 8160 7871 7871 8160 8160 7863 7863 7874 7874 7835 7835 7859 7859 7682 7682 7687 7687 7681 7681 5619 5619 5600 5600 5850 5850 7834 7834 7833 7833 8164 8164 7867 7867 7845 7845 7808 7808 7807 7807 7843 7843 7867 7867 7358 7358 7430 7430 7431 7431 7868 7868 7845 7845 7867 7867 7843 7843 7868 7868 7867 7867 7868 7868 7858 7858 7845 7845 7854 7854 7868 7868 7843 7843 6244 6244 7643 7643 6352 6352 7870 7870 7858 7858 7868 7868 7854 7854 7870 7870 7868 7868 7259 7259 7266 7266 7264 7264 7876 7876 7857 7857 7840 7840 7840 7840 7857 7857 7877 7877 7877 7877 7857 7857 7863 7863 7870 7870 7871 7871 7858 7858 7864 7864 7870 7870 7854 7854 7865 7865 7864 7864 7854 7854 7741 7741 7707 7707 6882 6882 7679 7679 5640 5640 7680 7680 7877 7877 7863 7863 7839 7839 7863 7863 8159 8159 7838 7838 7839 7839 7863 7863 7838 7838 8160 8160 7871 7871 7837 7837 7872 7872 7837 7837 7871 7871 7872 7872 8161 8161 7837 7837 7872 7872 7871 7871 7870 7870 7864 7864 7872 7872 7870 7870 8161 8161 7872 7872 7864 7864 7865 7865 8161 8161 7864 7864 7836 7836 8162 8162 7865 7865 8162 8162 8161 8161 7865 7865 7865 7865 8163 8163 7836 7836 7859 7859 8163 8163 7865 7865 7835 7835 8163 8163 7859 7859 7835 7835 7874 7874 7866 7866 7923 7923 7670 7670 7665 7665 7882 7882 6652 6652 7842 7842 7882 7882 7842 7842 7841 7841 7882 7882 7841 7841 7958 7958 7958 7958 7841 7841 7876 7876 7958 7958 7876 7876 7881 7881 7881 7881 7876 7876 7840 7840 7881 7881 7840 7840 7880 7880 7880 7880 7840 7840 7877 7877 7880 7880 7877 7877 7959 7959 7959 7959 7877 7877 7839 7839 7959 7959 7839 7839 7879 7879 7839 7839 7878 7878 7879 7879 7878 7878 7839 7839 7960 7960 7839 7839 7838 7838 7960 7960 6555 6555 6585 6585 6584 6584 7696 7696 7697 7697 7705 7705 5903 5903 6184 6184 6332 6332 6231 6231 8206 8206 6395 6395 6566 6566 6585 6585 6555 6555 7705 7705 7697 7697 7706 7706 7353 7353 6521 6521 6530 6530 6551 6551 6575 6575 6563 6563 7724 7724 7725 7725 7732 7732 5734 5734 5710 5710 5729 5729 5805 5805 5799 5799 5806 5806 5798 5798 5799 5799 5805 5805 5826 5826 5805 5805 5828 5828 7750 7750 5805 5805 5826 5826 5719 5719 5726 5726 5721 5721 5749 5749 5716 5716 7737 7737 5762 5762 5777 5777 5764 5764 7249 7249 5584 5584 7253 7253 5660 5660 5661 5661 5664 5664 5652 5652 5651 5651 5642 5642 5820 5820 5803 5803 5821 5821 5758 5758 5606 5606 5772 5772 6264 6264 6259 6259 6265 6265 8300 8300 7632 7632 5691 5691 5694 5694 5652 5652 5653 5653 7718 7718 7708 7708 7748 7748 6182 6182 5616 5616 8188 8188 5691 5691 8188 8188 5616 5616 5580 5580 5582 5582 5583 5583 8106 8106 7663 7663 8102 8102 7663 7663 8106 8106 7671 7671 7087 7087 7090 7090 7128 7128 7117 7117 7076 7076 7118 7118 7076 7076 7070 7070 7118 7118 7109 7109 7074 7074 7114 7114 7074 7074 7075 7075 7114 7114 7647 7647 7090 7090 6501 6501 5587 5587 7073 7073 5586 5586 7087 7087 7072 7072 7090 7090 7083 7083 7071 7071 7086 7086 7429 7429 7353 7353 7333 7333 6756 6756 8196 8196 6149 6149 8195 8195 6756 6756 6149 6149 6534 6534 7424 7424 7334 7334 6544 6544 6534 6534 7334 7334 7533 7533 8089 8089 6900 6900 8090 8090 7534 7534 7525 7525 5627 5627 5628 5628 5629 5629 7741 7741 7721 7721 7742 7742 7429 7429 7333 7333 7380 7380 7377 7377 7429 7429 7380 7380 7356 7356 7355 7355 7429 7429 7668 7668 7669 7669 7660 7660 6442 6442 6443 6443 6461 6461 5835 5835 5770 5770 5837 5837 5694 5694 5685 5685 5700 5700 6509 6509 6503 6503 6517 6517 5604 5604 5605 5605 5612 5612 5671 5671 5662 5662 5685 5685 6235 6235 6228 6228 6246 6246 6582 6582 6558 6558 6581 6581 7308 7308 7326 7326 7309 7309 7699 7699 5664 5664 7693 7693 7070 7070 7185 7185 7083 7083 7689 7689 5853 5853 5567 5567 7686 7686 7681 7681 7687 7687 5627 5627 5629 5629 7075 7075 6436 6436 6539 6539 6537 6537 6436 6436 6537 6537 6558 6558 6276 6276 6270 6270 6277 6277 5619 5619 5601 5601 5600 5600 5856 5856 7786 7786 6182 6182 5616 5616 6182 6182 7786 7786 7659 7659 7667 7667 5542 5542 7666 7666 7667 7667 7659 7659 7883 7883 7926 7926 7884 7884 7926 7926 7883 7883 7928 7928 7926 7926 7928 7928 7932 7932 7932 7932 7928 7928 7930 7930 7932 7932 7930 7930 6711 6711 6711 6711 7930 7930 7957 7957 6711 6711 7957 7957 7931 7931 7955 7955 7931 7931 7957 7957 6712 6712 7931 7931 7955 7955 6769 6769 7965 7965 6770 6770 7988 7988 7965 7965 7970 7970 7966 7966 7988 7988 7970 7970 7989 7989 7966 7966 7971 7971 7967 7967 7989 7989 7971 7971 7990 7990 7967 7967 7972 7972 7968 7968 7990 7990 7972 7972 7992 7992 7968 7968 7973 7973 7969 7969 7992 7992 7973 7973 7879 7879 7969 7969 7959 7959 7934 7934 7974 7974 6769 6769 6769 6769 7974 7974 7965 7965 7970 7970 7965 7965 7974 7974 7334 7334 6823 6823 7428 7428 7393 7393 7428 7428 6823 6823 7966 7966 7970 7970 7975 7975 7971 7971 7966 7966 7975 7975 7333 7333 7383 7383 7382 7382 7967 7967 7971 7971 7976 7976 7972 7972 7967 7967 7976 7976 7334 7334 7396 7396 6824 6824 7968 7968 7972 7972 7977 7977 7973 7973 7968 7968 7977 7977 7383 7383 7428 7428 7393 7393 7428 7428 7383 7383 7333 7333 7969 7969 7973 7973 7978 7978 7880 7880 7969 7969 7978 7978 7959 7959 7969 7969 7880 7880 7934 7934 7935 7935 7979 7979 7934 7934 7979 7979 7974 7974 7936 7936 7979 7979 7935 7935 7980 7980 7974 7974 7979 7979 7970 7970 7974 7974 7980 7980 7981 7981 7970 7970 7980 7980 7975 7975 7970 7970 7981 7981 7982 7982 7975 7975 7981 7981 7971 7971 7975 7975 7982 7982 7983 7983 7971 7971 7982 7982 7976 7976 7971 7971 7983 7983 7984 7984 7976 7976 7983 7983 7972 7972 7976 7976 7984 7984 7985 7985 7972 7972 7984 7984 7977 7977 7972 7972 7985 7985 7986 7986 7977 7977 7985 7985 7973 7973 7977 7977 7986 7986 7987 7987 7973 7973 7986 7986 7978 7978 7973 7973 7987 7987 7958 7958 7978 7978 7987 7987 7881 7881 7978 7978 7958 7958 7880 7880 7978 7978 7881 7881 7936 7936 7938 7938 7979 7979 7940 7940 7979 7979 7938 7938 6726 6726 7979 7979 7940 7940 7980 7980 7979 7979 6726 6726 6724 6724 7980 7980 6726 6726 7942 7942 7980 7980 6724 6724 7981 7981 7980 7980 7942 7942 6722 6722 7981 7981 7942 7942 7982 7982 7981 7981 6722 6722 7944 7944 7982 7982 6722 6722 7946 7946 7982 7982 7944 7944 7983 7983 7982 7982 7946 7946 6720 6720 7983 7983 7946 7946 7984 7984 7983 7983 6720 6720 6718 6718 7984 7984 6720 6720 7948 7948 7984 7984 6718 6718 7985 7985 7984 7984 7948 7948 7950 7950 7985 7985 7948 7948 7952 7952 7985 7985 7950 7950 7986 7986 7985 7985 7952 7952 7954 7954 7986 7986 7952 7952 7956 7956 7986 7986 7954 7954 7929 7929 7986 7986 7956 7956 7987 7987 7986 7986 7929 7929 7927 7927 7987 7987 7929 7929 7882 7882 7987 7987 7927 7927 7958 7958 7987 7987 7882 7882 7964 7964 8165 8165 6772 6772 6771 6771 7964 7964 6772 6772 6771 6771 7965 7965 7964 7964 6770 6770 7965 7965 6771 6771 5639 5639 6256 6256 5640 5640 7988 7988 7964 7964 7965 7965 7964 7964 7988 7988 8166 8166 7963 7963 8166 8166 7988 7988 7963 7963 7988 7988 7966 7966 5652 5652 5641 5641 5653 5653 5641 5641 5652 5652 5642 5642 7989 7989 7963 7963 7966 7966 7963 7963 7989 7989 7962 7962 8167 8167 7962 7962 7989 7989 8167 8167 7989 7989 7967 7967 5699 5699 5637 5637 5698 5698 7990 7990 8167 8167 7967 7967 8167 8167 7990 7990 8168 8168 8169 8169 8168 8168 7990 7990 8169 8169 7990 7990 7968 7968 5642 5642 5700 5700 5643 5643 5643 5643 5700 5700 5644 5644 7961 7961 8169 8169 7992 7992 7992 7992 8169 8169 7968 7968 8170 8170 7961 7961 7992 7992 7399 7399 6535 6535 5684 5684 8170 8170 7992 7992 7969 7969 7879 7879 8170 8170 7969 7969 7878 7878 8170 8170 7879 7879 7960 7960 8170 8170 7878 7878 6768 6768 7639 7639 8189 8189 8008 8008 8304 8304 6776 6776 8304 8304 8009 8009 6776 6776 6776 6776 8220 8220 8008 8008 8220 8220 6776 6776 8006 8006 6776 6776 6775 6775 8006 8006 8006 8006 6775 6775 8222 8222 6775 6775 8010 8010 8222 8222 8222 8222 8010 8010 8004 8004 8010 8010 8011 8011 8004 8004 8004 8004 8011 8011 8002 8002 8011 8011 6774 6774 8002 8002 8002 8002 6774 6774 8224 8224 6774 6774 8012 8012 8224 8224 8224 8224 8012 8012 8226 8226 8013 8013 8226 8226 8012 8012 8226 8226 8013 8013 8228 8228 8014 8014 8228 8228 8013 8013 8228 8228 8014 8014 8229 8229 8015 8015 8229 8229 8014 8014 8229 8229 8015 8015 7997 7997 6773 6773 7998 7998 8016 8016 7998 7998 6773 6773 8231 8231 8165 8165 8231 8231 6773 6773 7995 7995 8231 8231 8165 8165 8047 8047 8026 8026 8027 8027 8027 8027 8032 8032 8048 8048 8032 8032 8031 8031 8048 8048 8009 8009 8032 8032 8027 8027 8017 8017 8032 8032 8009 8009 8035 8035 8034 8034 8030 8030 8031 8031 8035 8035 8030 8030 8032 8032 8035 8035 8031 8031 8036 8036 8035 8035 8032 8032 8017 8017 8036 8036 8032 8032 8018 8018 8036 8036 8017 8017 8034 8034 8038 8038 8033 8033 7075 7075 5629 5629 7076 7076 8035 8035 8038 8038 8034 8034 8040 8040 8038 8038 8035 8035 8036 8036 8040 8040 8035 8035 8042 8042 8040 8040 8036 8036 8018 8018 8042 8042 8036 8036 8330 8330 8050 8050 8311 8311 8050 8050 8312 8312 8311 8311 8037 8037 8312 8312 8050 8050 8021 8021 8038 8038 8020 8020 5629 5629 7070 7070 7076 7076 8020 8020 8038 8038 8019 8019 8040 8040 8019 8019 8038 8038 8019 8019 8040 8040 8314 8314 8314 8314 8040 8040 8315 8315 8042 8042 8315 8315 8040 8040 8315 8315 8042 8042 8303 8303 6832 6832 8043 8043 6839 6839 8028 8028 8043 8043 6832 6832 8044 8044 8028 8028 6832 6832 6830 6830 8044 8044 6832 6832 8023 8023 8044 8044 6830 6830 8029 8029 8028 8028 8044 8044 8045 8045 8044 8044 8023 8023 8024 8024 8045 8045 8023 8023 8045 8045 8029 8029 8044 8044 8030 8030 8029 8029 8045 8045 8025 8025 8045 8045 8024 8024 8046 8046 8045 8045 8025 8025 6829 6829 8046 8046 8025 8025 8046 8046 8030 8030 8045 8045 8047 8047 8046 8046 6829 6829 8026 8026 8047 8047 6829 6829 8047 8047 8030 8030 8046 8046 8031 8031 8030 8030 8047 8047 6839 6839 8043 8043 8022 8022 8022 8022 8043 8043 8049 8049 8028 8028 8049 8049 8043 8043 8033 8033 8049 8049 8028 8028 7722 7722 7748 7748 7723 7723 8029 8029 8033 8033 8028 8028 8034 8034 8033 8033 8029 8029 8030 8030 8034 8034 8029 8029 8022 8022 8049 8049 8330 8330 8330 8330 8049 8049 8050 8050 8033 8033 8050 8050 8049 8049 8037 8037 8050 8050 8033 8033 7748 7748 7719 7719 7723 7723 8038 8038 8037 8037 8033 8033 8312 8312 8037 8037 8313 8313 8313 8313 8037 8037 8021 8021 8038 8038 8021 8021 8037 8037 6925 6925 6837 6837 8328 8328 6840 6840 6837 6837 6925 6925 5970 5970 7642 7642 6244 6244 6260 6260 6261 6261 6267 6267 6567 6567 6586 6586 6577 6577 6570 6570 6586 6586 6567 6567 5686 5686 5688 5688 5701 5701 5690 5690 5654 5654 5657 5657 6267 6267 6261 6261 6270 6270 8153 8153 7666 7666 7659 7659 7666 7666 8153 8153 6695 6695 5767 5767 5802 5802 5768 5768 5801 5801 5767 5767 5768 5768 6231 6231 5738 5738 8206 8206 6185 6185 6203 6203 6202 6202 6575 6575 6551 6551 6587 6587 8328 8328 6929 6929 6925 6925 8328 8328 6930 6930 6929 6929 8055 8055 6930 6930 8328 8328 6930 6930 8055 8055 6931 6931 8353 8353 8061 8061 8056 8056 8353 8353 8060 8060 8061 8061 8353 8353 8059 8059 8060 8060 8058 8058 8059 8059 8353 8353 5578 5578 5580 5580 5579 5579 6872 6872 5581 5581 5591 5591 5730 5730 5733 5733 5708 5708 5719 5719 5721 5721 5755 5755 6248 6248 6231 6231 6253 6253 7185 7185 7184 7184 7071 7071 5631 5631 7071 7071 7184 7184 7693 7693 7694 7694 7699 7699 7699 7699 7694 7694 7700 7700 7420 7420 7349 7349 7335 7335 7349 7349 7420 7420 6545 6545 7633 7633 8300 8300 5691 5691 8300 8300 7633 7633 8173 8173 7732 7732 7725 7725 7733 7733 6289 6289 6407 6407 6290 6290 7727 7727 7728 7728 7735 7735 5822 5822 5823 5823 5841 5841 6549 6549 7323 7323 6550 6550 6556 6556 6584 6584 6554 6554 5779 5779 5790 5790 5795 5795 6243 6243 6246 6246 6259 6259 6584 6584 6556 6556 6579 6579 5772 5772 5605 5605 5774 5774 7071 7071 7165 7165 7072 7072 5604 5604 5774 5774 5605 5605 5644 5644 6342 6342 5643 5643 7164 7164 7072 7072 7165 7165 8111 8111 7820 7820 6707 6707 6708 6708 7821 7821 8253 8253 7818 7818 8253 8253 7821 7821 7818 7818 8123 8123 8253 8253 8123 8123 7818 7818 8122 8122 7818 7818 8113 8113 8122 8122 8122 8122 8113 8113 7772 7772 8113 8113 7816 7816 7772 7772 8116 8116 7772 7772 7816 7816 7772 7772 8116 8116 6392 6392 8116 8116 8120 8120 6392 6392 8115 8115 8119 8119 8121 8121 8115 8115 8094 8094 8119 8119 8094 8094 8115 8115 8117 8117 8094 8094 8118 8118 8119 8119 7814 7814 8117 8117 8115 8115 7814 7814 8095 8095 8117 8117 7797 7797 8095 8095 7814 7814 7795 7795 8095 8095 7797 7797 8127 8127 5864 5864 7803 7803 8127 8127 7873 7873 5864 5864 7873 7873 8127 8127 8126 8126 8127 8127 8128 8128 8126 8126 8126 8126 8128 8128 7753 7753 8128 8128 8124 8124 7753 7753 6706 6706 7823 7823 8110 8110 7823 7823 6706 6706 7825 7825 8129 8129 7825 7825 6706 6706 7825 7825 8129 8129 7827 7827 8129 8129 8140 8140 7827 7827 8129 8129 8142 8142 8140 8140 8131 8131 8140 8140 8142 8142 8130 8130 8138 8138 8141 8141 8130 8130 8135 8135 8138 8138 8125 8125 8144 8144 7900 7900 8134 8134 8144 8144 8125 8125 5864 5864 7830 7830 7803 7803 5575 5575 7830 7830 5864 5864 5575 5575 8152 8152 7830 7830 6240 6240 8152 8152 5575 5575 8152 8152 6240 6240 7924 7924 8152 8152 7924 7924 7831 7831 7924 7924 8147 8147 7831 7831 7831 7831 8147 8147 8151 8151 8147 8147 8148 8148 8151 8151 8151 8151 8148 8148 8186 8186 8151 8151 8186 8186 7832 7832 7832 7832 8186 8186 8149 8149 7832 7832 8149 8149 7833 7833 8150 8150 7833 7833 8149 8149 8164 8164 7833 7833 8150 8150 8159 8159 8171 8171 7838 7838 8171 8171 8159 8159 8158 8158 8159 8159 8160 8160 8158 8158 7837 7837 8158 8158 8160 8160 5813 5813 8158 8158 7837 7837 5813 5813 7837 7837 7994 7994 8161 8161 7994 7994 7837 7837 7994 7994 8161 8161 6883 6883 6883 6883 8161 8161 8162 8162 6883 6883 8162 8162 8157 8157 7836 7836 8157 8157 8162 8162 8157 8157 7836 7836 7785 7785 8163 8163 7785 7785 7836 7836 7835 7835 7785 7785 8163 8163 7835 7835 6319 6319 7785 7785 6319 6319 7835 7835 7713 7713 7834 7834 8154 8154 7866 7866 8164 8164 8154 8154 7834 7834 8153 8153 8154 8154 8164 8164 7866 7866 7713 7713 7835 7835 7713 7713 7866 7866 8154 8154 8165 8165 5877 5877 7995 7995 7964 7964 5877 5877 8165 8165 5877 5877 7964 7964 6597 6597 8166 8166 6597 6597 7964 7964 6597 6597 8166 8166 8182 8182 7963 7963 8182 8182 8166 8166 8182 8182 7963 7963 6389 6389 7962 7962 6389 6389 7963 7963 6389 6389 7962 7962 8085 8085 8167 8167 8085 8085 7962 7962 8085 8085 8167 8167 6214 6214 6214 6214 8167 8167 8168 8168 6214 6214 8168 8168 8180 8180 8180 8180 8168 8168 8169 8169 8180 8180 8169 8169 6758 6758 6758 6758 8169 8169 7961 7961 6758 6758 7961 7961 8178 8178 8178 8178 7961 7961 8170 8170 8178 8178 8170 8170 8176 8176 8176 8176 8170 8170 7960 7960 8176 8176 7960 7960 8174 8174 7838 7838 8174 8174 7960 7960 8171 8171 8174 8174 7838 7838 8171 8171 8172 8172 8174 8174 5671 5671 5706 5706 5662 5662 5752 5752 5734 5734 5661 5661 7641 7641 7642 7642 7652 7652 7681 7681 5640 5640 7682 7682 5703 5703 5646 5646 5702 5702 6218 6218 5738 5738 6231 6231 5745 5745 5755 5755 5747 5747 5598 5598 5782 5782 5846 5846 5586 5586 7073 7073 7109 7109 7073 7073 7074 7074 7109 7109 7184 7184 5613 5613 5631 5631 5588 5588 5625 5625 7073 7073 5625 5625 5626 5626 7073 7073 6554 6554 6585 6585 6553 6553 6488 6488 6489 6489 6498 6498 7159 7159 7090 7090 7072 7072 6246 6246 6247 6247 6260 6260 7666 7666 6394 6394 7667 7667 6394 6394 7666 7666 6393 6393 7428 7428 6544 6544 7334 7334 6530 6530 6544 6544 7428 7428 5466 5466 7996 7996 6499 6499 5466 5466 8232 8232 7996 7996 8232 8232 5466 5466 8000 8000 5466 5466 5886 5886 8000 8000 7999 7999 5885 5885 8230 8230 5885 5885 5537 5537 8230 8230 6404 6404 8230 8230 5537 5537 8230 8230 6404 6404 8227 8227 8307 8307 8227 8227 6404 6404 8227 8227 8307 8307 8225 8225 8307 8307 7769 7769 8225 8225 8225 8225 7769 7769 8210 8210 8225 8225 8210 8210 8223 8223 5884 5884 8223 8223 8210 8210 8223 8223 5884 5884 8001 8001 5884 5884 8212 8212 8001 8001 8001 8001 8212 8212 8214 8214 8001 8001 8214 8214 8003 8003 8216 8216 8003 8003 8214 8214 8003 8003 8216 8216 8221 8221 8216 8216 8346 8346 8221 8221 8221 8221 8346 8346 8218 8218 8221 8221 8218 8218 8005 8005 5485 5485 8005 8005 8218 8218 8005 8005 5485 5485 8219 8219 5485 5485 6279 6279 8219 8219 8185 8185 8219 8219 6279 6279 8007 8007 8219 8219 8185 8185 8280 8280 8305 8305 8304 8304 8008 8008 8280 8280 8304 8304 5462 5462 7781 7781 7522 7522 6301 6301 6276 6276 6303 6303 8008 8008 8252 8252 8280 8280 6867 6867 8252 8252 8008 8008 7639 7639 7640 7640 8189 8189 8305 8305 8282 8282 8242 8242 8280 8280 8282 8282 8305 8305 6301 6301 7669 7669 7677 7677 6904 6904 8255 8255 8244 8244 8255 8255 8252 8252 8244 8244 8252 8252 6867 6867 8244 8244 8255 8255 8287 8287 8257 8257 8257 8257 8254 8254 8255 8255 5598 5598 5607 5607 6863 6863 8258 8258 8287 8287 8255 8255 8246 8246 8258 8258 6904 6904 8258 8258 8255 8255 6904 6904 5586 5586 7109 7109 5582 5582 8264 8264 8287 8287 8258 8258 8266 8266 8264 8264 8258 8258 8258 8258 8246 8246 8266 8266 7309 7309 7153 7153 7308 7308 8266 8266 8271 8271 8294 8294 8273 8273 8271 8271 8266 8266 7308 7308 7153 7153 8342 8342 6424 6424 6431 6431 6426 6426 6422 6422 6542 6542 6424 6424 6431 6431 6424 6424 6542 6542 8268 8268 5471 5471 6527 6527 8270 8270 8275 8275 8274 8274 8271 8271 8275 8275 8270 8270 8276 8276 8275 8275 8271 8271 8273 8273 8276 8276 8271 8271 6428 6428 6426 6426 6431 6431 8278 8278 8276 8276 8273 8273 5787 5787 5762 5762 5764 5764 8275 8275 8233 8233 6680 6680 8276 8276 8233 8233 8275 8275 8233 8233 8276 8276 7562 7562 7562 7562 8276 8276 5865 5865 5865 5865 8276 8276 6189 6189 8278 8278 6189 6189 8276 8276 6189 6189 8278 8278 7521 7521 8279 8279 8282 8282 8280 8280 8254 8254 8282 8282 8279 8279 6901 6901 7781 7781 5462 5462 5568 5568 7643 7643 5477 5477 8252 8252 8279 8279 8280 8280 6341 6341 5644 5644 6340 6340 8255 8255 8254 8254 8279 8279 7668 7668 7677 7677 7669 7669 8252 8252 8255 8255 8279 8279 8242 8242 8282 8282 8284 8284 5845 5845 5790 5790 5847 5847 5705 5705 7069 7069 5635 5635 8285 8285 8259 8259 8282 8282 8254 8254 8285 8285 8282 8282 8256 8256 8285 8285 8254 8254 8257 8257 8256 8256 8254 8254 5615 5615 5606 5606 7267 7267 8259 8259 8284 8284 8282 8282 6616 6616 5932 5932 6164 6164 6617 6617 5932 5932 6616 6616 7677 7677 6295 6295 6301 6301 8256 8256 8260 8260 8285 8285 8286 8286 8260 8260 8256 8256 7648 7648 7641 7641 7649 7649 8290 8290 8260 8260 8286 8286 8257 8257 8286 8286 8256 8256 8287 8287 8286 8286 8257 8257 8287 8287 8290 8290 8286 8286 8264 8264 8290 8290 8287 8287 7687 7687 7682 7682 7691 7691 8284 8284 5468 5468 8241 8241 8284 8284 6125 6125 5468 5468 8284 8284 8103 8103 6125 6125 8259 8259 8103 8103 8284 8284 8288 8288 8103 8103 8259 8259 5542 5542 7668 7668 7660 7660 8288 8288 8281 8281 8103 8103 8285 8285 8288 8288 8259 8259 8281 8281 8288 8288 8267 8267 8267 8267 8288 8288 6207 6207 8260 8260 8288 8288 8285 8285 8289 8289 8288 8288 8260 8260 6207 6207 8288 8288 8289 8289 6207 6207 8289 8289 8239 8239 7649 7649 7641 7641 7652 7652 6527 6527 8239 8239 8289 8289 7086 7086 7071 7071 7087 7087 7071 7071 7072 7072 7087 7087 6549 6549 7318 7318 6548 6548 8268 8268 6527 6527 8289 8289 8291 8291 8268 8268 8289 8289 8269 8269 8268 8268 8291 8291 8290 8290 8289 8289 8260 8260 6547 6547 6548 6548 7318 7318 8291 8291 8289 8289 8290 8290 8292 8292 8290 8290 8264 8264 8290 8290 8292 8292 8291 8291 6130 6130 6498 6498 6422 6422 8270 8270 8269 8269 8292 8292 8292 8292 8269 8269 8291 8291 7682 7682 7688 7688 7691 7691 8294 8294 8292 8292 8264 8264 8294 8294 8270 8270 8292 8292 8271 8271 8270 8270 8294 8294 8266 8266 8294 8294 8264 8264 5471 5471 8268 8268 6862 6862 6862 6862 8268 8268 8237 8237 8268 8268 8269 8269 8297 8297 8268 8268 8297 8297 8237 8237 8298 8298 8297 8297 8269 8269 8270 8270 8298 8298 8269 8269 8274 8274 8298 8298 8270 8270 7300 7300 7298 7298 7265 7265 7296 7296 7265 7265 7298 7298 8298 8298 6844 6844 8297 8297 6844 6844 8298 8298 8236 8236 6576 6576 6572 6572 6587 6587 6594 6594 6587 6587 6572 6572 8235 8235 8298 8298 8274 8274 8236 8236 8298 8298 8235 8235 5647 5647 5705 5705 5635 5635 8275 8275 8235 8235 8274 8274 6229 6229 8235 8235 8275 8275 6680 6680 6229 6229 8275 8275 8305 8305 8009 8009 8304 8304 8242 8242 8009 8009 8305 8305 8284 8284 8009 8009 8242 8242 8009 8009 8284 8284 8017 8017 8284 8284 8241 8241 8017 8017 8017 8017 8241 8241 6690 6690 8017 8017 6690 6690 8018 8018 8309 8309 8018 8018 6690 6690 8041 8041 8018 8018 8309 8309 8041 8041 8309 8309 8303 8303 8309 8309 5524 5524 8310 8310 8309 8309 8310 8310 8303 8303 8316 8316 8315 8315 8303 8303 5677 5677 8315 8315 8316 8316 5677 5677 8314 8314 8315 8315 8317 8317 8314 8314 5677 5677 8314 8314 8317 8317 8019 8019 8317 8317 8318 8318 8019 8019 8019 8019 8318 8318 8020 8020 8318 8318 7770 7770 8020 8020 8020 8020 7770 7770 7763 7763 8020 8020 7763 7763 8021 8021 7763 7763 8319 8319 8021 8021 8319 8319 8313 8313 8021 8021 8320 8320 8313 8313 8319 8319 8313 8313 8320 8320 8312 8312 5897 5897 8312 8312 8320 8320 8311 8311 8312 8312 5897 5897 7717 7717 5658 5658 6846 6846 5658 5658 7717 7717 5679 5679 5658 5658 5679 5679 8322 8322 5658 5658 8322 8322 5571 5571 5658 5658 5571 5571 8324 8324 5658 5658 8324 8324 8331 8331 8331 8331 8324 8324 8327 8327 8331 8331 8327 8327 8373 8373 8331 8331 8373 8373 8371 8371 8331 8331 8371 8371 8369 8369 8331 8331 8369 8369 6183 6183 8369 8369 8367 8367 6183 6183 8365 8365 8311 8311 6183 6183 8365 8365 6183 6183 8367 8367 8362 8362 8311 8311 8365 8365 8358 8358 8311 8311 8362 8362 8356 8356 8311 8311 8358 8358 8354 8354 8311 8311 8356 8356 8311 8311 8354 8354 8330 8330 8057 8057 8330 8330 8354 8354 8330 8330 8057 8057 8022 8022 8329 8329 8022 8022 8057 8057 6839 6839 8022 8022 8329 8329 7118 7118 7070 7070 7124 7124 7070 7070 7083 7083 7124 7124 7674 7674 7671 7671 6399 6399 7664 7664 6399 6399 7671 7671 8203 8203 7643 7643 5568 5568 7644 7644 7639 7639 7893 7893 7697 7697 7692 7692 7706 7706 7706 7706 7692 7692 7707 7707 7292 7292 7282 7282 7278 7278 6443 6443 7322 7322 5632 5632 5660 5660 5734 5734 5752 5752 5626 5626 5609 5609 5627 5627 6457 6457 6461 6461 6471 6471 7682 7682 5640 5640 7683 7683 7683 7683 5640 5640 6256 6256 6228 6228 6213 6213 6238 6238 8203 8203 5975 5975 7643 7643 6236 6236 8102 8102 6193 6193 7794 7794 7640 7640 7648 7648 7640 7640 7641 7641 7648 7648 5632 5632 6590 6590 7253 7253 7253 7253 6590 6590 6591 6591 8355 8355 8058 8058 8353 8353 8355 8355 6507 6507 8058 8058 8355 8355 7638 7638 6507 6507 8357 8357 7638 7638 8355 8355 7638 7638 8357 8357 6351 6351 8357 8357 8084 8084 6351 6351 8357 8357 5958 5958 8084 8084 8357 8357 7709 7709 5958 5958 8359 8359 7709 7709 8357 8357 6885 6885 7710 7710 8361 8361 8363 8363 6887 6887 8360 8360 6886 6886 8364 8364 6245 6245 8366 8366 6245 6245 8364 8364 6245 6245 8366 8366 8368 8368 6245 6245 8368 8368 8375 8375 8375 8375 8368 8368 8370 8370 8375 8375 8370 8370 8374 8374 8370 8370 6753 6753 8374 8374 6753 6753 8370 8370 8372 8372 6753 6753 8372 8372 8326 8326 7767 7767 7662 7662 7663 7663 8053 8053 6889 6889 7904 7904 6137 6137 6889 6889 8053 8053 7901 7901 6137 6137 5518 5518 7901 7901 6889 6889 6137 6137 6126 6126 7901 7901 5518 5518 6127 6127 8336 8336 7902 7902 6669 6669 8336 8336 6127 6127 6873 6873 8336 8336 6669 6669 5445 5445 8068 8068 8200 8200 8068 8068 8067 8067 8200 8200 8067 8067 7005 7005 8200 8200 7005 7005 8067 8067 5464 5464 8066 8066 5464 5464 8067 8067 5464 5464 8066 8066 7319 7319 6262 6262 7319 7319 8066 8066 7319 7319 6262 6262 6494 6494 7907 7907 6494 6494 6262 6262 6494 6494 7907 7907 7910 7910 7894 7894 7910 7910 7907 7907 7910 7910 7894 7894 5456 5456 7908 7908 5456 5456 7894 7894 7908 7908 7918 7918 5456 5456 7918 7918 7908 7908 7901 7901 7908 7908 6649 6649 7901 7901 6649 6649 6889 6889 7901 7901 8200 8200 7004 7004 5445 5445 7004 7004 8338 8338 5445 5445 5445 5445 8338 8338 6888 6888 8338 8338 7898 7898 6888 6888 7898 7898 8069 8069 6888 6888 8069 8069 7898 7898 6232 6232 7898 7898 8104 8104 6232 6232 6232 6232 8104 8104 5565 5565 8104 8104 6274 6274 5565 5565 5565 5565 6274 6274 6430 6430 6274 6274 6656 6656 6430 6430 6430 6430 6656 6656 8070 8070 6656 6656 5543 5543 8070 8070 8108 8108 8070 8070 5543 5543 8070 8070 8108 8108 7384 7384 8108 8108 5862 5862 7384 7384 8251 8251 7384 7384 5862 5862 7384 7384 8251 8251 7561 7561 6252 6252 7561 7561 8251 8251 7561 7561 6252 6252 8071 8071 6252 6252 8202 8202 8071 8071 8071 8071 8202 8202 5713 5713 8071 8071 5713 5713 6668 6668 6667 6667 5714 5714 6354 6354 6667 6667 6354 6354 5796 5796 8248 8248 5796 5796 6354 6354 8072 8072 5796 5796 8248 8248 6666 6666 8073 8073 8340 8340 8302 8302 8073 8073 6666 6666 7203 7203 8073 8073 8302 8302 8073 8073 7203 7203 5495 5495 7203 7203 8074 8074 5495 5495 5674 5674 8074 8074 7203 7203 5808 5808 8074 8074 5674 5674 8074 8074 5808 5808 8075 8075 5808 5808 5514 5514 8075 8075 7897 7897 5514 5514 5808 5808 5514 5514 7897 7897 8204 8204 7897 7897 8076 8076 8204 8204 7853 7853 8076 8076 7897 7897 8076 8076 7853 7853 6258 6258 7853 7853 6751 6751 6258 6258 7852 7852 6025 6025 6752 6752 7851 7851 6449 6449 6026 6026 8079 8079 5622 5622 8080 8080 8079 8079 5597 5597 5622 5622 8078 8078 5597 5597 8079 8079 5597 5597 8078 8078 8344 8344 6014 6014 8344 8344 8078 8078 8077 8077 8344 8344 6014 6014 8344 8344 8077 8077 8263 8263 6027 6027 8263 8263 8077 8077 8262 8262 6028 6028 6448 6448 8080 8080 7630 7630 6013 6013 8080 8080 5622 5622 7630 7630 6178 6178 6013 6013 7630 7630 6012 6012 5656 5656 8081 8081 6011 6011 5756 5756 5655 5655 6011 6011 6400 6400 5756 5756 6011 6011 6283 6283 6400 6400 6177 6177 6283 6283 6011 6011 5452 5452 8352 8352 6283 6283 6283 6283 6177 6177 5452 5452 5670 5670 8352 8352 5452 5452 8296 8296 8352 8352 5670 5670 8296 8296 8351 8351 8352 8352 5718 5718 8351 8351 8296 8296 7624 7624 8351 8351 5718 5718 8072 8072 8248 8248 6927 6927 8072 8072 6927 6927 8082 8082 7052 7052 8082 8082 6927 6927 6895 6895 7052 7052 6927 6927 6896 6896 7537 7537 7053 7053 8088 8088 7537 7537 6896 6896 7537 7537 8088 8088 8341 8341 8088 8088 6665 6665 8341 8341 5642 5642 5651 5651 5700 5700 6397 6397 6303 6303 6398 6398 5683 5683 5694 5694 5690 5690 7746 7746 7703 7703 7745 7745 7703 7703 7704 7704 7745 7745 8189 8189 7640 7640 7794 7794 6582 6582 6581 6581 7906 7906 7491 7491 7689 7689 5567 5567 5657 5657 5654 5654 5638 5638 5638 5638 5654 5654 5698 5698 5659 5659 5690 5690 5657 5657 7068 7068 5688 5688 7158 7158 6213 6213 6224 6224 6238 6238 5715 5715 5755 5755 5745 5745 5517 5517 6462 6462 6420 6420 6224 6224 6208 6208 6218 6218 5652 5652 5694 5694 5651 5651 6270 6270 6271 6271 6277 6277 6462 6462 6453 6453 6473 6473 5737 5737 5745 5745 5735 5735 5644 5644 5700 5700 5701 5701 5644 5644 5701 5701 5645 5645 6884 6884 7754 7754 8125 8125 7900 7900 6884 6884 8125 8125 6845 6845 6884 6884 7900 7900 7281 7281 6884 6884 6845 6845 6429 6429 5864 5864 7873 7873 8126 8126 6429 6429 7873 7873 5864 5864 6429 6429 6879 6879 6429 6429 6391 6391 6879 6879 7145 7145 6391 6391 6429 6429 6391 6391 7145 7145 7741 7741 7145 7145 7740 7740 7741 7741 7753 7753 7886 7886 8126 8126 8126 8126 7886 7886 6429 6429 8198 8198 6429 6429 7886 7886 7145 7145 6429 6429 8198 8198 7740 7740 7145 7145 5741 5741 7145 7145 8198 8198 5741 5741 7753 7753 7755 7755 7886 7886 7757 7757 7886 7886 7755 7755 8198 8198 7886 7886 7757 7757 7759 7759 8198 8198 7757 7757 5741 5741 8198 8198 7749 7749 8198 8198 7759 7759 7749 7749 6891 6891 8136 8136 8132 8132 8143 8143 8136 8136 6891 6891 8143 8143 8145 8145 8136 8136 7900 7900 7716 7716 6845 6845 8144 8144 7716 7716 7900 7900 5575 5575 5864 5864 6879 6879 5575 5575 6879 6879 6240 6240 6943 6943 6240 6240 6879 6879 6240 6240 6943 6943 7924 7924 6943 6943 8147 8147 7924 7924 8147 8147 6943 6943 8148 8148 5880 5880 8148 8148 6943 6943 8148 8148 5880 5880 8186 8186 8186 8186 5880 5880 8149 8149 5496 5496 8149 8149 5880 5880 8150 8150 8149 8149 5496 5496 7741 7741 7463 7463 6391 6391 6391 6391 7463 7463 6879 6879 6943 6943 6879 6879 7463 7463 8293 8293 6943 6943 7463 7463 5880 5880 6943 6943 8293 8293 5475 5475 5880 5880 8293 8293 5496 5496 5880 5880 5475 5475 7741 7741 6882 6882 7463 7463 7711 7711 7463 7463 6882 6882 5948 5948 7463 7463 7711 7711 8293 8293 7463 7463 5948 5948 7491 7491 8293 8293 5948 5948 6223 6223 6198 6198 6212 6212 5567 5567 8293 8293 7491 7491 5475 5475 8293 8293 5567 5567 5853 5853 5475 5475 5567 5567 8150 8150 8153 8153 8164 8164 8150 8150 6695 6695 8153 8153 8150 8150 5968 5968 6695 6695 8150 8150 6292 6292 5968 5968 5496 5496 6292 6292 8150 8150 5475 5475 6292 6292 5496 5496 5853 5853 6292 6292 5475 5475 8102 8102 6236 6236 5491 5491 5810 5810 8102 8102 5491 5491 8065 8065 5810 5810 5491 5491 8347 8347 5810 5810 5867 5867 7885 7885 5867 5867 5810 5810 5867 5867 7885 7885 5539 5539 5539 5539 7885 7885 7661 7661 5851 5851 7661 7661 7885 7885 7661 7661 5851 5851 7923 7923 7923 7923 5851 5851 6935 6935 5851 5851 7660 7660 6935 6935 6469 6469 8378 8378 5851 5851 8378 8378 7660 7660 5851 5851 7659 7659 7033 7033 8153 8153 8154 8154 7033 7033 7452 7452 7033 7033 8154 8154 8153 8153 6696 6696 5740 5740 8065 8065 8065 8065 5740 5740 5810 5810 5449 5449 5810 5810 5740 5740 7885 7885 5810 5810 5449 5449 5447 5447 7885 7885 5449 5449 5851 5851 7885 7885 5447 5447 5665 5665 5851 5851 5447 5447 6469 6469 5851 5851 5665 5665 7452 7452 6469 6469 5665 5665 6319 6319 7452 7452 5665 5665 7713 7713 7452 7452 6319 6319 8154 8154 7452 7452 7713 7713 8333 8333 6696 6696 7726 7726 6288 6288 5740 5740 6696 6696 6475 6475 5740 5740 6288 6288 5449 5449 5740 5740 6475 6475 8098 8098 5449 5449 6475 6475 5447 5447 5449 5449 8098 8098 5744 5744 5447 5447 8098 8098 5665 5665 5447 5447 5744 5744 7720 7720 7742 7742 7727 7727 6319 6319 5665 5665 5744 5744 7491 7491 7692 7692 7689 7689 8334 8334 6269 6269 8333 8333 8333 8333 6269 6269 6696 6696 6288 6288 6696 6696 6269 6269 5852 5852 6475 6475 6288 6288 8098 8098 6475 6475 5852 5852 7671 7671 5867 5867 7664 7664 5744 5744 8098 8098 5852 5852 7916 7916 5744 5744 5852 5852 7742 7742 7721 7721 7727 7727 7785 7785 5744 5744 7916 7916 6319 6319 5744 5744 7785 7785 6233 6233 6239 6239 8334 8334 8334 8334 6239 6239 6269 6269 7628 7628 6269 6269 6239 6239 6288 6288 6269 6269 7628 7628 5920 5920 6288 6288 7628 7628 5852 5852 6288 6288 5920 5920 5867 5867 5539 5539 7664 7664 7762 7762 5852 5852 5920 5920 7916 7916 5852 5852 7762 7762 7785 7785 7916 7916 7762 7762 5458 5458 6239 6239 6233 6233 6266 6266 6239 6239 5458 5458 7793 7793 6239 6239 6266 6266 7628 7628 6239 6239 7793 7793 8283 8283 7628 7628 7793 7793 5920 5920 7628 7628 8283 8283 6853 6853 5920 5920 8283 8283 7762 7762 5920 5920 6853 6853 8157 8157 7762 7762 6853 6853 7694 7694 7695 7695 7702 7702 7785 7785 7762 7762 8157 8157 6266 6266 5458 5458 5974 5974 7683 7683 6256 6256 7684 7684 7684 7684 6256 6256 6272 6272 6853 6853 8283 8283 5446 5446 6204 6204 6853 6853 8238 8238 6906 6906 6853 6853 6204 6204 5463 5463 6853 6853 6906 6906 8157 8157 6853 6853 5463 5463 8335 8335 8157 8157 5463 5463 6883 6883 8157 8157 8335 8335 7702 7702 7695 7695 7703 7703 8102 8102 5810 5810 8106 8106 8106 8106 5810 5810 8347 8347 7660 7660 8377 8377 5542 5542 7033 7033 5542 5542 8377 8377 7452 7452 8377 8377 6469 6469 7033 7033 8377 8377 7452 7452 5542 5542 7033 7033 7659 7659 6266 6266 7784 7784 7793 7793 5855 5855 7771 7771 7546 7546 7771 7771 7917 7917 7546 7546 6694 6694 6174 6174 6693 6693 6439 6439 5648 5648 6914 6914 6181 6181 5648 5648 6439 6439 7114 7114 7075 7075 7117 7117 6181 6181 6439 6439 5855 5855 5648 5648 5937 5937 5510 5510 5510 5510 8199 8199 5648 5648 7783 7783 5937 5937 5648 5648 6181 6181 7783 7783 5648 5648 8187 8187 7783 7783 6181 6181 7272 7272 7264 7264 5897 5897 7075 7075 7076 7076 7117 7117 7783 7783 5957 5957 6940 6940 6940 6940 5937 5937 7783 7783 6486 6486 5957 5957 7783 7783 7631 7631 6486 6486 8187 8187 6486 6486 7783 7783 8187 8187 7264 7264 6406 6406 5897 5897 8158 8158 7779 7779 5476 5476 5957 5957 5476 5476 7779 7779 8299 8299 5476 5476 5957 5957 6486 6486 8299 8299 5957 5957 8299 8299 6486 6486 7631 7631 8158 8158 5476 5476 8171 8171 8299 8299 8171 8171 5476 5476 8172 8172 8171 8171 8299 8299 6506 6506 6509 6509 6519 6519 5707 5707 5736 5736 5734 5734 7153 7153 7154 7154 8342 8342 6478 6478 6471 6471 6487 6487 5750 5750 5736 5736 5707 5707 5974 5974 7784 7784 6266 6266 5458 5458 7784 7784 5974 5974 5812 5812 7784 7784 5458 5458 8101 8101 5458 5458 6233 6233 5477 5477 8101 8101 6233 6233 8101 8101 5812 5812 5458 5458 6549 6549 7143 7143 7144 7144 7656 7656 8101 8101 5477 5477 6230 6230 5812 5812 8101 8101 6526 6526 8101 8101 7656 7656 7657 7657 6526 6526 7656 7656 6526 6526 6230 6230 8101 8101 5459 5459 6526 6526 7657 7657 6914 6914 6230 6230 6526 6526 7771 7771 6526 6526 5459 5459 5453 5453 7771 7771 5459 5459 7771 7771 6914 6914 6526 6526 7658 7658 7771 7771 5453 5453 6439 6439 6914 6914 7771 7771 7917 7917 7771 7771 7658 7658 5855 5855 6439 6439 7771 7771 8238 8238 5869 5869 6204 6204 8238 8238 5446 5446 5869 5869 5742 5742 5869 5869 5446 5446 7773 7773 5869 5869 5742 5742 5869 5869 5463 5463 6906 6906 6204 6204 5869 5869 6906 6906 6883 6883 5463 5463 7994 7994 5463 5463 5869 5869 7994 7994 7994 7994 5869 5869 5814 5814 7784 7784 5446 5446 8283 8283 7793 7793 7784 7784 8283 8283 5446 5446 6268 6268 5742 5742 7784 7784 6268 6268 5446 5446 6268 6268 7773 7773 5742 5742 6490 6490 7773 7773 6268 6268 6295 6295 6285 6285 6301 6301 6493 6493 7784 7784 5812 5812 6268 6268 7784 7784 6493 6493 6242 6242 6268 6268 6493 6493 7144 7144 7318 7318 6549 6549 6230 6230 6493 6493 5812 5812 7684 7684 6272 6272 7712 7712 6230 6230 6242 6242 6493 6493 8199 8199 6242 6242 6230 6230 7712 7712 6272 6272 6281 6281 6914 6914 8199 8199 6230 6230 5699 5699 5694 5694 5653 5653 5648 5648 8199 8199 6914 6914 5814 5814 5869 5869 7773 7773 6490 6490 6293 6293 7773 7773 7925 7925 6293 6293 6490 6490 7773 7773 6293 6293 8158 8158 5814 5814 7773 7773 8158 8158 7247 7247 6547 6547 7318 7318 7925 7925 6490 6490 8332 8332 6934 6934 7925 7925 8332 8332 6242 6242 6490 6490 6268 6268 8332 8332 6490 6490 6242 6242 6541 6541 6661 6661 6540 6540 7665 7665 7664 7664 5539 5539 7661 7661 7665 7665 5539 5539 7124 7124 7128 7128 7133 7133 8199 8199 8332 8332 6242 6242 5510 5510 8332 8332 8199 8199 5510 5510 6934 6934 8332 8332 5937 5937 6934 6934 5510 5510 5574 5574 7925 7925 6934 6934 6293 6293 7925 7925 8158 8158 8158 8158 7925 7925 5574 5574 8158 8158 5574 5574 7779 7779 7133 7133 7128 7128 7138 7138 5937 5937 5574 5574 6934 6934 6940 6940 5574 5574 5937 5937 6940 6940 7779 7779 5574 5574 5957 5957 7779 7779 6940 6940 5649 5649 8173 8173 7633 7633 5649 5649 8175 8175 8173 8173 5497 5497 8175 8175 5649 5649 8175 8175 5497 5497 8177 8177 5497 5497 7764 7764 8177 8177 8177 8177 7764 7764 6122 6122 8177 8177 6122 6122 8179 8179 5472 5472 8179 8179 6122 6122 8179 8179 5472 5472 6759 6759 5472 5472 5667 5667 6759 6759 6759 6759 5667 5667 6932 6932 6759 6759 6932 6932 8181 8181 8062 8062 8181 8181 6932 6932 8181 8181 8062 8062 6215 6215 8062 8062 7675 7675 6215 6215 6215 6215 7675 7675 5469 5469 6215 6215 5469 5469 8086 8086 7636 7636 8086 8086 5469 5469 8086 8086 7636 7636 6390 6390 7636 7636 5889 5889 6390 6390 6390 6390 5889 5889 5532 5532 6390 6390 5532 5532 8183 8183 5859 5859 8183 8183 5532 5532 8183 8183 5859 5859 6598 6598 6249 6249 6598 6598 5859 5859 6598 6598 6249 6249 6911 6911 6598 6598 6911 6911 5878 5878 6911 6911 7996 7996 5878 5878 6911 6911 6499 6499 7996 7996 5750 5750 7699 7699 7718 7718 7332 7332 7356 7356 7429 7429 7699 7699 5707 5707 5664 5664 6560 6560 6579 6579 6556 6556 6491 6491 6478 6478 6492 6492 7673 7673 7920 7920 7767 7767 7358 7358 7356 7356 7332 7332 7889 7889 7520 7520 7541 7541 7399 7399 5684 5684 7398 7398 5774 5774 5604 5604 5760 5760 6362 6362 5638 5638 6225 6225 5638 5638 5637 5637 6225 6225 6243 6243 6235 6235 6246 6246 6222 6222 6235 6235 6243 6243 5453 5453 5459 5459 7639 7639 6399 6399 7664 7664 6398 6398 7665 7665 6398 6398 7664 7664 7267 7267 5606 5606 7300 7300 7723 7723 7719 7719 7730 7730 7730 7730 7719 7719 7731 7731 7693 7693 5664 5664 5681 5681 6393 6393 6295 6295 6394 6394 5734 5734 5729 5729 5661 5661 6869 6869 5894 5894 6358 6358 6869 6869 6192 6192 5894 5894 8184 8184 6192 6192 6869 6869 8184 8184 7776 7776 6192 6192 6278 6278 7776 7776 8184 8184 6278 6278 6601 6601 7776 7776 5484 5484 6601 6601 6278 6278 5484 5484 5972 5972 6601 6601 8217 8217 5972 5972 5484 5484 8217 8217 7445 7445 5972 5972 8345 8345 7445 7445 8217 8217 8215 8215 7445 7445 8345 8345 8215 8215 6600 6600 7445 7445 8213 8213 6600 6600 8215 8215 8213 8213 7778 7778 6600 6600 8211 8211 7778 7778 8213 8213 8211 8211 7444 7444 7778 7778 5883 5883 7444 7444 8211 8211 5883 5883 7698 7698 7444 7444 8209 8209 7698 7698 5883 5883 7768 7768 7698 7698 8209 8209 7768 7768 8208 8208 7698 7698 8306 8306 8208 8208 7768 7768 8306 8306 6683 6683 8208 8208 8306 8306 7443 7443 6683 6683 6405 6405 7443 7443 8306 8306 5538 5538 7443 7443 6405 6405 5538 5538 7503 7503 7443 7443 5887 5887 7503 7503 5538 5538 5888 5888 7502 7502 7504 7504 5467 5467 7502 7502 5888 5888 5467 5467 7501 7501 7502 7502 6500 6500 7501 7501 5467 5467 6500 6500 6302 6302 7501 7501 6912 6912 6302 6302 6500 6500 6912 6912 6216 6216 6302 6302 6250 6250 6216 6216 6912 6912 6250 6250 5896 5896 6216 6216 5860 5860 5896 5896 6250 6250 5860 5860 7500 7500 5896 5896 5533 5533 7500 7500 5860 5860 5533 5533 8054 8054 7500 7500 5890 5890 8054 8054 5533 5533 5890 5890 5480 5480 8054 8054 7637 7637 5480 5480 5890 5890 7637 7637 7499 7499 5480 5480 5470 5470 7499 7499 7637 7637 5470 5470 7490 7490 7499 7499 7676 7676 5668 5668 7701 7701 7676 7676 7490 7490 5470 5470 7701 7701 7490 7490 7676 7676 7676 7676 6933 6933 5668 5668 7676 7676 8063 8063 6933 6933 7446 7446 5894 5894 6192 6192 7446 7446 8051 8051 5894 5894 5971 5971 8051 8051 7446 7446 5971 5971 8190 8190 8051 8051 7449 7449 8190 8190 5971 5971 7449 7449 7540 7540 8190 8190 5454 5454 7540 7540 7449 7449 5454 5454 7535 7535 7540 7540 6284 6284 7535 7535 5454 5454 6284 6284 6148 6148 7535 7535 7915 7915 6148 6148 6284 6284 7915 7915 8194 8194 6148 6148 7453 7453 8194 8194 7915 7915 7453 7453 5461 5461 8194 8194 7454 7454 5461 5461 7453 7453 7454 7454 6899 6899 5461 5461 6227 6227 6899 6899 7454 7454 6227 6227 7531 7531 6899 6899 7458 7458 7531 7531 6227 6227 7459 7459 7529 7529 7532 7532 5882 5882 7529 7529 7459 7459 5882 5882 7527 7527 7529 7529 7462 7462 7527 7527 5882 5882 7462 7462 7549 7549 7527 7527 5455 5455 7549 7549 7462 7462 5455 5455 7790 7790 7549 7549 5460 5460 7790 7790 5455 5455 5460 5460 7787 7787 7790 7790 5791 5791 7787 7787 5460 5460 5791 5791 5617 5617 7787 7787 7481 7481 5617 5617 5791 5791 7481 7481 5692 5692 5617 5617 7482 7482 5692 5692 7481 7481 7487 7487 5692 5692 7482 7482 7487 7487 7634 7634 5692 5692 7487 7487 5650 5650 7634 7634 7488 7488 5650 5650 7487 7487 7488 7488 5498 5498 5650 5650 7488 7488 7765 7765 5498 5498 6221 6221 7765 7765 7488 7488 6221 6221 6123 6123 7765 7765 6880 6880 6123 6123 6221 6221 6880 6880 5473 5473 6123 6123 7489 7489 5473 5473 6880 6880 5668 5668 7489 7489 7701 7701 5668 5668 5473 5473 7489 7489 8277 8277 7541 7541 7520 7520 7541 7541 8277 8277 8191 8191 8272 8272 8191 8191 8277 8277 8191 8191 8272 8272 8052 8052 8265 8265 8052 8052 8272 8272 8052 8052 8265 8265 5895 5895 8265 8265 8245 8245 5895 5895 6903 6903 5895 5895 8245 8245 5895 5895 6903 6903 6359 6359 8243 8243 6359 6359 6903 6903 6359 6359 8243 8243 6870 6870 6866 6866 6870 6870 8243 8243 6870 6870 6866 6866 8185 8185 6866 6866 8007 8007 8185 8185 6768 6768 5689 5689 7893 7893 6900 6900 7524 7524 7780 7780 8189 8189 5689 5689 6768 6768 7794 7794 5689 5689 8189 8189 5450 5450 5689 5689 7794 7794 7648 7648 5450 5450 7794 7794 7649 7649 5450 5450 7648 7648 5891 5891 5450 5450 7649 7649 7652 7652 5891 5891 7649 7649 5970 5970 5891 5891 7652 7652 7788 7788 5891 5891 5970 5970 6244 6244 7788 7788 5970 5970 6352 6352 7788 7788 6244 6244 5973 5973 7788 7788 6352 6352 5975 5975 5973 5973 6352 6352 8249 8249 5973 5973 8203 8203 5973 5973 5975 5975 8203 8203 7893 7893 5689 5689 7526 7526 7526 7526 5689 5689 7792 7792 8089 8089 7524 7524 6900 6900 5750 5750 5711 5711 5736 5736 5450 5450 7792 7792 5689 5689 8193 8193 7792 7792 5450 5450 5891 5891 8193 8193 5450 5450 6937 6937 8193 8193 5891 5891 7788 7788 6937 6937 5891 5891 5960 5960 6937 6937 7788 7788 5973 5973 5960 5960 7788 7788 7739 7739 5960 5960 8249 8249 5960 5960 5973 5973 8249 8249 7526 7526 7792 7792 8092 8092 6211 6211 8091 8091 7791 7791 8192 8192 6211 6211 7791 7791 5961 5961 6211 6211 8192 8192 6936 6936 5961 5961 8192 8192 6599 6599 5961 5961 6936 6936 5959 5959 6599 6599 6936 6936 6196 6196 6599 6599 5959 5959 7738 7738 6196 6196 5959 5959 6890 6890 6196 6196 7738 7738 6556 6556 6437 6437 6436 6436 6211 6211 7782 7782 8093 8093 6878 6878 7782 7782 6211 6211 5961 5961 6878 6878 6211 6211 6175 6175 6878 6878 5961 5961 6599 6599 6175 6175 5961 5961 5904 5904 6175 6175 6599 6599 5898 5898 5904 5904 6599 6599 6196 6196 5898 5898 6599 6599 7766 7766 5898 5898 6196 6196 6890 6890 7766 7766 6196 6196 6909 6909 7766 7766 6890 6890 7083 7083 7086 7086 7124 7124 6878 6878 5672 5672 7782 7782 6175 6175 5672 5672 6878 6878 5566 5566 5672 5672 6175 6175 5599 5599 5848 5848 5780 5780 5904 5904 5566 5566 6175 6175 6596 6596 5566 5566 5904 5904 5898 5898 6596 6596 5904 5904 6234 6234 6596 6596 5898 5898 7766 7766 6234 6234 5898 5898 7350 7350 7766 7766 6909 6909 7782 7782 5672 5672 7523 7523 7523 7523 5672 5672 6757 6757 5680 5680 6757 6757 5672 5672 5566 5566 5680 5680 5672 5672 6736 6736 5680 5680 5566 5566 6596 6596 6736 6736 5566 5566 5695 5695 6736 6736 6596 6596 5598 5598 5623 5623 5782 5782 6234 6234 5695 5695 6596 6596 6827 6827 5695 5695 6234 6234 7766 7766 6827 6827 6234 6234 7350 7350 6827 6827 7766 7766 5811 5811 6827 6827 7350 7350 5680 5680 8197 8197 6757 6757 7991 7991 8197 8197 5680 5680 6736 6736 7991 7991 5680 5680 6920 6920 7991 7991 6736 6736 5695 5695 6920 6920 6736 6736 6688 6688 6920 6920 5695 5695 6827 6827 6688 6688 5695 5695 6186 6186 6688 6688 6827 6827 7869 7869 6186 6186 5811 5811 6186 6186 6827 6827 5811 5811 5600 5600 5601 5601 5609 5609 7991 7991 5753 5753 8197 8197 7775 7775 5753 5753 7991 7991 6920 6920 7775 7775 7991 7991 6688 6688 7775 7775 6920 6920 8083 8083 7775 7775 6688 6688 5613 5613 5606 5606 5614 5614 6186 6186 8083 8083 6688 6688 6194 6194 8083 8083 6186 6186 7912 7912 6194 6194 7869 7869 6194 6194 6186 6186 7869 7869 5753 5753 7521 7521 7890 7890 8197 8197 5753 5753 7890 7890 7521 7521 5753 5753 6189 6189 6189 6189 5753 5753 5865 5865 7775 7775 5865 5865 5753 5753 5865 5865 7775 7775 7562 7562 7562 7562 7775 7775 8233 8233 8233 8233 7775 7775 6680 6680 7775 7775 8234 8234 6680 6680 8083 8083 8234 8234 7775 7775 8234 8234 8083 8083 6229 6229 6229 6229 8083 8083 8235 8235 6194 6194 8235 8235 8083 8083 8235 8235 6194 6194 8236 8236 8236 8236 6194 6194 6844 6844 6194 6194 7912 7912 6844 6844 5523 5523 5969 5969 8310 8310 7383 7383 7922 7922 7382 7382 6432 6432 7381 7381 7921 7921 6432 6432 7921 7921 6945 6945 7380 7380 6432 6432 7377 7377 6508 6508 7377 7377 6432 6432 7377 7377 6508 6508 8099 8099 7360 7360 8099 8099 6508 6508 8099 8099 7360 7360 7369 7369 8337 8337 7369 7369 7360 7360 7369 7369 8337 8337 6113 6113 8241 8241 5572 5572 6690 6690 5572 5572 5866 5866 6690 6690 5866 5866 6689 6689 6690 6690 5881 5881 8308 8308 6691 6691 5881 5881 6691 6691 6689 6689 6881 6881 5881 5881 6689 6689 6401 6401 5881 5881 6881 6881 6585 6585 6554 6554 6584 6584 5525 5525 6401 6401 6881 6881 6520 6520 5525 5525 6881 6881 5666 5666 5525 5525 6520 6520 6945 6945 5666 5666 6520 6520 6919 6919 6945 6945 6520 6520 6432 6432 6945 6945 6919 6919 5573 5573 6432 6432 6919 6919 6508 6508 6432 6432 5573 5573 8100 8100 6508 6508 5573 5573 7360 7360 6508 6508 8100 8100 8100 8100 7903 7903 7360 7360 8100 8100 7919 7919 7903 7903 8100 8100 5457 5457 7919 7919 8100 8100 7911 7911 5457 5457 8100 8100 6495 6495 7911 7911 8100 8100 7320 7320 6495 6495 8100 8100 5465 5465 7320 7320 6502 6502 5465 5465 8100 8100 8337 8337 7360 7360 7903 7903 8241 8241 5468 5468 5572 5572 5468 5468 6125 6125 5572 5572 6125 6125 8240 8240 5572 5572 8103 8103 5572 5572 8240 8240 6881 6881 6689 6689 8267 8267 5605 5605 5606 5606 5613 5613 6207 6207 6881 6881 8267 8267 8239 8239 6881 6881 6207 6207 6520 6520 6881 6881 8239 8239 6527 6527 6520 6520 8239 8239 6527 6527 6919 6919 6520 6520 5471 5471 6919 6919 6527 6527 6862 6862 6919 6919 5471 5471 5573 5573 6919 6919 6862 6862 8237 8237 5573 5573 6862 6862 8297 8297 5573 5573 8237 8237 8100 8100 5573 5573 8297 8297 6502 6502 8100 8100 8297 8297 6844 6844 6502 6502 8297 8297 5465 5465 6502 6502 6844 6844 8310 8310 5969 5969 7397 7397 5969 5969 6923 6923 7397 7397 7895 7895 6923 6923 5969 5969 5523 5523 7777 7777 5969 5969 7895 7895 5969 5969 7777 7777 5474 5474 7777 7777 5523 5523 7895 7895 7777 7777 5474 5474 6617 6617 5930 5930 5932 5932 6618 6618 5930 5930 6617 6617 6923 6923 7895 7895 6237 6237 6237 6237 7895 7895 7875 7875 6357 6357 7875 7875 7895 7895 6357 6357 7895 7895 5474 5474 5881 5881 5474 5474 5523 5523 8308 8308 5881 5881 5523 5523 7875 7875 6357 6357 7396 7396 6401 6401 5474 5474 5881 5881 5639 5639 5638 5638 6362 6362 7396 7396 6357 6357 6824 6824 5687 5687 6824 6824 6357 6357 5687 5687 6357 6357 6433 6433 7672 7672 6357 6357 5474 5474 6433 6433 6357 6357 7672 7672 7330 7330 7326 7326 7308 7308 7672 7672 5474 5474 6401 6401 5525 5525 6433 6433 7672 7672 7672 7672 6401 6401 5525 5525 5863 5863 6433 6433 5525 5525 5863 5863 5687 5687 6433 6433 5637 5637 5653 5653 5641 5641 5666 5666 5863 5863 5525 5525 7655 7655 5863 5863 5666 5666 6823 6823 5687 5687 7393 7393 6356 6356 7393 7393 5687 5687 7655 7655 5687 5687 5863 5863 6356 6356 5687 5687 7655 7655 7393 7393 6356 6356 7383 7383 7922 7922 6355 6355 7655 7655 6945 6945 7655 7655 5666 5666 7922 7922 7655 7655 6945 6945 5866 5866 5572 5572 8103 8103 8281 8281 5866 5866 8103 8103 6689 6689 5866 5866 8281 8281 8267 8267 6689 6689 8281 8281 7398 7398 8303 8303 8310 8310 7398 7398 8316 8316 8303 8303 5684 5684 8316 8316 7398 7398 5684 5684 7635 7635 8316 8316 7331 7331 7635 7635 5684 5684 7331 7331 6217 6217 7635 7635 7331 7331 8342 8342 6217 6217 5677 5677 8316 8316 7635 7635 6910 6910 5677 5677 7635 7635 6217 6217 6910 6910 7635 7635 5677 5677 6910 6910 8317 8317 8317 8317 6910 6910 8318 8318 6910 6910 7770 7770 8318 8318 5956 5956 7770 7770 6910 6910 7770 7770 5956 5956 7763 7763 7763 7763 5956 5956 8319 8319 7272 7272 8319 8319 5956 5956 8319 8319 7272 7272 8320 8320 7272 7272 5897 5897 8320 8320 5612 5612 5605 5605 5613 5613 5444 5444 6910 6910 6217 6217 6402 6402 6910 6910 5444 5444 5956 5956 6910 6910 6402 6402 7993 7993 5956 5956 6402 6402 7272 7272 5956 5956 7993 7993 8342 8342 7154 7154 6217 6217 5444 5444 6217 6217 7154 7154 6402 6402 5444 5444 7647 7647 6501 6501 6402 6402 7647 7647 7159 7159 6402 6402 6501 6501 7993 7993 6402 6402 7159 7159 7160 7160 7993 7993 7159 7159 5658 5658 7282 7282 6846 6846 5658 5658 7278 7278 7282 7282 7278 7278 5658 5658 8064 8064 5658 5658 8331 8331 8064 8064 8064 8064 8331 8331 6406 6406 8331 8331 6183 6183 6406 6406 8311 8311 6406 6406 6183 6183 5897 5897 6406 6406 8311 8311 5678 5678 5550 5550 5551 5551 7715 7715 5550 5550 5678 5678 5551 5551 8321 8321 5678 5678 6241 6241 8321 8321 5551 5551 8321 8321 6241 6241 5570 5570 6754 6754 5570 5570 6241 6241 8323 8323 5569 5569 6755 6755 8325 8325 8323 8323 6755 6755 7685 7685 7686 7686 7690 7690 7398 7398 7397 7397 7399 7399 6923 6923 7399 7399 7397 7397 6276 6276 6289 6289 6305 6305 6442 6442 6565 6565 6443 6443 6443 6443 6565 6565 6568 6568 6442 6442 6551 6551 6563 6563 6564 6564 6442 6442 6563 6563 6565 6565 6442 6442 6564 6564 6445 6445 6438 6438 6446 6446 6446 6446 6450 6450 6456 6456 6418 6418 7905 7905 6907 6907 6444 6444 6445 6445 6453 6453 6446 6446 6440 6440 6450 6450 6436 6436 6444 6444 6435 6435 6539 6539 6436 6436 6435 6435 5629 5629 5630 5630 7070 7070 6445 6445 6446 6446 6454 6454 6436 6436 6437 6437 6444 6444 6438 6438 6440 6440 6446 6446 7714 7714 8146 8146 5549 5549 7714 7714 8143 8143 8146 8146 6591 6591 7254 7254 7253 7253 7253 7253 7254 7254 7249 7249 7249 7249 7254 7254 5592 5592 5592 5592 7254 7254 5591 5591 5591 5591 7254 7254 7246 7246 7246 7246 7254 7254 7245 7245 7245 7245 7254 7254 7242 7242 7242 7242 7254 7254 7227 7227 7227 7227 7254 7254 6847 6847 6847 6847 7254 7254 6993 6993 6993 6993 7254 7254 6995 6995 7268 7268 6995 6995 7254 7254 6995 6995 7268 7268 7224 7224 7269 7269 7224 7224 7268 7268 7224 7224 7269 7269 6997 6997 7273 7273 6997 6997 7269 7269 5610 5610 5611 5611 5630 5630 5629 5629 5610 5610 5630 5630 6237 6237 7335 7335 7402 7402 7875 7875 7335 7335 6237 6237 7712 7712 6281 6281 6291 6291 7712 7712 6291 6291 5853 5853 6997 6997 7273 7273 6999 6999 6303 6303 6276 6276 6305 6305 6454 6454 6446 6446 6456 6456 6457 6457 6441 6441 6461 6461 6441 6441 6442 6442 6461 6461 6864 6864 5578 5578 5590 5590 6435 6435 6444 6444 6540 6540 6540 6540 6444 6444 6541 6541 6444 6444 6437 6437 6445 6445 7322 7322 6443 6443 6568 6568 6437 6437 6438 6438 6445 6445 6453 6453 6445 6445 6454 6454 6456 6456 6450 6450 6457 6457 6450 6450 6441 6441 6457 6457 7185 7185 7070 7070 5630 5630 6541 6541 6444 6444 6453 6453 6440 6440 6441 6441 6450 6450 5628 5628 5609 5609 5629 5629 6562 6562 6440 6440 6552 6552 6441 6441 6551 6551 6442 6442 6440 6440 6562 6562 6441 6441 6551 6551 6441 6441 6562 6562 7685 7685 5659 5659 5696 5696 7160 7160 7072 7072 7164 7164 7274 7274 6999 6999 7273 7273 6999 6999 7274 7274 7001 7001 7277 7277 7001 7001 7274 7274 7001 7001 7277 7277 7222 7222 7303 7303 7222 7222 7277 7277 7222 7222 7303 7303 7220 7220 7310 7310 7220 7220 7303 7303 7220 7220 7310 7310 7003 7003 7316 7316 7003 7003 7310 7310 7003 7003 7316 7316 7217 7217 7317 7317 7217 7217 7316 7316 7213 7213 7217 7217 7317 7317 6621 6621 7213 7213 7317 7317 7210 7210 7213 7213 6621 6621 6622 6622 7210 7210 6621 6621 7204 7204 7210 7210 6622 6622 6623 6623 7204 7204 6622 6622 7007 7007 7204 7204 6623 6623 6624 6624 7007 7007 6623 6623 7007 7007 6624 6624 7055 7055 7055 7055 6624 6624 7057 7057 7057 7057 5874 5874 7055 7055 7055 7055 5874 5874 7198 7198 7196 7196 7198 7198 5874 5874 5875 5875 7196 7196 5874 5874 7196 7196 5875 5875 6947 6947 6949 6949 6947 6947 5875 5875 7058 7058 6949 6949 5875 5875 7194 7194 6949 6949 7058 7058 5876 5876 7194 7194 7058 7058 7190 7190 7194 7194 5876 5876 5879 5879 7190 7190 5876 5876 6951 6951 7190 7190 5879 5879 7059 7059 6951 6951 5879 5879 6953 6953 6951 6951 7059 7059 5892 5892 6953 6953 7059 7059 6955 6955 6953 6953 5892 5892 5893 5893 6955 6955 5892 5892 7188 7188 6955 6955 5893 5893 7060 7060 7188 7188 5893 5893 6957 6957 7188 7188 7060 7060 7061 7061 6957 6957 7060 7060 6959 6959 6957 6957 7061 7061 7062 7062 6959 6959 7061 7061 7186 7186 6959 6959 7062 7062 7063 7063 7186 7186 7062 7062 6961 6961 7186 7186 7063 7063 5901 5901 6961 6961 7063 7063 6963 6963 6961 6961 5901 5901 7064 7064 6963 6963 5901 5901 6963 6963 7064 7064 7065 7065 7179 7179 6965 6965 6963 6963 6963 6963 7065 7065 5634 5634 5634 5634 7067 7067 6963 6963 7157 7157 7179 7179 6963 6963 6963 6963 7067 7067 7157 7157 5663 5663 5730 5730 5708 5708 6984 6984 6856 6856 7616 7616 6983 6983 7034 7034 7035 7035 6983 6983 7035 7035 6858 6858 6858 6858 7035 7035 7036 7036 6858 6858 7036 7036 6860 6860 6860 6860 7036 7036 6915 6915 6915 6915 7036 7036 7370 7370 6915 6915 7370 7370 6981 6981 6981 6981 7370 7370 6977 6977 6977 6977 7370 7370 7037 7037 5824 5824 5763 5763 5798 5798 6977 6977 7037 7037 6975 6975 6975 6975 7037 7037 6974 6974 6974 6974 7037 7037 7371 7371 6974 6974 7371 7371 6973 6973 6973 6973 7371 7371 6972 6972 6972 6972 7371 7371 7039 7039 6972 6972 7039 7039 5844 5844 5844 5844 7039 7039 7372 7372 5844 5844 7372 7372 5843 5843 5843 5843 7372 7372 6971 6971 6971 6971 7372 7372 7040 7040 6971 6971 7040 7040 5842 5842 5842 5842 7040 7040 7041 7041 5842 5842 7041 7041 5725 5725 5725 5725 7041 7041 5720 5720 5720 5720 7041 7041 5754 5754 5754 5754 7041 7041 7042 7042 5754 5754 7042 7042 5746 5746 5746 5746 7042 7042 6969 6969 6969 6969 7042 7042 7044 7044 6969 6969 7044 7044 5732 5732 5732 5732 7044 7044 5728 5728 5728 5728 7044 7044 6968 6968 6967 6967 7043 7043 6964 6964 6964 6964 7043 7043 7045 7045 6964 6964 7045 7045 7373 7373 6964 6964 7373 7373 6962 6962 6962 6962 7373 7373 7374 7374 6962 6962 7374 7374 7187 7187 7187 7187 7374 7374 7046 7046 7187 7187 7046 7046 6960 6960 6960 6960 7046 7046 7049 7049 6960 6960 7049 7049 6958 6958 6958 6958 7049 7049 7375 7375 6958 6958 7375 7375 7050 7050 6958 6958 7050 7050 7189 7189 7189 7189 7050 7050 7051 7051 7189 7189 7051 7051 6956 6956 6956 6956 7051 7051 7376 7376 6956 6956 7376 7376 7054 7054 6956 6956 7054 7054 6954 6954 6954 6954 7054 7054 7011 7011 6992 6992 6994 6994 6848 6848 6848 6848 6994 6994 6990 6990 6990 6990 6994 6994 6851 6851 6851 6851 6994 6994 7223 7223 6851 6851 7223 7223 6854 6854 6854 6854 7223 7223 6988 6988 6988 6988 7223 7223 6986 6986 6986 6986 7223 7223 7616 7616 6986 6986 7616 7616 6856 6856 7616 7616 7223 7223 7032 7032 7032 7032 7223 7223 7031 7031 7031 7031 7223 7223 6996 6996 7031 7031 6996 6996 7615 7615 7615 7615 6996 6996 6998 6998 7615 7615 6998 6998 7030 7030 7030 7030 6998 6998 7029 7029 7029 7029 6998 6998 7000 7000 7029 7029 7000 7000 7024 7024 7024 7024 7000 7000 7221 7221 7024 7024 7221 7221 7022 7022 7022 7022 7221 7221 7614 7614 7614 7614 7221 7221 7219 7219 7614 7614 7219 7219 7021 7021 7021 7021 7219 7219 7002 7002 7021 7021 7002 7002 7613 7613 7613 7613 7002 7002 7216 7216 7613 7613 7216 7216 7020 7020 7020 7020 7216 7216 7214 7214 7020 7020 7214 7214 7019 7019 7019 7019 7214 7214 7612 7612 7612 7612 7214 7214 7211 7211 7612 7612 7211 7211 7017 7017 7017 7017 7211 7211 7205 7205 7017 7017 7205 7205 7610 7610 7610 7610 7205 7205 7008 7008 7610 7610 7008 7008 7015 7015 7015 7015 7008 7008 7609 7609 7609 7609 7008 7008 7056 7056 7609 7609 7056 7056 7014 7014 7014 7014 7056 7056 7199 7199 7014 7014 7199 7199 7197 7197 7014 7014 7197 7197 7608 7608 7608 7608 7197 7197 6948 6948 7608 7608 6948 6948 7013 7013 7013 7013 6948 6948 6950 6950 7013 7013 6950 6950 7195 7195 7013 7013 7195 7195 7607 7607 7607 7607 7195 7195 7012 7012 7012 7012 7195 7195 7011 7011 7011 7011 7195 7195 7191 7191 7011 7011 7191 7191 6954 6954 6954 6954 7191 7191 6952 6952 5783 5783 6978 6978 6976 6976 5782 5782 6944 6944 6979 6979 5587 5587 5578 5578 5588 5588 5623 5623 6944 6944 5782 5782 6979 6979 6944 6944 6924 6924 6913 6913 6942 6942 6918 6918 6863 6863 6942 6942 5624 5624 6315 6315 6152 6152 6311 6311 6863 6863 6922 6922 6942 6942 6942 6942 6922 6922 6918 6918 6916 6916 6921 6921 6861 6861 6921 6921 6913 6913 6861 6861 6861 6861 6913 6913 6928 6928 6861 6861 6928 6928 6859 6859 7742 7742 7707 7707 7741 7741 5818 5818 5809 5809 5819 5819 8145 8145 8143 8143 7714 7714 6928 6928 6939 6939 6908 6908 6519 6519 6521 6521 7356 7356 5583 5583 7218 7218 5584 5584 6487 6487 6496 6496 6503 6503 6503 6503 6496 6496 6504 6504 6939 6939 6938 6938 6908 6908 6908 6908 6938 6938 6902 6902 6902 6902 6938 6938 6905 6905 6865 6865 6905 6905 6938 6938 5579 5579 6905 6905 6865 6865 6859 6859 6928 6928 6985 6985 6985 6985 6928 6928 6857 6857 5710 5710 5737 5737 5730 5730 5623 5623 6924 6924 6944 6944 5623 5623 6921 6921 6924 6924 6913 6913 6921 6921 5623 5623 5624 5624 6941 6941 5623 5623 6941 6941 6913 6913 5623 5623 6864 6864 6922 6922 6863 6863 6864 6864 6863 6863 5589 5589 7729 7729 7723 7723 7730 7730 6259 6259 6246 6246 6260 6260 5711 5711 5748 5748 5715 5715 6980 6980 6924 6924 6982 6982 6924 6924 6921 6921 6982 6982 6305 6305 6289 6289 7920 7920 6518 6518 6519 6519 7358 7358 7893 7893 7639 7639 6768 6768 6543 6543 7431 7431 6428 6428 6918 6918 6922 6922 6917 6917 6864 6864 6917 6917 6922 6922 5590 5590 6917 6917 6864 6864 6167 6167 6164 6164 5934 5934 5818 5818 5819 5819 5833 5833 6616 6616 6164 6164 6167 6167 6982 6982 6921 6921 6916 6916 7358 7358 6519 6519 7356 7356 6292 6292 6295 6295 6393 6393 5636 5636 5702 5702 5646 5646 6913 6913 6918 6918 6928 6928 6928 6928 6918 6918 6939 6939 6428 6428 7431 7431 5522 5522 6918 6918 6917 6917 6939 6939 6939 6939 6917 6917 6938 6938 5590 5590 6938 6938 6917 6917 6865 6865 6938 6938 5590 5590 6928 6928 6908 6908 6857 6857 6857 6857 6908 6908 6902 6902 5582 5582 7218 7218 5583 5583 6481 6481 6482 6482 6496 6496 6902 6902 6905 6905 6897 6897 6897 6897 6905 6905 6898 6898 5579 5579 6898 6898 6905 6905 5745 5745 5747 5747 5735 5735 6857 6857 6902 6902 6897 6897 6496 6496 6482 6482 6497 6497 6550 6550 7323 7323 7142 7142 6872 6872 6898 6898 5579 5579 6857 6857 6897 6897 6987 6987 6897 6897 6898 6898 6876 6876 6877 6877 6128 6128 5693 5693 7909 7909 6128 6128 6877 6877 6647 6647 6128 6128 7909 7909 8039 8039 6128 6128 6647 6647 5448 5448 6128 6128 8039 8039 5448 5448 6670 6670 6128 6128 5448 5448 5521 5521 6670 6670 5448 5448 6427 6427 5521 5521 6684 6684 6427 6427 5448 5448 6684 6684 6425 6425 6427 6427 6684 6684 6423 6423 6425 6425 6685 6685 6423 6423 6684 6684 6685 6685 6421 6421 6423 6423 5500 5500 6421 6421 6685 6685 5500 5500 6129 6129 6421 6421 5815 5815 6129 6129 5500 5500 6892 6892 6129 6129 5815 5815 6892 6892 5519 5519 6129 6129 6892 6892 6419 6419 5519 5519 5552 5552 6419 6419 6892 6892 5552 5552 5516 5516 6419 6419 7212 7212 5516 5516 5552 5552 7212 7212 6660 6660 5516 5516 7212 7212 6434 6434 6660 6660 6686 6686 6434 6434 7212 7212 6686 6686 6538 6538 6434 6434 6686 6686 6536 6536 6538 6538 6687 6687 6536 6536 6686 6686 6687 6687 6557 6557 6536 6536 8205 8205 6557 6557 6687 6687 5818 5818 5766 5766 5809 5809 8205 8205 6580 6580 6557 6557 6602 6602 6580 6580 8205 8205 6907 6907 6580 6580 6602 6602 7905 7905 6580 6580 6907 6907 6874 6874 7431 7431 6113 6113 6671 6671 7431 7431 6874 6874 5522 5522 7431 7431 6671 6671 6874 6874 6113 6113 8337 8337 7912 7912 7006 7006 5465 5465 7912 7912 8339 8339 7006 7006 7912 7912 7899 7899 8339 8339 7912 7912 8105 8105 7899 7899 7912 7912 6275 6275 8105 8105 6844 6844 7912 7912 5465 5465 6275 6275 7912 7912 6657 6657 7912 7912 5544 5544 6657 6657 7912 7912 8107 8107 5544 5544 7912 7912 5861 5861 8107 8107 7912 7912 8250 8250 5861 5861 7912 7912 6251 6251 8250 8250 8201 8201 6251 6251 7912 7912 6184 6184 6185 6185 6343 6343 7913 7913 6926 6926 8247 8247 6926 6926 7913 7913 6893 6893 7914 7914 8087 8087 6894 6894 8249 8249 8087 8087 7914 7914 8087 8087 8249 8249 6664 6664 7891 7891 6664 6664 8249 8249 8301 8301 6664 6664 7891 7891 7671 7671 6403 6403 7673 7673 7700 7700 7694 7694 7702 7702 8201 8201 7912 7912 7869 7869 5811 5811 8201 8201 7869 7869 5712 5712 8201 8201 5811 5811 7350 7350 5712 5712 5811 5811 6353 6353 5712 5712 7350 7350 5697 5697 6353 6353 7350 7350 8247 8247 6353 6353 5697 5697 7738 7738 8247 8247 5697 5697 7913 7913 8247 8247 7738 7738 8249 8249 7914 7914 7739 7739 7118 7118 7124 7124 7133 7133 7891 7891 8249 8249 8203 8203 7165 7165 5614 5614 7164 7164 5613 5613 5614 5614 7165 7165 5697 5697 7350 7350 6909 6909 6890 6890 5697 5697 6909 6909 7738 7738 5697 5697 6890 6890 6435 6435 6540 6540 6661 6661 6897 6897 6876 6876 6989 6989 6029 6029 7202 7202 8301 8301 7722 7722 5711 5711 5750 5750 6029 6029 5673 5673 7202 7202 6029 6029 5807 5807 5673 5673 6029 6029 7896 7896 5807 5807 6029 6029 7850 7850 7896 7896 6029 6029 6447 6447 7850 7850 7891 7891 6029 6029 8301 8301 5568 5568 6029 6029 7891 7891 8203 8203 5568 5568 7891 7891 7629 7629 5491 5491 6236 6236 5621 5621 5491 5491 7629 7629 5491 5491 5621 5621 8065 8065 5621 5621 6696 6696 8065 8065 5596 5596 6696 6696 5621 5621 8343 8343 6696 6696 5596 5596 6696 6696 8343 8343 7726 7726 8343 8343 8261 8261 7726 7726 6029 6029 7726 7726 8261 8261 6447 6447 6029 6029 8261 8261 7726 7726 6029 6029 8333 8333 8333 8333 6029 6029 8334 8334 5568 5568 8334 8334 6029 6029 6233 6233 8334 8334 5568 5568 6236 6236 6176 6176 7629 7629 6193 6193 6176 6176 6236 6236 6193 6193 5451 5451 6176 6176 6987 6987 6897 6897 6989 6989 6193 6193 5669 5669 5451 5451 6193 6193 7767 7767 5669 5669 6408 6408 8155 8155 6946 6946 8155 8155 6484 6484 6946 6946 6946 6946 6484 6484 6407 6407 6484 6484 5784 5784 6407 6407 6407 6407 5784 5784 6290 6290 5784 5784 7887 7887 6290 6290 5717 5717 6290 6290 7887 7887 8295 8295 6290 6290 5717 5717 8295 8295 7920 7920 6290 6290 7920 7920 8295 8295 7767 7767 8295 8295 5669 5669 7767 7767 7888 7888 7624 7624 5718 5718 7888 7888 8376 8376 7624 7624 5785 5785 8376 8376 7888 7888 8376 8376 5785 5785 8350 8350 6485 6485 8350 8350 5785 5785 8156 8156 8350 8350 6485 6485 8350 8350 8156 8156 8349 8349 6409 6409 8349 8349 8156 8156 8349 8349 6409 6409 8348 8348 5541 5541 8348 8348 6409 6409 8348 8348 5541 5541 6151 6151 6255 6255 6151 6151 5541 5541 6151 6151 6255 6255 6150 6150 5858 5858 6150 6150 6255 6255 6150 6150 5858 5858 6154 6154 7387 7387 6154 6154 5858 5858 6396 6396 6154 6154 7387 7387 6154 6154 6396 6396 6629 6629 8207 8207 6629 6629 6396 6396 6629 6629 8207 8207 6875 6875 5739 5739 6875 6875 8207 8207 6875 6875 5739 5739 5868 5868 6411 6411 5868 5868 5739 5739 5868 5868 6411 6411 7774 7774 6413 6413 7774 7774 6411 6411 6413 6413 6153 6153 7774 7774 6415 6415 6153 6153 6413 6413 6153 6153 6415 6415 7761 7761 6415 6415 6464 6464 7761 7761 6287 6287 7761 7761 6464 6464 6152 6152 7761 7761 6287 6287 7740 7740 7721 7721 7741 7741 5749 5749 5724 5724 5719 5719 5688 5688 5708 5708 7158 7158 6876 6876 6898 6898 6871 6871 6871 6871 6898 6898 6872 6872 6492 6492 6487 6487 6503 6503 7333 7333 6530 6530 7428 7428 6989 6989 6876 6876 6855 6855 6201 6201 5642 5642 5643 5643 6201 6201 5643 5643 6342 6342 5591 5591 5581 5581 5592 5592 7353 7353 7429 7429 7355 7355 7165 7165 7071 7071 5631 5631 7993 7993 7259 7259 7272 7272 7259 7259 7264 7264 7272 7272 6280 6280 6407 6407 6289 6289 6562 6562 6587 6587 6551 6551 6562 6562 6576 6576 6587 6587 6579 6579 6560 6560 6583 6583 6412 6412 6410 6410 6218 6218 7678 7678 5968 5968 6292 6292 6695 6695 5968 5968 7666 7666 7073 7073 5626 5626 7074 7074 5626 5626 5627 5627 7074 7074 5735 5735 6970 6970 5733 5733 6253 6253 6254 6254 6263 6263 6263 6263 6254 6254 6408 6408 5625 5625 5608 5608 5626 5626 6303 6303 6305 6305 6399 6399 6220 6220 6210 6210 6222 6222 6222 6222 6223 6223 6235 6235 7722 7722 5750 5750 7718 7718 5520 5520 6483 6483 6488 6488 5520 5520 6488 6488 6130 6130 6530 6530 7333 7333 7353 7353 6855 6855 6876 6876 6852 6852 7745 7745 7744 7744 7720 7720 7743 7743 7720 7720 7744 7744 7248 7248 6546 6546 7247 7247 6546 6546 7248 7248 7324 7324 7138 7138 7150 7150 7248 7248 5579 5579 5580 5580 5581 5581 5856 5856 7547 7547 7789 7789 7786 7786 5856 5856 7789 7789 7671 7671 7674 7674 6403 6403 7686 7686 7687 7687 7694 7694 7744 7744 7705 7705 7743 7743 7705 7705 7706 7706 7743 7743 6852 6852 6876 6876 6871 6871 7720 7720 7727 7727 7734 7734 7734 7734 7727 7727 7735 7735 6871 6871 6872 6872 6868 6868 5568 5568 5477 5477 6233 6233 5591 5591 6868 6868 6872 6872 6852 6852 6871 6871 6991 6991 6991 6991 6871 6871 6849 6849 5709 5709 5730 5730 5663 5663 6871 6871 6868 6868 6849 6849 6398 6398 6303 6303 6399 6399 5589 5589 5607 5607 5625 5625 6863 6863 5607 5607 5589 5589 5789 5789 5779 5779 5795 5795 5778 5778 5779 5779 5789 5789 6850 6850 6868 6868 6993 6993 6993 6993 6868 6868 6847 6847 6847 6847 6868 6868 7227 7227 7227 7227 6868 6868 7242 7242 7242 7242 6868 6868 7245 7245 7245 7245 6868 6868 7246 7246 7246 7246 6868 6868 5591 5591 7685 7685 5681 5681 5690 5690 5638 5638 5698 5698 5637 5637 5943 5943 6173 6173 5941 5941 6172 6172 5941 5941 6173 6173 5843 5843 5823 5823 5844 5844 7735 7735 7728 7728 7736 7736 6265 6265 6267 6267 6295 6295 7669 7669 6301 6301 7670 7670 7546 7546 7917 7917 7644 7644 6935 6935 7669 7669 7670 7670 6560 6560 6436 6436 6558 6558 5819 5819 5770 5770 5835 5835 5833 5833 5819 5819 5835 5835 5757 5757 5771 5771 5763 5763 6463 6463 6208 6208 6286 6286 7299 7299 5757 5757 5763 5763 5841 5841 5823 5823 5723 5723 6257 6257 6243 6243 6259 6259 6619 6619 6314 6314 5928 5928 6315 6315 6620 6620 6152 6152 6257 6257 6259 6259 6264 6264 6420 6420 6462 6462 6473 6473 7718 7718 7748 7748 7722 7722 7685 7685 7679 7679 7686 7686 6212 6212 6206 6206 6213 6213 5773 5773 5759 5759 5786 5786 5763 5763 5771 5771 5792 5792 6332 6332 5647 5647 5633 5633 5683 5683 5671 5671 5694 5694 6263 6263 6408 6408 6271 6271 5786 5786 5761 5761 5799 5799 5792 5792 5786 5786 5799 5799 5700 5700 5686 5686 5701 5701 5685 5685 5686 5686 5700 5700 6206 6206 6208 6208 6213 6213 6220 6220 6222 6222 6226 6226 6543 6543 6518 6518 7358 7358 5802 5802 5803 5803 5820 5820 6246 6246 6228 6228 6247 6247 5809 5809 5766 5766 5801 5801 5664 5664 5671 5671 5683 5683 5633 5633 5635 5635 7066 7066 6223 6223 6212 6212 6235 6235 5736 5736 5737 5737 5710 5710 5722 5722 5749 5749 5840 5840 6509 6509 6517 6517 6521 6521 5764 5764 5777 5777 5788 5788 6198 6198 6191 6191 6206 6206 5730 5730 5735 5735 5733 5733 6496 6496 6497 6497 6504 6504 7737 7737 5711 5711 7729 7729 5540 5540 6408 6408 6254 6254 6343 6343 6185 6185 6202 6202 5690 5690 5699 5699 5698 5698 6474 6474 6454 6454 6476 6476 5751 5751 5664 5664 5707 5707 7068 7068 5704 5704 5688 5688 5701 5701 5688 5688 5704 5704 7745 7745 7720 7720 7725 7725 6530 6530 6523 6523 6533 6533 5907 5907 5909 5909 6185 6185 6185 6185 5909 5909 6187 6187 5804 5804 5823 5823 5822 5822 5821 5821 5804 5804 5822 5822 6523 6523 6514 6514 6535 6535 6438 6438 6561 6561 6440 6440 6317 6317 6310 6310 6191 6191 6191 6191 6310 6310 6165 6165 6552 6552 6440 6440 6561 6561 5729 5729 5710 5710 5709 5709 6523 6523 6535 6535 7344 7344 6247 6247 6248 6248 6260 6260 6260 6260 6248 6248 6261 6261 5842 5842 5725 5725 5723 5723 5903 5903 5633 5633 7066 7066 5615 5615 5614 5614 5606 5606 7696 7696 7689 7689 7697 7697 6574 6574 6588 6588 6594 6594 6519 6519 6509 6509 6521 6521 7689 7689 7692 7692 7697 7697 5607 5607 5599 5599 5608 5608 6212 6212 6198 6198 6206 6206 6398 6398 7665 7665 6397 6397 5602 5602 5603 5603 5611 5611 6583 6583 6560 6560 6582 6582 6558 6558 6582 6582 6560 6560 6521 6521 6517 6517 6530 6530 5640 5640 5696 5696 5659 5659 5640 5640 5659 5659 5639 5639 6614 6614 6162 6162 6160 6160 5792 5792 5799 5799 5798 5798 6248 6248 6253 6253 6261 6261 5598 5598 5599 5599 5607 5607 5610 5610 5602 5602 5611 5611 6615 6615 6162 6162 6614 6614 6333 6333 5646 5646 6332 6332 5853 5853 6291 6291 6292 6292 6261 6261 6253 6253 6263 6263 6259 6259 6260 6260 6265 6265 6571 6571 6593 6593 6569 6569 6481 6481 6461 6461 6482 6482 7670 7670 6397 6397 7665 7665 5607 5607 5608 5608 5625 5625 5606 5606 5758 5758 7300 7300 7679 7679 7685 7685 5696 5696 5584 5584 5585 5585 7253 7253 6461 6461 7323 7323 6482 6482 7657 7657 7656 7656 7641 7641 6203 6203 6205 6205 6223 6223 6474 6474 6476 6476 6489 6489 5630 5630 5611 5611 7185 7185 5581 5581 5583 5583 7249 7249 5842 5842 5723 5723 5823 5823 7356 7356 6521 6521 7355 7355 5795 5795 5790 5790 5804 5804 6489 6489 6476 6476 6491 6491 6165 6165 6310 6310 6308 6308 6273 6273 6257 6257 6264 6264 6203 6203 6187 6187 6188 6188 6553 6553 6577 6577 6561 6561 5849 5849 5777 5777 5762 5762 7644 7644 7917 7917 7639 7639 7917 7917 5453 5453 7639 7639 5609 5609 5601 5601 5610 5610 5926 5926 6317 6317 6191 6191 5705 5705 5647 5647 5703 5703 7711 7711 7707 7707 7692 7692 7185 7185 7071 7071 7083 7083 6487 6487 6481 6481 6496 6496 6471 6471 6461 6461 6481 6481 6547 6547 7247 7247 6546 6546 5801 5801 5768 5768 5809 5809 6561 6561 6586 6586 6552 6552 6561 6561 6577 6577 6586 6586 6454 6454 6457 6457 6476 6476 5715 5715 5745 5745 5737 5737 7124 7124 7086 7086 7128 7128 7528 7528 7892 7892 7525 7525 7645 7645 7892 7892 7528 7528 7086 7086 7087 7087 7128 7128 6264 6264 6265 6265 6295 6295 6554 6554 6437 6437 6556 6556 7396 7396 7424 7424 7875 7875 5592 5592 5581 5581 7249 7249 7326 7326 7325 7325 7309 7309 5583 5583 5584 5584 7249 7249 5612 5612 5613 5613 7184 7184 6305 6305 7920 7920 6403 6403 6403 6403 7920 7920 7673 7673 5706 5706 5671 5671 5729 5729 6277 6277 6280 6280 6289 6289 7396 7396 7334 7334 7424 7424 6352 6352 7643 7643 5975 5975 6282 6282 6273 6273 6291 6291 5645 5645 6340 6340 5644 5644 5661 5661 5729 5729 5671 5671 6420 6420 6473 6473 5520 5520 6483 6483 5520 5520 6473 6473 5711 5711 7737 7737 5716 5716 5716 5716 5749 5749 5748 5748 6546 6546 6497 6497 6547 6547 7267 7267 7259 7259 5615 5615 7682 7682 7683 7683 7688 7688 6542 6542 6506 6506 6431 6431 7536 7536 7889 7889 7541 7541 6518 6518 6431 6431 6506 6506 6615 6615 5936 5936 6162 6162 6168 6168 5936 5936 6615 6615 6489 6489 6491 6491 6506 6506 5767 5767 5789 5789 5802 5802 6225 6225 5637 5637 6219 6219 5675 5675 5681 5681 7690 7690 5748 5748 5755 5755 5715 5715 7690 7690 5681 5681 7685 7685 6203 6203 6188 6188 6205 6205 7712 7712 7689 7689 7684 7684 6533 6533 6523 6523 7349 7349 6542 6542 6505 6505 6506 6506 7667 7667 7668 7668 5542 5542 7349 7349 6523 6523 7344 7344 5795 5795 5804 5804 5803 5803 5799 5799 5793 5793 5800 5800 5599 5599 5600 5600 5608 5608 5478 5478 5874 5874 7057 7057 5954 5954 5478 5478 7057 7057 5874 5874 5478 5478 5875 5875 5478 5478 5479 5479 5875 5875 5875 5875 5479 5479 7058 7058 5479 5479 5481 5481 7058 7058 7058 7058 5481 5481 5876 5876 5481 5481 5482 5482 5876 5876 5876 5876 5482 5482 5879 5879 5482 5482 5483 5483 5879 5879 5879 5879 5483 5483 7059 7059 5483 5483 5486 5486 7059 7059 7059 7059 5486 5486 5892 5892 5486 5486 5487 5487 5892 5892 5892 5892 5487 5487 5893 5893 5487 5487 5488 5488 5893 5893 5893 5893 5488 5488 7060 7060 5488 5488 5489 5489 7060 7060 7060 7060 5489 5489 7061 7061 5489 5489 5490 5490 7061 7061 7061 7061 5490 5490 7062 7062 5490 5490 5492 5492 7062 7062 7062 7062 5492 5492 7063 7063 5492 5492 5901 5901 7063 7063 5901 5901 5493 5493 7064 7064 7065 7065 7064 7064 5493 5493 5954 5954 6625 6625 5478 5478 5494 5494 5478 5478 6625 6625 6626 6626 5494 5494 6625 6625 5494 5494 5479 5479 5478 5478 5492 5492 5499 5499 5901 5901 5499 5499 5493 5493 5901 5901 7164 7164 5614 5614 7160 7160 7065 7065 5493 5493 5902 5902 5493 5493 5905 5905 5902 5902 6627 6627 5494 5494 6626 6626 7150 7150 7153 7153 7309 7309 5494 5494 5501 5501 5479 5479 5501 5501 5502 5502 5479 5479 5479 5479 5502 5502 5481 5481 5502 5502 5503 5503 5481 5481 5481 5481 5503 5503 5482 5482 5503 5503 5504 5504 5482 5482 5482 5482 5504 5504 5483 5483 5504 5504 5505 5505 5483 5483 5483 5483 5505 5505 5486 5486 5505 5505 5506 5506 5486 5486 5486 5486 5506 5506 5487 5487 5506 5506 5507 5507 5487 5487 5487 5487 5507 5507 5488 5488 5507 5507 5508 5508 5488 5488 5488 5488 5508 5508 5489 5489 5508 5508 5509 5509 5489 5489 5489 5489 5509 5509 5490 5490 5509 5509 5511 5511 5490 5490 5490 5490 5511 5511 5492 5492 5511 5511 5499 5499 5492 5492 7691 7691 7696 7696 7704 7704 7704 7704 7696 7696 7705 7705 5499 5499 5512 5512 5493 5493 5910 5910 5493 5493 5512 5512 5905 5905 5493 5493 5908 5908 5493 5493 5910 5910 5908 5908 5953 5953 5494 5494 6627 6627 5910 5910 5512 5512 5911 5911 5515 5515 5494 5494 5953 5953 6628 6628 5515 5515 5953 5953 5515 5515 5501 5501 5494 5494 7218 7218 7139 7139 5585 5585 5585 5585 7139 7139 5632 5632 5582 5582 7109 7109 7218 7218 7218 7218 7109 7109 7139 7139 7114 7114 7117 7117 7139 7139 7139 7139 7117 7117 7142 7142 7128 7128 7129 7129 7138 7138 7117 7117 7118 7118 7142 7142 6476 6476 6457 6457 6478 6478 7142 7142 7118 7118 7143 7143 7321 7321 7139 7139 7142 7142 6541 6541 6453 6453 6462 6462 7671 7671 8106 8106 8347 8347 7656 7656 5477 5477 7642 7642 7150 7150 7129 7129 7153 7153 7133 7133 7138 7138 7247 7247 7247 7247 7138 7138 7248 7248 5499 5499 5526 5526 5512 5512 5916 5916 5512 5512 5526 5526 5911 5911 5512 5512 5915 5915 5512 5512 5916 5916 5914 5914 5952 5952 5515 5515 6628 6628 5515 5515 5527 5527 5501 5501 5527 5527 5528 5528 5501 5501 5501 5501 5528 5528 5502 5502 5528 5528 5529 5529 5502 5502 5502 5502 5529 5529 5503 5503 5529 5529 5530 5530 5503 5503 5503 5503 5530 5530 5504 5504 5530 5530 5531 5531 5504 5504 5504 5504 5531 5531 5505 5505 5531 5531 5534 5534 5505 5505 5505 5505 5534 5534 5506 5506 5534 5534 5535 5535 5506 5506 5506 5506 5535 5535 5507 5507 5535 5535 5536 5536 5507 5507 5507 5507 5536 5536 5508 5508 5536 5536 5545 5545 5508 5508 5508 5508 5545 5545 5509 5509 5545 5545 5546 5546 5509 5509 5509 5509 5546 5546 5511 5511 5546 5546 5547 5547 5511 5511 5511 5511 5547 5547 5499 5499 5547 5547 5526 5526 5499 5499 5916 5916 5526 5526 5919 5919 5950 5950 5548 5548 5951 5951 5951 5951 5548 5548 5952 5952 5952 5952 5548 5548 5515 5515 5548 5548 5527 5527 5515 5515 5919 5919 5526 5526 6180 6180 5949 5949 5548 5548 5950 5950 8064 8064 7264 7264 7266 7266 6406 6406 7264 7264 8064 8064 5548 5548 5553 5553 5527 5527 5553 5553 5554 5554 5527 5527 5527 5527 5554 5554 5528 5528 5554 5554 5555 5555 5528 5528 5528 5528 5555 5555 5529 5529 5555 5555 5556 5556 5529 5529 5529 5529 5556 5556 5530 5530 5708 5708 5733 5733 5727 5727 5556 5556 5557 5557 5530 5530 5530 5530 5557 5557 5531 5531 5557 5557 5558 5558 5531 5531 5531 5531 5558 5558 5534 5534 5558 5558 5559 5559 5534 5534 5534 5534 5559 5559 5535 5535 5559 5559 5560 5560 5535 5535 5535 5535 5560 5560 5536 5536 5560 5560 5561 5561 5536 5536 5536 5536 5561 5561 5545 5545 5561 5561 5562 5562 5545 5545 5545 5545 5562 5562 5546 5546 5562 5562 5563 5563 5546 5546 5546 5546 5563 5563 5547 5547 5563 5563 5564 5564 5547 5547 5547 5547 5564 5564 5526 5526 5921 5921 5526 5526 5564 5564 6180 6180 5526 5526 5921 5921 6630 6630 5548 5548 5949 5949 6865 6865 5578 5578 5579 5579 5921 5921 5564 5564 5923 5923 6631 6631 5576 5576 6630 6630 6630 6630 5576 5576 5548 5548 5576 5576 5577 5577 5548 5548 5548 5548 5577 5577 5553 5553 5577 5577 5593 5593 5553 5553 5553 5553 5593 5593 5554 5554 5593 5593 5594 5594 5554 5554 5554 5554 5594 5594 5555 5555 5594 5594 5595 5595 5555 5555 5555 5555 5595 5595 5556 5556 5595 5595 5620 5620 5556 5556 5556 5556 5620 5620 5557 5557 5620 5620 5676 5676 5557 5557 5557 5557 5676 5676 5558 5558 5676 5676 5682 5682 5558 5558 5558 5558 5682 5682 5559 5559 5682 5682 5731 5731 5559 5559 5559 5559 5731 5731 5560 5560 5731 5731 5743 5743 5560 5560 5560 5560 5743 5743 5561 5561 5743 5743 5816 5816 5561 5561 5561 5561 5816 5816 5562 5562 5816 5816 5831 5831 5562 5562 5562 5562 5831 5831 5563 5563 5831 5831 5854 5854 5563 5563 5563 5563 5854 5854 5564 5564 5923 5923 5564 5564 5854 5854 5590 5590 5578 5578 6865 6865 5710 5710 5730 5730 5709 5709 5946 5946 5576 5576 6631 6631 6205 6205 6198 6198 6223 6223 5923 5923 5854 5854 5925 5925 5576 5576 5946 5946 6692 6692 5576 5576 6692 6692 5944 5944 5942 5942 5576 5576 5944 5944 5576 5576 5942 5942 5577 5577 5940 5940 5577 5577 5942 5942 5577 5577 5940 5940 5593 5593 5938 5938 5593 5593 5940 5940 5593 5593 5938 5938 5594 5594 6155 6155 5594 5594 5938 5938 5594 5594 6155 6155 5595 5595 6157 6157 5595 5595 6155 6155 5595 5595 6157 6157 5620 5620 6159 6159 5620 5620 6157 6157 5620 5620 6159 6159 5676 5676 6161 6161 5676 5676 6159 6159 5676 5676 6161 6161 5682 5682 5935 5935 5682 5682 6161 6161 5682 5682 5935 5935 5731 5731 5933 5933 5731 5731 5935 5935 5731 5731 5933 5933 5743 5743 6163 6163 5743 5743 5933 5933 5743 5743 6163 6163 5816 5816 5931 5931 5816 5816 6163 6163 5816 5816 5931 5931 5831 5831 5929 5929 5831 5831 5931 5931 5831 5831 5929 5929 5854 5854 5927 5927 5854 5854 5929 5929 5925 5925 5854 5854 6316 6316 5854 5854 5927 5927 6316 6316 5927 5927 6312 6312 6316 6316 6593 6593 5955 5955 6592 6592 6592 6592 5955 5955 6591 6591 6591 6591 5955 5955 7254 7254 7254 7254 5955 5955 7268 7268 5955 5955 5962 5962 7268 7268 7268 7268 5962 5962 7269 7269 5962 5962 5963 5963 7269 7269 7269 7269 5963 5963 7273 7273 5963 5963 5964 5964 7273 7273 7273 7273 5964 5964 7274 7274 5964 5964 5965 5965 7274 7274 7274 7274 5965 5965 7277 7277 5965 5965 5966 5966 7277 7277 7277 7277 5966 5966 7303 7303 5966 5966 5967 5967 7303 7303 7303 7303 5967 5967 7310 7310 5967 5967 5976 5976 7310 7310 7310 7310 5976 5976 7316 7316 5976 5976 5977 5977 7316 7316 7316 7316 5977 5977 7317 7317 5977 5977 5978 5978 7317 7317 7317 7317 5978 5978 6621 6621 5978 5978 5979 5979 6621 6621 6621 6621 5979 5979 6622 6622 5979 5979 5980 5980 6622 6622 6622 6622 5980 5980 6623 6623 5980 5980 5981 5981 6623 6623 6623 6623 5981 5981 6624 6624 7057 7057 6624 6624 5981 5981 6578 6578 5955 5955 6593 6593 7057 7057 5981 5981 5954 5954 5981 5981 6625 6625 5954 5954 6574 6574 6095 6095 6578 6578 6578 6578 6095 6095 5955 5955 6095 6095 6097 6097 5955 5955 5955 5955 6097 6097 5962 5962 6097 6097 6098 6098 5962 5962 5962 5962 6098 6098 5963 5963 6098 6098 6099 6099 5963 5963 5963 5963 6099 6099 5964 5964 6099 6099 6100 6100 5964 5964 5964 5964 6100 6100 5965 5965 6100 6100 6101 6101 5965 5965 5965 5965 6101 6101 5966 5966 6101 6101 6102 6102 5966 5966 5966 5966 6102 6102 5967 5967 6102 6102 6103 6103 5967 5967 5967 5967 6103 6103 5976 5976 6103 6103 6104 6104 5976 5976 5976 5976 6104 6104 5977 5977 6104 6104 6105 6105 5977 5977 5977 5977 6105 6105 5978 5978 6105 6105 6106 6106 5978 5978 5978 5978 6106 6106 5979 5979 6106 6106 6107 6107 5979 5979 5979 5979 6107 6107 5980 5980 6107 6107 6108 6108 5980 5980 5980 5980 6108 6108 5981 5981 6626 6626 5981 5981 6108 6108 6625 6625 5981 5981 6626 6626 6594 6594 6095 6095 6574 6574 6271 6271 6408 6408 6946 6946 6626 6626 6108 6108 6627 6627 6572 6572 6124 6124 6594 6594 6594 6594 6124 6124 6095 6095 6124 6124 6097 6097 6095 6095 7719 7719 7724 7724 7731 7731 5444 5444 7129 7129 7647 7647 7144 7144 7133 7133 7318 7318 6535 6535 7399 7399 7344 7344 7731 7731 7724 7724 7732 7732 7138 7138 7129 7129 7150 7150 5444 5444 7153 7153 7129 7129 7154 7154 7153 7153 5444 5444 7118 7118 7133 7133 7143 7143 7143 7143 7133 7133 7144 7144 7402 7402 7344 7344 7399 7399 6577 6577 6553 6553 6585 6585 5867 5867 7671 7671 8347 8347 7318 7318 7133 7133 7247 7247 5632 5632 7139 7139 7321 7321 7109 7109 7114 7114 7139 7139 6627 6627 6108 6108 5953 5953 6570 6570 6124 6124 6572 6572 6124 6124 6139 6139 6097 6097 6139 6139 6140 6140 6097 6097 6097 6097 6140 6140 6098 6098 6140 6140 6141 6141 6098 6098 6098 6098 6141 6141 6099 6099 6141 6141 6142 6142 6099 6099 6099 6099 6142 6142 6100 6100 6142 6142 6143 6143 6100 6100 6100 6100 6143 6143 6101 6101 6143 6143 6144 6144 6101 6101 6101 6101 6144 6144 6102 6102 6144 6144 6145 6145 6102 6102 6102 6102 6145 6145 6103 6103 6145 6145 6146 6146 6103 6103 6103 6103 6146 6146 6104 6104 6146 6146 6147 6147 6104 6104 6104 6104 6147 6147 6105 6105 6147 6147 6195 6195 6105 6105 6105 6105 6195 6195 6106 6106 6195 6195 6197 6197 6106 6106 6106 6106 6197 6197 6107 6107 6197 6197 6199 6199 6107 6107 6107 6107 6199 6199 6108 6108 6628 6628 6108 6108 6199 6199 5953 5953 6108 6108 6628 6628 6567 6567 6200 6200 6570 6570 6570 6570 6200 6200 6124 6124 6200 6200 6139 6139 6124 6124 6628 6628 6199 6199 5952 5952 5951 5951 5952 5952 6199 6199 6566 6566 6200 6200 6567 6567 6200 6200 6294 6294 6139 6139 6294 6294 6296 6296 6139 6139 6139 6139 6296 6296 6140 6140 6296 6296 6297 6297 6140 6140 6140 6140 6297 6297 6141 6141 6297 6297 6298 6298 6141 6141 6141 6141 6298 6298 6142 6142 6298 6298 6299 6299 6142 6142 6142 6142 6299 6299 6143 6143 6299 6299 6300 6300 6143 6143 6143 6143 6300 6300 6144 6144 6300 6300 6304 6304 6144 6144 6144 6144 6304 6304 6145 6145 6304 6304 6306 6306 6145 6145 6145 6145 6306 6306 6146 6146 6306 6306 6307 6307 6146 6146 6146 6146 6307 6307 6147 6147 6307 6307 6318 6318 6147 6147 6147 6147 6318 6318 6195 6195 6318 6318 6320 6320 6195 6195 6195 6195 6320 6320 6197 6197 6320 6320 6350 6350 6197 6197 6197 6197 6350 6350 6199 6199 5950 5950 6199 6199 6350 6350 5951 5951 6199 6199 5950 5950 6555 6555 6360 6360 6566 6566 6566 6566 6360 6360 6200 6200 6360 6360 6294 6294 6200 6200 5950 5950 6350 6350 5949 5949 6595 6595 6360 6360 6555 6555 6360 6360 6451 6451 6294 6294 6451 6451 6452 6452 6294 6294 6294 6294 6452 6452 6296 6296 6452 6452 6455 6455 6296 6296 6296 6296 6455 6455 6297 6297 6455 6455 6458 6458 6297 6297 6297 6297 6458 6458 6298 6298 6458 6458 6459 6459 6298 6298 6298 6298 6459 6459 6299 6299 5716 5716 5748 5748 5711 5711 6459 6459 6460 6460 6299 6299 6299 6299 6460 6460 6300 6300 6460 6460 6465 6465 6300 6300 6300 6300 6465 6465 6304 6304 6465 6465 6466 6466 6304 6304 6304 6304 6466 6466 6306 6306 6466 6466 6467 6467 6306 6306 6306 6306 6467 6467 6307 6307 6467 6467 6468 6468 6307 6307 6307 6307 6468 6468 6318 6318 6468 6468 6472 6472 6318 6318 6318 6318 6472 6472 6320 6320 6472 6472 6477 6477 6320 6320 6320 6320 6477 6477 6350 6350 6630 6630 6350 6350 6477 6477 5949 5949 6350 6350 6630 6630 6417 6417 6480 6480 6595 6595 6595 6595 6480 6480 6360 6360 6480 6480 6451 6451 6360 6360 7266 7266 7292 7292 7278 7278 5844 5844 5823 5823 5797 5797 6630 6630 6477 6477 6631 6631 6480 6480 6659 6659 6451 6451 6532 6532 6451 6451 6659 6659 6451 6451 6532 6532 6452 6452 6663 6663 6452 6452 6532 6532 6452 6452 6663 6663 6455 6455 6529 6529 6455 6455 6663 6663 6455 6455 6529 6529 6458 6458 6525 6525 6458 6458 6529 6529 6458 6458 6525 6525 6459 6459 6673 6673 6459 6459 6525 6525 6459 6459 6673 6673 6460 6460 6675 6675 6460 6460 6673 6673 6460 6460 6675 6675 6465 6465 6677 6677 6465 6465 6675 6675 6465 6465 6677 6677 6466 6466 6678 6678 6466 6466 6677 6677 6466 6466 6678 6678 6467 6467 6681 6681 6467 6467 6678 6678 6467 6467 6681 6681 6468 6468 6515 6515 6468 6468 6681 6681 6468 6468 6515 6515 6472 6472 6512 6512 6472 6472 6515 6515 6472 6472 6512 6512 6477 6477 6510 6510 6477 6477 6512 6512 6631 6631 6477 6477 5946 5946 6477 6477 6510 6510 5946 5946 6418 6418 6603 6603 6416 6416 6416 6416 6603 6603 6479 6479 6604 6604 6479 6479 6603 6603 6604 6604 6658 6658 6479 6479 6605 6605 6658 6658 6604 6604 6605 6605 6531 6531 6658 6658 6606 6606 6531 6531 6605 6605 6606 6606 6662 6662 6531 6531 6635 6635 6662 6662 6606 6606 6635 6635 6528 6528 6662 6662 6607 6607 6528 6528 6635 6635 6607 6607 6524 6524 6528 6528 6634 6634 6524 6524 6607 6607 6634 6634 6672 6672 6524 6524 6608 6608 6672 6672 6634 6634 6608 6608 6674 6674 6672 6672 6676 6676 6674 6674 6608 6608 6609 6609 6676 6676 6608 6608 6679 6679 6676 6676 6609 6609 6610 6610 6679 6679 6609 6609 6682 6682 6679 6679 6610 6610 6633 6633 6682 6682 6610 6610 6682 6682 6633 6633 6516 6516 6611 6611 6516 6516 6633 6633 6516 6516 6611 6611 6513 6513 6612 6612 6513 6513 6611 6611 6513 6513 6612 6612 6632 6632 6513 6513 6632 6632 6511 6511 6613 6613 6511 6511 6632 6632 6511 6511 6613 6613 5947 5947 5947 5947 6613 6613 6694 6694 5947 5947 6694 6694 6693 6693 5779 5779 5847 5847 5790 5790 7684 7684 7688 7688 7683 7683 7688 7688 7684 7684 7689 7689 7671 7671 7673 7673 7663 7663 6210 6210 6203 6203 6222 6222 6548 6548 6482 6482 6549 6549 7699 7699 7700 7700 7708 7708 7756 7756 7754 7754 6884 6884 7752 7752 7756 7756 6884 6884 7281 7281 7752 7752 6884 6884 7756 7756 7752 7752 7758 7758 7751 7751 7758 7758 7752 7752 7758 7758 7751 7751 7760 7760 7751 7751 7750 7750 7760 7760 5824 5824 7750 7750 7751 7751 7281 7281 7291 7291 7752 7752 7295 7295 7752 7752 7291 7291 7751 7751 7752 7752 7295 7295 7297 7297 7751 7751 7295 7295 7299 7299 7751 7751 7297 7297 5824 5824 7751 7751 7299 7299 5825 5825 7736 7736 7749 7749 7735 7735 7736 7736 5825 5825 5827 5827 7735 7735 5825 5825 7734 7734 7735 7735 5827 5827 5829 5829 7734 7734 5827 5827 7733 7733 7734 7734 5829 5829 5832 5832 7733 7733 5829 5829 7732 7732 7733 7733 5832 5832 5834 5834 7732 7732 5832 5832 7731 7731 7732 7732 5834 5834 5836 5836 7731 7731 5834 5834 7730 7730 7731 7731 5836 5836 5838 5838 7730 7730 5836 5836 7737 7737 7730 7730 5838 5838 5840 5840 7737 7737 5838 5838 7749 7749 7736 7736 5741 5741 8379 8379 6522 6522 6470 6470 7922 7922 7383 7383 6355 6355 5446 5446 8238 8238 6853 6853 5454 5454 8381 8381 8380 8380 5454 5454 8380 8380 6284 6284 6284 6284 8380 8380 8382 8382 6284 6284 8382 8382 7915 7915 7915 7915 8382 8382 8383 8383 7915 7915 8383 8383 7453 7453 7453 7453 8383 8383 8384 8384 7453 7453 8384 8384 7454 7454 7454 7454 8384 8384 8385 8385 7454 7454 8385 8385 6227 6227 6227 6227 8385 8385 8386 8386 6227 6227 8386 8386 7458 7458 7459 7459 8387 8387 8388 8388 7459 7459 8388 8388 5882 5882 5882 5882 8388 8388 8389 8389 5882 5882 8389 8389 7462 7462 7462 7462 8389 8389 8390 8390 7462 7462 8390 8390 5455 5455 5455 5455 8390 8390 8391 8391 5455 5455 8391 8391 5460 5460 5460 5460 8391 8391 8392 8392 5460 5460 8392 8392 5791 5791 5791 5791 8392 8392 8393 8393 5791 5791 8393 8393 7481 7481 7481 7481 8393 8393 8394 8394 7481 7481 8394 8394 7482 7482 7482 7482 8394 8394 8395 8395 7482 7482 8395 8395 7487 7487 7487 7487 8395 8395 8396 8396 7487 7487 8396 8396 7488 7488 7488 7488 8396 8396 8397 8397 7488 7488 8397 8397 6221 6221 6221 6221 8397 8397 8398 8398 6221 6221 8398 8398 6880 6880 6880 6880 8398 8398 8399 8399 6880 6880 8399 8399 7489 7489 7489 7489 8399 8399 8400 8400 7489 7489 8400 8400 7701 7701 7701 7701 8400 8400 8401 8401 7701 7701 8401 8401 7490 7490 7490 7490 8401 8401 8402 8402 7490 7490 8402 8402 7499 7499 7499 7499 8402 8402 8403 8403 7499 7499 8403 8403 5480 5480 5480 5480 8403 8403 8404 8404 5480 5480 8404 8404 8054 8054 8054 8054 8404 8404 8405 8405 8054 8054 8405 8405 7500 7500 7500 7500 8405 8405 8406 8406 7500 7500 8406 8406 5896 5896 5896 5896 8406 8406 8407 8407 5896 5896 8407 8407 6216 6216 6216 6216 8407 8407 8408 8408 6216 6216 8408 8408 6302 6302 6302 6302 8408 8408 8409 8409 6302 6302 8409 8409 7501 7501 7501 7501 8409 8409 8410 8410 7501 7501 8410 8410 7502 7502 7502 7502 8410 8410 8412 8412 7502 7502 8412 8412 7504 7504 7503 7503 8411 8411 8413 8413 7503 7503 8413 8413 7443 7443 7443 7443 8413 8413 8414 8414 7443 7443 8414 8414 6683 6683 6683 6683 8414 8414 8415 8415 6683 6683 8415 8415 8208 8208 8208 8208 8415 8415 8416 8416 8208 8208 8416 8416 7698 7698 7698 7698 8416 8416 8417 8417 7698 7698 8417 8417 7444 7444 7444 7444 8417 8417 8418 8418 7444 7444 8418 8418 7778 7778 7778 7778 8418 8418 8419 8419 7778 7778 8419 8419 6600 6600 6600 6600 8419 8419 8420 8420 6600 6600 8420 8420 7445 7445 7445 7445 8420 8420 8421 8421 7445 7445 8421 8421 5972 5972 5972 5972 8421 8421 8422 8422 5972 5972 8422 8422 6601 6601 6601 6601 8422 8422 8423 8423 6601 6601 8423 8423 7776 7776 7776 7776 8423 8423 8424 8424 7776 7776 8424 8424 6192 6192 6192 6192 8424 8424 8425 8425 6192 6192 8425 8425 7446 7446 7446 7446 8425 8425 8426 8426 7446 7446 8426 8426 5971 5971 5971 5971 8426 8426 8427 8427 5971 5971 8427 8427 7449 7449 7449 7449 8427 8427 8381 8381 7449 7449 8381 8381 5454 5454</p>
        </triangles>
      </mesh>
    </geometry>
  </library_geometries>
  <library_materials>
    <material id="f2f649513bdf4619842783b189a04a37" name="defaultmaterial">
      <instance_effect url="#5d2abaccaafd4ce988fd1a4e839546a0"/>
    </material>
  </library_materials>
  <library_visual_scenes>
    <visual_scene id="scene">
      <node id="node0" name="node0">
        <instance_geometry url="#b571ce7f83fa4502918ca2d026822721">
          <bind_material>
            <technique_common>
              <instance_material symbol="material0" target="#f2f649513bdf4619842783b189a04a37"/>
            </technique_common>
          </bind_material>
        </instance_geometry>
      </node>
    </visual_scene>
  </library_visual_scenes>
  <scene>
    <instance_visual_scene url="#scene"/>
  </scene>
</COLLADA>
