<COLLADA xmlns="http://www.collada.org/2005/11/COLLADASchema" version="1.4.1">
  <asset>
    <created>2026-10-05T08:20:52.495506</created>
    <modified>2026-10-05T08:20:52.495506</modified>
    <up_axis>Y_UP</up_axis>
  </asset>
  <library_effects>
    <effect id="9de46b1faf134d7a9cc9758b220f6c48" name="9de46b1faf134d7a9cc9758b220f6c48">
      <profile_COMMON>
        <technique sid="common">
          <phong>
            <emission>
              <color>0.0 0.0 0.0 1.0</color>
            </emission>
            <ambient>
              <color>0.0 0.0 0.0 1.0</color>
            </ambient>
            <diffuse>
              <color>0.0 0.0 0.0 1.0</color>
            </diffuse>
            <specular>
              <color>0.0 0.0 0.0 1.0</color>
            </specular>
            <shininess>
              <float>0.0</float>
            </shininess>
            <reflective>
              <color>0.0 0.0 0.0 1.0</color>
            </reflective>
            <reflectivity>
              <float>0.0</float>
            </reflectivity>
            <transparent>
              <color>0.0 0.0 0.0 1.0</color>
            </transparent>
            <transparency>
              <float>1.0</float>
            </transparency>
          </phong>
        </technique>
        <extra>
          <technique profile="GOOGLEEARTH">
            <double_sided>0</double_sided>
          </technique>
        </extra>
      </profile_COMMON>
    </effect>
  </library_effects>
  <library_geometries>
    <geometry id="38784f9b72d24843ac829b20b0cde43d" name="c91bc17e9049468287c942584dd8e47c">
      <mesh>
        <source id="verts-array">
          <float_array count="23943" id="verts-array-array">0.004262775 0.01290043 0.01404057 0.004215481 0.01276622 0.01405027 0.004215481 0.01276622 0.01405027 0.007584987 0.01100148 0.01404289 0.007584987 0.01100148 0.01404289 0.00904455 0.009774465 0.01404004 0.00904455 0.009774465 0.01404004 0.01031234 0.00835023 0.01403783 0.01031234 0.00835023 0.01403783 0.01136201 0.006758357 0.0140363 0.01136201 0.006758357 0.0140363 0.0121717 0.005031975 0.01403549 0.0121717 0.005031975 0.01403549 0.01272451 0.003207124 0.01403542 0.01272451 0.003207124 0.01403542 0.01300899 0.001321671 0.01403609 0.01300899 0.001321671 0.01403609 0.009245779 -0.009180858 0.01404409 0.01051176 -0.007727658 0.01403975 0.01042523 0.008436898 0.014028 0.0091438 0.009876456 0.01403024 0.002403163 0.01340682 0.01404499 -0.00143681 0.01359617 0.01405475 -0.005171637 0.01268398 0.01406504 -0.006901939 0.01183506 0.01407014 -0.009908882 0.009439351 0.01407966 -0.01112294 0.007942447 0.01408389 -0.01210901 0.006286481 0.01408766 -0.01332009 0.002637602 0.01409349 -0.01294978 -0.003063391 0.01410622 -0.01294978 -0.003063391 0.01410622 -0.01271143 0.004460977 0.01410003 -0.01271143 0.004460977 0.01410003 -0.006830213 0.0117121 0.01407951 -0.006830213 0.0117121 0.01407951 -0.005118375 0.01255202 0.01407448 -0.005118375 0.01255202 0.01407448 -0.003303502 0.01313688 0.01406937 -0.003303502 0.01313688 0.01406937 -0.001423334 0.01345446 0.01406429 -0.001423334 0.01345446 0.01406429 0.0004829545 0.01349819 0.01405934 0.0004829545 0.01349819 0.01405934 0.002375709 0.01326715 0.01405463 0.002375709 0.01326715 0.01405463 0.007699157 -0.01032245 0.01405839 0.007699157 -0.01032245 0.01405839 0.009145506 -0.009079919 0.01405374 0.009145506 -0.009079919 0.01405374 0.01039798 -0.007642149 0.01404945 0.01039798 -0.007642149 0.01404945 0.01143053 -0.006039125 0.0140456 0.01143053 -0.006039125 0.0140456 0.01222168 -0.004304213 0.01404228 0.01222168 -0.004304213 0.01404228 0.01275493 -0.002473495 0.01403955 0.01275493 -0.002473495 0.01403955 0.01301922 -0.0005851384 0.01403747 0.01301922 -0.0005851384 0.01403747 0.00596406 0.01200568 0.01404632 0.00596406 0.01200568 0.01404632 -0.008403392 0.01063462 0.01408436 -0.008403392 0.01063462 0.01408436 -0.009805125 0.009341939 0.01408893 -0.009805125 0.009341939 0.01408893 -0.01100627 0.007861028 0.01409312 -0.01100627 0.007861028 0.01409312 -0.01198181 0.006222679 0.01409685 -0.01198181 0.006222679 0.01409685 -0.01317997 0.002612643 0.01410261 -0.01317997 0.002612643 0.01410261 -0.01337765 0.0007160981 0.01410452 -0.01337765 0.0007160981 0.01410452 -0.01330039 -0.001189124 0.01410574 -0.01330039 -0.001189124 0.01410574 -0.0122992 -0.00485343 0.01430536 -0.0122992 -0.00485343 0.01430536 -0.01296609 -0.002849057 0.0143056 -0.01296609 -0.002849057 0.0143056 -0.01296891 0.003433865 0.01430092 -0.01296891 0.003433865 0.01430092 -0.01132629 0.007311519 0.01429381 -0.01132629 0.007311519 0.01429381 -0.01006257 0.009004273 0.01428928 -0.01006257 0.009004273 0.01428928 -0.008544508 0.01047313 0.01428429 -0.008544508 0.01047313 0.01428429 -0.005877847 0.01217665 0.01427615 -0.005877847 0.01217665 0.01427615 -0.004907545 0.01259598 0.01427334 -0.004907545 0.01259598 0.01427334 -0.0007866841 0.01346344 0.01426209 -0.0007866841 0.01346344 0.01426209 0.001324599 0.01339337 0.01425671 0.001324599 0.01339337 0.01425671 0.003397477 0.01298684 0.01425168 0.003397477 0.01298684 0.01425168 0.004203959 0.01273222 0.01424981 0.004203959 0.01273222 0.01424981 0.005759563 0.01207017 0.01424628 0.005759563 0.01207017 0.01424628 0.01028413 0.008328389 0.0142374 0.01028413 0.008328389 0.0142374 0.01089397 0.007464862 0.01423647 0.01089397 0.007464862 0.01423647 0.01143269 0.006555303 0.01423576 0.01143269 0.006555303 0.01423576 0.01281428 0.002577184 0.01423513 0.01281428 0.002577184 0.01423513 0.01301179 0.0004741886 0.01423616 0.01301179 0.0004741886 0.01423616 0.01239464 -0.003691554 0.01424082 0.01239464 -0.003691554 0.01424082 0.01049512 -0.007450012 0.01424849 0.01049512 -0.007450012 0.01424849 0.009120424 -0.009054153 0.01425323 0.009120424 -0.009054153 0.01425323 0.007507154 -0.01041752 0.01425839 0.007507154 -0.01041752 0.01425839 0.004642539 -0.01316053 0.0140602 0.005091872 -0.01224593 0.01406079 0.005848445 -0.01163133 0.01405661 0.006089063 -0.01134393 0.0140633 0.006089063 -0.01134393 0.0140633 0.005783427 -0.01150467 0.01406505 0.005783427 -0.01150467 0.01406505 0.005534799 -0.01165079 0.01406651 0.005534799 -0.01165079 0.01406651 0.0045172 -0.01307455 0.01406889 0.0045172 -0.01307455 0.01406889 0.004472686 -0.01327966 0.01406915 0.004472686 -0.01327966 0.01406915 0.004437733 -0.01368926 0.01406978 0.004437733 -0.01368926 0.01406978 0.004447078 -0.01390423 0.01407008 0.004447078 -0.01390423 0.01407008 0.0045529 -0.01443913 0.0140703 0.0045529 -0.01443913 0.0140703 0.006030141 0.01213175 0.01403659 0.007668525 0.0111167 0.01403312 0.01148619 0.006827875 0.01402646 0.01230458 0.005082926 0.01402564 0.01286337 0.003238364 0.01402557 0.0131509 0.001332621 0.01402624 0.01316122 -0.0005946707 0.01402764 0.0128941 -0.002503393 0.01402974 0.01235508 -0.004353767 0.0140325 0.01155543 -0.006107375 0.01403586 0.00778388 -0.0104368 0.01404879 -0.01308739 -0.003099595 0.01409713 -0.0134418 -0.001205107 0.01409665 -0.01351989 0.000720604 0.01409542 -0.0128465 0.004505817 0.01409088 -0.008492046 0.01074595 0.01407504 -0.003337195 0.01327511 0.01405988 0.0004900204 0.01364036 0.01404975 -0.01233306 -0.00486777 0.01410597 -0.01233306 -0.00486777 0.01410597 -0.004678607 -0.0228951 0.01409959 -0.004678607 -0.0228951 0.01409959 -0.004644736 -0.02288076 0.01429896 -0.004644736 -0.02288076 0.01429896 -0.002881988 0.01319556 0.01426768 -0.002881988 0.01319556 0.01426768 -0.006811462 0.01168101 0.01427892 -0.006811462 0.01168101 0.01427892 -0.01230348 0.005438776 0.01429771 -0.01230348 0.005438776 0.01429771 -0.01330539 0.001348456 0.01430335 -0.01330539 0.001348456 0.01430335 -0.01330465 -0.0007639643 0.01430491 -0.01330465 -0.0007639643 0.01430491 -0.01322041 0.0007112955 0.01430537 -0.01302506 0.002585292 0.01430348 -0.01087718 0.007771418 0.01429411 -0.008305187 0.0105121 0.01428545 0.002345988 0.01311351 0.01425608 0.007493504 0.0108747 0.01424447 0.01018853 0.008254888 0.01423946 0.01202582 0.004976056 0.01423716 0.01285323 0.00130972 0.01423774 0.01207527 -0.004249405 0.01424387 0.01129353 -0.005963764 0.01424715 0.008341113 -0.009768225 0.01425576 0.008341113 -0.009768225 0.01425576 0.01159602 -0.005647399 0.01424431 0.01159602 -0.005647399 0.01424431 0.01287065 -0.001633669 0.01423808 0.01287065 -0.001633669 0.01423808 0.01228351 0.004622003 0.01423498 0.01228351 0.004622003 0.01423498 0.008866884 0.009894674 0.0142399 0.008866884 0.009894674 0.0142399 0.007217756 0.01121488 0.01424316 0.007217756 0.01121488 0.01424316 0.005644801 -0.01174899 0.01405867 0.005431111 -0.0119048 0.01406003 0.005248018 -0.01207143 0.01406064 0.004926697 -0.01247784 0.01406062 0.004810549 -0.01268943 0.01406032 0.004718766 -0.01290709 0.01406013 0.004600833 -0.01338361 0.01406049 0.004581749 -0.01360383 0.01406091 0.004585507 -0.01385248 0.01406141 0.004619684 -0.01411975 0.01406172 0.004681022 -0.01437118 0.01406153 0.004762404 -0.01459694 0.01406067 0.006156473 -0.01146931 0.01405375 0.00448525 -0.01417354 0.01407033 0.00448525 -0.01417354 0.01407033 0.004446564 -0.01348284 0.01406945 0.004446564 -0.01348284 0.01406945 0.004611631 -0.01278804 0.01406866 0.004611631 -0.01278804 0.01406866 0.004744369 -0.01250815 0.01406856 0.004744369 -0.01250815 0.01406856 0.004840557 -0.01234868 0.01406849 0.004840557 -0.01234868 0.01406849 0.004956121 -0.01218762 0.01406834 0.004956121 -0.01218762 0.01406834 0.005248923 -0.01187383 0.01406763 0.005248923 -0.01187383 0.01406763 0.005769493 -0.01146964 0.01426419 0.005769493 -0.01146964 0.01426419 0.005513637 -0.01161819 0.01426543 0.005513637 -0.01161819 0.01426543 0.005265042 -0.01180721 0.01426635 0.005265042 -0.01180721 0.01426635 0.004539518 -0.0128723 0.01426803 0.004539518 -0.0128723 0.01426803 0.004399952 -0.01370752 0.01426914 0.004399952 -0.01370752 0.01426914 0.004442757 -0.01415146 0.01426954 0.004442757 -0.01415146 0.01426954 0.004508039 -0.01441951 0.01426954 0.004508039 -0.01441951 0.01426954 0.004631153 -0.01465191 0.01406991 0.004631153 -0.01465191 0.01406991 0.004728027 -0.01488153 0.01406955 0.004728027 -0.01488153 0.01406955 0.006174003 -0.01828701 0.01406822 0.006174003 -0.01828701 0.01406822 0.006304924 -0.0182314 0.01405837 0.004858966 -0.01482593 0.01405993 -0.004809608 -0.02295067 0.01409051 -0.01246407 -0.004923343 0.01409688 -0.002325147 -0.02838763 0.01628563 -0.002325147 -0.02838763 0.01628563 -0.002658668 -0.02761429 0.01566713 -0.002658668 -0.02761429 0.01566713 -0.003155744 -0.02645944 0.01496525 -0.003155744 -0.02645944 0.01496525 -0.003410896 -0.02586522 0.01469298 -0.003410896 -0.02586522 0.01469298 -0.004174399 -0.02408002 0.01419197 -0.004174399 -0.02408002 0.01419197 -0.004333765 -0.02406914 0.01417238 -0.003861277 -0.025175 0.01441681 -0.003580064 -0.02583118 0.01464368 -0.003307839 -0.02646492 0.01492489 -0.003674444 -0.02525017 0.01446861 -0.003674444 -0.02525017 0.01446861 -0.002676781 -0.02750749 0.0158388 -0.002676781 -0.02750749 0.0158388 -0.003135998 -0.02642926 0.01517714 -0.003135998 -0.02642926 0.01517714 -0.003621278 -0.02528887 0.01469443 -0.003621278 -0.02528887 0.01469443 -0.01218819 -0.004806304 0.0143068 0.004163972 0.01261847 0.01425176 0.0004757046 0.01334176 0.01426072 -0.001407964 0.01329853 0.01426561 -0.003265815 0.01298469 0.01427063 -0.005059181 0.01240681 0.01427568 -0.006750699 0.01157684 0.01428065 -0.009690296 0.009234779 0.01428997 -0.01184113 0.006152497 0.01429779 -0.01256208 0.004411694 0.01430093 -0.01314403 -0.001171362 0.01430657 -0.01279755 -0.00302341 0.01430705 0.006030153 -0.01834817 0.01426988 0.00458419 -0.01494273 0.01427109 0.004288048 -0.01377347 0.01427099 0.00429874 -0.01335963 0.01427065 0.004447331 -0.01277856 0.01426984 0.005001071 -0.01195633 0.0142678 0.00601546 -0.01120569 0.01426463 0.007606438 -0.01019629 0.01425979 0.009035611 -0.008968468 0.01425519 0.01027322 -0.007547753 0.01425095 0.0126022 -0.00244042 0.01424117 0.01286334 -0.0005744485 0.01423911 0.01257211 0.003172805 0.01423709 0.01122575 0.006681917 0.01423796 0.008935766 0.009662238 0.01424165 0.005891802 0.01186698 0.01424786 -0.01073112 -0.004187602 0.01430259 -0.01073112 -0.004187602 0.01430259 -0.01117042 -0.002964775 0.01430281 -0.01117042 -0.002964775 0.01430281 -0.01146798 -0.001704162 0.01430265 -0.01146798 -0.001704162 0.01430265 -0.01162161 -0.0004180635 0.01430209 -0.01162161 -0.0004180635 0.01430209 -0.01162912 0.0008812695 0.01430115 -0.01162912 0.0008812695 0.01430115 -0.01151617 0.002005932 0.01430002 -0.01151617 0.002005932 0.01430002 -0.01129511 0.003106143 0.01429864 -0.01129511 0.003106143 0.01429864 -0.01001761 0.00618734 0.01429306 -0.01001761 0.00618734 0.01429306 -0.009054517 0.007559546 0.01428956 -0.009054517 0.007559546 0.01428956 -0.007890697 0.008786903 0.01428566 -0.007890697 0.008786903 0.01428566 -0.00683149 0.00964162 0.0142823 -0.00683149 0.00964162 0.0142823 -0.005690931 0.01035805 0.01427882 -0.005690931 0.01035805 0.01427882 0.002111279 0.01154614 0.01425784 0.002111279 0.01154614 0.01425784 0.00559082 0.01022561 0.01424985 0.00559082 0.01022561 0.01424985 0.01039665 0.004783329 0.0142415 0.01039665 0.004783329 0.0142415 0.01083596 0.003560503 0.01424128 0.01083596 0.003560503 0.01424128 0.01128714 0.001013791 0.014242 0.01128714 0.001013791 0.014242 0.01129465 -0.0002855429 0.01424294 0.01129465 -0.0002855429 0.01424294 0.0111817 -0.001410204 0.01424407 0.0111817 -0.001410204 0.01424407 0.01096065 -0.002510416 0.01424545 0.01096065 -0.002510416 0.01424545 0.00872008 -0.006963871 0.01425452 0.00872008 -0.006963871 0.01425452 0.007556232 -0.008191175 0.01425843 0.007556232 -0.008191175 0.01425843 0.005356466 -0.009762318 0.01426526 0.005356466 -0.009762318 0.01426526 0.004455731 -0.0102067 0.01426791 0.004455731 -0.0102067 0.01426791 0.003522414 -0.01056968 0.01427058 0.003522414 -0.01056968 0.01427058 0.0005833575 -0.01115445 0.01427859 0.0005833575 -0.01115445 0.01427859 -0.0009294581 -0.01115367 0.01428249 -0.0009294581 -0.01115367 0.01428249 -0.007454051 -0.00856883 0.01429739 -0.007454051 -0.00856883 0.01429739 -0.008799312 -0.007265362 0.01429989 -0.008799312 -0.007265362 0.01429989 0.004598409 -0.01466782 0.01426926 0.004598409 -0.01466782 0.01426926 0.00440955 -0.01347258 0.01426882 0.00440955 -0.01347258 0.01426882 0.00443272 -0.01329222 0.01426854 0.00443272 -0.01329222 0.01426854 0.004622186 -0.01266661 0.0142679 0.004622186 -0.01266661 0.0142679 0.004728049 -0.01245827 0.01426772 0.004728049 -0.01245827 0.01426772 0.004953775 -0.01212762 0.01426727 0.004953775 -0.01212762 0.01426727 0.00510569 -0.01195773 0.01426688 0.00510569 -0.01195773 0.01426688 0.006072549 -0.01131192 0.01426278 0.006072549 -0.01131192 0.01426278 0.005629746 -0.01143909 0.0142658 0.005291852 -0.01168917 0.01426686 0.0047567 -0.01224094 0.01426864 0.004581809 -0.01250463 0.01426929 0.004353033 -0.01306332 0.01427029 0.004317038 -0.01404315 0.01427111 0.004374939 -0.01432751 0.01427117 0.007990159 -0.02221444 0.01513898 0.007449196 -0.02093312 0.01454228 0.006888926 -0.01960853 0.01418239 0.009462741 -0.02812316 0.02266942 0.009879268 -0.02790156 0.02244929 0.01003641 -0.02776007 0.02226268 0.009503036 -0.02614314 0.01927416 0.009503036 -0.02614314 0.01927416 0.01002281 -0.02735177 0.0215512 0.01002281 -0.02735177 0.0215512 0.01003788 -0.02739945 0.02163908 0.01003788 -0.02739945 0.02163908 0.009939055 -0.02769079 0.0221076 0.009939055 -0.02769079 0.0221076 0.009856762 -0.02777415 0.02222119 0.009856762 -0.02777415 0.02222119 0.009744455 -0.02786095 0.02232871 0.009744455 -0.02786095 0.02232871 0.009509811 -0.02799071 0.02246108 0.009509811 -0.02799071 0.02246108 0.009340684 -0.0280587 0.02251016 0.009340684 -0.0280587 0.02251016 0.00464766 -0.02971719 0.02271811 0.00464766 -0.02971719 0.02271811 0.000311992 -0.03187878 0.02255345 0.000311992 -0.03187878 0.02255345 0.0001770826 -0.03195097 0.02253323 0.0001770826 -0.03195097 0.02253323 -1.127054e-05 -0.03203183 0.0224734 -1.127054e-05 -0.03203183 0.0224734 -0.0001057776 -0.03206343 0.02242928 -0.0001057776 -0.03206343 0.02242928 -0.000286317 -0.03210649 0.02231792 -0.000286317 -0.03210649 0.02231792 -0.0004317636 -0.03211952 0.02219499 -0.0004317636 -0.03211952 0.02219499 -0.0004989054 -0.03211717 0.02212564 -0.0004989054 -0.03211717 0.02212564 -0.000560143 -0.03210883 0.02205318 -0.000560143 -0.03210883 0.02205318 -0.001342479 -0.03075393 0.01930251 -0.0007242153 -0.03219159 0.02201101 -0.0005063473 -0.03223597 0.02229181 -0.0003615626 -0.03223052 0.02242611 -0.0002804413 -0.03221867 0.02248796 -0.0001918593 -0.03219973 0.02254628 4.230202e-05 -0.03212358 0.0226598 0.0002384453 -0.03203271 0.02271206 -0.0008464967 -0.03211226 0.02177205 -0.0008793249 -0.03207474 0.02168395 0.0003200471 -0.03198767 0.02272224 0.0001121464 -0.03209556 0.02268514 -8.492031e-05 -0.0321697 0.0226056 -0.0006217532 -0.03222271 0.02215827 -0.002015525 -0.02910526 0.01699095 -0.002015525 -0.02910526 0.01699095 -0.001633929 -0.02999002 0.01808951 -0.001633929 -0.02999002 0.01808951 -0.0007929189 -0.0319442 0.02158247 -0.0007929189 -0.0319442 0.02158247 -0.001312691 -0.03073557 0.01930545 -0.001312691 -0.03073557 0.01930545 0.0001057058 -0.03198403 0.02251443 0.0001057058 -0.03198403 0.02251443 -0.0002010389 -0.03208934 0.02237544 -0.0002010389 -0.03208934 0.02237544 -0.0003628071 -0.03211616 0.0222575 -0.0003628071 -0.03211616 0.0222575 -0.0006404862 -0.03208556 0.02193981 -0.0006404862 -0.03208556 0.02193981 -0.0007065022 -0.0320499 0.02182241 -0.0007065022 -0.0320499 0.02182241 -0.0007575316 -0.03200254 0.02170271 -0.0007575316 -0.03200254 0.02170271 -0.0008487651 -0.03177673 0.02168421 -0.0008487651 -0.03177673 0.02168421 -0.0008244796 -0.03182053 0.02177206 -0.0008244796 -0.03182053 0.02177206 -0.0006443277 -0.03193564 0.02211808 -0.0006443277 -0.03193564 0.02211808 -0.0004260854 -0.03194959 0.02235231 -0.0004260854 -0.03194959 0.02235231 -0.0002850615 -0.031929 0.022459 -0.0002850615 -0.031929 0.022459 -2.801371e-05 -0.03185028 0.02258975 -2.801371e-05 -0.03185028 0.02258975 6.930622e-05 -0.03180895 0.02262106 6.930622e-05 -0.03180895 0.02262106 0.009213159 -0.02809932 0.02252771 0.009213159 -0.02809932 0.02252771 0.004580921 -0.02955935 0.0228171 0.004580921 -0.02955935 0.0228171 0.009132499 -0.02794377 0.0226288 0.009132499 -0.02794377 0.0226288 0.009278134 -0.02789666 0.02260785 0.009278134 -0.02789666 0.02260785 0.009466509 -0.02781724 0.02254711 0.009466509 -0.02781724 0.02254711 0.009639105 -0.02772069 0.02244825 0.009639105 -0.02772069 0.02244825 0.009710362 -0.02767131 0.02239034 0.009710362 -0.02767131 0.02239034 0.009820057 -0.02757579 0.02226678 0.009820057 -0.02757579 0.02226678 0.009864641 -0.02752595 0.02219715 0.009864641 -0.02752595 0.02219715 0.009939253 -0.02740237 0.02201079 0.009939253 -0.02740237 0.02201079 0.009958842 -0.02733028 0.02189316 0.009958842 -0.02733028 0.02189316 -0.002054417 -0.02896658 0.01713444 -0.002054417 -0.02896658 0.01713444 0.009959614 -0.02726089 0.02177331 0.009959614 -0.02726089 0.02177331 0.01004298 -0.02744925 0.02172717 0.01004298 -0.02744925 0.02172717 0.01003169 -0.02752723 0.0218582 0.01003169 -0.02752723 0.0218582 0.009997207 -0.02760812 0.0219858 0.009997207 -0.02760812 0.0219858 0.009672574 -0.02790623 0.02237926 0.009672574 -0.02790623 0.02237926 0.009586863 -0.02795319 0.02242691 0.009586863 -0.02795319 0.02242691 0.008107571 -0.02291938 0.01580213 0.008107571 -0.02291938 0.01580213 0.009412574 -0.0280318 0.02249303 0.009412574 -0.0280318 0.02249303 0.007646423 -0.02183903 0.01514079 0.007646423 -0.02183903 0.01514079 0.009941603 -0.02719509 0.02165301 0.009941603 -0.02719509 0.02165301 0.006576746 -0.01961206 0.01437821 0.006850101 -0.02022732 0.01451182 0.007126649 -0.0208395 0.01470002 0.007417786 -0.02147417 0.0149565 0.0076994 -0.02208012 0.01526368 -0.0007917522 -0.03185864 0.02186007 -0.0007917522 -0.03185864 0.02186007 -0.0007271273 -0.03190447 0.02199086 -0.0007271273 -0.03190447 0.02199086 -0.0005438329 -0.03195102 0.02223937 -0.0005438329 -0.03195102 0.02223937 -0.0002022832 -0.03190871 0.02250903 -0.0002022832 -0.03190871 0.02250903 -0.0001086875 -0.03187968 0.0225561 -0.0001086875 -0.03187968 0.0225561 0.0001384905 -0.03177605 0.02263769 0.0001384905 -0.03177605 0.02263769 0.0002566137 -0.03171255 0.02265447 0.0002566137 -0.03171255 0.02265447 0.009351142 -0.02786827 0.02258873 0.009351142 -0.02786827 0.02258873 0.009554628 -0.02777126 0.02250254 0.009554628 -0.02777126 0.02250254 0.009770104 -0.02762303 0.02232958 0.009770104 -0.02762303 0.02232958 0.009900781 -0.02747618 0.02212446 0.009900781 -0.02747618 0.02212446 -0.009274219 -0.003569002 0.01421922 -0.009274219 -0.003569002 0.01421922 -0.007759624 -0.006046054 0.01421716 -0.007759624 -0.006046054 0.01421716 -0.00710125 -0.006759691 0.01421599 -0.00710125 -0.006759691 0.01421599 -0.006376115 -0.007405333 0.0142146 -0.006376115 -0.007405333 0.0142146 -0.005591169 -0.007976822 0.014213 -0.005591169 -0.007976822 0.014213 -0.002955655 -0.009194934 0.01420711 -0.002955655 -0.009194934 0.01420711 -0.002011773 -0.009422532 0.01420485 -0.002011773 -0.009422532 0.01420485 0.00184841 -0.009388416 0.01419487 0.00184841 -0.009388416 0.01419487 0.003699342 -0.008809003 0.01418968 0.003699342 -0.008809003 0.01418968 0.004573363 -0.008386173 0.01418711 0.004573363 -0.008386173 0.01418711 0.005401708 -0.007879678 0.0141846 0.005401708 -0.007879678 0.0141846 0.007535687 -0.005910923 0.01417764 0.007535687 -0.005910923 0.01417764 0.008107154 -0.005125992 0.01417559 0.008107154 -0.005125992 0.01417559 0.009006281 -0.00340748 0.014172 0.009006281 -0.00340748 0.014172 0.009325274 -0.002490435 0.0141705 0.009325274 -0.002490435 0.0141705 0.00968683 -0.0005849219 0.01416816 0.00968683 -0.0005849219 0.01416816 0.00951876 0.002313612 0.01416644 0.00951876 0.002313612 0.01416644 0.008010003 0.005866938 0.0141677 0.008010003 0.005866938 0.0141677 0.007424771 0.006641626 0.01416863 0.007424771 0.006641626 0.01416863 0.006766398 0.007355264 0.0141698 0.006766398 0.007355264 0.0141698 0.006041261 0.008000905 0.01417119 0.006041261 0.008000905 0.01417119 0.005256318 0.008572395 0.01417279 0.005256318 0.008572395 0.01417279 0.004419141 0.009064191 0.01417458 0.004419141 0.009064191 0.01417458 0.002620803 0.009790507 0.01417868 0.002620803 0.009790507 0.01417868 0.001676921 0.0100181 0.01418094 0.001676921 0.0100181 0.01418094 -0.004908215 0.008981745 0.01419868 -0.004908215 0.008981745 0.01419868 -0.006511293 0.00789004 0.01420362 -0.006511293 0.00789004 0.01420362 -0.00787054 0.006506495 0.01420814 -0.00787054 0.006506495 0.01420814 -0.009887742 0.002142189 0.01421658 -0.009887742 0.002142189 0.01421658 -0.009853612 -0.001718039 0.01421935 -0.009853612 -0.001718039 0.01421935 -0.009609374 -0.002657764 0.01421941 -0.009609374 -0.002657764 0.01421941 0.009286733 -0.02818038 0.02269631 0.01015419 -0.027303 0.02150975 0.01017717 -0.02738076 0.02165317 0.01018149 -0.02743173 0.02174378 0.01015519 -0.02757213 0.02197956 0.01012587 -0.02763547 0.022079 0.01008624 -0.02769822 0.02217352 0.009976615 -0.02782091 0.02234603 0.009757804 -0.02798181 0.02254178 0.009661855 -0.02803492 0.02259631 0.009535411 -0.02809318 0.02264692 -0.001822522 -0.02990719 0.01785884 -0.002271489 -0.02886799 0.0166572 -0.002772444 -0.02770783 0.01567339 -0.001432867 -0.03081112 0.01929277 -0.0009194725 -0.0320049 0.02154177 -0.0007856172 -0.03215975 0.02190307 -0.001655901 -0.03000292 0.01808695 -0.003003076 -0.02662435 0.01529459 -0.00350066 -0.02535185 0.01473073 -0.003842966 -0.02449808 0.01448691 -0.00400347 -0.0241044 0.0144088 -0.004127164 -0.02409911 0.01439897 -0.004127164 -0.02409911 0.01439897 0.008735255 -0.02438661 0.01710447 0.008735255 -0.02438661 0.01710447 -0.00453373 -0.02283363 0.01430043 -0.002548647 -0.0278082 0.01606396 -0.002548647 -0.0278082 0.01606396 -0.001686194 -0.02982772 0.01820163 -0.001686194 -0.02982772 0.01820163 -0.001368566 -0.03056803 0.01940698 -0.001368566 -0.03056803 0.01940698 0.003856548 -0.02787496 0.01964372 0.009421802 -0.02598639 0.01937582 0.009421802 -0.02598639 0.01937582 0.00910401 -0.02524664 0.01817105 0.00910401 -0.02524664 0.01817105 0.005304335 -0.02626637 0.01816372 0.004854988 -0.02521895 0.01687165 0.004342687 -0.02402838 0.01578993 0.003777893 -0.02271566 0.01497009 0.003479542 -0.02202115 0.01467245 0.002859454 -0.02057386 0.01432416 0.001686481 -0.02780255 0.01817418 0.001238592 -0.02675447 0.01688211 0.0007324739 -0.02556127 0.01580037 0.0001762081 -0.02424491 0.0149805 -0.0001177326 -0.02354854 0.01468285 0.001376215 -0.02206873 0.01446111 -0.0007301018 -0.02209798 0.01433454 0.004066134 -0.02338582 0.01534431 0.0004600344 -0.02491694 0.01535474 0.004695218 -0.01489564 0.01426897 0.004695218 -0.01489564 0.01426897 0.006141148 -0.01830102 0.01426777 0.006141148 -0.01830102 0.01426777 -0.01000457 -0.0007589014 0.01421903 -0.01000457 -0.0007589014 0.01421903 -0.01006076 0.0002103666 0.01421845 -0.01006076 0.0002103666 0.01421845 -0.01002171 0.001180546 0.01421763 -0.01002171 0.001180546 0.01421763 -0.009660155 0.003086059 0.01421529 -0.009660155 0.003086059 0.01421529 -0.009341134 0.004003052 0.01421379 -0.009341134 0.004003052 0.01421379 -0.008933777 0.004884382 0.01421208 -0.008933777 0.004884382 0.01421208 -0.008442007 0.005721564 0.0142102 -0.008442007 0.005721564 0.0142102 0.004686748 -0.02980809 0.02288945 -0.007224901 0.007231656 0.01420594 -0.007224901 0.007231656 0.01420594 -0.005736561 0.00847525 0.01420119 -0.005736561 0.00847525 0.01420119 -0.004034223 0.009404627 0.01419611 -0.004034223 0.009404627 0.01419611 -0.00312298 0.009739784 0.01419352 -0.00312298 0.009739784 0.01419352 -0.002183262 0.009983988 0.01419091 -0.002183262 0.009983988 0.01419091 -0.001224145 0.01013494 0.01418833 -0.001224145 0.01013494 0.01418833 -0.0002548476 0.01019114 0.01418579 -0.0002548476 0.01019114 0.01418579 0.0007152664 0.01015211 0.01418332 0.0007152664 0.01015211 0.01418332 0.003537822 0.009471509 0.01417655 0.003537822 0.009471509 0.01417655 0.008516504 0.00503858 0.014167 0.008516504 0.00503858 0.014167 0.009553339 0.006399137 0.01424248 0.009553339 0.006399137 0.01424248 0.008464848 0.00786109 0.0142442 0.008464848 0.00786109 0.0142442 0.007119615 0.009164505 0.0142467 0.007119615 0.009164505 0.0142467 0.003910647 0.01102572 0.01425359 0.003910647 0.01102572 0.01425359 0.0005949928 0.0117494 0.0142616 0.0005949928 0.0117494 0.0142616 -0.0009178225 0.01175018 0.0142655 -0.0009178225 0.01175018 0.0142655 -0.002408106 0.01155372 0.01426948 -0.002408106 0.01155372 0.01426948 -0.003856851 0.01116535 0.0142735 -0.003856851 0.01116535 0.0142735 -0.004790197 0.01080243 0.01427618 -0.004790197 0.01080243 0.01427618 -0.01076834 0.004694712 0.01429611 -0.01076834 0.004694712 0.01429611 0.008939367 0.004164575 0.01416656 0.008939367 0.004164575 0.01416656 0.009274521 0.003253336 0.01416637 0.009274521 0.003253336 0.01416637 0.009669685 0.001354525 0.01416676 0.009669685 0.001354525 0.01416676 0.009725907 0.0003852054 0.01416734 0.009725907 0.0003852054 0.01416734 0.009552861 -0.001546565 0.01416921 0.009552861 -0.001546565 0.01416921 0.008598924 -0.00428881 0.0141737 0.008598924 -0.00428881 0.0141737 0.006890048 -0.006636084 0.01417984 0.006890048 -0.006636084 0.01417984 0.006176413 -0.007294416 0.01418217 0.006176413 -0.007294416 0.01418217 0.002788128 -0.009144212 0.01419227 0.002788128 -0.009144212 0.01419227 0.0008892932 -0.009539364 0.01419746 0.0008892932 -0.009539364 0.01419746 -8.000565e-05 -0.009595566 0.0142 -8.000565e-05 -0.009595566 0.0142 -0.001050148 -0.009556487 0.01420247 -0.001050148 -0.009556487 0.01420247 -0.003872673 -0.008875936 0.01420924 -0.003872673 -0.008875936 0.01420924 -0.004754021 -0.008468566 0.01421121 -0.004754021 -0.008468566 0.01421121 -0.008344856 -0.005271366 0.01421809 -0.008344856 -0.005271366 0.01421809 -0.008851356 -0.004443007 0.01421878 -0.008851356 -0.004443007 0.01421878 -0.009887805 -0.00580341 0.01430161 -0.009887805 -0.00580341 0.01430161 -0.005925286 -0.009629884 0.01429424 -0.005925286 -0.009629884 0.01429424 -0.004245112 -0.01042999 0.0142905 -0.004245112 -0.01042999 0.0142905 -0.002445744 -0.01095042 0.01428625 -0.002445744 -0.01095042 0.01428625 0.002073669 -0.01095804 0.01427461 0.002073669 -0.01095804 0.01427461 0.006497025 -0.009045892 0.01426179 0.006497025 -0.009045892 0.01426179 0.009683142 -0.005591612 0.01425102 0.009683142 -0.005591612 0.01425102 0.01043388 -0.004098984 0.01424798 0.01043388 -0.004098984 0.01424798 0.01113352 0.002299889 0.01424144 0.01113352 0.002299889 0.01424144 0.007715987 -0.02192946 0.01497125 0.007715987 -0.02192946 0.01497125 0.00723746 -0.02079707 0.01448757 0.00723746 -0.02079707 0.01448757 0.006709958 -0.01955071 0.0141732 0.006709958 -0.01955071 0.0141732 0.006657143 -0.01951551 0.01436691 0.006657143 -0.01951551 0.01436691 0.007161192 -0.02070027 0.0146603 0.007161192 -0.02070027 0.0146603 0.008806815 -0.02451003 0.01695971 0.008806815 -0.02451003 0.01695971 0.008501976 -0.02379011 0.0162541 0.008501976 -0.02379011 0.0162541 0.008174303 -0.02301469 0.01563587 0.008174303 -0.02301469 0.01563587 0.008239316 -0.0232276 0.01603283 0.008239316 -0.0232276 0.01603283 0.009536922 -0.02613447 0.01927105 0.009208287 -0.02538994 0.01805556 0.009208287 -0.02538994 0.01805556 0.01017441 -0.02750801 0.02187473 0.008505317 -0.02343533 0.01597475 0.008979908 -0.02455804 0.0170394 0.009334261 -0.02539257 0.01808831 0.009640797 -0.02610921 0.01926076 0.004240711 0.0128436 0.01314561 0.006000209 0.01207832 0.01314164 0.0023894 0.0133477 0.01315 0.0004847983 0.01358018 0.01315474 -0.001433443 0.01353618 0.01315971 -0.003325381 0.01321661 0.01316483 -0.005151642 0.01262811 0.01316997 -0.006874211 0.01178294 0.01317503 -0.008457217 0.01069866 0.01317991 -0.009867741 0.009397899 0.01318451 -0.01107643 0.007907748 0.01318873 -0.01205807 0.006259112 0.01319248 -0.01279227 0.004486384 0.01319568 -0.01326375 0.002626487 0.01319828 -0.01346267 0.0007180784 0.01320021 -0.01338492 -0.001199082 0.01320143 -0.0130321 -0.003085099 0.01320191 -0.01241072 -0.00490268 0.01320167 -0.004745278 -0.02295586 0.01319528 -0.004230068 -0.02413816 0.01328083 -0.003684993 -0.02532704 0.01354816 -0.003387774 -0.02607413 0.01380085 -0.003084334 -0.02678064 0.01411321 -0.002486295 -0.02812024 0.01492664 -0.001881082 -0.02934599 0.01600254 -0.001359271 -0.03043458 0.0172934 -0.0009883392 -0.0314328 0.01882186 -0.0004683032 -0.0326424 0.02110047 -0.0004320392 -0.03271522 0.02124308 -0.0004071226 -0.03275925 0.02133264 -0.0003571318 -0.03281575 0.02146625 -0.0002834504 -0.03283562 0.02156875 -0.0001833745 -0.03286807 0.02171555 -7.051932e-05 -0.03288297 0.02184889 7.19405e-05 -0.03287884 0.02198294 0.0001510834 -0.03286819 0.0220446 0.0002375916 -0.0328505 0.0221027 0.0003419814 -0.03282197 0.02216179 0.0004665988 -0.03277754 0.02221593 0.0005343431 -0.03275072 0.02224104 0.000657892 -0.03268948 0.02226777 0.000712093 -0.03265771 0.02227129 0.004989757 -0.03052536 0.0224394 0.009494423 -0.02892839 0.02224575 0.009640082 -0.02888232 0.02222574 0.0097101 -0.02885321 0.02220364 0.009833568 -0.0287957 0.02215315 0.009926404 -0.02874343 0.02209885 0.01004469 -0.02866406 0.02200667 0.01013899 -0.02858422 0.02190371 0.01019653 -0.02852402 0.02182059 0.01024451 -0.02846259 0.0217316 0.01028258 -0.0284003 0.02163724 0.01031005 -0.02833743 0.02153798 0.01032379 -0.02827474 0.02143368 0.01032279 -0.0282005 0.02130364 0.01031381 -0.02815071 0.02121363 0.01029071 -0.02807294 0.02107022 0.009778375 -0.0268648 0.01879638 0.009454024 -0.02611414 0.01756447 0.009075132 -0.02522418 0.01643865 0.008561791 -0.02398097 0.01526214 0.007895371 -0.02273435 0.01440478 0.007429602 -0.02129265 0.01371303 0.006867641 -0.01981013 0.0133024 0.006262277 -0.01828947 0.01316346 0.004802622 -0.01484817 0.01316495 0.004707705 -0.01461635 0.01316551 0.004627745 -0.01438544 0.0131662 0.004566366 -0.01412946 0.01316632 0.00452647 -0.01385948 0.01316634 0.00452404 -0.01360449 0.01316572 0.004544419 -0.01337818 0.01316524 0.004588432 -0.01314899 0.01316486 0.004667859 -0.01288915 0.01316471 0.004763369 -0.01266645 0.01316481 0.004885012 -0.0124513 0.01316494 0.005054647 -0.01221605 0.01316503 0.005212839 -0.01203961 0.01316487 0.005399525 -0.0118702 0.01316423 0.005614078 -0.01171052 0.01316299 0.005815992 -0.01158831 0.0131612 0.00612347 -0.01141988 0.01315868 0.007746132 -0.01038962 0.01315378 0.009201518 -0.009139286 0.01314911 0.01046183 -0.007692524 0.01314479 0.01150086 -0.006079483 0.01314091 0.01229694 -0.00433369 0.01313757 0.01283354 -0.002491528 0.01313482 0.01309949 -0.0005913548 0.01313273 0.01308921 0.001327362 0.01313134 0.01280296 0.003224604 0.01313067 0.01224667 0.00506092 0.01313074 0.01143192 0.006798105 0.01313156 0.01037572 0.008399909 0.01313309 0.00909998 0.009833096 0.01313531 0.007631288 0.0110678 0.01313818 0.01093025 -0.03186514 0.01646972 0.01152501 -0.03112527 0.01702583 0.01152501 -0.03112527 0.01702583 0.01152501 -0.03112527 0.01702583 0.01040394 -0.02840238 0.02066435 0.01036851 -0.02836682 0.02072187 0.01032366 -0.02833897 0.02077513 0.01029812 -0.02832815 0.02079973 -0.0002790227 -0.03280865 0.02084231 -0.000291261 -0.03283634 0.02081688 -0.000307949 -0.03291931 0.02073097 -0.0003044984 -0.03295935 0.02068387 0.0136382 -0.03814824 0.02701039 0.01419263 -0.03609926 0.02392033 0.01296716 -0.03072351 0.02363628 0.01414175 -0.03711722 0.02468237 0.01413688 -0.03647314 0.0238542 0.01140583 -0.02909602 0.02561975 0.01428955 -0.03567959 0.02357524 0.01385451 -0.03751342 0.02626268 0.003796946 -0.04178986 0.02626692 0.003796946 -0.04178986 0.02626692 0.01415005 -0.03360987 0.02313899 0.01401724 -0.03305028 0.02281638 0.01401724 -0.03305028 0.02281638 0.004558231 -0.01368414 0.01353692 0.004560966 -0.01347384 0.01353675 0.004584121 -0.0132652 0.01353654 0.004656041 -0.01295864 0.01353612 0.005124948 -0.01213484 0.01353431 0.005781801 -0.01161849 0.01353223 0.007923033 -0.01025965 0.0135257 0.01190685 -0.005142228 0.01351165 0.01201056 0.005148311 0.01350376 0.01120207 0.006775041 0.01350464 0.008948863 0.009624891 0.01350834 0.006728798 0.01133508 0.01351279 0.005505777 0.01199786 0.01351545 -0.001919757 0.01314954 0.01353373 -0.005074131 0.01230878 0.01354248 -0.009871823 0.008960125 0.01355732 -0.01120443 0.0072201 0.01356205 -0.01291128 0.003231234 0.0135694 -0.0132498 0.001065816 0.01357188 -0.01326907 -0.0004909222 0.01357308 -0.004721279 -0.02271572 0.01356751 -0.004218627 -0.02389164 0.013653 -0.003718336 -0.02504747 0.01390855 -0.00154943 -0.02994637 0.01747984 -0.0006176287 -0.0320407 0.02117866 -0.0005692802 -0.03208116 0.02128586 -0.0005121825 -0.03211419 0.02139113 -0.0004375269 -0.0321422 0.0215065 -0.0002556457 -0.03216627 0.02172211 -1.076057e-05 -0.03213915 0.02192286 0.003421776 -0.04172704 0.02490027 0.004781293 -0.02979636 0.02228479 0.004781293 -0.02979636 0.02228479 0.009489813 -0.02813491 0.02205123 0.009609968 -0.02808121 0.02200568 0.009701503 -0.02803245 0.02195683 0.009776555 -0.02798698 0.0219068 0.009841547 -0.02794227 0.02185378 0.009947589 -0.02785364 0.02173949 0.01012588 -0.02758436 0.02133621 0.01014027 -0.02749603 0.02118782 -9.443613e-05 -0.03262537 0.0209598 -9.443613e-05 -0.03262537 0.0209598 -0.0001939604 -0.032698 0.02092614 0.0021142 -0.03888175 0.0229423 0.0021142 -0.03888175 0.0229423 0.0008566144 -0.03565511 0.01705667 0.0008566144 -0.03565511 0.01705667 0.0008566144 -0.03565511 0.01705667 -0.0002927898 -0.03299741 0.02063493 0.001724738 -0.03793888 0.02285332 0.002770189 -0.03574513 0.01601794 0.002770189 -0.03574513 0.01601794 0.002770189 -0.03574513 0.01601794 0.00179927 -0.03574218 0.01649612 0.002123066 -0.03891795 0.02301342 0.002123066 -0.03891795 0.02301342 0.002120444 -0.03893841 0.02306115 0.002120444 -0.03893841 0.02306115 0.002120444 -0.03893841 0.02306115 0.002107894 -0.03895846 0.02311785 0.002107894 -0.03895846 0.02311785 0.002107894 -0.03895846 0.02311785 0.003162314 -0.03957481 0.02355782 0.003162314 -0.03957481 0.02355782 0.004100803 -0.04014582 0.0241718 0.004354085 -0.04032972 0.02442093 0.004685618 -0.04063215 0.02488093 0.006757612 -0.03995792 0.02468678 0.006757612 -0.03995792 0.02468678 0.006757612 -0.03995792 0.02468678 0.01025572 -0.03256671 0.0159963 0.01025572 -0.03256671 0.0159963 0.01025572 -0.03256671 0.0159963 0.006577844 -0.0343102 0.015793 0.01245973 -0.03754434 0.02505989 0.01245973 -0.03754434 0.02505989 0.01245973 -0.03754434 0.02505989 0.01251823 -0.03752985 0.02514057 0.01251823 -0.03752985 0.02514057 0.01278023 -0.03547439 0.02352139 0.01294935 -0.03482221 0.02327472 0.01442196 -0.03421945 0.02306184 0.01307312 -0.034305 0.02310853 0.01307312 -0.034305 0.02310853 0.01303745 -0.03430153 0.02302549 0.01303745 -0.03430153 0.02302549 0.01300198 -0.03425873 0.02291082 0.01300198 -0.03425873 0.02291082 0.01278207 -0.03375645 0.02283636 0.01255254 -0.03322926 0.02282483 0.01231646 -0.03268382 0.02288419 0.01186589 -0.03163314 0.02321569 0.01146863 -0.03069352 0.02380532 0.0101226 -0.02830937 0.02090546 0.0101226 -0.02830937 0.02090546 0.01021518 -0.02830932 0.02086104 0.01042862 -0.02844508 0.02060393 0.01123997 -0.03020051 0.02433568 0.01120892 -0.03018303 0.02439132 0.01112286 -0.03016444 0.02450396 0.01106678 -0.0301655 0.02455589 0.01095893 -0.03018496 0.02461994 0.01408492 -0.03598635 0.02406743 0.01027075 -0.02831952 0.02082274 -0.007711178 0.01208533 0.001066566 0.01162506 -0.02957025 0.02547889 0.0123038 -0.02935103 0.0250914 -0.0004763536 -0.03480773 0.02536637 0.01366215 -0.03774433 0.02672807 0.01366215 -0.03774433 0.02672807 0.01366215 -0.03774433 0.02672807 0.01366215 -0.03774433 0.02672807 -0.0003034335 -0.03287807 0.02077553 -0.0002636108 -0.03278127 0.0208658 -0.0002329779 -0.0327391 0.02089864 0.01417948 -0.03734109 0.02554655 0.01417948 -0.03734109 0.02554655 0.01417948 -0.03734109 0.02554655 -0.0001249001 -0.03264385 0.02095374 -0.0001249001 -0.03264385 0.02095374 -0.0001249001 -0.03264385 0.02095374 0.01421849 -0.03738359 0.02545113 0.01421849 -0.03738359 0.02545113 0.01421849 -0.03738359 0.02545113 0.01421849 -0.03738359 0.02545113 -0.005970025 -0.01245147 0.001080253 -0.001044602 -0.03479483 0.0251269 0.0005457172 -0.0346231 0.02460946 0.0005080619 -0.0346551 0.02457165 0.0004765243 -0.03468839 0.02452705 0.0004480582 -0.03472905 0.02446743 0.0004300349 -0.03477049 0.0244026 0.0004235789 -0.03480625 0.02434464 0.0004259596 -0.03484207 0.02428521 0.01425838 -0.03749708 0.02537518 0.01425838 -0.03749708 0.02537518 0.01425838 -0.03749708 0.02537518 0.003525343 -0.0418909 0.02552645 0.01319227 -0.03146048 0.02338548 0.01415535 -0.03732847 0.02560598 0.004171624 -0.04182821 0.02682349 0.004171624 -0.04182821 0.02682349 0.005356984 -0.04144227 0.02725139 0.005356984 -0.04144227 0.02725139 -0.01225298 0.007431244 0.001079765 -0.0141401 -0.001117747 0.001090961 -0.01330073 -0.004679071 0.001091438 -0.008930317 -0.01066969 0.001084614 -0.004725226 -0.01297101 0.00107548 -0.002748757 -0.01348792 0.001070771 0.003353827 -0.01326291 0.001054879 0.005274085 -0.01260721 0.001049445 0.01423077 -0.03740627 0.02542761 0.01423077 -0.03740627 0.02542761 0.01423077 -0.03740627 0.02542761 -0.0006597786 -0.03594322 0.02376456 -0.0006597786 -0.03594322 0.02376456 0.004377211 -0.0417729 0.02697588 0.004377211 -0.0417729 0.02697588 0.01384749 -0.03702789 0.02523239 0.01205643 -0.02959591 0.0251756 0.002641538 -0.040941 0.02409047 0.0001621929 -0.03702663 0.02350867 0.01406334 -0.03723088 0.02547886 0.01157911 -0.02888507 0.02532284 0.01423737 -0.03767722 0.02530231 0.01423737 -0.03767722 0.02530231 -9.982717e-05 -0.03374399 0.02560961 0.01397172 -0.03720329 0.02551545 0.01426135 -0.03755523 0.02534607 0.01426135 -0.03755523 0.02534607 2.134239e-05 -0.03403961 0.02580971 0.01417175 -0.03640935 0.02395004 0.007684613 -0.0112913 0.001042259 0.009284797 -0.01002121 0.001037196 0.01185041 -0.006855148 0.001028238 0.01276933 -0.005006208 0.001024503 0.01378148 -0.0005773758 0.001018611 0.01373753 0.001693844 0.001017044 0.0113119 0.0082701 0.001018421 0.008527718 0.01124584 0.001023395 0.006822389 0.01240972 0.001026923 0.005595928 0.01304191 0.001029618 0.002346159 0.01406407 0.001037237 0.0003189619 0.01428799 0.001042296 0.0003189619 0.01428799 0.001042296 -0.003756426 0.01383906 0.001053129 -0.005676655 0.01318331 0.00105856 -0.009877855 -0.01076996 0.001958811 -0.009877855 -0.01076996 0.001958811 -0.006059892 -0.01318809 0.001950766 -0.006059892 -0.01318809 0.001950766 -0.004117146 -0.01387543 0.001946265 -0.004117146 -0.01387543 0.001946265 -0.001687652 -0.01433178 0.001940343 -0.001687652 -0.01433178 0.001940343 0.003227754 -0.01400226 0.001927434 0.003227754 -0.01400226 0.001927434 0.006298126 -0.01262788 0.001046824 0.006298126 -0.01262788 0.001046824 0.005142928 -0.01314711 0.001050183 0.005142928 -0.01314711 0.001050183 0.003952762 -0.01356142 0.001053557 0.003952762 -0.01356142 0.001053557 0.00149608 -0.01407102 0.001060265 0.00149608 -0.01407102 0.001060265 -0.001014871 -0.01414813 0.001066796 -0.001014871 -0.01414813 0.001066796 -0.002272864 -0.01402185 0.001069942 -0.002272864 -0.01402185 0.001069942 -0.00976756 -0.01055402 0.001086684 -0.00976756 -0.01055402 0.001086684 -0.01106239 -0.009881019 0.004720191 -0.01096209 -0.01010912 0.005211352 -0.01078911 -0.01050487 0.005780379 -0.01051498 -0.01113253 0.006357037 -0.009965477 -0.01239167 0.006982022 -0.009458108 -0.01132318 0.004203531 -0.009379754 -0.01148717 0.004613534 -0.009241699 -0.0117814 0.005102893 -0.009017998 -0.01226142 0.005619607 -0.00880132 -0.01272843 0.005953127 -0.008557118 -0.01325836 0.006216255 -0.008291301 -0.01384331 0.00640559 -0.008009662 -0.014475 0.006517287 -3.921222e-05 -0.03450078 0.02555404 -0.01134393 -0.009562384 0.004727976 -0.01130282 -0.009657513 0.004975972 -0.01125546 -0.009767429 0.005210463 -0.0105848 -0.01133636 0.006763063 -0.01035566 -0.01187434 0.007009002 -0.007310727 -0.01331854 0.00507167 -0.007310727 -0.01331854 0.00507167 -0.007521213 -0.0128269 0.004471337 -0.007521213 -0.0128269 0.004471337 -0.007573695 -0.01270485 0.004244867 -0.007573695 -0.01270485 0.004244867 -0.007613363 -0.0126129 0.004028492 -0.007613363 -0.0126129 0.004028492 -0.007644954 -0.01254003 0.003803753 -0.006942211 -0.01301319 0.004093099 -0.00671459 -0.01350001 0.004871078 -0.006427175 -0.01412634 0.00538993 -0.005439979 -0.01365103 0.003903213 -0.005213844 -0.01406136 0.004700212 -0.002116356 -0.01440994 0.003438435 -0.003874234 -0.01412521 0.003761469 -0.003660542 -0.01446752 0.004574436 -0.001895547 -0.01473027 0.004494195 -0.000115185 -0.01479263 0.004481305 0.0003485387 -0.01558961 0.005529845 0.001478064 -0.01468042 0.004533278 0.001814301 -0.01531247 0.00558857 -0.007010909 -0.01286945 0.003649853 -0.006842704 -0.01322465 0.004502815 -0.006559958 -0.01383564 0.005189944 -0.006231431 -0.01455825 0.005603027 0.01390885 -0.03753841 0.02635447 0.01390885 -0.03753841 0.02635447 0.01390885 -0.03753841 0.02635447 0.01390885 -0.03753841 0.02635447 -0.006015096 -0.01504015 0.005744918 0.01246572 -0.02963128 0.02469879 0.004682253 -0.04160884 0.0270214 0.004682253 -0.04160884 0.0270214 -0.005510743 -0.01352896 0.003456106 -0.005340277 -0.01382918 0.004321065 -0.005062918 -0.01434542 0.005031212 -0.004934343 -0.01459275 0.005240167 -0.004745975 -0.01496248 0.005463895 -0.004539274 -0.01537822 0.005613518 -0.004402074 -0.01565956 0.005667294 -0.003751091 -0.01601567 0.005650371 -0.003943476 -0.01402277 0.003311674 -0.003779268 -0.01427376 0.004185974 -0.003520016 -0.01470557 0.004916104 -0.003400925 -0.01491397 0.005133125 0.01414009 -0.03671726 0.02429844 -0.003226999 -0.0152274 0.005366684 -0.00303665 -0.01558267 0.005523873 -0.002871389 -0.0159011 0.005588881 -0.001999961 -0.01457257 0.004095946 -0.001772789 -0.01492491 0.004847209 -0.001669035 -0.01509626 0.005072909 0.01410645 -0.03647133 0.02429699 -0.001517667 -0.01535539 0.005317197 0.01132647 -0.02895659 0.02546701 -0.001308703 -0.01572998 0.005513539 0.003534979 -0.04188071 0.02501476 -0.0009871814 -0.01606396 0.005564431 -0.0003244466 -0.01449333 0.003177117 -0.0002008207 -0.01466251 0.004072193 -1.475544e-05 -0.01495354 0.004846681 7.012929e-05 -0.01509545 0.005081737 0.0001616838 -0.01525299 0.005283038 0.0002611129 -0.01543007 0.005435787 0.000421951 -0.01572676 0.005576498 0.0009041448 -0.01584946 0.005618477 0.001570148 -0.01435422 0.002810077 0.001411714 -0.01456661 0.004113305 0.001556239 -0.01482041 0.004910737 0.001645758 -0.01498654 0.005230691 0.001720394 -0.01512912 0.005421281 0.001871623 -0.01542661 0.005650385 0.001946674 -0.01557827 0.005691632 -0.00446273 -0.01383699 0.002936807 -0.007682948 -0.01245376 0.003332868 -0.007668249 -0.01248675 0.003571573 -0.007459677 -0.01297037 0.004685438 -0.007459677 -0.01297037 0.004685438 -0.007389417 -0.01313448 0.004885956 -0.007389417 -0.01313448 0.004885956 -0.007161785 -0.01366745 0.005345006 -0.007161785 -0.01366745 0.005345006 -0.006991944 -0.01406594 0.005568243 -0.006991944 -0.01406594 0.005568243 -0.006835503 -0.01443338 0.00571194 -0.006835503 -0.01443338 0.00571194 -0.006752532 -0.01462841 0.005768263 -0.006752532 -0.01462841 0.005768263 -0.006666508 -0.01483069 0.005813691 -0.006666508 -0.01483069 0.005813691 -0.006592611 -0.01500454 0.005842937 -0.006592611 -0.01500454 0.005842937 -0.006592611 -0.01500454 0.005842937 -0.006516706 -0.01518315 0.005864093 -0.006438932 -0.01536624 0.005876936 -0.006438932 -0.01536624 0.005876936 -0.006438932 -0.01536624 0.005876936 0.003281266 -0.01497007 0.005734196 0.003281266 -0.01497007 0.005734196 0.003206594 -0.01479554 0.005537712 0.003206594 -0.01479554 0.005537712 0.002934628 -0.01416996 0.003343202 0.003051489 -0.01537399 0.005809313 0.0007257234 -0.02059735 0.005562821 0.004915646 -0.01881843 0.005854586 0.004915646 -0.01881843 0.005854586 0.003409592 -0.01527147 0.005855842 0.003409592 -0.01527147 0.005855842 0.002996977 -0.01431075 0.004232775 0.003095893 -0.01453831 0.005027346 0.003095893 -0.01453831 0.005027346 0.003148266 -0.01465975 0.00530632 0.003148266 -0.01465975 0.00530632 0.003176684 -0.01472585 0.005428535 0.003176684 -0.01472585 0.005428535 0.003242963 -0.01488046 0.005646326 0.003242963 -0.01488046 0.005646326 0.003314569 -0.01504813 0.005790319 0.003314569 -0.01504813 0.005790319 0.003331723 -0.01508837 0.005812198 0.003331723 -0.01508837 0.005812198 0.003349185 -0.01512937 0.005829791 0.003349185 -0.01512937 0.005829791 0.003378958 -0.01519936 0.005849243 0.003378958 -0.01519936 0.005849243 0.003894677 -0.01501276 0.006145958 0.008198859 -0.03055096 0.02614199 8.429689e-05 -0.03415312 0.02579764 0.003958947 -0.01389559 0.003260263 0.006546646 -0.03425633 0.0129152 0.005919093 -0.03279084 0.01108295 0.005190981 -0.03108717 0.009446937 0.004377779 -0.02918142 0.00805916 0.003500183 -0.02712205 0.006960132 0.002582263 -0.02496557 0.006175101 0.001649298 -0.02277148 0.005712202 -0.003462622 -0.02237584 0.005878814 -0.003462622 -0.02237584 0.005878814 -0.002542449 -0.02454194 0.00602957 -0.002542449 -0.02454194 0.00602957 -0.001613133 -0.02672742 0.006496797 -0.001613133 -0.02672742 0.006496797 -0.0009755129 -0.02822559 0.007012622 -0.0009755129 -0.02822559 0.007012622 0.001294466 -0.03354818 0.01046532 0.001294466 -0.03354818 0.01046532 0.01063456 -0.03223816 0.01306336 0.01063456 -0.03223816 0.01306336 0.01000742 -0.03077355 0.01124133 0.01000742 -0.03077355 0.01124133 0.006607033 -0.02279837 0.006369931 0.006607033 -0.02279837 0.006369931 0.005407128 -0.01997566 0.005897301 0.005407128 -0.01997566 0.005897301 0.002321564 -0.04039506 0.02391469 0.0002039093 -0.03432887 0.02565919 0.0001778402 -0.03429574 0.02570435 0.0126727 -0.03850087 0.02727116 0.01324194 -0.03830956 0.02719185 0.01324194 -0.03830956 0.02719185 0.01324194 -0.03830956 0.02719185 0.01362746 -0.03774299 0.02668945 0.0126571 -0.03846414 0.02727079 0.0126571 -0.03846414 0.02727079 0.01257687 -0.03827631 0.02710603 0.004308123 -0.04172885 0.02682981 0.004308123 -0.04172885 0.02682981 0.004308123 -0.04172885 0.02682981 -0.000884607 -0.03525698 0.02470364 0.004672264 -0.04167153 0.02711359 0.004672264 -0.04167153 0.02711359 0.005191022 -0.03123168 0.02609974 0.005191022 -0.03123168 0.02609974 0.004885347 -0.04170121 0.02723062 0.004885347 -0.04170121 0.02723062 0.001051024 -0.03914792 0.02330415 0.004555804 -0.0420057 0.02707647 0.004555804 -0.0420057 0.02707647 0.004555804 -0.0420057 0.02707647 0.004555804 -0.0420057 0.02707647 -0.000726384 -0.03479532 0.02540793 -0.0005833377 -0.0352796 0.02482129 0.01166685 -0.0290943 0.02555732 0.01278527 -0.03633984 0.02416345 0.01385508 -0.03774015 0.02670407 0.01385508 -0.03774015 0.02670407 0.01344105 -0.03791203 0.02697378 0.01344105 -0.03791203 0.02697378 0.01302059 -0.03331066 0.0232104 0.01274607 -0.03267881 0.02325225 0.01247913 -0.03205937 0.02339876 0.009619484 -0.04140347 0.02610392 0.0096261 -0.04141822 0.0262263 0.0096261 -0.04141822 0.0262263 0.0096261 -0.04141822 0.0262263 0.009617642 -0.04139746 0.02634767 0.004179927 -0.04203379 0.02685875 0.004179927 -0.04203379 0.02685875 0.009594904 -0.04134317 0.02645617 0.009594904 -0.04134317 0.02645617 0.01176713 -0.02948509 0.02548107 0.009550064 -0.04123714 0.02655876 0.009605375 -0.04137082 0.02601811 0.009605375 -0.04137082 0.02601811 0.01222264 -0.03145885 0.02365068 0.005864306 -0.04276158 0.02618444 0.005871462 -0.04277585 0.02622718 0.005871462 -0.04277585 0.02622718 0.01198659 -0.03090056 0.02400062 0.005879044 -0.0427876 0.02628894 0.005883838 -0.04278963 0.02635416 0.005883838 -0.04278963 0.02635416 0.005885443 -0.04278165 0.02641783 0.005871481 -0.04270084 0.02659103 0.005871481 -0.04270084 0.02659103 0.005865645 -0.0426762 0.02661917 0.005859092 -0.04264986 0.02664417 0.0131608 -0.03961078 0.02656411 0.01173883 -0.03031494 0.02452877 0.01318898 -0.03965239 0.02648078 0.01318898 -0.03965239 0.02648078 0.01321379 -0.03967202 0.02626032 0.01321379 -0.03967202 0.02626032 0.01320357 -0.03964125 0.02615489 0.01319738 -0.03962643 0.02612409 0.01319738 -0.03962643 0.02612409 0.01168166 -0.03024043 0.02462232 0.003819949 -0.04197456 0.02643614 0.003819949 -0.04197456 0.02643614 0.005291082 -0.0428094 0.02661476 0.005291082 -0.0428094 0.02661476 0.001895853 -0.04006798 0.02367953 0.004692757 -0.042747 0.02652639 0.004902225 -0.0428012 0.02654857 0.0141541 -0.03721821 0.02505885 0.003553553 -0.04198247 0.02543579 0.003553553 -0.04198247 0.02543579 0.003553553 -0.04198247 0.02543579 0.004264985 -0.04191861 0.02694814 0.004264985 -0.04191861 0.02694814 0.003900369 -0.0423878 0.02604248 0.01418794 -0.0349717 0.02361985 0.004314188 -0.04264057 0.02634742 0.004493566 -0.04271646 0.02641587 0.01357904 -0.03788603 0.02694638 0.01357904 -0.03788603 0.02694638 0.01357904 -0.03788603 0.02694638 0.003609022 -0.04206401 0.0254084 0.0037156 -0.04221309 0.02565951 0.003848623 -0.04235302 0.02587825 0.01257344 -0.03826848 0.02706892 0.004100758 -0.04254035 0.02618449 0.003218266 -0.04131341 0.02474968 0.004699081 -0.04280654 0.02638934 0.005005665 -0.04287045 0.02644802 0.003624955 -0.04207367 0.02537572 0.003624955 -0.04207367 0.02537572 0.003624955 -0.04207367 0.02537572 0.004164438 -0.04197568 0.02686321 0.004164438 -0.04197568 0.02686321 0.004164438 -0.04197568 0.02686321 0.004149975 -0.04257748 0.02609039 0.005389136 -0.03169686 0.02627441 0.004428033 -0.04271727 0.02627821 0.01116639 -0.03010891 0.02500505 0.00500427 -0.04288472 0.02637365 0.003916803 -0.04177217 0.02639703 0.003916803 -0.04177217 0.02639703 0.003728394 -0.04214005 0.02533222 0.003728394 -0.04214005 0.02533222 0.003969376 -0.04242692 0.02581188 0.003208369 -0.04140649 0.02469508 0.004370825 -0.04269216 0.0261778 0.00463303 -0.04278484 0.02622465 0.005007399 -0.04287863 0.02626402 0.004937993 -0.04183715 0.02722955 0.004937993 -0.04183715 0.02722955 0.01110066 -0.03011909 0.02502698 0.003769595 -0.04215226 0.0253135 0.008149424 -0.03041491 0.02616734 -0.0005163366 -0.03472611 0.02547621 -0.0005163366 -0.03472611 0.02547621 0.0143594 -0.03520187 0.02312856 0.0143594 -0.03520187 0.02312856 0.01096492 -0.03015275 0.02505728 0.004306501 -0.04263985 0.02605728 0.005329986 -0.04137917 0.02717918 0.005329986 -0.04137917 0.02717918 0.0032295 -0.03320539 0.02539866 -0.0002113884 -0.0370034 0.02315447 -0.0002113884 -0.0370034 0.02315447 0.003666299 -0.04213958 0.02576696 0.00380082 -0.04227676 0.02599751 0.004102294 -0.04247985 0.02632283 0.004501095 -0.04262927 0.02655062 0.004611446 -0.04265609 0.02658845 0.004727023 -0.04267946 0.02661911 0.004727023 -0.04267946 0.02661911 0.005289532 -0.0427773 0.02664285 0.005289532 -0.0427773 0.02664285 0.01442063 -0.03479771 0.02332615 0.004391897 -0.04194499 0.02703184 0.004391897 -0.04194499 0.02703184 0.005296224 -0.04289679 0.0264897 0.005296224 -0.04289679 0.0264897 0.005296224 -0.04289679 0.0264897 0.004792527 -0.04280105 0.02615318 0.004792527 -0.04280105 0.02615318 0.004605562 -0.04274453 0.02611707 0.004605562 -0.04274453 0.02611707 0.004441937 -0.04268018 0.02605965 0.004441937 -0.04268018 0.02605965 0.004323195 -0.04262249 0.02599763 0.004323195 -0.04262249 0.02599763 0.004042489 -0.04243061 0.02574204 0.004042489 -0.04243061 0.02574204 0.005547994 -0.04275859 0.02662885 0.005547994 -0.04275859 0.02662885 0.000151259 -0.03508417 0.0247072 -0.0008888817 -0.03482625 0.02530498 0.005571078 -0.04283832 0.02650752 0.005571078 -0.04283832 0.02650752 0.005582429 -0.04287046 0.0263909 0.005582429 -0.04287046 0.0263909 0.0001616363 -0.03522969 0.02456312 0.00558474 -0.04286881 0.02630115 0.00558474 -0.04286881 0.02630115 0.0003615893 -0.03570613 0.02411942 0.004860112 -0.04154171 0.02707 0.004860112 -0.04154171 0.02707 -0.0007782122 -0.0352919 0.02476637 0.0005629681 -0.0361814 0.02379139 0.005303042 -0.04291543 0.02621515 0.005303042 -0.04291543 0.02621515 0.005303042 -0.04291543 0.02621515 0.005303042 -0.04291543 0.02621515 0.005301049 -0.04287757 0.02612641 0.005301049 -0.04287757 0.02612641 0.005301049 -0.04287757 0.02612641 0.005301049 -0.04287757 0.02612641 0.0008204906 -0.03679366 0.02349675 0.005301831 -0.04292892 0.02628171 0.005301831 -0.04292892 0.02628171 0.0053005 -0.04293122 0.02634219 0.0053005 -0.04293122 0.02634219 0.0053005 -0.04293122 0.02634219 0.0053005 -0.04293122 0.02634219 0.005298917 -0.04292424 0.02640252 0.005298917 -0.04292424 0.02640252 0.001800375 -0.03915925 0.02337223 0.005293214 -0.04285006 0.02656871 0.005293214 -0.04285006 0.02656871 0.005293214 -0.04285006 0.02656871 0.005288003 -0.04274269 0.02666778 0.005568306 -0.04267582 0.0266892 0.00585195 -0.04262229 0.02666595 0.00588186 -0.04275109 0.02650991 0.00588186 -0.04275109 0.02650991 0.005883849 -0.04276373 0.02647985 0.005431647 -0.04285372 0.02614218 0.005431647 -0.04285372 0.02614218 -0.0008934504 -0.0342497 0.02527956 -0.0008934504 -0.0342497 0.02527956 0.01387342 -0.0390277 0.02652517 0.003849262 -0.04021596 0.02424926 0.01398858 -0.03883085 0.02650611 0.01408953 -0.03862589 0.02646111 0.01417341 -0.03835295 0.02639416 0.01417341 -0.03835295 0.02639416 -0.0006192035 -0.03528809 0.02481606 0.01417864 -0.03845313 0.0263626 0.004520644 -0.04071989 0.02499308 0.00458525 -0.04079709 0.02512253 0.01425708 -0.03823461 0.02620874 -0.0003094387 -0.03641138 0.02375622 0.01391683 -0.0390623 0.02638626 0.01402732 -0.03887494 0.02636851 0.01412349 -0.0386817 0.02632656 0.01419488 -0.03850314 0.02626235 0.01428659 -0.0381563 0.02606237 0.01443965 -0.03487591 0.02311681 0.01379613 -0.03759537 0.02642718 0.0143092 -0.03789321 0.02582866 0.01377846 -0.03770238 0.02667275 0.01377846 -0.03770238 0.02667275 0.01377846 -0.03770238 0.02667275 0.00543181 -0.04161825 0.02728581 0.01425348 -0.03761577 0.02531844 0.01425348 -0.03761577 0.02531844 0.0139136 -0.03906756 0.02623941 0.01348509 -0.03783419 0.0268189 0.01348509 -0.03783419 0.0268189 0.01406183 -0.03880507 0.02620392 0.004503512 -0.04168079 0.02697379 0.004503512 -0.04168079 0.02697379 0.0141723 -0.03855468 0.02612671 0.0142503 -0.03827705 0.02597121 0.01103907 -0.02956801 0.02574438 0.01427977 -0.03799794 0.02573006 0.01355877 -0.03778909 0.02675843 0.0138989 -0.03285054 0.02296243 0.003827958 -0.04191246 0.02643708 0.003827958 -0.04191246 0.02643708 0.003284247 -0.04157282 0.02453546 0.002297688 -0.04078844 0.02338163 0.002297688 -0.04078844 0.02338163 0.01216514 -0.02939998 0.02525589 0.01425541 -0.03747031 0.02541992 0.01425541 -0.03747031 0.02541992 0.01329131 -0.03794014 0.02693323 0.01307278 -0.03804699 0.02701061 0.01307278 -0.03804699 0.02701061 0.01283261 -0.03815627 0.02705459 0.01283261 -0.03815627 0.02705459 0.005146434 -0.04142108 0.02708462 0.004649374 -0.04161458 0.02698492 0.00450549 -0.04166355 0.02692287 0.00450549 -0.04166355 0.02692287 0.0142069 -0.03773223 0.02527591 0.0142069 -0.03773223 0.02527591 0.0142069 -0.03773223 0.02527591 0.01422294 -0.037913 0.02549513 0.01422294 -0.037913 0.02549513 0.01423077 -0.0380783 0.02568574 0.01423077 -0.0380783 0.02568574 0.01422425 -0.03818362 0.02578603 0.01422425 -0.03818362 0.02578603 0.0142085 -0.038294 0.02587502 0.0142085 -0.038294 0.02587502 0.01414407 -0.0385355 0.02601834 0.01414407 -0.0385355 0.02601834 0.01410626 -0.03863617 0.02606022 0.01410626 -0.03863617 0.02606022 0.01400124 -0.03885807 0.02611984 0.01400124 -0.03885807 0.02611984 0.01382114 -0.03915041 0.02614166 0.01382114 -0.03915041 0.02614166 0.004124733 -0.04175659 0.02663691 0.01369934 -0.03934231 0.02616617 0.01369934 -0.03934231 0.02616617 0.01369934 -0.03934231 0.02616617 0.01369934 -0.03934231 0.02616617 0.004018709 -0.04176394 0.02650898 0.0137088 -0.03935032 0.02620598 0.0137088 -0.03935032 0.02620598 0.01366375 -0.03929079 0.02655097 0.01366375 -0.03929079 0.02655097 0.01363159 -0.03925602 0.0266016 0.01363159 -0.03925602 0.0266016 0.01359396 -0.03921594 0.02664376 0.01396793 -0.03872228 0.02657892 0.003761692 -0.04145149 0.0255697 0.01422848 -0.03817485 0.0262889 0.01422848 -0.03817485 0.0262889 0.01425326 -0.03808059 0.02621388 0.01427128 -0.03798892 0.02613326 0.003700475 -0.04132274 0.02532966 0.007064145 -0.03546169 0.01488536 0.005597553 -0.04281636 0.02615174 0.005597553 -0.04281636 0.02615174 0.005856203 -0.04274348 0.02614532 0.005856203 -0.04274348 0.02614532 0.01344384 -0.03944727 0.02656251 0.01195472 -0.02889341 0.02515127 0.01195472 -0.02889341 0.02515127 0.01347118 -0.03949731 0.02645697 0.01347118 -0.03949731 0.02645697 0.01348007 -0.03951711 0.02636805 0.01348007 -0.03951711 0.02636805 0.01347683 -0.0395178 0.02627832 0.01347683 -0.0395178 0.02627832 0.004688665 -0.04177713 0.0271747 0.004688665 -0.04177713 0.0271747 0.003486015 -0.0417701 0.02532938 0.01383985 -0.03287577 0.02306785 0.003202308 -0.04081212 0.02451436 0.01344661 -0.03947977 0.02612799 0.01344661 -0.03947977 0.02612799 0.01344661 -0.03947977 0.02612799 0.01320848 -0.039654 0.02618805 0.01321196 -0.03966441 0.0262233 0.01321295 -0.03967783 0.02632376 0.01321295 -0.03967783 0.02632376 0.01320697 -0.03967443 0.02638845 0.01319613 -0.03966194 0.02645086 0.01314964 -0.03959331 0.02658847 0.01314964 -0.03959331 0.02658847 0.001930045 -0.04001974 0.02366986 0.0131195 -0.0395444 0.02663965 0.01334439 -0.03937522 0.02666693 0.01368673 -0.03931615 0.02649997 0.01368673 -0.03931615 0.02649997 0.01368673 -0.03931615 0.02649997 0.01368673 -0.03931615 0.02649997 0.01370385 -0.03933574 0.02644458 0.01370385 -0.03933574 0.02644458 0.01371474 -0.03934915 0.02638611 0.01371474 -0.03934915 0.02638611 0.01371474 -0.03934915 0.02638611 0.01371474 -0.03934915 0.02638611 0.001667486 -0.03983955 0.02355499 0.01371924 -0.03935612 0.0263259 0.01371924 -0.03935612 0.0263259 0.01371724 -0.03935652 0.02626536 0.01371724 -0.03935652 0.02626536 0.01371724 -0.03935652 0.02626536 0.01371724 -0.03935652 0.02626536 0.001441421 -0.03962328 0.02345381 -0.007837232 -0.01510179 0.006612287 -0.00453684 -0.02283223 0.006597874 -0.006359315 -0.01555373 0.005881225 -0.006359315 -0.01555373 0.005881225 0.0009658739 -0.03574453 0.01354833 0.0003726417 -0.03435918 0.01181623 -0.000315709 -0.03274856 0.01026967 -0.001084427 -0.03094705 0.008957747 -0.001914045 -0.02900026 0.007918799 -0.002781812 -0.02696162 0.007176687 -0.003663744 -0.02488753 0.006739086 -0.003129248 -0.02888264 0.008605199 -0.001821396 -0.03195083 0.01036448 -0.001232948 -0.03332888 0.01151368 -0.0004560814 -0.03514481 0.01352553 0.002772547 -0.03699804 0.0150495 0.002772547 -0.03699804 0.0150495 0.002509514 -0.03638583 0.01398242 0.002509514 -0.03638583 0.01398242 0.001743631 -0.03459854 0.01156378 0.001743631 -0.03459854 0.01156378 0.0008058243 -0.0324042 0.009461311 0.0008058243 -0.0324042 0.009461311 0.0002422538 -0.03108344 0.008503131 0.0002422538 -0.03108344 0.008503131 -0.0003541913 -0.02968431 0.007683474 -0.0003541913 -0.02968431 0.007683474 -0.009941041 -0.01374037 0.007888181 -0.0103546 -0.01281393 0.007853404 -0.01061205 -0.0122082 0.007766997 -0.01136428 -0.01044022 0.007232989 -0.01155497 -0.009992762 0.00699281 -0.01173277 -0.009575993 0.006705154 -0.01189527 -0.009195599 0.006365861 -0.01210519 -0.008705386 0.005750999 -0.01216495 -0.008566235 0.005515721 -0.01226741 -0.008328488 0.004996538 -0.009788692 -0.01370795 0.007637219 -0.01018059 -0.01278549 0.007532559 -0.01056242 -0.01188913 0.007332874 -0.01092183 -0.01104892 0.007019834 -0.01124608 -0.01029466 0.006575265 -0.01145633 -0.009807455 0.006139331 -0.01168649 -0.009275439 0.005419653 -0.01181499 -0.008978253 0.004767298 -0.0120401 -0.008857168 0.005970767 -0.01116306 -0.01091278 0.00742985 0.01083846 -0.02906953 0.02551912 0.01083846 -0.02906953 0.02551912 -0.009556395 -0.0146932 0.00794534 -0.009808997 -0.0131595 0.007349264 -0.009986095 -0.01274295 0.007269595 -0.01078788 -0.0108601 0.006467353 -0.01096931 -0.01043524 0.006112164 -0.01105255 -0.0102406 0.005907146 -0.01113069 -0.01005811 0.005680043 0.001323567 -0.01363831 0.001060389 0.005188768 -0.04173559 0.0272702 0.005188768 -0.04173559 0.0272702 -0.0007215613 -0.01371184 0.001065714 0.001255681 -0.03937973 0.02337137 -0.00722496 -0.01183362 0.00108108 -0.01043354 -0.009281061 0.00108746 -0.01171447 -0.007694003 0.00108958 -0.01275299 -0.005934693 0.001090954 -0.01372576 -0.003366405 0.00109156 -0.01418405 0.001153473 0.001089392 -0.01386039 0.003401944 0.001086894 -0.01317193 0.005582357 0.001083505 -0.01108372 0.009110761 0.001075508 -0.009687395 0.01059736 0.001070812 -0.008087212 0.01186744 0.001065749 -0.006918625 0.01258221 0.001062205 -0.001726165 0.01421446 0.00104762 0.004322656 0.01354711 0.001032524 0.01003094 0.009857209 0.00102055 0.01235042 0.006510789 0.001017049 0.01289813 0.00525522 0.00101657 0.01332319 0.003942502 0.001016445 0.01345779 -0.002825795 0.001021116 0.01068115 -0.008534664 0.001032495 0.006516026 -0.01200606 0.001045803 -0.01251454 -0.007249232 0.001091314 -0.01251454 -0.007249232 0.001091314 -0.01141301 -0.008842146 0.001089659 -0.01141301 -0.008842146 0.001089659 -0.00787719 -0.01196529 0.001082856 -0.00787719 -0.01196529 0.001082856 -0.00578225 -0.01305048 0.001078267 -0.00578225 -0.01305048 0.001078267 -0.00352304 -0.01378423 0.001072988 -0.00352304 -0.01378423 0.001072988 0.008207004 -0.01144472 0.001041028 0.008207004 -0.01144472 0.001041028 0.0108984 -0.008893954 0.001032201 0.0108984 -0.008893954 0.001032201 0.01236417 -0.006756136 0.001026843 0.01236417 -0.006756136 0.001026843 0.01294699 -0.005597101 0.001024482 0.01294699 -0.005597101 0.001024482 0.01404095 -0.001872922 0.001018909 0.01404095 -0.001872922 0.001018909 0.01419765 0.0007143845 0.001016588 0.01419765 0.0007143845 0.001016588 0.0141009 0.002008111 0.001015878 0.0141009 0.002008111 0.001015878 0.01312246 0.005764285 0.001015618 0.01312246 0.005764285 0.001015618 0.01257574 0.006940809 0.001016157 0.01257574 0.006940809 0.001016157 0.01117668 0.00912286 0.001018147 0.01117668 0.00912286 0.001018147 0.0103357 0.01011066 0.001019576 0.0103357 0.01011066 0.001019576 0.009409225 0.01101886 0.001021294 0.009409225 0.01101886 0.001021294 0.007330619 0.01256742 0.001025502 0.007330619 0.01256742 0.001025502 0.00377872 0.01413263 0.001033496 0.00377872 0.01413263 0.001033496 0.002516998 0.01443459 0.001036525 0.002516998 0.01443459 0.001036525 -0.002645821 0.01448442 0.001049787 -0.002645821 0.01448442 0.001049787 -0.005150336 0.01381652 0.001056734 -0.005150336 0.01381652 0.001056734 -0.01054659 0.0103124 0.001073239 -0.01054659 0.0103124 0.001073239 -0.01284746 0.007186372 0.001081481 -0.01284746 0.007186372 0.001081481 -0.01341681 0.00602065 0.001083812 -0.01341681 0.00602065 0.001083812 -0.01458931 0.0009924463 0.001090555 -0.01458931 0.0009924463 0.001090555 -0.01459434 -0.0003048761 0.00109153 -0.01459434 -0.0003048761 0.00109153 -0.01448264 -0.001597382 0.001092202 -0.01448264 -0.001597382 0.001092202 -0.01391353 -0.004126216 0.001092605 -0.01391353 -0.004126216 0.001092605 -0.01346079 -0.00534197 0.001092341 -0.01346079 -0.00534197 0.001092341 0.007424038 -0.01226693 0.001917264 0.007424038 -0.01226693 0.001917264 0.008411628 -0.01158912 0.001919037 0.008411628 -0.01158912 0.001919037 0.006406888 -0.01283899 0.001918381 0.006406888 -0.01283899 0.001918381 0.004674511 -0.04163385 0.02706883 0.004674511 -0.04163385 0.02706883 0.005574592 -0.01322572 0.00192081 0.005574592 -0.01322572 0.00192081 0.0007839468 -0.01437444 0.001934007 0.0007839468 -0.01437444 0.001934007 -0.007887365 -0.01223581 0.001954766 -0.007887365 -0.01223581 0.001954766 -0.01159449 -0.008991228 0.001961917 -0.01159449 -0.008991228 0.001961917 -0.01141121 -0.009407982 0.004133641 -0.009674952 -0.01107809 0.003697745 -0.006116144 -0.0132386 0.003108105 -0.002154631 -0.01432874 0.002801108 0.0002055104 -0.0144524 0.002771952 0.002917914 -0.01413362 0.002899573 0.003983991 -0.01386901 0.003015121 0.004097607 -0.01383617 0.003029641 0.004922888 -0.0135685 0.003182095 0.005799749 -0.01323705 0.003519787 0.006275415 -0.01304135 0.003917756 0.00637813 -0.0130001 0.004053246 0.005971788 -0.01328691 0.006669737 0.00622957 -0.01309606 0.00625513 0.003379954 -0.04161953 0.02498237 0.005947285 -0.01330956 0.00586412 0.005241409 -0.01373826 0.005520409 0.003831637 -0.01432309 0.005136853 0.003853648 -0.01416178 0.00462572 0.006485778 -0.01292496 0.006151295 0.006265453 -0.01310759 0.00526945 0.01302567 -0.03156473 0.02347148 0.005559402 -0.01348666 0.00493159 0.001180375 -0.03925113 0.02333829 0.00509794 -0.01368151 0.004695039 0.004588464 -0.01382946 0.004242704 0.003888499 -0.0140296 0.004072486 0.003935606 -0.01392986 0.003509059 0.005780297 -0.013478 0.006881412 0.005647161 -0.01357821 0.006606912 0.005352316 -0.01378998 0.006380333 0.0114945 -0.0294455 0.02563495 0.00466046 -0.01418628 0.005926694 0.004905104 -0.04175858 0.02724108 0.004905104 -0.04175858 0.02724108 0.004398502 -0.01428345 0.005719547 0.00414576 -0.01434041 0.005509075 0.005637658 -0.01366712 0.007054495 0.005637658 -0.01366712 0.007054495 0.005357414 -0.01394011 0.006882838 0.004931156 -0.01420765 0.006543641 0.002678989 -0.03283048 0.02616825 0.004385107 -0.01443397 0.006083482 0.003830408 -0.01461406 0.005769423 0.005537754 -0.01385887 0.00719525 0.0048928 -0.01431612 0.006656027 0.004384877 -0.01455654 0.006283223 0.003835106 -0.01467065 0.005855685 0.005493932 -0.01399276 0.007273389 0.005289762 -0.01419264 0.007103351 0.004934998 -0.01440062 0.006801243 0.01405362 -0.03776765 0.02653555 0.01405362 -0.03776765 0.02653555 0.01405362 -0.03776765 0.02653555 0.003947822 -0.04211116 0.02655336 0.000566615 -0.03782217 0.02329108 0.003964856 -0.01469337 0.006001833 0.00548048 -0.01405655 0.007304852 0.006327623 -0.03073957 0.0260418 0.006327623 -0.03073957 0.0260418 0.0003016691 -0.03719716 0.02344308 4.927821e-05 -0.03660101 0.02369769 -0.0001845597 -0.03604791 0.02404885 -0.0003611958 -0.03562944 0.02440928 -0.0005181662 -0.03525692 0.02482502 -0.0005181662 -0.03525692 0.02482502 0.004316259 -0.01469644 0.006353772 -0.0005710707 -0.03509791 0.0250326 0.003860231 -0.01485229 0.006058448 0.005468934 -0.01423778 0.007373518 0.005468934 -0.01423778 0.007373518 0.005291528 -0.01435555 0.007196808 0.01402116 -0.03771794 0.02654563 0.01402116 -0.03771794 0.02654563 0.004873274 -0.01457672 0.00683549 0.01400594 -0.03429807 0.02342033 0.004318506 -0.01477492 0.006401336 -0.0005749359 -0.03496885 0.02519921 0.003868195 -0.01489433 0.006089607 0.003512476 -0.04128154 0.02512332 0.01144512 -0.02920682 0.02566186 0.00177869 -0.04050522 0.02333697 0.003880645 -0.0149533 0.006123482 0.005468643 -0.01433284 0.007386107 0.005468643 -0.01433284 0.007386107 0.005468643 -0.01433284 0.007386107 0.01268734 -0.03015421 0.02413521 0.004896707 -0.01467957 0.006869794 0.004338942 -0.01488254 0.006442958 0.003298216 -0.04149188 0.0241796 0.005503805 -0.01443964 0.00741293 0.01323985 -0.03797259 0.02698201 0.01323985 -0.03797259 0.02698201 0.01323985 -0.03797259 0.02698201 0.004728674 -0.01483824 0.006719926 0.001077503 -0.03979483 0.02318215 0.012627 -0.0383934 0.02725019 0.005493459 -0.03188119 0.02605964 0.005536661 -0.01453014 0.007417224 -0.0002625589 -0.03463906 0.0254846 0.003921911 -0.01511325 0.006156612 0.0133915 -0.03788718 0.02688089 0.0133915 -0.03788718 0.02688089 0.0133915 -0.03788718 0.02688089 0.006158449 -0.01309 0.003791834 0.006025814 -0.01314537 0.00367528 0.01136958 -0.02965807 0.02551859 0.005674994 -0.0132861 0.003450643 0.005542196 -0.01333766 0.003386992 0.005251043 -0.01344876 0.003275437 0.00448225 -0.0137169 0.003089642 0.0118398 -0.02956211 0.02535468 0.004221935 -0.01379878 0.003046923 0.01190007 -0.0295603 0.0253193 0.01196039 -0.02956412 0.02527656 0.003825697 -0.01450483 0.005570232 0.01198695 -0.02956873 0.02525395 0.01401896 -0.0363934 0.02438106 -0.0006218265 -0.03492515 0.02527403 0.003841461 -0.0147285 0.005932383 0.01201157 -0.0295754 0.02522989 0.003853131 -0.01481056 0.006021671 0.01375722 -0.0368194 0.02495402 0.003907678 -0.01506283 0.006155613 0.01203461 -0.02958438 0.02520392 0.0120979 -0.02962764 0.0251102 0.005701117 -0.01357556 0.006975049 0.006207248 -0.01310201 0.00642595 0.006489256 -0.01295769 0.004239458 0.006467365 -0.0129659 0.004198498 0.01149627 -0.03127327 0.01351788 0.01090304 -0.02988792 0.01178579 0.01021469 -0.02827731 0.01023922 0.009445969 -0.0264758 0.0089273 0.008616353 -0.02452901 0.007888352 0.007748585 -0.02249037 0.00714624 0.006866653 -0.02041627 0.006708639 0.005993557 -0.01836098 0.006567427 0.00720327 -0.02419959 0.006809022 0.00720327 -0.02419959 0.006809022 0.007787727 -0.02557216 0.007383372 0.007787727 -0.02557216 0.007383372 0.008394716 -0.0269965 0.008146837 0.008394716 -0.0269965 0.008146837 0.008971815 -0.02834948 0.009053235 0.008971815 -0.02834948 0.009053235 0.009511532 -0.02961352 0.01009 0.009511532 -0.02961352 0.01009 0.01198547 -0.03241272 0.01538034 0.01288898 -0.03140064 0.02355643 0.0134146 -0.0326408 0.02322511 0.01196301 -0.02912193 0.02542697 0.01364114 -0.03317442 0.02321213 -0.0006317089 -0.03444095 0.02560425 0.01387905 -0.03683245 0.02493416 0.01395998 -0.0339923 0.02333619 0.01386964 -0.03762186 0.02652281 0.01386964 -0.03762186 0.02652281 0.01395221 -0.03491506 0.02363511 0.002803111 -0.0330567 0.02598497 0.01363048 -0.0365139 0.02460449 0.01380517 -0.03734813 0.02583417 0.01389152 -0.03742292 0.0260749 0.005382546 -0.03223338 0.02548192 0.005395506 -0.03226208 0.02540321 0.005395506 -0.03226208 0.02540321 0.005401077 -0.03227203 0.02523169 0.005393333 -0.03225264 0.02514953 0.008156319 -0.03112366 0.02536807 0.008161229 -0.03115542 0.02528962 0.01165261 -0.0289184 0.02538561 0.008152118 -0.03117093 0.02511867 0.008152118 -0.03117093 0.02511867 0.008181275 -0.0311133 0.02498272 0.004373034 -0.04182587 0.02700696 0.004373034 -0.04182587 0.02700696 0.0006601996 -0.03459672 0.02476814 0.0006462297 -0.03461214 0.02490113 0.0006462297 -0.03461214 0.02490113 0.01399364 -0.03755895 0.02637098 0.01399364 -0.03755895 0.02637098 0.01399364 -0.03755895 0.02637098 0.000610705 -0.03458755 0.02502862 0.005822791 -0.03204134 0.02548904 0.005822791 -0.03204134 0.02548904 0.01094231 -0.03023607 0.02476113 0.01094231 -0.03023607 0.02476113 0.01092835 -0.03022353 0.02469756 0.01091101 -0.03019934 0.02463458 0.01091101 -0.03019934 0.02463458 0.01091101 -0.03019934 0.02463458 0.01021593 -0.02742446 0.02214537 0.01021593 -0.02742446 0.02214537 -0.0005129789 -0.03484713 0.02533168 0.01033886 -0.02585734 0.01923506 0.01069679 -0.02592196 0.01911905 0.0108386 -0.02598606 0.01905267 0.01094504 -0.02605898 0.01898967 0.01206696 -0.0284897 0.02314055 0.01166671 -0.02818734 0.0233924 0.01158314 -0.02816255 0.02342463 0.01096754 -0.02813856 0.0235779 0.01047775 -0.02823279 0.02363968 -0.0007735022 -0.03216113 0.02231878 -0.0007735022 -0.03216113 0.02231878 -0.0006734091 -0.03217333 0.02243609 -0.0006734091 -0.03217333 0.02243609 -0.0003124558 -0.03212852 0.02272516 -0.0003124558 -0.03212852 0.02272516 -0.0002243075 -0.032102 0.02277168 -0.0002243075 -0.032102 0.02277168 0.004131869 -0.04176576 0.02667625 0.004131869 -0.04176576 0.02667625 0.0001023202 -0.0319597 0.02287496 0.0001023202 -0.0319597 0.02287496 0.0001023202 -0.0319597 0.02287496 0.01012099 -0.02585977 0.01928352 0.0105413 -0.02588066 0.01917647 0.01103939 -0.02615202 0.01891876 0.01110745 -0.02624704 0.01885278 0.0111648 -0.02635988 0.01877979 0.009929811 -0.02775586 0.02261793 0.009929811 -0.02775586 0.02261793 0.01004662 -0.0276599 0.02249473 0.01004662 -0.0276599 0.02249473 0.01009611 -0.02760943 0.02242516 0.01009611 -0.02760943 0.02242516 0.0101392 -0.02755752 0.02235057 0.0101392 -0.02755752 0.02235057 0.01008099 -0.02382958 0.01551971 0.008599434 -0.02035411 0.01349347 0.004831545 -0.03014214 0.02391504 0.004831545 -0.03014214 0.02391504 0.004831545 -0.03014214 0.02391504 -0.0004647642 -0.03287904 0.02367132 -0.001071867 -0.03194451 0.02169706 -0.001071867 -0.03194451 0.02169706 0.008047644 -0.01905669 0.0131828 0.0074553 -0.01774269 0.01339577 0.007433054 -0.0177522 0.01348791 0.007310316 -0.01780439 0.01376118 0.007225004 -0.0178407 0.01387192 0.007125444 -0.017883 0.01396712 -0.0007347328 -0.03305927 0.02363726 -0.0009680488 -0.03324803 0.02359034 -0.001134555 -0.03341778 0.02353824 0.007057764 -0.01791174 0.01401831 0.006988418 -0.01794122 0.0140624 -0.00135994 -0.03379072 0.02339174 -0.001380217 -0.03385829 0.0233605 0.006394007 -0.01819364 0.01424753 0.006394007 -0.01819364 0.01424753 0.006893575 -0.0193697 0.01433925 0.006893575 -0.0193697 0.01433925 -0.001382001 -0.03421931 0.02316929 0.008297693 -0.02266892 0.01565913 0.008297693 -0.02266892 0.01565913 0.008708356 -0.02363171 0.01640807 0.008708356 -0.02363171 0.01640807 0.009080131 -0.02450201 0.01728394 0.009080131 -0.02450201 0.01728394 -0.002374711 -0.03184778 0.0189575 -0.002375892 -0.03171514 0.01902815 0.01385261 -0.03590139 0.02414122 0.009407983 -0.02526795 0.01826888 0.009407983 -0.02526795 0.01826888 -0.002331319 -0.03151371 0.0191249 -0.002301578 -0.03144116 0.01915661 -0.002223111 -0.03130048 0.01921338 -0.002164824 -0.03121872 0.01924349 -0.002098797 -0.03113872 0.01927088 0.01359386 -0.03208311 0.02297629 0.003489898 -0.04105979 0.02488307 -0.002163967 -0.03045823 0.0184306 0.003435262 -0.04137595 0.02510178 -0.002416333 -0.02985251 0.0176063 -0.002577268 -0.02911029 0.01690997 -0.002981299 -0.0284747 0.01621592 -0.003283395 -0.02773339 0.01566293 -0.003479864 -0.02687306 0.0152319 -0.003795182 -0.02609589 0.014865 -0.004123795 -0.02529276 0.01458117 -0.004789733 -0.02369144 0.01428037 -0.00279683 -0.02927941 0.0168377 0.01415975 -0.03743407 0.02491927 -0.003727507 -0.02702346 0.0151512 -0.004051561 -0.02623989 0.0147837 0.002264926 -0.0405031 0.02389308 -0.004388019 -0.02543021 0.01449982 -0.004723142 -0.02462838 0.01430787 -0.005065379 -0.02381539 0.01419942 -0.002393735 -0.03068912 0.0183442 -0.002653067 -0.0300759 0.01750927 -0.00293269 -0.02941035 0.01676774 -0.003237535 -0.0286816 0.01610209 -0.003550804 -0.02793126 0.01554308 -0.003882631 -0.02713634 0.01506703 0.002733317 -0.03293635 0.02612182 -0.004212996 -0.02634603 0.0146966 0.003585661 -0.04150802 0.02544535 -0.004555488 -0.02552898 0.01441051 -0.004895883 -0.02471952 0.01421714 -0.00524275 -0.02389855 0.01410783 0.003550949 -0.04179374 0.02568575 0.003550949 -0.04179374 0.02568575 0.003550949 -0.04179374 0.02568575 0.01443794 -0.03473828 0.02302287 0.01443794 -0.03473828 0.02302287 -0.002538026 -0.03091557 0.01823674 -0.00280324 -0.03029365 0.01738731 -0.003090056 -0.02961872 0.01663225 -0.003403394 -0.02887945 0.01595363 -0.003725731 -0.02811775 0.01538302 -0.004067333 -0.02730985 0.01489648 -0.004407367 -0.02650561 0.01451742 -0.004759563 -0.02567311 0.01422435 -0.00510906 -0.02484747 0.01402619 -0.00546458 -0.02400917 0.01391399 -0.002610181 -0.03116804 0.01809211 -0.002881417 -0.03053466 0.01722235 -0.003175098 -0.02984749 0.01644744 -0.003484771 -0.02903942 0.01580734 -0.003827586 -0.02831717 0.01515986 -0.004179134 -0.02749125 0.01465588 -0.004529607 -0.0266672 0.01426201 -0.004870939 -0.02577912 0.01403398 -0.005228668 -0.02493664 0.01382978 -0.005620692 -0.02409947 0.01363238 -0.003342834 -0.02958857 0.01598296 0.01283545 -0.03816942 0.02710474 0.01283545 -0.03816942 0.02710474 -0.005097038 -0.02541744 0.0137745 -0.002354073 -0.03196292 0.01889167 -0.002985413 -0.03051527 0.01653397 -0.003620077 -0.02903018 0.01512095 -0.004022394 -0.02804888 0.01468917 -0.004747552 -0.0263465 0.01386037 -0.005493573 -0.02459235 0.01342407 0.01068997 -0.02528771 0.01738635 -0.0039061 -0.02532067 0.01464516 -0.0039061 -0.02532067 0.01464516 -0.003435277 -0.02642605 0.01509002 -0.003435277 -0.02642605 0.01509002 -0.002991565 -0.02746633 0.01569408 -0.002991565 -0.02746633 0.01569408 -0.00258094 -0.0284276 0.0164426 -0.00258094 -0.0284276 0.0164426 0.01049263 -0.0247924 0.01649501 0.009857989 -0.02330737 0.01508198 0.01382803 -0.03541256 0.02385408 -0.001945334 -0.03098366 0.01931813 0.008781943 -0.02081815 0.01388985 0.008036216 -0.01906527 0.01341256 -0.002354201 -0.03158787 0.01909078 0.005166906 -0.04168458 0.02728081 0.005166906 -0.04168458 0.02728081 0.005166906 -0.04168458 0.02728081 0.005166906 -0.04168458 0.02728081 -7.600727e-05 -0.03382331 0.0257103 0.004065585 -0.04190232 0.0267546 0.004065585 -0.04190232 0.0267546 -0.0007497336 -0.0341744 0.02543873 0.003956025 -0.04185878 0.02658795 0.003956025 -0.04185878 0.02658795 -0.002313276 -0.0320827 0.01881876 -0.002622954 -0.03136148 0.01762659 0.0002699949 -0.03777968 0.02321961 0.01390176 -0.03778089 0.0267131 0.01390176 -0.03778089 0.0267131 0.01390176 -0.03778089 0.0267131 0.01390176 -0.03778089 0.0267131 0.0112146 -0.02927305 0.02572336 0.000138139 -0.03779651 0.02301519 0.01339884 -0.03221723 0.02324518 -0.000112747 -0.03637688 0.02383461 0.001279155 -0.04009219 0.02313005 0.003019285 -0.04127212 0.02389067 0.003019285 -0.04127212 0.02389067 0.001769279 -0.04033328 0.02359541 0.004676902 -0.04172061 0.02715045 0.004676902 -0.04172061 0.02715045 -0.003397076 -0.0295524 0.01555867 0.003665047 -0.04173315 0.02595528 0.003665047 -0.04173315 0.02595528 -0.003853696 -0.02848271 0.01471982 -0.00434994 -0.02731863 0.01403766 -0.004878634 -0.02607693 0.01353244 -0.005152309 -0.02543361 0.01335187 -0.005430424 -0.0247795 0.01322177 -0.001070583 -0.03493126 0.02479643 -0.001070583 -0.03493126 0.02479643 -0.005986406 -0.02345007 0.01327895 -0.005965226 -0.02344112 0.01342557 0.004240643 -0.04173663 0.02674822 0.004240643 -0.04173663 0.02674822 0.004240643 -0.04173663 0.02674822 -0.005894751 -0.02341129 0.01365451 0.01200409 -0.02951614 0.02530504 0.009465382 -0.02247343 0.0148307 -0.005786289 -0.02336529 0.01384208 0.01418889 -0.03360304 0.02308724 0.01180767 -0.02907308 0.0254902 0.00835577 -0.01992165 0.01378329 -0.005421026 -0.02321033 0.01413659 -0.005303083 -0.02316025 0.01418656 0.01404657 -0.03668753 0.02458763 0.002887077 -0.04123618 0.02399382 -0.005176241 -0.02310644 0.01422683 0.010553 -0.02514813 0.01753186 0.01020364 -0.02433284 0.01655553 -0.005567263 -0.02327238 0.01405162 -0.005633488 -0.02330048 0.01400161 -0.005694947 -0.02332653 0.01394639 0.009891972 -0.02360465 0.01585196 -0.005862624 -0.02339766 0.01372138 0.009509253 -0.02279096 0.01529198 -0.005922675 -0.0234231 0.01358303 0.009215111 -0.02202089 0.01471954 0.008857678 -0.02118335 0.01429639 -0.005993874 -0.02345321 0.01311736 0.01372358 -0.0358838 0.02412004 0.008461614 -0.0203379 0.0140534 0.007950821 -0.01905404 0.01367789 -0.01362218 -0.005414867 0.01341906 -0.01358237 -0.005398015 0.01357398 -0.01352588 -0.005374089 0.01371069 -0.01349104 -0.005359283 0.01377381 0.007736555 -0.01863493 0.01369263 0.01076952 -0.02595099 0.01908706 -0.01309104 -0.00518956 0.01413529 -0.01297017 -0.005138251 0.01418823 0.002192499 0.01380036 0.01419254 0.01381658 -0.03658636 0.02468482 -0.01349297 -0.002913927 0.01424533 -5.696617e-05 0.01411832 0.01416473 -5.696617e-05 0.01411832 0.01416473 -0.002328851 0.01394868 0.01417071 -0.004542036 0.01340817 0.01417681 -0.006636346 0.0125114 0.01418287 -0.008554952 0.01128276 0.01418873 -0.01024556 0.009755607 0.01419421 -0.01166237 0.007971537 0.01419919 -0.01276684 0.005978835 0.01420351 -0.01352895 0.003831881 0.01420707 -0.01392798 0.001588855 0.01420975 -0.01395312 -0.0006892343 0.01421151 0.002654867 -0.04104015 0.02398699 0.002248664 0.01412327 0.0140787 -5.47671e-05 0.01443273 0.01403768 -5.47671e-05 0.01443273 0.01403768 -0.004641931 0.01370646 0.01405004 -0.006783909 0.0127893 0.01405624 -0.01424146 0.001618132 0.01408372 -0.01381205 -0.002990811 0.01413276 0.01223182 -0.0292336 0.02519956 0.01207143 -0.02937506 0.02535039 0.002288134 0.01435088 0.01394184 -5.395695e-05 0.01456348 0.01394772 -5.395695e-05 0.01456348 0.01394772 -0.00238871 0.01432381 0.01399884 -0.004683552 0.01383045 0.01396019 -0.006845369 0.01290484 0.01396645 -0.008785961 0.0115846 0.01401735 -0.01052308 0.01001552 0.014023 -0.01197881 0.008182359 0.0140281 -0.01311363 0.006134874 0.01403254 -0.01389668 0.003928876 0.01403619 -0.01437193 0.001630278 0.01399419 -0.01433252 -0.0007165186 0.01404076 -0.01403717 -0.003045086 0.01399679 0.01334564 -0.03806723 0.02712255 0.01334564 -0.03806723 0.02712255 0.01334564 -0.03806723 0.02712255 0.01334564 -0.03806723 0.02712255 0.01163391 -0.02959231 0.02544296 0.01343395 -0.0382463 0.02711893 0.01343395 -0.0382463 0.02711893 0.01343395 -0.0382463 0.02711893 0.01343395 -0.0382463 0.02711893 0.01177555 -0.02956834 0.02538664 0.01371951 -0.03767127 0.02656907 0.002313327 0.01449721 0.0137961 -5.313088e-05 0.01471197 0.01380203 -5.313088e-05 0.01471197 0.01380203 -0.002422691 0.0145351 0.01380827 0.004860702 -0.04159941 0.02716593 0.004860702 -0.04159941 0.02716593 -0.004730968 0.01397133 0.01381464 -0.006915303 0.01303606 0.01382096 -0.008916346 0.01175459 0.01382707 -0.01067961 0.01016181 0.01383279 -0.01215729 0.008301028 0.01383797 -0.01330923 0.006222707 0.01384248 -0.01410408 0.00398346 0.01384619 -0.01452027 0.001644045 0.01384899 -0.01454649 -0.0007319467 0.01385082 -0.01418202 -0.003080016 0.01385162 0.01355291 -0.03803046 0.0270523 0.01355291 -0.03803046 0.0270523 0.01351792 -0.03785099 0.02689236 0.01351792 -0.03785099 0.02689236 0.01351792 -0.03785099 0.02689236 0.0110608 -0.02967482 0.02567287 0.01362111 -0.03296891 0.02320313 0.01223133 -0.0298434 0.02478816 0.002332601 0.01460987 0.01361631 0.003269285 -0.04150486 0.02423643 0.003269285 -0.04150486 0.02423643 -5.269963e-05 0.0148264 0.0136223 -5.269963e-05 0.0148264 0.0136223 -0.002441048 0.01464806 0.01362859 -0.004767685 0.01407984 0.013635 -0.006969371 0.01313714 0.01364138 -0.008986311 0.01184548 0.01364753 0.00374007 -0.04189404 0.02627719 0.00374007 -0.04189404 0.02627719 -0.0107636 0.01024006 0.0136533 -0.01225301 0.008364477 0.01365852 -0.01341412 0.006269684 0.01366307 -0.01421527 0.004012608 0.0136668 -0.01463476 0.001654609 0.01366963 -0.0146612 -0.0007402511 0.01367147 -0.01429383 -0.003106988 0.01367228 0.01406906 -0.03549059 0.0238584 0.01100569 -0.02944632 0.0257773 0.01413728 -0.03770595 0.02634454 0.01413728 -0.03770595 0.02634454 0.0139992 -0.0336537 0.02324725 0.002345158 0.01468496 0.0133984 -5.264078e-05 0.01490257 0.01340442 -5.264078e-05 0.01490257 0.01340442 -0.002453574 0.01472336 0.01341074 -0.004792429 0.01415214 0.01341719 -0.007005656 0.01320442 0.01342359 -0.00903321 0.01190601 0.01342978 -0.01081983 0.01029214 0.01343557 -0.01231709 0.008406747 0.01344083 -0.01348427 0.006300869 0.01344539 -0.01428965 0.004031994 0.01344915 -0.01471135 0.001661606 0.013452 -0.01473791 -0.0007458693 0.01345385 -0.01436861 -0.003125051 0.01345466 -0.00731937 0.01169465 0.01426073 -0.00731937 0.01169465 0.01426073 -0.009048227 0.01040572 0.01426614 -0.009048227 0.01040572 0.01426614 0.0103244 -0.02503147 0.01768937 0.009980032 -0.02423194 0.01673732 0.009672709 -0.02351843 0.01605331 0.009341073 -0.022748 0.01544954 -0.01353695 -0.001215803 0.01428632 -0.01353695 -0.001215803 0.01428632 -0.01312341 -0.003332263 0.01428682 -0.01312341 -0.003332263 0.01428682 0.009006701 -0.02197037 0.01495738 -0.01283973 -0.005082906 0.01423073 0.008656238 -0.02115407 0.0145499 0.008307596 -0.02034023 0.01424286 -0.01323693 -0.005251519 0.01404726 -0.0133028 -0.005279451 0.0139955 -0.01336375 -0.005305306 0.01393837 -0.01345228 -0.005342866 0.01383268 0.007950156 -0.01950412 0.01402238 0.007595943 -0.01867303 0.01389287 0.01041904 -0.0256702 0.0188194 -0.01364153 -0.005422997 0.01327823 -0.01364837 -0.005425835 0.01312373 -0.01472006 -0.001350277 0.01312347 -0.01479635 0.0009952591 0.01312193 -0.01449694 0.003322878 0.01311943 -0.01382954 0.005572793 0.01311605 -0.01146829 0.009611723 0.01310697 -0.007953694 0.0126998 0.01309563 -0.005872307 0.01378392 0.01308946 0.01412805 -0.03495182 0.02363773 0.002877727 0.01461898 0.0130663 0.0046859 0.01411101 0.01306201 0.004684349 0.01410563 0.01320332 0.004678987 0.01408956 0.0133333 0.004657601 0.01402717 0.0135613 0.004623099 0.01392777 0.01375015 0.01260119 -0.03833291 0.02720535 0.004576887 0.01379519 0.01390396 0.00427633 -0.03160976 0.0260492 0.004549794 0.01371767 0.01396897 0.004520181 0.01363312 0.01402651 0.004453858 0.01344376 0.01412026 0.01006318 -0.02498363 0.01780665 0.004295113 0.0129914 0.01422984 0.004295113 0.0129914 0.01422984 0.008217106 -0.01054598 0.01419504 0.009884619 -0.009021218 0.01418962 0.01127896 -0.007243292 0.01418471 0.01236227 -0.005260445 0.01418045 0.01310515 -0.003126597 0.01417695 0.01348736 -0.0008995844 0.01417432 0.01381781 -0.03761599 0.02650114 0.01381781 -0.03761599 0.02650114 0.01381781 -0.03761599 0.02650114 0.003517116 -0.04161279 0.02540596 0.01235431 -0.0297694 0.02477062 0.01361189 0.001368637 0.01413895 0.01324876 0.003617741 0.01413822 0.01252107 0.005776688 0.0141385 0.01144864 0.007786687 0.01413977 0.01006054 0.009593258 0.01414201 0.008394545 0.01114722 0.01414516 0.00649587 0.01240638 0.01414911 -0.0005622206 -0.03492535 0.02525093 0.00841737 -0.01080544 0.01408127 0.01012478 -0.009244214 0.01407571 0.01155248 -0.007423774 0.01407068 0.01266171 -0.005393487 0.01406632 0.01393931 -0.03662077 0.0246525 0.01342235 -0.0032086 0.01406274 0.01381371 -0.0009283104 0.01406005 0.010293 0.009804665 0.01401444 0.01397097 -0.03705362 0.02519518 0.01105158 -0.02962406 0.02571305 0.004857675 -0.04156421 0.02711923 0.004857675 -0.04156421 0.02711923 0.01235697 -0.02933488 0.02499011 0.004727731 -0.04188963 0.0271786 0.004727731 -0.04188963 0.0271786 0.01222483 -0.02911865 0.02514734 0.008558447 -0.01098846 0.01394445 0.01029397 -0.009401493 0.0139388 0.0117452 -0.007551079 0.01393369 0.0128727 -0.005487347 0.01392926 0.01364586 -0.003266434 0.01392562 0.01404369 -0.0009486416 0.01392288 0.01399025 0.001397926 0.01396621 0.01361713 0.003708876 0.01396546 0.01286943 0.005927191 0.01396574 0.0117675 0.007992467 0.01396705 0.01038955 0.009892618 0.01392427 0.008629468 0.01144534 0.01397258 0.006678598 0.01273912 0.01397665 0.003535738 -0.0419409 0.02546304 0.003535738 -0.0419409 0.02546304 0.003535738 -0.0419409 0.02546304 0.003535738 -0.0419409 0.02546304 0.0110685 -0.02975161 0.02557685 0.01340537 -0.03817168 0.02714024 0.01340537 -0.03817168 0.02714024 0.01367401 -0.03799995 0.02698364 0.01367401 -0.03799995 0.02698364 0.01337789 -0.03811802 0.02713888 0.01337789 -0.03811802 0.02713888 0.003385476 -0.04149462 0.02505375 0.01313547 -0.03810793 0.02715015 0.01313547 -0.03810793 0.02715015 0.01313547 -0.03810793 0.02715015 0.01313547 -0.03810793 0.02715015 0.008648974 -0.01110613 0.01379874 0.0104026 -0.009502657 0.01379303 0.01186893 -0.007632941 0.01378786 0.01300817 -0.005547715 0.01378338 0.01378938 -0.003303652 0.01377971 0.01419135 -0.0009617072 0.01377694 0.01420314 0.001414373 0.01377515 0.0138244 0.00376016 0.01377439 0.01306544 0.006011877 0.01377467 0.01194689 0.008108303 0.01377601 0.01049916 0.009992478 0.01377834 0.008761572 0.01161321 0.01378162 0.006781287 0.01292651 0.01378575 0.008078718 -0.03024098 0.02612088 0.01359302 -0.03810949 0.02704714 0.01359302 -0.03810949 0.02704714 0.01359302 -0.03810949 0.02704714 0.01359302 -0.03810949 0.02704714 0.00333759 -0.04109443 0.02481446 0.01375371 -0.03291252 0.02314826 0.003947891 -0.04206724 0.02659532 0.003947891 -0.04206724 0.02659532 0.003947891 -0.04206724 0.02659532 0.008718567 -0.01119686 0.01361898 0.01048613 -0.009580661 0.01361322 0.0119641 -0.00769606 0.01360802 0.0131124 -0.005594289 0.0136035 0.01389984 -0.003332432 0.0135998 0.01430498 -0.0009718408 0.01359701 0.01431687 0.001423112 0.0135952 0.01393513 0.003787515 0.01359443 0.01317013 0.006057139 0.01359472 0.01204271 0.008170196 0.01359606 0.01095324 -0.02929353 0.02575916 0.01095324 -0.02929353 0.02575916 0.01095324 -0.02929353 0.02575916 0.002718333 -0.04070745 0.02419934 0.01058346 0.01006936 0.01359842 0.008832059 0.01170299 0.01360172 0.006836041 0.01302671 0.01360588 0.01440624 -0.03449332 0.02327092 0.004706352 -0.04183536 0.0271839 0.004706352 -0.04183536 0.0271839 0.01215917 -0.02911773 0.02524703 0.003933481 -0.04194689 0.02660513 0.003933481 -0.04194689 0.02660513 0.003933481 -0.04194689 0.02660513 7.663679e-05 -0.03705321 0.0234841 0.01204107 -0.02906816 0.02533755 -0.000139488 -0.03707105 0.02329627 -0.0003728671 -0.03400988 0.02565251 0.01404777 -0.03758986 0.0263729 0.01404777 -0.03758986 0.0263729 0.01404777 -0.03758986 0.0263729 0.01404777 -0.03758986 0.0263729 0.008764724 -0.01125745 0.01340107 -0.001095436 -0.03466222 0.02502558 -0.001095436 -0.03466222 0.02502558 -0.001095436 -0.03466222 0.02502558 0.01054155 -0.009632713 0.01339529 0.01098575 -0.02938405 0.02577799 0.01188693 -0.0289302 0.02530525 0.002508821 -0.03242704 0.02595956 0.0008507523 -0.03925688 0.02317694 0.01202731 -0.00773826 0.01339006 0.01318164 -0.005625421 0.01338552 0.01397319 -0.003351634 0.0133818 0.01438049 -0.0009786822 0.01337899 0.0143924 0.001428905 0.01337718 0.01400867 0.003805718 0.0133764 0.01323965 0.006087263 0.01337669 0.01210632 0.008211407 0.01337804 0.0106394 0.01012056 0.01338041 0.008878809 0.01176274 0.01338373 0.006878887 0.01310566 0.01332833 0.009721156 -0.02419775 0.01687138 0.007640789 0.01268231 0.01305546 0.009415519 -0.02349705 0.01620029 0.009085777 -0.02274107 0.01560867 0.01248718 0.007658872 0.01304669 0.01350072 0.005542214 0.01304565 0.01416309 0.003290829 0.01304561 0.01445729 0.0009625247 0.01304657 0.01437576 -0.001382871 0.01304852 0.01392057 -0.003685095 0.0130514 0.01310344 -0.005885037 0.01305514 0.008753777 -0.02197875 0.01512703 0.008406543 -0.02117921 0.01472873 0.008733288 -0.01132784 0.01307043 0.008062018 -0.02038261 0.01442896 0.006747985 -0.0125735 0.0133846 0.006726597 -0.01253284 0.01354185 0.006696213 -0.01247554 0.01368032 0.0066111 -0.01231593 0.01390611 0.006575935 -0.01225016 0.01396772 0.007709819 -0.01956457 0.01421381 0.007361787 -0.01875151 0.01408758 0.009874654 -0.02498038 0.01786835 0.00961555 -0.008939888 0.01423234 0.00961555 -0.008939888 0.01423234 0.01202982 -0.005382746 0.0142235 0.01202982 -0.005382746 0.0142235 0.01278069 -0.003361271 0.01422006 0.01278069 -0.003361271 0.01422006 0.01319895 -0.001245759 0.01421742 0.01319895 -0.001245759 0.01421742 0.01327385 0.0009094362 0.01421564 0.01327385 0.0009094362 0.01421564 0.01300353 0.003048872 0.01421475 0.01300353 0.003048872 0.01421475 0.01239487 0.005117672 0.01421479 0.01239487 0.005117672 0.01421479 0.01023346 0.008833833 0.01421761 0.01023346 0.008833833 0.01421761 0.008565225 -0.02200973 0.0152114 0.008218389 -0.02121964 0.01481629 0.005099914 0.01267912 0.014228 0.005099914 0.01267912 0.014228 0.007874806 -0.02043231 0.01451887 0.004378599 0.01322918 0.01418733 0.007524274 -0.01962347 0.01430533 0.004191493 -0.04178305 0.02679194 0.004191493 -0.04178305 0.02679194 0.004191493 -0.04178305 0.02679194 0.007178648 -0.01881936 0.01418007 0.01003151 -0.02566349 0.01891943 0.009602225 -0.02500793 0.01793382 0.004601366 0.01386539 0.01383118 0.009396218 -0.02422211 0.01697743 0.004641897 0.01398187 0.01366037 0.00908957 -0.02353449 0.01631427 0.004670027 0.01406322 0.01345245 0.00875855 -0.02279297 0.01572916 0.008285828 -0.02208074 0.01529336 0.004938591 -0.0139426 0.01421535 0.004974001 -0.01316335 0.01421911 0.001510989 -0.04030743 0.02323203 0.005336404 -0.01250357 0.01421469 0.01412038 -0.03701291 0.02476892 0.01087591 -0.02912383 0.02563156 0.005208442 -0.03127263 0.02616423 0.0142195 -0.03360066 0.02303045 -0.0009286609 -0.03522824 0.02466639 0.0001164631 -0.03420576 0.02577598 0.01419069 -0.03754134 0.02604967 0.01419069 -0.03754134 0.02604967 0.01407119 -0.03433997 0.02343728 0.005248438 -0.01404981 0.01412914 0.005222749 -0.01356094 0.01412693 0.002551251 -0.03254653 0.02610479 0.005277458 -0.01323801 0.0141292 0.00541142 -0.01293179 0.01412678 0.00448843 -0.04178818 0.02707128 0.00448843 -0.04178818 0.02707128 0.00448843 -0.04178818 0.02707128 0.005631409 -0.01264096 0.01412026 0.00603508 -0.01230134 0.01410777 0.005474616 -0.01414108 0.01402743 0.004103019 -0.04179959 0.02670719 0.004103019 -0.04179959 0.02670719 0.01085614 -0.02909202 0.02557793 0.01268809 -0.03853716 0.02726484 0.005429882 -0.03179244 0.0262087 0.006545886 -0.012194 0.01401184 0.005486576 -0.01388061 0.01398712 0.005472054 -0.01357694 0.01399599 0.00552349 -0.0132964 0.01399922 0.005642616 -0.0130305 0.0139964 0.005836741 -0.01277641 0.0139883 0.01248527 -0.02958007 0.02466498 0.006239878 -0.01252725 0.01392301 0.0056652 -0.01409704 0.01386694 0.005678679 -0.0138614 0.0138154 0.005672012 -0.01358943 0.0138242 0.005722383 -0.01334132 0.01382754 0.005830703 -0.01310664 0.01382488 0.005385543 -0.04150929 0.0272848 0.006004032 -0.01288112 0.01381704 0.006657545 -0.01240292 0.01380135 0.005816378 -0.01406371 0.01366112 0.005778434 -0.01385258 0.01366837 0.005776519 -0.01359591 0.01367541 -7.719163e-06 -0.03398186 0.0257998 0.005827414 -0.01336294 0.01367813 0.0002272364 -0.03435486 0.0256082 0.005931427 -0.01314327 0.01367593 0.006094671 -0.01293234 0.01366956 0.002521764 -0.03246782 0.02602518 0.01176581 -0.02920328 0.0255533 0.005852351 -0.01384735 0.01349614 0.01331871 -0.03225624 0.0232714 0.005854097 -0.01360055 0.01350051 0.005906515 -0.01337665 0.01350217 0.002977737 -0.04103777 0.02445269 0.01089721 -0.02916402 0.02567856 0.006080412 -0.01306529 0.01349876 0.006416825 -0.01270456 0.01357322 0.005894767 -0.01397986 0.01339548 0.005893268 -0.0137214 0.01330057 0.005923184 -0.01348977 0.01330175 0.006002639 -0.01327642 0.01330155 0.006054454 -0.01314718 0.01340067 0.006236928 -0.01292571 0.01339665 0.006758491 -0.01259386 0.01323806 0.007592898 -0.02052457 0.01460181 0.007242504 -0.01972526 0.01438811 0.004773919 -0.01434882 0.01425099 0.004773919 -0.01434882 0.01425099 0.01230536 -0.02922291 0.02506562 0.004680493 -0.01384386 0.01425107 0.004680493 -0.01384386 0.01425107 0.01231016 -0.02908558 0.01463959 0.01113397 -0.02633549 0.01170006 0.01043837 -0.02470508 0.01055331 0.009737143 -0.02305938 0.009704451 0.009003089 -0.02133477 0.009090927 0.005072022 -0.01242729 0.0142511 0.005072022 -0.01242729 0.0142511 0.005310432 -0.01214179 0.0142512 0.005310432 -0.01214179 0.0142512 0.005446217 -0.01201418 0.01425076 0.005446217 -0.01201418 0.01425076 0.006038236 -0.01432496 0.01307959 0.00589316 -0.01171515 0.01424627 0.00589316 -0.01171515 0.01424627 0.00886729 -0.02098339 0.01372277 0.006345518 -0.01182023 0.01418849 0.006470985 -0.01205417 0.01409727 -3.409896e-05 -0.03392554 0.02577951 0.002952205 -0.0411596 0.02438497 0.0091281 -0.02159576 0.0139987 0.009624344 -0.02275984 0.01468086 0.01085509 -0.0256386 0.01758762 0.006454368 -0.01279304 0.01307739 0.006083566 -0.01316736 0.01307862 0.005910734 -0.01365298 0.01307942 0.00632441 -0.01289729 0.0130778 0.006210984 -0.01300722 0.01307817 0.006143193 -0.01308587 0.0130784 0.00590688 -0.01373706 0.01307949 0.006032293 -0.01325178 0.01307881 0.005989536 -0.01333918 0.01307899 0.005937653 -0.01349165 0.01307924 0.005934858 -0.01400326 0.01307962 0.006026678 -0.01432828 0.008594927 0.005909547 -0.01382343 0.01307955 0.005933634 -0.01405516 0.00859497 0.005976824 -0.01416063 0.01307963 0.005892862 -0.01371656 0.008594822 0.01347894 -0.03794033 0.02701115 0.01347894 -0.03794033 0.02701115 0.01347894 -0.03794033 0.02701115 0.005941897 -0.01436606 0.01361724 0.005561836 0.01377112 0.01306001 0.009519071 0.01127541 0.01305166 0.005616359 -0.01450438 0.01401635 0.005470495 -0.01456633 0.01410218 0.01114851 0.00958643 0.01304871 0.005226266 -0.01467011 0.0141938 0.01194535 -0.007926209 0.01305963 0.01047606 -0.00975615 0.01306477 0.006761809 -0.01260093 0.01307645 0.005352834 -0.01461631 0.01415281 0.008578818 -0.01143922 0.008586214 0.0102153 -0.01001693 0.008580946 0.005682366 -0.01447636 0.01396594 0.005743561 -0.01445038 0.01391034 0.005834371 -0.01441173 0.01380548 0.005910101 -0.01437953 0.0136843 0.0116235 -0.008350609 0.00191611 0.0116235 -0.008350609 0.00191611 0.00596942 -0.01435431 0.01354561 0.006011164 -0.01433656 0.01338793 0.006031582 -0.01432782 0.0132412 0.01364998 -0.004466766 0.001908013 0.01364998 -0.004466766 0.001908013 0.007484171 -0.01773034 0.01307839 0.007471415 -0.01773585 0.01329697 0.01420552 -0.00234162 0.001905007 0.01420552 -0.00234162 0.001905007 0.01391384 0.004192096 0.001900918 0.01391384 0.004192096 0.001900918 0.007380121 -0.01777471 0.01363356 0.01317114 0.006259303 0.001901301 0.01317114 0.006259303 0.001901301 0.007269509 -0.01782174 0.01381858 0.01212758 0.008192138 0.00190256 0.01212758 0.008192138 0.00190256 0.01080665 0.00994711 0.001904661 0.01080665 0.00994711 0.001904661 0.007457075 0.01277046 0.001911203 0.007457075 0.01277046 0.001911203 0.006833289 -0.01800706 0.01413816 0.006624879 -0.01809559 0.014205 0.002564109 0.01466838 0.001922403 0.002564109 0.01466838 0.001922403 -0.009072281 0.01193668 0.001954413 -0.009072281 0.01193668 0.001954413 0.007383352 -0.0205216 0.014611 0.007383352 -0.0205216 0.014611 0.007853843 -0.02162709 0.01505518 0.007853843 -0.02162709 0.01505518 -0.01426573 -0.003777758 0.001979436 -0.01426573 -0.003777758 0.001979436 -0.01427002 -0.003653549 0.01312402 -0.01281129 0.007687216 0.01311186 -0.009835132 0.01129705 0.01310152 -0.00364446 0.01452161 0.01308318 -0.001327384 0.01489394 0.01307693 0.001019398 0.01489135 0.01307089 0.001019398 0.01489135 0.01307089 0.008985176 -0.02468427 0.0166329 -0.006005457 -0.02345649 0.008632698 0.007433124 -0.02089816 0.0140412 0.001037531 -0.03952883 0.02328133 0.005400796 -0.04154517 0.02729178 0.005400796 -0.04154517 0.02729178 0.006854516 -0.01950798 0.01366525 0.00624386 -0.0180599 0.01353581 0.0005328951 -0.03875832 0.02285464 0.0005328951 -0.03875832 0.02285464 0.004297138 -0.04203324 0.02694324 0.004297138 -0.04203324 0.02694324 0.004297138 -0.04203324 0.02694324 0.004297138 -0.04203324 0.02694324 -0.003778287 -0.02869445 0.009705714 0.0142149 -0.03750557 0.02589292 0.01422473 -0.03746077 0.02573768 0.01423069 -0.03742848 0.02558003 0.01423365 -0.03742009 0.02550327 0.01423653 -0.0374215 0.0254682 0.01423653 -0.0374215 0.0254682 0.01426698 -0.03753436 0.0255998 -0.003153533 -0.03016087 0.0104352 0.01428916 -0.03774423 0.02587673 0.01428615 -0.03786183 0.02600802 0.01407634 -0.03853813 0.02650832 0.01387726 -0.03885685 0.02661388 0.01229591 -0.02981053 0.02478364 0.01378375 -0.03898368 0.02663458 0.01310064 -0.03951287 0.02666352 -0.002016212 -0.03282597 0.01240886 3.288308e-05 -0.03757995 0.02296939 3.288308e-05 -0.03757995 0.02296939 0.01325065 -0.03835224 0.02717485 0.01335449 -0.03830127 0.02714358 0.01380239 -0.03804411 0.02688646 0.01387452 -0.0379922 0.02681497 0.0139418 -0.03793857 0.02673474 0.01405103 -0.03783454 0.02656186 0.01417408 -0.03764968 0.02621135 0.003983732 -0.04181154 0.02656727 0.003983732 -0.04181154 0.02656727 0.005844335 -0.0425939 0.0266845 -0.0004432735 -0.03645545 0.02342065 -0.0004432735 -0.03645545 0.02342065 0.01400396 -0.03460754 0.02352153 0.003546432 -0.04195801 0.02553928 0.003576196 -0.04197542 0.0257372 0.003609726 -0.04199567 0.02587926 0.00380164 -0.04208803 0.02632625 0.004095404 -0.04210867 0.02672987 0.0042643 -0.04208551 0.0268852 0.004356306 -0.0420664 0.02695356 0.004451166 -0.04204296 0.02701416 0.004451166 -0.04204296 0.02701416 -0.0008398771 -0.03551651 0.02414008 -0.0008398771 -0.03551651 0.02414008 0.004655129 -0.04198267 0.02711602 0.004975008 -0.04186947 0.02721444 0.004975008 -0.04186947 0.02721444 -0.001338281 -0.03434986 0.02309001 -0.0136554 -0.005462929 0.005242048 0.005346986 -0.04172071 0.02725907 -0.01361442 -0.005556697 0.005647816 -0.01358383 -0.005627393 0.005841673 0.005455816 -0.04167495 0.02726096 0.005455816 -0.04167495 0.02726096 0.00497686 -0.04271654 0.02665888 0.004294636 -0.04256408 0.02645319 0.004014698 -0.04243154 0.02624684 0.00393548 -0.04238109 0.02616663 -0.01354651 -0.005714029 0.006029361 0.003620596 -0.04195157 0.02599695 0.003620596 -0.04195157 0.02599695 0.003620596 -0.04195157 0.02599695 0.003620596 -0.04195157 0.02599695 -0.0134514 -0.005935571 0.006385737 0.003617335 -0.0419044 0.02600641 0.003617335 -0.0419044 0.02600641 0.003623724 -0.04185542 0.026013 0.003623724 -0.04185542 0.026013 -0.0006569273 -0.035294 0.02480824 -0.0006569273 -0.035294 0.02480824 0.00364001 -0.0418079 0.02601606 0.00364001 -0.0418079 0.02601606 0.003665064 -0.04176489 0.02601541 0.003665064 -0.04176489 0.02601541 0.003696767 -0.04172888 0.02601132 0.003696767 -0.04172888 0.02601132 -0.0002728306 -0.03332498 0.02456513 0.00357364 -0.04192316 0.02582989 0.00357364 -0.04192316 0.02582989 0.00357364 -0.04192316 0.02582989 0.00357364 -0.04192316 0.02582989 -0.001265949 -0.03359566 0.02347382 0.003572473 -0.04185093 0.0258389 0.003572473 -0.04185093 0.0258389 -0.00133394 -0.03372446 0.02342097 -0.001400407 -0.03397408 0.02330364 0.003538169 -0.04187783 0.02566145 0.003538169 -0.04187783 0.02566145 0.003540332 -0.04182887 0.025665 0.003540332 -0.04182887 0.025665 0.003540332 -0.04182887 0.025665 -0.001401852 -0.03409423 0.0232402 0.003528817 -0.04187167 0.02559081 0.003528817 -0.04187167 0.02559081 0.003528817 -0.04187167 0.02559081 0.003528817 -0.04187167 0.02559081 -0.001000678 -0.03513488 0.02456901 -0.001000678 -0.03513488 0.02456901 0.003529697 -0.0419191 0.0254979 0.003529697 -0.0419191 0.0254979 0.003529697 -0.0419191 0.0254979 0.003529697 -0.0419191 0.0254979 0.00374201 -0.04174375 0.02611232 0.003714451 -0.04177178 0.02611654 0.003691683 -0.04180379 0.02611862 0.003691683 -0.04180379 0.02611862 0.003673786 -0.0418389 0.02611759 0.003660852 -0.04199419 0.02608519 0.003660852 -0.04199419 0.02608519 0.003674949 -0.04203382 0.02606921 0.003674949 -0.04203382 0.02606921 0.003674949 -0.04203382 0.02606921 0.003554326 -0.04196149 0.0256093 0.003545112 -0.04196234 0.02549431 0.003545112 -0.04196234 0.02549431 0.003539188 -0.04195039 0.02545558 -0.001098095 -0.03473838 0.02497027 -0.001098095 -0.03473838 0.02497027 0.003576097 -0.04178338 0.02578275 0.003576097 -0.04178338 0.02578275 0.003576097 -0.04178338 0.02578275 0.003598346 -0.04176609 0.02583561 0.003627178 -0.04174912 0.02589273 0.003627178 -0.04174912 0.02589273 0.003627178 -0.04174912 0.02589273 0.003709919 -0.04172086 0.02601722 0.003709919 -0.04172086 0.02601722 0.003673188 -0.04210927 0.0253485 -0.001082662 -0.03458167 0.02507797 -0.001082662 -0.03458167 0.02507797 -0.001082662 -0.03458167 0.02507797 0.01249463 -0.02947806 0.02458772 0.003916216 -0.04230261 0.02554141 0.003916216 -0.04230261 0.02554141 0.00412491 -0.04249735 0.02583811 0.00412491 -0.04249735 0.02583811 0.004218001 -0.04256142 0.02592355 0.004218001 -0.04256142 0.02592355 0.005023361 -0.04285202 0.02616785 0.005023361 -0.04285202 0.02616785 -0.001050453 -0.03448126 0.02513868 0.00145507 -0.03688397 0.01541079 0.0001790346 -0.03662483 0.01583961 0.002686231 -0.04103938 0.02362447 0.002686231 -0.04103938 0.02362447 -0.001002157 -0.03438818 0.02519428 -0.001002157 -0.03438818 0.02519428 0.003641033 -0.04184012 0.02471502 0.012326 -0.02979088 0.02477818 -0.001090008 -0.03483447 0.02488969 -0.001090008 -0.03483447 0.02488969 0.01426544 -0.03753601 0.02537954 0.01291176 -0.0307976 0.023718 0.01176787 -0.02897532 0.02542936 0.01421486 -0.0373801 0.02549113 0.01421486 -0.0373801 0.02549113 0.01421486 -0.0373801 0.02549113 0.01421486 -0.0373801 0.02549113 0.01420898 -0.03740368 0.0256662 0.01420898 -0.03740368 0.0256662 0.01416361 -0.03734915 0.02567407 0.01416361 -0.03734915 0.02567407 0.01416361 -0.03734915 0.02567407 0.01416361 -0.03734915 0.02567407 0.01420244 -0.03743952 0.02581469 0.01420244 -0.03743952 0.02581469 0.01420244 -0.03743952 0.02581469 0.01222439 -0.02950664 0.02512749 -0.001186837 -0.03455091 0.02432834 -0.0005003507 -0.03363423 0.02482058 0.0141387 -0.03736927 0.02582824 0.0141387 -0.03736927 0.02582824 0.0141387 -0.03736927 0.02582824 -0.0008025522 -0.03383158 0.02468575 0.01409129 -0.03731963 0.02574636 0.01409129 -0.03731963 0.02574636 0.01419381 -0.03747877 0.02593854 0.01419381 -0.03747877 0.02593854 -0.001017119 -0.03401377 0.02453193 0.01235592 -0.02922603 0.0249258 0.005133715 -0.0416006 0.02726974 0.005133715 -0.0416006 0.02726974 -0.000833373 -0.03527861 0.02473763 -0.001165147 -0.03421934 0.02433511 0.01410994 -0.03739514 0.02595913 0.01410994 -0.03739514 0.02595913 0.0132661 -0.03137898 0.02325751 0.01406435 -0.03737385 0.02596212 0.01406435 -0.03737385 0.02596212 0.01406435 -0.03737385 0.02596212 0.004262639 -0.04185827 0.02693161 0.004262639 -0.04185827 0.02693161 0.01401587 -0.03736209 0.0259616 0.01401587 -0.03736209 0.0259616 0.01412492 -0.03746354 0.02607859 0.01412492 -0.03746354 0.02607859 0.01409216 -0.03744225 0.02608485 0.01409216 -0.03744225 0.02608485 0.01409216 -0.03744225 0.02608485 0.01405619 -0.03742605 0.02608846 0.01066968 -0.02867873 0.02453349 0.01401735 -0.03741522 0.02608906 0.005975503 -0.03030213 0.0249354 0.005975503 -0.03030213 0.0249354 0.01393504 -0.03741246 0.02608177 0.01393504 -0.03741246 0.02608177 0.01393504 -0.03741246 0.02608177 0.01393361 -0.0373854 0.02601444 0.00156738 -0.04033065 0.02308797 0.00156738 -0.04033065 0.02308797 0.01412459 -0.03732074 0.02567668 0.01292222 -0.03832593 0.027252 0.01292222 -0.03832593 0.027252 0.01444659 -0.03483907 0.02321913 0.0142582 -0.0356115 0.02369553 0.002798971 -0.03170508 0.02488467 0.01285104 -0.03819138 0.0271544 0.01285104 -0.03819138 0.0271544 0.01213977 -0.02862699 0.02305104 0.01393032 -0.03898212 0.02613601 0.01393032 -0.03898212 0.02613601 0.01405924 -0.03874319 0.02609433 0.01405924 -0.03874319 0.02609433 0.01418221 -0.03841081 0.02595251 0.01418221 -0.03841081 0.02595251 0.01410384 -0.03753274 0.02486427 0.01410384 -0.03753274 0.02486427 0.01406221 -0.03694777 0.02417333 0.01406221 -0.03694777 0.02417333 0.0140944 -0.0365958 0.02387938 0.0140944 -0.0365958 0.02387938 0.01115081 -0.03344063 0.01502527 0.01115081 -0.03344063 0.01502527 0.01115081 -0.03344063 0.01502527 0.01367929 -0.0393201 0.02610216 0.01367929 -0.0393201 0.02610216 0.01367929 -0.0393201 0.02610216 0.01367929 -0.0393201 0.02610216 -0.00966661 -0.01474015 0.008292829 -0.009692096 -0.014751 0.0084633 -0.005997915 -0.02345325 0.008467472 -0.005974537 -0.0234433 0.008304004 -0.005821878 -0.02337827 0.007859096 -0.005688216 -0.02332147 0.007642233 -0.005523585 -0.02325151 0.007452181 -0.009218459 -0.01454956 0.007455256 -0.009315989 -0.01459099 0.007560133 -0.009404001 -0.01462839 0.007674513 -0.009486462 -0.01466345 0.007805765 0.01228459 -0.02911853 0.0250003 -0.01196117 -0.00943304 0.008182454 -0.01265482 -0.007802688 0.007698556 -0.01287893 -0.007276512 0.007459581 -0.01309314 -0.006774021 0.007165339 -0.01328735 -0.006319058 0.006809505 -0.01337378 -0.006116883 0.006606509 -0.01108594 -0.01145915 0.008216379 -0.0009802102 -0.03474672 0.02526875 -0.0128503 -0.007325082 0.006680663 0.01248839 -0.02944425 0.02455906 -0.01212701 -0.008981896 0.007467649 -0.01255935 -0.007942398 0.006474652 -0.01308839 -0.006746026 0.005192799 -0.01056737 -0.01253603 0.008074263 -0.01127114 -0.01088917 0.007792255 -0.0117949 -0.009609057 0.007172431 -0.01228248 -0.00847569 0.006284043 0.002226812 -0.04061965 0.02383119 -0.01261736 -0.007704065 0.005000552 0.01197804 -0.02837917 0.02321953 0.01192526 -0.02833043 0.02325743 -0.01119288 -0.01124052 0.00846731 -0.009700302 -0.01475459 0.008635768 -0.009620805 -0.01472065 0.008115594 0.01399852 -0.03688065 0.02488582 0.001312818 -0.04011197 0.02302257 0.001312818 -0.04011197 0.02302257 0.001312818 -0.04011197 0.02302257 -2.893599e-05 -0.03707427 0.02342371 3.176133e-05 -0.03657766 0.01589828 0.00965569 -0.02628749 0.01892303 0.009344498 -0.02555201 0.0177206 -0.0002915142 -0.036404 0.01606424 0.008506529 -0.02351493 0.01552966 0.007985158 -0.02223963 0.01466191 -0.0007034316 -0.03589036 0.0164309 -0.0006052175 -0.03525768 0.01388842 -0.001269079 -0.03370657 0.01207123 -0.00203078 -0.03192319 0.01052579 -0.002873254 -0.02994748 0.009286645 -0.003777758 -0.02782342 0.008381457 -0.004724021 -0.0255986 0.007830462 0.01289631 -0.0382726 0.02723279 0.01289631 -0.0382726 0.02723279 -0.0008081323 -0.03515613 0.0140267 -0.001463144 -0.03362569 0.01223373 -0.0022147 -0.03186607 0.01070888 -0.003045961 -0.02991666 0.009486247 0.004851306 -0.01456035 0.01424975 0.004851306 -0.01456035 0.01424975 -0.003938404 -0.02782092 0.008593119 0.004823828 -0.01471564 0.01353699 0.00494807 -0.01478825 0.01424871 0.00494807 -0.01478825 0.01424871 -0.004872055 -0.02562575 0.008049465 -0.0009816529 -0.03502378 0.01417832 0.005429235 -0.01184925 0.01353331 -0.001626953 -0.03351603 0.01241192 0.004928051 -0.01238819 0.013535 0.004771231 -0.01266457 0.01353561 -0.002367371 -0.03178248 0.01090967 -0.003186322 -0.02986195 0.009705165 -0.004065532 -0.02779728 0.008825273 -0.004985345 -0.02563464 0.008289678 0.004608283 -0.01409206 0.01353708 0.004729956 -0.01448865 0.01353706 -0.001120871 -0.0348644 0.014339 -0.001755883 -0.0333807 0.01260079 0.004716775 -0.01412117 0.01425137 0.004716775 -0.01412117 0.01425137 -0.002564246 -0.03154257 0.01133884 0.004675141 -0.01372157 0.01425088 0.004675141 -0.01372157 0.01425088 0.004701668 -0.01335175 0.01425018 0.004701668 -0.01335175 0.01425018 0.004775012 -0.01303598 0.01424994 0.004775012 -0.01303598 0.01424994 0.004897707 -0.01272666 0.01425035 0.004897707 -0.01272666 0.01425035 0.005012204 -0.01251824 0.01425088 0.005012204 -0.01251824 0.01425088 -0.003290373 -0.02978491 0.009937228 -0.004155541 -0.02775321 0.009071374 -0.005060703 -0.02562504 0.008544329 0.005591516 -0.01189885 0.01424985 0.005591516 -0.01189885 0.01424985 -0.002456191 -0.03046244 0.009390878 -0.003832074 -0.0272314 0.008017386 -0.004670973 -0.02525857 0.007593728 -0.005913643 -0.02341735 0.008075291 -0.005212717 -0.02532259 0.008764297 -0.004432741 -0.02715685 0.009158192 -0.001293906 -0.03451435 0.01427939 0.00788017 0.01054271 0.01351041 -0.0005959254 -0.03608938 0.01630071 0.01017708 0.008274773 0.01350617 -0.0004517294 -0.03626619 0.01617395 -0.0001076685 -0.03651616 0.01596273 0.01258921 0.003417305 0.01350355 0.01295935 0.001257073 0.0135042 0.01296658 -0.0009197185 0.01350579 0.01261455 -0.003067908 0.01350829 0.01086436 -0.007070098 0.01351577 0.009526177 -0.008787049 0.01352048 -0.01268048 -0.007430419 0.001969872 -0.01268048 -0.007430419 0.001969872 0.006085686 -0.01145451 0.01353132 0.006202555 -0.01155393 0.01424307 0.006202555 -0.01155393 0.01424307 0.008014114 -0.01038407 0.01423754 0.008014114 -0.01038407 0.01423754 -0.01367706 -0.005434138 0.001979143 -0.01367706 -0.005434138 0.001979143 0.01096566 -0.007258355 0.01422762 0.01096566 -0.007258355 0.01422762 -0.01366976 -0.005432033 0.004813008 -0.0123451 -0.008149513 0.004409068 0.0008210589 0.01489588 0.001926727 0.0008210589 0.01489588 0.001926727 0.0008210589 0.01489588 0.001926727 0.0008210589 0.01489588 0.001926727 -0.0009366993 0.01491287 0.001931244 -0.0009366993 0.01491287 0.001931244 -0.003115998 0.01463801 0.001937067 -0.003115998 0.01463801 0.001937067 0.01146355 0.007062621 0.01421575 0.01146355 0.007062621 0.01421575 -0.005229635 0.01404021 0.001942955 -0.005229635 0.01404021 0.001942955 0.008736179 0.01038583 0.01422032 0.008736179 0.01038583 0.01422032 0.007010234 0.01167864 0.01422382 0.007010234 0.01167864 0.01422382 -0.007230074 0.01313297 0.001948782 -0.007230074 0.01313297 0.001948782 0.00422219 0.01252681 0.01351837 -0.01071482 0.01047828 0.001959724 -0.01071482 0.01047828 0.001959724 0.002633557 0.0134582 0.01423378 0.002633557 0.0134582 0.01423378 0.0009259225 0.01370846 0.01423799 0.0009259225 0.01370846 0.01423799 0.0009259225 0.01370846 0.01423799 0.0009259225 0.01370846 0.01423799 -0.001230538 0.01371088 0.01424355 -0.001230538 0.01371088 0.01424355 -0.003359693 0.01336877 0.01424929 -0.003359693 0.01336877 0.01424929 -0.005406812 0.01269086 0.01425506 -0.005406812 0.01269086 0.01425506 -0.01212072 0.008790598 0.001964596 -0.01212072 0.008790598 0.001964596 -0.01325838 0.006911637 0.001968924 -0.01325838 0.006911637 0.001968924 -0.01054893 0.008857096 0.01427115 -0.01054893 0.008857096 0.01427115 -0.01178297 0.007088636 0.01427564 -0.01178297 0.007088636 0.01427564 -0.01271866 0.005145766 0.01427949 -0.01271866 0.005145766 0.01427949 -0.01333193 0.00307833 0.0142826 -0.01333193 0.00307833 0.0142826 -0.01360705 0.0009395108 0.0142849 -0.01360705 0.0009395108 0.0142849 -0.01410213 0.004883588 0.001972598 -0.01410213 0.004883588 0.001972598 -0.01463302 0.002752137 0.001975545 -0.01463302 0.002752137 0.001975545 -0.0148391 0.0005652676 0.001977695 -0.0148391 0.0005652676 0.001977695 -0.01223791 -0.00501287 0.01357377 -0.01276046 -0.003546335 0.01357403 -0.01310508 -0.002033628 0.0135738 -0.01471574 -0.001627832 0.001978999 -0.01471574 -0.001627832 0.001978999 -0.01425507 -0.002874636 0.001092557 -0.01425507 -0.002874636 0.001092557 -0.01446759 0.002284064 0.001089287 -0.01446759 0.002284064 0.001089287 -0.01222354 0.005296558 0.0135661 -0.01423018 0.003559537 0.001087734 -0.01423018 0.003559537 0.001087734 -0.01387896 0.00480843 0.001085904 -0.01387896 0.00480843 0.001085904 -0.008435007 0.01032149 0.01355261 -0.006825794 0.01144239 0.01354764 -0.01217555 0.008296177 0.001078931 -0.01217555 0.008296177 0.001078931 -0.003210081 0.01290682 0.01353723 -0.0114065 0.009340972 0.001076172 -0.0114065 0.009340972 0.001076172 -0.0006016981 0.01326264 0.01353025 0.0006352383 0.01324814 0.01352707 0.0006352383 0.01324814 0.01352707 0.00185652 0.01311877 0.01352402 0.003054658 0.01287739 0.01352111 -0.009602776 0.01120252 0.001070148 -0.009602776 0.01120252 0.001070148 -0.008582686 0.01200408 0.001066925 -0.008582686 0.01200408 0.001066925 -0.007494627 0.01271063 0.001063597 -0.007494627 0.01271063 0.001063597 -0.01255217 -0.004960807 0.01428655 -0.01255217 -0.004960807 0.01428655 -0.006347404 0.01331641 0.001060191 -0.006347404 0.01331641 0.001060191 -0.003913149 0.01420695 0.001053262 -0.003913149 0.01420695 0.001053262 -0.001358707 0.01464682 0.001046355 -0.001358707 0.01464682 0.001046355 -0.002025032 -0.02887501 0.01623517 -0.002558449 -0.02767815 0.01521567 -0.003129517 -0.02639025 0.01443795 -0.003428869 -0.02570984 0.01413672 -6.217726e-05 0.01469272 0.001042979 -6.217726e-05 0.01469272 0.001042979 -6.217726e-05 0.01469272 0.001042979 -6.217726e-05 0.01469272 0.001042979 0.00123325 0.01462174 0.00103969 0.00123325 0.01462174 0.00103969 0.01258258 -0.03828952 0.02714131 0.01258258 -0.03828952 0.02714131 -0.004897705 -0.02298813 0.01428018 -0.004897705 -0.02298813 0.01428018 -0.004397103 -0.02416641 0.01437243 -0.004397103 -0.02416641 0.01437243 0.005008137 0.01371843 0.001030637 0.005008137 0.01371843 0.001030637 0.006195339 0.01319523 0.001027962 0.006195339 0.01319523 0.001027962 0.008404818 0.01184 0.001023276 0.008404818 0.01184 0.001023276 0.01192539 0.008063356 0.001016999 0.01192539 0.008063356 0.001016999 -0.002209092 -0.02929671 0.01731784 -0.002209092 -0.02929671 0.01731784 -0.001881147 -0.03006186 0.01830226 -0.001881147 -0.03006186 0.01830226 -0.0006867296 -0.03193824 0.02096035 -0.001144654 -0.03087343 0.01895425 -0.001600379 -0.03071556 0.01938171 -0.001600379 -0.03071556 0.01938171 0.01356111 0.004543351 0.001015393 0.01356111 0.004543351 0.001015393 0.01388816 0.003287875 0.001015477 0.01388816 0.003287875 0.001015477 -0.001020253 -0.03202838 0.0218719 -0.001020253 -0.03202838 0.0218719 -0.000948287 -0.03209241 0.0220401 -0.000948287 -0.03209241 0.0220401 -0.0008660366 -0.03213472 0.02218677 -0.0008660366 -0.03213472 0.02218677 -0.0008212067 -0.03214968 0.02225424 -0.0008212067 -0.03214968 0.02225424 0.01417762 -0.0005828162 0.001017598 0.01417762 -0.0005828162 0.001017598 0.01378879 -0.003145548 0.001020498 0.01378879 -0.003145548 0.001020498 -0.0005655644 -0.03217244 0.02254147 -0.0005655644 -0.03217244 0.02254147 -0.0004834564 -0.032164 0.0226099 -0.0004834564 -0.032164 0.0226099 -0.0003989474 -0.03214928 0.02267118 -0.0003989474 -0.03214928 0.02267118 0.01342313 -0.004390266 0.001022365 0.01342313 -0.004390266 0.001022365 0.01167946 -0.007858073 0.001029424 0.01167946 -0.007858073 0.001029424 -5.968871e-05 -0.03203877 0.02283713 -5.968871e-05 -0.03203877 0.02283713 -5.968871e-05 -0.03203877 0.02283713 0.0100273 -0.009855345 0.001035157 0.0100273 -0.009855345 0.001035157 0.01278281 -0.006484907 0.001911741 0.01278281 -0.006484907 0.001911741 0.0005306622 -0.03192084 0.02212019 0.0003786423 -0.03200143 0.02209534 0.0003786423 -0.03200143 0.02209534 0.0002496502 -0.03205876 0.02205667 0.0001570089 -0.03209198 0.0220164 6.81709e-05 -0.03211951 0.02197081 0.01443691 -0.0001572865 0.001902792 0.01443691 -0.0001572865 0.001902792 -0.0001488534 -0.03216093 0.02181961 0.01433894 0.00203708 0.001901419 0.01433894 0.00203708 0.001901419 -0.0003519343 -0.03215981 0.02161728 0.00923805 0.01148474 0.001907564 0.00923805 0.01148474 0.001907564 0.006092488 0.01351093 0.001914171 0.006092488 0.01351093 0.001914171 0.004657175 0.01410275 0.001917432 0.004657175 0.01410275 0.001917432 -0.0006568523 -0.03199306 0.02106999 0.007629357 -0.01228237 0.00423602 0.009261329 -0.02821377 0.02209492 0.01019816 -0.01002191 0.00192102 0.01019816 -0.01002191 0.00192102 0.0001662008 -0.03192393 0.02288245 0.0001662008 -0.03192393 0.02288245 0.004635717 -0.02968667 0.02305691 0.004635717 -0.02968667 0.02305691 0.004635717 -0.02968667 0.02305691 0.004635717 -0.02968667 0.02305691 0.0102041 -0.01002019 0.004227708 0.00860897 -0.01153382 0.004232938 0.009348434 -0.028025 0.02285578 0.009348434 -0.028025 0.02285578 0.009480319 -0.02798324 0.02283711 0.009480319 -0.02798324 0.02283711 0.009607553 -0.02793402 0.02280257 0.009607553 -0.02793402 0.02280257 0.009696087 -0.02789384 0.02276763 0.009696087 -0.02789384 0.02276763 0.009779376 -0.02785064 0.02272513 0.009779376 -0.02785064 0.02272513 0.009857328 -0.02780462 0.02267522 0.009857328 -0.02780462 0.02267522 0.006616146 -0.0129063 0.004541462 0.006710617 -0.01285747 0.004900387 0.006776178 -0.01280668 0.005343045 0.006806732 -0.01269954 0.006532207 0.01016898 -0.02751482 0.02228705 0.01016898 -0.02751482 0.02228705 0.01019506 -0.02746981 0.02221779 0.01019506 -0.02746981 0.02221779 0.006533104 -0.01273304 0.00859244 0.01024139 -0.02733006 0.02198731 0.01024139 -0.02733006 0.02198731 0.01024191 -0.02724007 0.02182858 0.01024191 -0.02724007 0.02182858 0.01021729 -0.027151 0.02166435 0.01021729 -0.027151 0.02166435 0.006346881 -0.01286967 0.008593026 0.01013521 -0.02742293 0.02105917 0.0001479445 -0.03425377 0.02574459 0.006059178 -0.0131835 0.008593997 0.01008951 -0.0276737 0.02147847 0.01003034 -0.02776358 0.02161333 0.005980633 -0.01332619 0.008594305 0.005950614 -0.01340036 0.008594435 0.005926775 -0.0134764 0.008594557 0.005897892 -0.01363451 0.008594745 0.005894184 -0.01380074 0.00859488 0.009413792 -0.02816464 0.02207211 0.009688806 -0.02592217 0.01934903 0.009688806 -0.02592217 0.01934903 0.01106628 -0.02971668 0.02562777 0.01011364 -0.02735236 0.02092914 0.004378087 -0.04188521 0.02702627 0.004378087 -0.04188521 0.02702627 -0.000952048 -0.03431714 0.02523771 -0.000952048 -0.03431714 0.02523771 0.01015551 -0.02830723 0.02089212 -0.000242901 -0.03453487 0.02559841 0.01008978 -0.02831374 0.02091627 0.01008978 -0.02831374 0.02091627 0.01008978 -0.02831374 0.02091627 0.00376347 -0.04183717 0.0262754 0.00376347 -0.04183717 0.0262754 0.0143828 -0.03419359 0.02317267 0.005091739 -0.04147017 0.02715492 0.005091739 -0.04147017 0.02715492 0.004001214 -0.03123445 0.02243295 0.003754928 -0.03066206 0.02130961 0.005915639 -0.01406623 0.008344048 0.01309659 -0.03806409 0.02708347 0.01309659 -0.03806409 0.02708347 0.01309659 -0.03806409 0.02708347 0.01309659 -0.03806409 0.02708347 0.00618686 -0.03030645 0.02242663 0.005940574 -0.02973406 0.02130329 0.01002475 -0.02832869 0.02093054 0.005925957 -0.01341973 0.008081245 0.005667688 -0.03211009 0.0251008 0.003313506 -0.03317423 0.02500603 0.00587833 -0.01363674 0.008218138 0.01216369 -0.02920751 0.02527919 0.005859901 -0.01379996 0.00819669 0.01316519 -0.03815219 0.02718254 0.01316519 -0.03815219 0.02718254 0.008231379 -0.03065185 0.02607966 0.001083841 -0.03913307 0.02330897 0.002245892 -0.04079359 0.02361152 0.01186889 -0.02828779 0.02329294 0.01408111 -0.03711949 0.02513443 0.01410703 -0.03738604 0.02472142 0.001931249 -0.03905746 0.02332709 0.001931249 -0.03905746 0.02332709 0.001931249 -0.03905746 0.02332709 0.001931249 -0.03905746 0.02332709 0.001931249 -0.03905746 0.02332709 0.005840533 -0.01395777 0.008084033 0.01174618 -0.02821886 0.02335751 0.002055388 -0.03898287 0.02321208 0.002055388 -0.03898287 0.02321208 0.01140495 -0.02813144 0.02348182 0.002088044 -0.03896932 0.02316163 0.002088044 -0.03896932 0.02316163 0.002088044 -0.03896932 0.02316163 0.002088044 -0.03896932 0.02316163 0.006533338 -0.01277456 0.007586053 0.006300433 -0.01294515 0.007629651 0.006112426 -0.01312012 0.007734915 0.005969213 -0.01330539 0.007824667 0.005859001 -0.01348268 0.007680992 0.001516434 -0.03743743 0.02289308 0.001301705 -0.03692262 0.02299834 0.001066131 -0.0363604 0.02319337 0.0008411061 -0.0358262 0.02346658 0.0006297951 -0.03532753 0.02381487 0.0004352974 -0.03487178 0.02423515 0.000448862 -0.03493233 0.02429807 0.000448862 -0.03493233 0.02429807 0.0141536 -0.03748938 0.02606978 0.0141536 -0.03748938 0.02606978 0.0141536 -0.03748938 0.02606978 0.01355838 -0.03211964 0.02308873 0.0004352162 -0.03502666 0.02438197 0.0004352162 -0.03502666 0.02438197 0.005807908 -0.0140996 0.007935485 0.0003839567 -0.03512064 0.02445024 0.0003839567 -0.03512064 0.02445024 0.01425092 -0.0343104 0.02337031 0.01353588 -0.03800494 0.02704716 0.01353588 -0.03800494 0.02704716 0.01144657 -0.02955643 0.02558992 0.005783678 -0.01366732 0.007730272 0.00575235 -0.01380213 0.007750448 0.001091379 -0.03744223 0.02331264 0.001385414 -0.03815092 0.02324341 0.001532396 -0.03850696 0.02325817 0.001677914 -0.03886066 0.02330577 0.01239935 -0.02972718 0.02475232 0.0006416756 -0.03541326 0.02390787 0.01113279 -0.02907612 0.02561428 0.0006150242 -0.03549186 0.02399192 0.001756415 -0.04045687 0.02345347 0.0005726573 -0.03555215 0.02404476 0.0004711717 -0.03564156 0.02410259 0.0004711717 -0.03564156 0.02410259 0.004079747 -0.0418459 0.02673451 0.004079747 -0.0418459 0.02673451 0.0008557789 -0.03589902 0.02353736 0.0008256164 -0.03597585 0.02364552 0.0007581228 -0.03605222 0.02372628 0.0006491612 -0.03613133 0.02378212 0.001094317 -0.03646565 0.02325603 0.0007776427 -0.03932751 0.02296558 0.001057965 -0.03652785 0.02337143 0.0009858066 -0.03659321 0.02345764 0.0008735818 -0.03666459 0.02351729 0.000795811 -0.03930039 0.02306942 0.001339871 -0.037072 0.02309057 0.0007817918 -0.03931766 0.02300901 0.001301722 -0.03711039 0.0231842 0.01162647 -0.02899597 0.02549784 0.001224647 -0.03716415 0.02327409 0.004407027 -0.04170118 0.02689529 0.004407027 -0.04170118 0.02689529 0.001109 -0.03722744 0.02333628 0.01222131 -0.02902796 0.02497268 0.00153903 -0.03768057 0.02309027 0.001457159 -0.03772302 0.02318196 0.002830892 -0.04055442 0.02418359 0.001338121 -0.03777833 0.02324536 0.0009879603 -0.0391783 0.02328487 0.001924639 -0.03842196 0.02287206 0.001815018 -0.03824587 0.02301066 0.001815018 -0.03824587 0.02301066 0.001754535 -0.03826559 0.02311112 0.0127121 -0.03859387 0.02723998 0.0127121 -0.03859387 0.02723998 0.001660062 -0.03830029 0.02319301 0.001660062 -0.03830029 0.02319301 0.001560326 -0.03833921 0.02323778 0.01177809 -0.0293273 0.02554668 0.001740911 -0.03872958 0.02327519 0.005694505 -0.01393886 0.007662366 0.005715224 -0.01420886 0.007718512 0.008063289 -0.03083568 0.02595096 0.01119354 -0.02812281 0.02353465 0.005754328 -0.01356967 0.007302572 0.004823349 -0.04078779 0.02513393 0.004823349 -0.04078779 0.02513393 0.004823349 -0.04078779 0.02513393 0.01369904 -0.03805232 0.02697596 0.01369904 -0.03805232 0.02697596 0.005593723 -0.01390552 0.007396343 0.005598289 -0.01421023 0.007538177 0.004664703 -0.04092151 0.02533881 0.004664703 -0.04092151 0.02533881 0.01250262 -0.03752712 0.02511173 0.01250262 -0.03752712 0.02511173 0.01250262 -0.03752712 0.02511173 0.01056015 -0.03834337 0.0246758 0.01056015 -0.03834337 0.0246758 0.008657693 -0.03914867 0.02455142 0.008657693 -0.03914867 0.02455142 0.006760577 -0.0126179 0.007904309 0.00486525 -0.04076895 0.02508185 0.00486525 -0.04076895 0.02508185 0.00486525 -0.04076895 0.02508185 0.00678481 -0.01265181 0.00721789 0.006806564 -0.01275754 0.005846995 0.004696309 -0.04090713 0.02533567 0.004696309 -0.04090713 0.02533567 0.01209257 -0.029287 0.02535505 0.004724677 -0.04088918 0.02531751 0.004724677 -0.04088918 0.02531751 0.004751776 -0.04086917 0.02529115 0.004751776 -0.04086917 0.02529115 0.00477213 -0.04085127 0.02526262 0.00477213 -0.04085127 0.02526262 0.004788922 -0.04083403 0.02523149 0.004788922 -0.04083403 0.02523149 0.005584135 -0.01375931 0.007126431 0.004524275 -0.04047058 0.02462721 0.005471334 -0.0141266 0.007335029 0.003820969 -0.03996399 0.02394998 0.003820969 -0.03996399 0.02394998 0.002652706 -0.03928758 0.02333896 -5.708834e-05 -0.03387218 0.02574941 0.005742773 -0.01444652 0.007661554 0.002018351 -0.03900208 0.02325642 0.002018351 -0.03900208 0.02325642 0.002018351 -0.03900208 0.02325642 0.002018351 -0.03900208 0.02325642 0.005859419 -0.01439834 0.007863465 0.001976707 -0.03902706 0.02329511 0.001976707 -0.03902706 0.02329511 0.005907264 -0.01392568 0.00859494 0.001883124 -0.03909262 0.02335128 0.001883124 -0.03909262 0.02335128 0.001841925 -0.03912482 0.02336489 0.001841925 -0.03912482 0.02336489 -0.0009851701 -0.03516486 0.02459776 0.004367295 -0.04170526 0.02684336 0.004091138 -0.04036765 0.02445293 0.008005023 -0.03008956 0.02595303 0.006185654 -0.01302169 0.008593553 -0.0007811734 -0.03488225 0.0253145 0.002644235 -0.03933197 0.02341757 0.003302639 -0.0397104 0.02372007 0.002591305 -0.03938337 0.02348723 0.003654338 -0.04195275 0.02609807 0.003654338 -0.04195275 0.02609807 0.003741715 -0.04000001 0.02402332 0.004391159 -0.04043905 0.02459972 0.005088587 -0.04145035 0.02710461 0.005088587 -0.04145035 0.02710461 0.003241342 -0.039761 0.02378313 0.004119563 -0.04029715 0.02438769 0.002419716 -0.03947023 0.02353505 -0.0003808339 -0.03472429 0.0254305 -0.0003808339 -0.03472429 0.0254305 0.01431059 -0.03417664 0.02326927 0.003020688 -0.03977054 0.02376512 0.003587025 -0.04006673 0.02406776 0.0137819 -0.03631606 0.02444789 0.004256734 -0.04048489 0.02462283 0.004441024 -0.04063916 0.02486162 0.004016946 -0.04177657 0.0265426 0.004016946 -0.04177657 0.0265426 -0.0007571217 -0.03412504 0.02535607 -0.0007571217 -0.03412504 0.02535607 0.01258779 -0.03753399 0.02524398 0.01258779 -0.03753399 0.02524398 0.006750255 -0.01260425 0.008591788 0.0126395 -0.03752738 0.02529119 0.0126395 -0.03752738 0.02529119 0.0126395 -0.03752738 0.02529119 0.01269019 -0.03751323 0.02531375 0.01269019 -0.03751323 0.02531375 0.01269019 -0.03751323 0.02531375 0.01266028 -0.03712084 0.0248068 0.01266942 -0.03696989 0.0246541 0.006006191 -0.01433686 0.008334887 0.005946608 -0.01436193 0.008082002 0.01287622 -0.03599799 0.02396232 0.005645736 -0.01448619 0.007533546 0.01342169 -0.03422476 0.02333863 0.01336804 -0.03423078 0.02333156 0.01336804 -0.03423078 0.02333156 0.007092937 -0.0178945 0.007532369 0.01325738 -0.03424838 0.02329435 0.01325738 -0.03424838 0.02329435 0.007189423 -0.01785356 0.007660357 0.007472613 -0.01773367 0.008593726 0.01311691 -0.0342861 0.0231801 0.01311691 -0.0342861 0.0231801 0.01308425 -0.03430033 0.02312984 0.01308425 -0.03430033 0.02312984 0.01231612 -0.02915899 0.01430015 0.01168111 -0.02767528 0.01256194 0.01263533 -0.03607486 0.023827 0.01255519 -0.03646312 0.02407468 0.01249953 -0.0368349 0.02436431 0.01247873 -0.03716892 0.02468442 0.01248702 -0.0373443 0.02488744 0.01248702 -0.0373443 0.02488744 0.004063038 -0.04196411 0.02676457 0.004063038 -0.04196411 0.02676457 -0.0001999274 -0.03639963 0.02381195 0.00185112 -0.04051293 0.02316473 0.00185112 -0.04051293 0.02316473 0.01264318 -0.03624392 0.02399433 0.01276457 -0.03573027 0.02371149 0.01296121 -0.03506171 0.02345883 0.003835886 -0.04175462 0.02625364 0.003835886 -0.04175462 0.02625364 0.01256203 -0.03753441 0.02521167 0.01256203 -0.03753441 0.02521167 0.01256203 -0.03753441 0.02521167 0.01253769 -0.03688319 0.02446955 0.01257673 -0.03714701 0.02478154 0.003661363 -0.04187611 0.02611366 0.003661363 -0.04187611 0.02611366 0.01273652 -0.03622622 0.02405621 0.01284372 -0.03572034 0.02377421 0.01304257 -0.0350627 0.02351949 0.00802565 -0.03012729 0.02601856 0.01327943 -0.03799409 0.02705142 0.01327943 -0.03799409 0.02705142 0.01327943 -0.03799409 0.02705142 0.008251137 -0.03072398 0.02599852 0.01329641 -0.03439262 0.02335819 0.01267954 -0.03739036 0.02513835 0.01267954 -0.03739036 0.02513835 0.01266324 -0.03726158 0.0249684 0.00524221 -0.03135197 0.02624144 0.01271363 -0.03666573 0.0243933 0.01298019 -0.03564381 0.02378763 0.01319693 -0.03494707 0.02352273 0.005339253 -0.03157981 0.02630575 0.01301171 -0.03427633 0.02294708 0.01301171 -0.03427633 0.02294708 0.01302541 -0.03429314 0.02299163 0.01302541 -0.03429314 0.02299163 0.01014662 -0.0240795 0.009898378 0.01305005 -0.03430637 0.02305766 0.01305005 -0.03430637 0.02305766 0.01305005 -0.03430637 0.02305766 0.009281451 -0.0220478 0.009032523 0.008376289 -0.01991962 0.008505479 0.01233332 -0.02937019 0.01413982 0.01315669 -0.03427273 0.02322422 0.01315669 -0.03427273 0.02322422 0.01320378 -0.03426005 0.02326265 0.01320378 -0.03426005 0.02326265 0.01168802 -0.02786244 0.01237342 0.01331618 -0.03423805 0.02331823 0.01331618 -0.03423805 0.02331823 0.01094761 -0.0261289 0.01087117 0.01012865 -0.02420836 0.009666667 0.009249445 -0.02214369 0.008786774 0.008329632 -0.01998106 0.00825118 0.01230729 -0.02958727 0.01398878 0.01165228 -0.02805683 0.01219581 0.01090073 -0.0262972 0.01067096 0.01006947 -0.0243478 0.009448325 0.01176037 -0.03035859 0.02448092 0.009177025 -0.02225206 0.008555198 0.01167674 -0.03038635 0.02447432 0.01167674 -0.03038635 0.02447432 0.008243374 -0.02005689 0.008011545 0.01223878 -0.02980411 0.01385128 0.01157492 -0.028253 0.01203409 0.01081321 -0.02646962 0.01048865 0.01144369 -0.03038619 0.02438207 0.01144369 -0.03038619 0.02438207 0.01119177 -0.02895948 0.02542889 0.01119177 -0.02895948 0.02542889 0.01137321 -0.03035533 0.02432479 0.01137321 -0.03035533 0.02432479 0.01148097 -0.02889983 0.02535847 0.01148097 -0.02889983 0.02535847 0.01133264 -0.03032408 0.02427901 0.01131495 -0.03030477 0.02425359 0.009970712 -0.02449385 0.00924951 0.01128918 -0.03026319 0.02420377 0.01128918 -0.03026319 0.02420377 0.009066208 -0.0223698 0.008344323 0.008119943 -0.02014497 0.007793329 0.01207677 -0.0321266 0.02302243 0.01176059 -0.02780194 0.01306889 0.008245243 -0.01955247 0.008718697 0.007452152 -0.0177423 0.008333674 0.01281692 -0.0337975 0.02293927 0.0006755773 -0.03846562 0.02321418 0.01287208 -0.03376044 0.02306902 0.01294649 -0.03371945 0.02315434 0.01301651 -0.03368463 0.02319682 0.01322209 -0.03377124 0.02324659 0.01253979 -0.03314176 0.02295408 0.001018974 -0.03916304 0.02329609 0.01258838 -0.03312668 0.02304951 0.01267526 -0.03309478 0.02314086 0.01411473 -0.03677789 0.02449844 0.001496156 -0.04025784 0.02335217 0.01279731 -0.03304573 0.02320367 0.001758883 -0.04038008 0.02355392 0.01227171 -0.03252183 0.02304122 0.001807011 -0.04022871 0.02365565 0.01232562 -0.03251929 0.02313493 0.01247739 -0.02941206 0.02453004 0.01247739 -0.02941206 0.02453004 0.01241763 -0.03249948 0.02322467 0.01254332 -0.03245898 0.0232864 0.0017547 -0.04044009 0.02348037 0.0017547 -0.04044009 0.02348037 0.01395372 -0.03785536 0.02670665 0.01395372 -0.03785536 0.02670665 0.01201285 -0.03191875 0.02322363 0.01193212 -0.02901196 0.02537651 0.01207196 -0.03192847 0.02331368 0.01216896 -0.03192045 0.02339991 0.01229818 -0.03188827 0.02345921 0.01176569 -0.0313382 0.02350149 0.01182976 -0.03135964 0.02358594 0.01193156 -0.03136297 0.02366677 -0.0005290929 -0.03446388 0.02563469 0.001442136 -0.04000418 0.02347246 0.01206414 -0.03133874 0.0237223 0.01166202 -0.0311528 0.02347631 0.01155544 -0.0308098 0.02388906 0.01164598 -0.03084022 0.0239753 0.01164598 -0.03084022 0.0239753 0.001833378 -0.04017364 0.02367285 0.0009132874 -0.03957753 0.02306717 0.01174895 -0.03084594 0.024037 -0.000630582 -0.03430735 0.02560811 0.01184917 -0.03082898 0.02406864 0.007392621 -0.01776747 0.00808081 0.01167562 -0.02887575 0.02528418 0.01167562 -0.02887575 0.02528418 0.01167562 -0.02887575 0.02528418 0.007305618 -0.01780433 0.007862261 0.006984693 -0.01794045 0.007416015 0.008083297 -0.0205262 0.007651891 0.009152129 -0.02303866 0.008354687 0.009835875 -0.02464405 0.009076656 0.01048407 -0.02616442 0.009990068 0.01108853 -0.02758055 0.01108336 0.01185601 -0.0288774 0.02520189 0.01185601 -0.0288774 0.02520189 0.01152611 -0.03040055 0.02442833 0.01152611 -0.03040055 0.02442833 0.01155524 -0.03040152 0.02444076 0.01164159 -0.0288745 0.01234269 0.01220835 -0.03019811 0.0139865 0.01171978 -0.03037386 0.02447945 0.01277464 -0.03016754 0.01639193 0.01294695 -0.03838081 0.02725536 0.01294695 -0.03838081 0.02725536 0.01171248 -0.03027562 0.0245759 0.01441086 -0.03496806 0.02307236 0.01441086 -0.03496806 0.02307236 0.01444342 -0.034498 0.02297791 0.01444342 -0.034498 0.02297791 0.01156238 -0.03015738 0.02475817 0.01151296 -0.03013712 0.02480247 0.01145795 -0.03012088 0.02484611 0.01134983 -0.03010396 0.02491779 0.01123005 -0.03010309 0.02497922 0.01123005 -0.03010309 0.02497922 0.01425623 -0.03361269 0.02288261 0.01425623 -0.03361269 0.02288261 0.01284253 -0.03038337 0.01626186 0.01286897 -0.03061016 0.01613544 0.01096671 -0.03018367 0.0250108 0.01096671 -0.03018367 0.0250108 0.003787434 -0.04171256 0.02610261 0.003787434 -0.04171256 0.02610261 0.01285632 -0.03082138 0.01602623 0.01280884 -0.03103175 0.01592539 0.01275595 -0.03117491 0.01586149 0.01268731 -0.03131377 0.01580344 0.0110144 -0.03017253 0.02459247 0.0110144 -0.03017253 0.02459247 0.0110144 -0.03017253 0.02459247 0.01117245 -0.03017118 0.02444497 0.01126912 -0.03022834 0.02426898 0.0113163 -0.03028146 0.02435626 0.0131946 -0.03820416 0.0272005 0.0131946 -0.03820416 0.0272005 0.0131946 -0.03820416 0.0272005 0.01121041 -0.03021217 0.02454928 -0.0008976427 -0.0343908 0.02540358 -0.0008976427 -0.0343908 0.02540358 0.01105848 -0.03020994 0.02471707 0.01105848 -0.03020994 0.02471707 0.00103627 -0.03962296 0.02324734 0.002418935 -0.04030107 0.02391186 0.01132565 -0.03025728 0.02453965 0.01121697 -0.03021733 0.02464004 0.0009976298 -0.03973558 0.02295342 0.0009976298 -0.03973558 0.02295342 0.01139487 -0.03036727 0.02434472 0.005320425 -0.04135701 0.02712575 0.01424128 -0.03360268 0.0229701 0.01117059 -0.030207 0.02475344 0.0008190057 -0.03927995 0.0231259 0.005458156 -0.03185871 0.02612505 0.01095373 -0.03023788 0.02482896 0.01095373 -0.03023788 0.02482896 0.002784247 -0.04061237 0.02420047 0.01298829 -0.03065307 0.02353713 -0.0001682766 -0.03437794 0.02570407 0.01096157 -0.03022859 0.02489515 0.01143759 -0.03030619 0.02452634 0.01139572 -0.03024513 0.02464986 0.01128073 -0.03019813 0.0247798 -0.000488557 -0.03393629 0.02545915 -0.000488557 -0.03393629 0.02545915 0.003585707 -0.04203221 0.02540427 0.003585707 -0.04203221 0.02540427 0.003585707 -0.04203221 0.02540427 0.01209571 -0.02896656 0.02514009 0.01108293 -0.03017695 0.02493872 0.01096592 -0.03020844 0.02495974 0.0115042 -0.03029954 0.02457002 0.003814315 -0.0421599 0.02529621 0.003814315 -0.0421599 0.02529621 0.003814315 -0.0421599 0.02529621 0.003730321 -0.04195565 0.02627137 0.003730321 -0.04195565 0.02627137 0.005344911 -0.041414 0.02722633 0.002595501 -0.03265169 0.02616022 -0.001041801 -0.03496245 0.02490383 0.01129128 -0.03010144 0.02494999 -0.0008087772 -0.0349829 0.02519096 0.01124425 -0.03015053 0.02490241 0.01287181 -0.03822636 0.02719891 0.01287181 -0.03822636 0.02719891 0.01161651 -0.03039761 0.02446123 0.01149881 -0.03021223 0.02471253 0.0110333 -0.03013374 0.02504454 0.012495 -0.02952855 0.02462763 0.01432463 -0.03460186 0.02341323 0.0120524 -0.02892425 0.0250961 0.0120524 -0.02892425 0.0250961 0.01164645 -0.03020909 0.0246681 -0.0009194837 -0.0349397 0.0251645 0.01160677 -0.03018143 0.02471337 0.01214454 -0.02897135 0.02503562 0.01214454 -0.02897135 0.02503562 0.01226579 -0.02906987 0.02492708 0.01226579 -0.02906987 0.02492708 0.01230627 -0.02911511 0.02487721 0.01230627 -0.02911511 0.02487721 0.01259083 -0.03830872 0.02717533 0.002219526 -0.04072329 0.02373152 -9.039772e-05 -0.03378016 0.02566328 0.01440502 -0.03514343 0.02330202 0.01213677 -0.02903928 0.0252014 0.01397882 -0.03741046 0.02608676 0.01397882 -0.03741046 0.02608676 5.229772e-05 -0.03409723 0.02580899 0.01219621 -0.02931497 0.02524927 0.00511464 -0.04154739 0.02724276 0.00511464 -0.04154739 0.02724276 0.01230897 -0.0294712 0.02504691 0.01417831 -0.03732997 0.02498303 0.002967776 -0.04126649 0.02428987 -0.0009648888 -0.03519299 0.02462664 0.0006541103 -0.03455445 0.02466424 0.0006541103 -0.03455445 0.02466424 0.0006541103 -0.03455445 0.02466424 -0.0003053937 -0.03415941 0.02572997 0.01105144 -0.02872929 0.02478719 0.01140266 -0.02864921 0.02465046 0.0005984305 -0.03457491 0.02505893 0.0004714157 -0.03463085 0.02505951 0.0002864521 -0.03479801 0.02495386 0.000220442 -0.0348904 0.02488083 0.0001518067 -0.03518177 0.02461177 0.0002092526 -0.03526204 0.02451334 0.0002092526 -0.03526204 0.02451334 0.0002708221 -0.03522598 0.02450422 0.0003003385 -0.03520458 0.02449588 0.01169812 -0.02862264 0.02448361 0.0004470366 -0.03497817 0.02434079 0.000444291 -0.03490071 0.02426623 0.0005706374 -0.03460476 0.02462813 0.0005971561 -0.03458721 0.02464358 0.0006590859 -0.03457822 0.02471357 0.0006590859 -0.03457822 0.02471357 0.001140868 -0.03992535 0.0229826 0.001140868 -0.03992535 0.0229826 0.0005481023 -0.03467166 0.02471504 0.005370696 -0.04147442 0.02727118 0.001290773 -0.03998757 0.02334202 0.01299758 -0.03846953 0.02722292 0.01299758 -0.03846953 0.02722292 0.01299758 -0.03846953 0.02722292 0.003609289 -0.04119197 0.02510047 0.01432978 -0.03504243 0.02351757 0.0004201616 -0.03490199 0.02447869 0.00301963 -0.04133958 0.02418611 0.0004314069 -0.03490673 0.02439189 0.000656164 -0.03460931 0.02483343 0.000656164 -0.03460931 0.02483343 0.000656164 -0.03460931 0.02483343 0.000656164 -0.03460931 0.02483343 0.01415291 -0.03603985 0.02400187 0.0004634402 -0.03477358 0.02467369 0.000420524 -0.03486532 0.02457415 0.01424141 -0.03499356 0.0235936 0.0008377792 -0.03846112 0.02324532 0.0003878782 -0.0348999 0.02464966 0.003654825 -0.0419144 0.02610711 0.001863909 -0.04011862 0.02368076 0.005287544 -0.03145843 0.02629344 0.0004755515 -0.03475357 0.02478289 0.0004783622 -0.03854893 0.02300123 0.0004141012 -0.03507415 0.02441845 -0.0006269685 -0.03483755 0.02537821 0.0006309468 -0.03460477 0.02496658 0.0006309468 -0.03460477 0.02496658 0.0003877471 -0.03479095 0.0248807 -0.0009997007 -0.03445342 0.02526235 0.0003819135 -0.03485503 0.02476325 0.01136444 -0.02901096 0.02555 0.002665652 -0.0408224 0.02416427 0.000362231 -0.03503262 0.02453819 0.003833616 -0.04206302 0.02641986 0.003833616 -0.04206302 0.02641986 0.001148076 -0.03951848 0.0233551 0.001271218 -0.04005116 0.02324001 0.01261337 -0.03836141 0.02723055 0.01261337 -0.03836141 0.02723055 -0.0005794819 -0.03503067 0.02512088 0.00427036 -0.0418039 0.02690379 0.00427036 -0.0418039 0.02690379 0.0003452665 -0.03516483 0.02447649 0.0003452665 -0.03516483 0.02447649 0.0003452665 -0.03516483 0.02447649 0.003227201 -0.04148943 0.02462808 0.01407302 -0.03693902 0.02483265 0.0002867597 -0.03499552 0.02470018 0.0003713733 -0.03774872 0.02328285 0.0005852128 -0.03455998 0.0250873 0.0005852128 -0.03455998 0.0250873 0.0004192739 -0.03466986 0.02503895 0.0002723811 -0.03512224 0.02458616 0.0003708384 -0.03471086 0.02501428 0.00032648 -0.03475368 0.02498581 0.0002510206 -0.03484366 0.02491875 -0.0008271764 -0.03472731 0.02541271 0.01208268 -0.02946431 0.02529201 0.00277774 -0.03301567 0.02604812 0.003265129 -0.04119345 0.02479744 0.0001766015 -0.03499848 0.02478404 0.0001766015 -0.03499848 0.02478404 0.0001753279 -0.03505086 0.02472965 0.0001753279 -0.03505086 0.02472965 0.0001483877 -0.0351331 0.02465993 0.0002403214 -0.03524521 0.02451 0.01417919 -0.03554443 0.02379579 0.004389358 -0.04173076 0.02693709 0.004389358 -0.04173076 0.02693709 -0.0004016187 -0.03639996 0.02367493 0.004091449 -0.04207916 0.02675237 0.004091449 -0.04207916 0.02675237 0.01252797 -0.03031014 0.02423391 0.01379754 -0.03799498 0.02689363 0.01379754 -0.03799498 0.02689363 0.003034689 -0.04092393 0.02448476 0.01424091 -0.03388839 0.02319975 0.004286457 -0.04176008 0.0268684 0.004286457 -0.04176008 0.0268684 0.0119701 -0.02930837 0.02544379 0.01226424 -0.02982803 0.02478698 0.01444802 -0.03452755 0.02316336 0.0135413 -0.03192872 0.02291367 0.0135413 -0.03192872 0.02291367 0.01410526 -0.03362067 0.02318298 0.01396446 -0.0336662 0.02325933 0.01377799 -0.03248674 0.02282692 0.01377799 -0.03248674 0.02282692 0.01405308 -0.03363586 0.02322035 0.01405308 -0.03363586 0.02322035 0.005100355 -0.04150279 0.02720281 0.005100355 -0.04150279 0.02720281 0.01331 -0.03138287 0.02307605 0.01331 -0.03138287 0.02307605 0.01272027 -0.03006728 0.02405397 0.01314665 -0.03200896 0.02333866 0.01243682 -0.02968074 0.02472816 0.004810058 -0.04193009 0.02717186 0.004810058 -0.04193009 0.02717186 0.0124286 -0.03031144 0.02428155 0.001823317 -0.04051899 0.02321844 0.0134912 -0.03216589 0.02318138 0.01192644 -0.02865404 0.02430413 -0.0005415944 -0.03488554 0.02529417 0.005317159 -0.04134956 0.0270899 0.01264173 -0.03842798 0.02726374 0.01364017 -0.03794878 0.02697865 0.01364017 -0.03794878 0.02697865 0.01364017 -0.03794878 0.02697865 0.0120771 -0.02872487 0.02414754 0.01397157 -0.03593189 0.02412338 0.004492298 -0.04171493 0.02701739 0.004492298 -0.04171493 0.02701739 0.01411142 -0.03765592 0.02636073 0.01411142 -0.03765592 0.02636073 0.01411142 -0.03765592 0.02636073 0.01397674 -0.03767416 0.02654696 0.01397674 -0.03767416 0.02654696 0.01397674 -0.03767416 0.02654696 0.01425114 -0.03360674 0.02292619 0.01387517 -0.03791205 0.0268075 0.01387517 -0.03791205 0.0268075 0.01387517 -0.03791205 0.0268075 0.01282754 -0.03086814 0.02377428 0.01391911 -0.0338456 0.02330212 0.01391911 -0.0338456 0.02330212 0.0137313 -0.03776439 0.02677513 0.0137313 -0.03776439 0.02677513 0.0137313 -0.03776439 0.02677513 0.01415678 -0.03417335 0.02336628 0.01380291 -0.0378143 0.02680584 0.01380291 -0.0378143 0.02680584 0.01380291 -0.0378143 0.02680584 0.01442455 -0.03424536 0.02293889 0.01442455 -0.03424536 0.02293889 0.01377222 -0.03794289 0.02690243 0.01377222 -0.03794289 0.02690243 0.01377222 -0.03794289 0.02690243 0.01434332 -0.03389945 0.0230337 0.01393053 -0.03367909 0.0232675 0.01371643 -0.03786967 0.02689318 0.01371643 -0.03786967 0.02689318 0.01356658 -0.03779355 0.02678524 0.01356658 -0.03779355 0.02678524 0.01356658 -0.03779355 0.02678524 0.01362672 -0.03780668 0.02684056 0.01362672 -0.03780668 0.02684056 0.01362672 -0.03780668 0.02684056 0.01362672 -0.03780668 0.02684056 0.01436127 -0.03391943 0.02290206 0.01436127 -0.03391943 0.02290206 0.01389782 -0.03369211 0.02327215 0.01389782 -0.03369211 0.02327215 0.01265527 -0.02983419 0.0240613 0.01265527 -0.02983419 0.0240613 0.01285521 -0.0303078 0.02365945 0.01285521 -0.0303078 0.02365945 0.01307436 -0.0308262 0.0233294 0.01307436 -0.0308262 0.0233294 0.01366553 -0.03621138 0.02434891 0.0126477 -0.03083024 0.02387325 0.01186333 -0.02941705 0.02546891 0.01237966 -0.02921843 0.02475923 0.01237966 -0.02921843 0.02475923 0.0005380592 -0.03852379 0.02310631 0.01414141 -0.03765011 0.02506053 0.01414141 -0.03765011 0.02506053 0.003849141 -0.04185514 0.02642972 0.003849141 -0.04185514 0.02642972 0.01406303 -0.03726148 0.02450044 0.01406303 -0.03726148 0.02450044 0.01102363 -0.0295082 0.02576599 0.01420892 -0.03590998 0.02344617 0.01420892 -0.03590998 0.02344617 0.01438416 -0.03518516 0.02318452 0.01395192 -0.0354562 0.02388065 -0.001030221 -0.03467814 0.02522691 0.01216804 -0.02971613 0.02496292 -0.001057737 -0.03460833 0.02517574 -0.001057737 -0.03460833 0.02517574 0.004803369 -0.04155784 0.02703233 -0.0009732142 -0.0345432 0.02533346 0.01411476 -0.03708602 0.02446159 -0.0006462034 -0.03463146 0.025535 -0.0006462034 -0.03463146 0.025535 -0.0008546929 -0.03448642 0.0254656 -0.0008546929 -0.03448642 0.0254656 0.003491642 -0.04167065 0.02444236 0.01390256 -0.03634044 0.02443192 0.0002864686 -0.03817785 0.02286877 0.0002864686 -0.03817785 0.02286877 0.0007781904 -0.03933556 0.02292157 0.0007781904 -0.03933556 0.02292157 0.004072319 -0.04202494 0.02676345 0.004072319 -0.04202494 0.02676345 0.01117341 -0.02916226 0.02568316 0.01091944 -0.02921149 0.02571765 -0.0007119304 -0.03495223 0.02525146 -0.0003946828 -0.03470259 0.02546795 -0.0003946828 -0.03470259 0.02546795 -0.0004501011 -0.03580741 0.02425669 0.0131041 -0.03152172 0.02344643 0.004511532 -0.0419056 0.02710011 0.004511532 -0.0419056 0.02710011 0.0121366 -0.02954731 0.02517528 -0.0005151442 -0.03462004 0.02556008 -0.0005151442 -0.03462004 0.02556008 -0.0001040488 -0.03371577 0.02555076 -0.0001040488 -0.03371577 0.02555076 -0.0001040488 -0.03371577 0.02555076 0.004160562 -0.04188375 0.02684762 0.004160562 -0.04188375 0.02684762 -0.0007458644 -0.03439231 0.02554528 -0.0006144415 -0.03580222 0.02417367 0.0008902341 -0.03923183 0.02322119 -0.0007841401 -0.03458563 0.02549994 -0.0007841401 -0.03458563 0.02549994 -0.0003614964 -0.03578805 0.02427677 -0.0006736143 -0.03420989 0.02554896 0.0143995 -0.03516552 0.02324283 0.001406184 -0.03967703 0.02346182 0.001764352 -0.04048479 0.0233971 0.001797691 -0.04051632 0.02327927 0.003896922 -0.04175243 0.02632135 0.01201569 -0.02920097 0.02541166 0.004496173 -0.04184643 0.02709288 0.004496173 -0.04184643 0.02709288 0.001785452 -0.04028237 0.02362962 -0.0002348627 -0.03428181 0.02573809 -0.001014175 -0.03488554 0.02509476 0.01440055 -0.03511943 0.02336056 0.01438625 -0.03509417 0.02341695 0.01436245 -0.03506828 0.02346974 0.0142891 -0.03501734 0.02355921 0.01406934 -0.03493613 0.02364548 0.0140079 -0.03492341 0.02364425 0.01362406 -0.03678657 0.02488741 0.01200253 -0.02897173 0.02527386 0.003752779 -0.04206858 0.02624062 0.003752779 -0.04206858 0.02624062 0.003752779 -0.04206858 0.02624062 0.003672662 -0.041434 0.02546382 0.01262108 -0.03023789 0.02419722 -0.0009139421 -0.03463913 0.02538698 -0.0007002389 -0.03576573 0.02409277 -0.0008610986 -0.03508529 0.02502141 -0.0009585223 -0.03506051 0.02493886 -0.0007170534 -0.03529718 0.0247908 0.001117132 -0.03911859 0.02331052 0.0136518 -0.03702433 0.02519822 0.01368668 -0.03714678 0.02539642 0.01373734 -0.03725538 0.02560819 0.005416767 -0.04158278 0.02729207 0.003880214 -0.04180754 0.02641557 0.003880214 -0.04180754 0.02641557 0.01405192 -0.03732572 0.02582154 0.01405192 -0.03732572 0.02582154 0.004175444 -0.0420999 0.02680881 0.0001896 -0.03779609 0.02312739 0.00374834 -0.04200264 0.02499896 0.0009363766 -0.0392054 0.02325749 0.003791367 -0.04157794 0.02581948 0.01147608 -0.02932936 0.02566671 0.01397531 -0.03735726 0.02595089 0.0140156 -0.0373375 0.02588517 0.0140156 -0.0373375 0.02588517 0.01379749 -0.0372099 0.02555642 0.0008779361 -0.03954072 0.0229335 0.0008779361 -0.03954072 0.0229335 0.004870043 -0.04164632 0.02720469 0.004870043 -0.04164632 0.02720469 -0.0007888679 -0.03429565 0.02548483 0.008993339 -0.009704465 0.001037742 0.007442298 -0.01093548 0.001042653 0.006309652 -0.01162835 0.001046081 0.005105841 -0.01221098 0.001049617 0.0032446 -0.01284656 0.001054882 0.001276724 -0.01321044 0.001060221 -0.0007055815 -0.01328168 0.001065386 -0.002670495 -0.01306463 0.001070288 -0.004586226 -0.01256362 0.001074849 -0.0057928 -0.01206 0.001079479 -0.007009156 -0.01146117 0.001080277 -0.008662099 -0.01033304 0.001083701 -0.01011913 -0.00898708 0.001086457 -0.01136075 -0.007448705 0.001088522 -0.01236735 -0.00574348 0.001089849 -0.01289824 -0.004526456 0.001090319 -0.01331021 -0.003254116 0.001090434 -0.01371183 -0.001074539 0.001089857 -0.01375443 0.001126905 0.001088338 -0.0134407 0.003306259 0.001085912 -0.01277339 0.005419671 0.001082627 -0.0118827 0.007211789 0.001079006 -0.01074936 0.00883969 0.001074879 -0.009395934 0.01028061 0.001070326 -0.007844894 0.01151163 0.001065416 -0.007480433 0.01172285 0.001066208 -0.005508438 0.01278712 0.001058451 -0.003647167 0.01342265 0.00105318 -0.001679291 0.01378653 0.001047842 0.0003029856 0.01385782 0.001042684 0.0003029856 0.01385782 0.001042684 0.002267899 0.01364078 0.00103778 0.004183659 0.01313972 0.001033213 0.005417814 0.01265003 0.001030395 0.006606562 0.01203732 0.001027791 0.00825953 0.01090913 0.001024363 0.009716566 0.009563171 0.001021605 0.01095815 0.008024849 0.001019546 0.01196475 0.006319624 0.001018218 0.01249564 0.0051026 0.00101775 0.01290762 0.003830261 0.001017633 0.01330924 0.001650683 0.001018213 0.01335183 -0.0005507614 0.001019732 0.01303811 -0.002730114 0.001022156 0.01237079 -0.004843527 0.001025442 0.0114801 -0.006635645 0.001029062 0.01034676 -0.008263546 0.001033189 0.001544165 -0.03991369 0.02449582 0.001560941 -0.0399533 0.02448253 0.00157821 -0.03999402 0.02447421 0.001603501 -0.04005361 0.02447116 0.01093151 -0.0333676 0.02425006 0.001628672 -0.04011284 0.02447871 0.001658679 -0.04019197 0.0245022 0.001658679 -0.04019197 0.0245022 0.001644091 -0.04016906 0.02448616 0.01181459 -0.03544535 0.02454654 0.01200944 -0.03590221 0.02484399 0.01218293 -0.03630826 0.02521837 0.01253257 -0.03712166 0.02669445 0.01258179 -0.03723373 0.02726027 0.001694601 -0.04026758 0.02455697 0.001707802 -0.04029846 0.02458696 0.001707802 -0.04029846 0.02458696 0.001680164 -0.04023376 0.02453099 0.001680164 -0.04023376 0.02453099 0.001680164 -0.04023376 0.02453099 0.0002423145 -0.0368032 0.03102454 0.0001311017 -0.03654154 0.03098803 0.0001311017 -0.03654154 0.03098803 0.0001311017 -0.03654154 0.03098803 0.0001513811 -0.03668998 0.03107354 0.0002590912 -0.0368428 0.03101124 9.54537e-05 -0.03645803 0.0309201 9.54537e-05 -0.03645803 0.0309201 7.893792e-05 -0.03641949 0.03087067 6.581659e-05 -0.03638896 0.03081506 5.704218e-05 -0.03636867 0.03076011 0.0001230914 -0.03652274 0.03097608 0.0001230914 -0.03652274 0.03097608 0.0001230914 -0.03652274 0.03097608 0.002269137 -0.04111332 0.02868195 0.002269137 -0.04111332 0.02868195 -6.838793e-06 -0.03622069 0.0303957 -6.838793e-06 -0.03622069 0.0303957 0.01099402 -0.03346737 0.03121856 0.01077418 -0.03295057 0.03107808 0.01056601 -0.03246187 0.03084799 0.01037505 -0.03201427 0.03053445 0.01020641 -0.03161974 0.03014581 0.01006459 -0.03128882 0.02969248 0.009953373 -0.03103034 0.02918656 0.0003259799 -0.03700052 0.03098427 0.0002986712 -0.03693619 0.0309868 0.0002785915 -0.03688883 0.03099597 0.009860308 -0.03082659 0.02692055 0.009928079 -0.03098996 0.02636935 0.0001522715 -0.03659122 0.03101235 0.0001522715 -0.03659122 0.03101235 0.0001745838 -0.03664366 0.03102835 0.0001997547 -0.03670289 0.03103591 0.0002250461 -0.03676248 0.03103286 0.01178515 -0.03538961 0.02255129 0.01178515 -0.03538961 0.02255129 0.01178515 -0.03538961 0.02255129 0.01216355 -0.0362695 0.024209 0.01216355 -0.0362695 0.024209 0.01216801 -0.03627989 0.02422451 0.01216801 -0.03627989 0.02422451 0.01216801 -0.03627989 0.02422451 0.01217216 -0.03628956 0.02424061 0.01217216 -0.03628956 0.02424061 0.0009171611 -0.0364686 0.03103086 0.0008996297 -0.0364273 0.0310341 0.01238412 -0.0367856 0.02470097 0.01238412 -0.0367856 0.02470097 0.0008820292 -0.03638585 0.03103222 0.01269211 -0.03750369 0.02577329 0.01269211 -0.03750369 0.02577329 0.01279444 -0.03774047 0.02639106 0.01279444 -0.03774047 0.02639106 0.0008611546 -0.03633675 0.03102322 0.0007916296 -0.03617366 0.03092812 0.0007804284 -0.03614747 0.03089867 0.0007660208 -0.03611388 0.03084969 0.000754774 -0.03608775 0.03079577 0.0007468274 -0.03606944 0.0307379 0.01252383 -0.03707594 0.0303861 0.01252383 -0.03707594 0.0303861 0.000742464 -0.03605957 0.03067703 0.000742464 -0.03605957 0.03067703 4.795523e-05 -0.03634809 0.03063891 4.795523e-05 -0.03634809 0.03063891 5.157658e-05 -0.03635618 0.03070249 0.0001086542 -0.03648892 0.0309501 0.01098582 -0.03344304 0.03195529 0.01098582 -0.03344304 0.03195529 0.01075572 -0.03290199 0.03182899 0.01075572 -0.03290199 0.03182899 0.01032593 -0.03189312 0.03133511 0.01032593 -0.03189312 0.03133511 0.01009893 -0.03136152 0.03089633 0.01009893 -0.03136152 0.03089633 0.009632977 -0.03027633 0.02910421 0.009632977 -0.03027633 0.02910421 0.001228127 -0.03922333 0.03144334 0.001976456 -0.0409936 0.03029126 0.002293826 -0.04175111 0.02881232 0.002350047 -0.04189074 0.0277524 0.002338248 -0.04186604 0.02729885 0.002305404 -0.04179173 0.0268518 0.002098572 -0.04131274 0.0256579 0.009943081 -0.03103519 0.02491374 0.009943081 -0.03103519 0.02491374 0.00997039 -0.03110026 0.02480431 0.00997039 -0.03110026 0.02480431 0.009993664 -0.03115589 0.02468504 0.009993664 -0.03115589 0.02468504 0.001953671 -0.04097469 0.02518697 0.001953671 -0.04097469 0.02518697 0.001706511 -0.04039634 0.02463664 0.01244804 -0.03692625 0.02615613 0.01233044 -0.03665266 0.02565968 0.01160364 -0.03494998 0.02433395 0.01138216 -0.03442921 0.02421193 0.0111561 -0.033897 0.02418371 0.0111561 -0.033897 0.02418371 0.0111561 -0.033897 0.02418371 0.01071436 -0.03285509 0.0244092 0.01051047 -0.03237323 0.02465688 0.01036056 -0.03201842 0.02491441 0.01022521 -0.03169757 0.02522 0.01022521 -0.03169757 0.02522 0.01016373 -0.03155162 0.02538922 0.01003013 -0.03123381 0.02585432 0.009828589 -0.03074798 0.02749322 0.009833756 -0.03075622 0.02807205 0.009875739 -0.03085121 0.02864156 0.01121963 -0.0339984 0.03126568 0.01136084 -0.03433109 0.03124708 0.01149943 -0.03465785 0.03119227 0.01170016 -0.0351316 0.03104452 0.01188938 -0.03557876 0.0308214 0.01221992 -0.03636171 0.03016379 0.01235711 -0.03668778 0.02972684 0.01246482 -0.03694476 0.02924257 0.01254132 -0.03712848 0.02872052 0.01480598 -0.03597835 0.02918097 0.01492617 -0.03627139 0.02771583 0.01259483 -0.03726129 0.02772257 0.01258488 -0.03723481 0.02817021 0.01206375 -0.03599142 0.0305266 0.001810094 -0.04053581 0.02511136 0.001434789 -0.03965604 0.024504 0.001504585 -0.03982031 0.02452027 0.001672154 -0.04021496 0.02451904 0.001672154 -0.04021496 0.02451904 0.001672154 -0.04021496 0.02451904 0.001650985 -0.04016528 0.02449471 0.00223628 -0.03961982 0.02449382 0.01395869 -0.03396797 0.03137002 0.01415164 -0.03442361 0.03119075 0.01433373 -0.03485414 0.03094347 0.0145319 -0.03532344 0.0305643 0.01470133 -0.03572557 0.03010895 0.01483882 -0.03605293 0.02958769 0.002253079 -0.03965948 0.02448051 0.01499658 -0.03643186 0.02850225 0.002287857 -0.03974145 0.02446896 0.01502252 -0.0365001 0.02745471 0.01499266 -0.03643334 0.02693096 0.002346491 -0.03987936 0.02449595 0.002346491 -0.03987936 0.02449595 0.01488388 -0.03618271 0.02611262 0.002365581 -0.03992417 0.02451891 0.002383394 -0.03996592 0.02454842 0.01471961 -0.03580048 0.02542951 0.002395856 -0.03999508 0.02457495 0.01473642 -0.03583928 0.02554685 0.01473923 -0.03584547 0.02560943 0.0147383 -0.0358429 0.02566841 0.00240706 -0.04002128 0.02460439 0.01472643 -0.03581414 0.02578129 0.01471563 -0.03578837 0.02583332 0.0147082 -0.03577065 0.02586667 0.002421466 -0.04005486 0.02465337 0.01469697 -0.0357437 0.02593765 0.01469324 -0.03573466 0.02597487 0.01469011 -0.03572693 0.02602972 0.01468978 -0.03572577 0.02608495 0.01469216 -0.035731 0.02613989 0.01469725 -0.03574264 0.02619388 0.002432712 -0.04008099 0.02470729 0.002440658 -0.04009931 0.02476516 0.002445021 -0.04010917 0.02482603 0.001752908 -0.04040305 0.02482809 0.001751678 -0.04040031 0.02480457 0.01484757 -0.03609318 0.02670205 0.001746213 -0.04038783 0.02474695 0.001737438 -0.04036754 0.02469201 0.01491961 -0.03625815 0.02739382 0.001724317 -0.04033701 0.02463639 0.01491975 -0.03625379 0.02808072 0.01489867 -0.03620168 0.02844174 0.01486029 -0.03610874 0.02881801 0.01478272 -0.0359228 0.02929637 0.01475474 -0.03585616 0.02940418 0.01472233 -0.03577915 0.02950345 0.0146857 -0.03569229 0.02959327 0.01464806 -0.03560312 0.02966765 0.001163275 -0.03912104 0.02403664 0.0009430382 -0.03860286 0.02396099 -8.678277e-05 -0.03617163 0.02482277 0.01415503 -0.03443615 0.03052287 0.01414322 -0.03440816 0.03054898 -0.000491692 -0.0351877 0.02927496 0.01400114 -0.03407067 0.03097078 0.01394012 -0.03392626 0.03107365 0.01490162 -0.03621795 0.02707448 0.01488061 -0.03616977 0.0268819 0.01480332 -0.03599008 0.0265386 0.001747545 -0.0352309 0.02147868 -0.0006062171 -0.03493197 0.02721959 -0.0005634175 -0.03503634 0.02669495 -0.0004870879 -0.03521973 0.02616269 -0.0003804943 -0.03547415 0.02566601 -0.0002460754 -0.0357938 0.02521602 9.380745e-05 -0.03659917 0.02449505 0.0002916161 -0.03706678 0.02424021 0.0005022819 -0.03756412 0.02406393 0.0007210301 -0.03807995 0.02397016 0.001376867 -0.03962299 0.0241954 0.001579 -0.04009742 0.02443374 0.001620695 -0.04014024 0.02446527 0.001697626 -0.0402852 0.02456544 0.001706828 -0.04035593 0.02461111 0.001781833 -0.04057277 0.02477953 0.002222072 -0.0415997 0.02623232 0.002018603 -0.04192601 0.02690123 0.002018603 -0.04192601 0.02690123 0.001904993 -0.04166395 0.02609268 0.001904993 -0.04166395 0.02609268 0.001822244 -0.04147161 0.02571773 0.001822244 -0.04147161 0.02571773 0.001610145 -0.04097664 0.02505036 0.001610145 -0.04097664 0.02505036 0.001610145 -0.04097664 0.02505036 0.001610145 -0.04097664 0.02505036 0.001483512 -0.04068034 0.02476646 0.001483512 -0.04068034 0.02476646 0.001041057 -0.03964246 0.02415588 0.001041057 -0.03964246 0.02415588 0.0008790143 -0.0392616 0.02404139 0.0008790143 -0.0392616 0.02404139 -0.0002457406 -0.03660904 0.02457323 -0.0002457406 -0.03660904 0.02457323 -0.0003802407 -0.03629053 0.02482795 -0.0003802407 -0.03629053 0.02482795 -0.0005025597 -0.03600047 0.02512005 -0.0005025597 -0.03600047 0.02512005 -0.0006111145 -0.03574258 0.02544582 -0.0006111145 -0.03574258 0.02544582 -0.0007816415 -0.03533596 0.02618131 -0.0007816415 -0.03533596 0.02618131 0.002336627 -0.04185548 0.02828769 0.002217496 -0.04156772 0.02934458 0.002110904 -0.0413133 0.02984126 0.001817193 -0.04061582 0.03068451 0.001636601 -0.04018828 0.03101222 0.001438793 -0.03972067 0.03126706 0.001009351 -0.03870745 0.03153712 0.0007873704 -0.03818459 0.03154628 0.0005671337 -0.03766641 0.03147063 0.0003535412 -0.03716446 0.03131187 0.0001493991 -0.03663036 0.03104189 0.0001383735 -0.03656716 0.03100488 0.0001383735 -0.03656716 0.03100488 9.804654e-05 -0.03647456 0.03094165 5.331496e-05 -0.03641888 0.03089608 2.389767e-05 -0.03639111 0.03087063 -5.145261e-05 -0.03621463 0.03072775 -0.0002232617 -0.03581276 0.03032031 -0.0003681634 -0.03547471 0.02984937 -0.0005749942 -0.03499572 0.02865547 -0.0006078679 -0.03492135 0.02820843 -0.0006196377 -0.03489671 0.02775487 -0.0007574053 -0.03537101 0.02941627 -0.0007574053 -0.03537101 0.02941627 -0.0005759573 -0.03579341 0.03014016 -0.0005759573 -0.03579341 0.03014016 -0.0003359506 -0.03635456 0.0307425 -0.0003359506 -0.03635456 0.0307425 -0.0001977022 -0.03667849 0.03098822 -0.0001977022 -0.03667849 0.03098822 -4.957235e-05 -0.03702596 0.03119261 -4.957235e-05 -0.03702596 0.03119261 0.0001065049 -0.03739244 0.03135308 0.0001065049 -0.03739244 0.03135308 0.000934468 -0.03934177 0.0314456 0.000934468 -0.03934177 0.0314456 0.001094729 -0.03972006 0.03132048 0.001094729 -0.03972006 0.03132048 0.001248328 -0.04008297 0.03114979 0.001248328 -0.04008297 0.03114979 0.001393302 -0.04042586 0.03093573 0.001393302 -0.04042586 0.03093573 0.001758676 -0.04129232 0.03006314 0.001758676 -0.04129232 0.03006314 0.001852102 -0.04151477 0.02970787 0.001852102 -0.04151477 0.02970787 0.002051203 -0.04199423 0.02815829 0.002051203 -0.04199423 0.02815829 0.002058636 -0.04201449 0.02775324 0.002058636 -0.04201449 0.02775324 0.0112612 -0.03415034 0.02332868 0.0112612 -0.03415034 0.02332868 0.004149593 -0.03967232 0.02423216 0.004149593 -0.03967232 0.02423216 0.002989215 -0.03830729 0.02164712 0.01197466 -0.03449206 0.02162114 0.01217822 -0.03630375 0.0242532 0.01217822 -0.03630375 0.0242532 0.01382226 -0.03289058 0.02344206 0.01382226 -0.03289058 0.02344206 0.01408373 -0.033506 0.02349446 0.01408373 -0.033506 0.02349446 0.01433901 -0.03410617 0.02365081 0.01433901 -0.03410617 0.02365081 0.01458182 -0.03467628 0.02390728 0.01458182 -0.03467628 0.02390728 0.01480623 -0.03520241 0.02425752 0.01480623 -0.03520241 0.02425752 0.01500668 -0.03567152 0.02469293 0.01500668 -0.03567152 0.02469293 0.01531667 -0.03639423 0.02577451 0.01531667 -0.03639423 0.02577451 0.01460147 -0.03467068 0.03152375 0.01460147 -0.03467068 0.03152375 0.01435995 -0.03410012 0.03178061 0.01435995 -0.03410012 0.03178061 0.01410548 -0.03349974 0.03193739 0.01410548 -0.03349974 0.03193739 0.01384428 -0.03288423 0.03199023 0.01384428 -0.03288423 0.03199023 0.01145416 -0.03454604 0.03195594 0.01145416 -0.03454604 0.03195594 0.01168026 -0.03507936 0.03183281 0.01168026 -0.03507936 0.03183281 0.01189668 -0.03559044 0.03163154 0.01189668 -0.03559044 0.03163154 0.01210032 -0.03607191 0.03135524 0.01210032 -0.03607191 0.03135524 0.01222743 -0.03637279 0.0311309 0.01222743 -0.03637279 0.0311309 0.01234651 -0.03665499 0.03087553 0.01234651 -0.03665499 0.03087553 0.01266815 -0.03741958 0.02983485 0.01266815 -0.03741958 0.02983485 0.01277713 -0.03768036 0.02923243 0.01277713 -0.03768036 0.02923243 0.01284846 -0.03785272 0.02858949 0.01284846 -0.03785272 0.02858949 0.01287723 -0.03792425 0.02803731 0.01287723 -0.03792425 0.02803731 0.01287771 -0.03792916 0.02748212 0.01287771 -0.03792916 0.02748212 0.01285005 -0.03786777 0.02693102 0.01285005 -0.03786777 0.02693102 0.0125544 -0.03718321 0.02520663 0.0125544 -0.03718321 0.02520663 0.01218406 -0.03631743 0.02426622 0.01218406 -0.03631743 0.02426622 0.0128153 -0.03537067 0.02388664 0.0129108 -0.03501975 0.02375818 0.009924084 -0.03099004 0.02497654 0.009924084 -0.03099004 0.02497654 0.009924084 -0.03099004 0.02497654 0.009924084 -0.03099004 0.02497654 0.009809623 -0.03071775 0.02537315 0.009809623 -0.03071775 0.02537315 0.00971416 -0.03049003 0.02579978 0.00971416 -0.03049003 0.02579978 0.009638624 -0.03030904 0.02625198 0.009638624 -0.03030904 0.02625198 0.009583827 -0.03017677 0.02672536 0.009583827 -0.03017677 0.02672536 0.009546498 -0.03008479 0.02732148 0.009546498 -0.03008479 0.02732148 0.00954235 -0.03007094 0.02792266 0.00954235 -0.03007094 0.02792266 0.009571242 -0.03013491 0.02851991 0.009571242 -0.03013491 0.02851991 0.009748681 -0.03054429 0.02976864 0.009748681 -0.03054429 0.02976864 0.009905246 -0.03090894 0.03037009 0.009905246 -0.03090894 0.03037009 0.01053462 -0.03238268 0.03162143 0.01053462 -0.03238268 0.03162143 0.01122153 -0.03399788 0.03199781 0.01122153 -0.03399788 0.03199781 0.01358284 -0.03226886 0.03193782 0.01358284 -0.03226886 0.03193782 0.01332756 -0.03166869 0.03178147 0.01332756 -0.03166869 0.03178147 0.01286031 -0.0305724 0.03117477 0.01286031 -0.0305724 0.03117477 0.01265986 -0.03010329 0.03073936 0.01265986 -0.03010329 0.03073936 0.01248831 -0.02970274 0.03022951 0.01248831 -0.02970274 0.03022951 0.01216282 -0.02895326 0.02771754 0.01216282 -0.02895326 0.02771754 0.01218167 -0.02900221 0.0270489 0.01218167 -0.02900221 0.0270489 0.01224119 -0.02914681 0.0263967 0.01224119 -0.02914681 0.0263967 0.01247537 -0.02970647 0.02520503 0.01247537 -0.02970647 0.02520503 0.01247537 -0.02970647 0.02520503 0.01247537 -0.02970647 0.02520503 0.01264431 -0.0301078 0.02469489 0.01264431 -0.0301078 0.02469489 0.01330659 -0.03167469 0.02365168 0.01330659 -0.03167469 0.02365168 0.01151957 -0.03046357 0.02476188 0.01151957 -0.03046357 0.02476188 0.01151957 -0.03046357 0.02476188 0.01150353 -0.03051247 0.02467708 0.01150353 -0.03051247 0.02467708 0.01150353 -0.03051247 0.02467708 0.01149822 -0.03053398 0.02463065 0.01149822 -0.03053398 0.02463065 0.0114957 -0.03055326 0.02457941 0.0114957 -0.03055326 0.02457941 0.01148944 -0.03059282 0.02442975 0.01148944 -0.03059282 0.02442975 0.01010725 -0.03117974 0.02443374 0.01007055 -0.03116403 0.02456578 0.01002921 -0.03113321 0.02469317 0.009987174 -0.03109061 0.02480695 0.01008469 -0.03119125 0.02442979 0.01006326 -0.03120484 0.02442624 0.01001257 -0.03120128 0.02455687 0.01001257 -0.03120128 0.02455687 0.01002671 -0.03123551 0.02442075 0.01002671 -0.03123551 0.02442075 0.01033681 -0.03131827 0.02303127 0.01013975 -0.03150943 0.02329227 0.01013975 -0.03150943 0.02329227 0.002215728 -0.04148031 0.02669909 0.01026919 -0.03138613 0.0229115 0.0008703436 -0.03636028 0.03074582 0.01023137 -0.03143006 0.02291295 0.01020305 -0.03148167 0.02291635 0.002584376 -0.03922431 0.02452565 0.01018249 -0.03156602 0.02292462 0.003225085 -0.04070444 0.02875786 0.01380151 -0.03359895 0.03120017 0.01387318 -0.03376808 0.03115079 0.01405512 -0.03419866 0.03084425 0.0140866 -0.03427347 0.03074777 0.01411414 -0.03433902 0.03064228 -0.00105213 -0.03499582 0.02719008 -0.00105213 -0.03499582 0.02719008 0.001075526 -0.03684167 0.03101475 -0.001004636 -0.03511152 0.02662639 -0.001004636 -0.03511152 0.02662639 0.01452018 -0.03530088 0.02982601 0.01456495 -0.0354066 0.02978449 0.0146077 -0.03550763 0.02973155 0.001100975 -0.03572355 0.02557616 0.01363537 -0.03320732 0.03125227 0.01353038 -0.0329596 0.03131729 0.01356424 -0.03303957 0.03128517 0.01359936 -0.03312243 0.0312634 0.0132869 -0.03238522 0.03145558 0.01332797 -0.03248188 0.0314674 0.01336897 -0.03257845 0.03146518 0.01340936 -0.03267368 0.03144916 0.01344858 -0.03276626 0.03141958 0.01347382 -0.03282589 0.03139246 0.01349813 -0.03288338 0.0313595 0.01241808 -0.02956243 0.0265433 0.01236823 -0.02943299 0.02831169 0.01279025 -0.03041265 0.03040345 0.01296842 -0.03082963 0.03079048 0.01341877 -0.0326955 0.03150105 0.01407522 -0.03343167 0.03146836 0.01430143 -0.03396538 0.031329 0.0145161 -0.0344725 0.03110068 0.01471397 -0.03494064 0.03078902 0.01489015 -0.0353582 0.0304017 0.01516072 -0.03600199 0.02943984 0.01524849 -0.03621243 0.02888898 0.01530138 -0.03634095 0.02830925 0.01531811 -0.03638442 0.02771491 0.01529831 -0.03634182 0.0271206 0.01502878 -0.0357182 0.02548204 0.01428282 -0.03397076 0.02410252 0.01405589 -0.03343725 0.02396354 -0.0002739251 -0.03684822 0.02431072 -0.0002739251 -0.03684822 0.02431072 0.01470592 -0.0357686 0.025377 0.01480319 -0.03599528 0.02573256 0.01494729 -0.03632931 0.02651335 0.01502376 -0.03649942 0.02798101 0.01494112 -0.0362978 0.02901079 0.01375774 -0.03349396 0.0314792 0.01355165 -0.03300834 0.03151617 -7.058788e-05 -0.0373287 0.02407537 -7.058788e-05 -0.0373287 0.02407537 0.01473402 -0.0358324 0.025726 0.01472982 -0.03582415 0.02548651 0.01473179 -0.0358229 0.02635209 0.01471748 -0.03578952 0.02630368 0.01470591 -0.03576263 0.02625069 0.01470199 -0.03575577 0.02590151 0.0005142598 -0.03870771 0.02383982 0.0005142598 -0.03870771 0.02383982 0.01446514 -0.03517074 0.0298995 0.01447786 -0.03520084 0.0298763 0.01449132 -0.0352327 0.02985624 0.01450545 -0.0352661 0.02983944 0.000664576 -0.03906149 0.02387376 0.000664576 -0.03906149 0.02387376 0.01412271 -0.03435944 0.03060887 0.01413243 -0.03438254 0.0305777 0.001353075 -0.0406782 0.02457831 0.001353075 -0.0406782 0.02457831 0.001544103 -0.04112527 0.0249937 0.001544103 -0.04112527 0.0249937 0.001544103 -0.04112527 0.0249937 0.001544103 -0.04112527 0.0249937 0.001987326 -0.04215295 0.02736813 0.001987326 -0.04215295 0.02736813 0.001855065 -0.04182748 0.02941776 0.001855065 -0.04182748 0.02941776 0.001747208 -0.04157009 0.02991521 0.001747208 -0.04157009 0.02991521 0.0108149 -0.03338741 0.02157524 0.01087471 -0.03325163 0.02163551 0.001611935 -0.04124842 0.0303676 0.001611935 -0.04124842 0.0303676 0.0002304838 -0.0368182 0.02473143 0.01060097 -0.03298277 0.02078505 0.001202922 -0.04027948 0.03119887 0.001202922 -0.04027948 0.03119887 0.0009996123 -0.03979905 0.03143422 0.0009996123 -0.03979905 0.03143422 0.01043525 -0.03365022 0.02173741 0.01115341 -0.03419491 0.02308977 0.01114445 -0.03418097 0.02306146 0.01114445 -0.03418097 0.02306146 0.000785624 -0.03929401 0.03159067 0.000785624 -0.03929401 0.03159067 0.004153706 -0.03968192 0.02424816 0.004153706 -0.03968192 0.02424816 0.004157997 -0.03969323 0.02426306 0.004157997 -0.03969323 0.02426306 0.004164024 -0.03970578 0.02427668 0.004164024 -0.03970578 0.02427668 0.002321839 -0.03865954 0.02344972 0.00231307 -0.03810308 0.02190986 0.002687704 -0.03828833 0.02172602 0.003233025 -0.03950603 0.02391625 0.002278127 -0.04162033 0.02771829 0.003255943 -0.03828189 0.02159973 0.002833835 -0.03830901 0.02168167 0.002549934 -0.03824625 0.02177981 0.002423988 -0.03818393 0.02184162 0.00223408 -0.0380229 0.02197044 0.002168876 -0.03793261 0.02203326 0.002094161 -0.03761989 0.021485 0.001081447 -0.03564541 0.03029636 0.001081447 -0.03564541 0.03029636 -0.0004240775 -0.0364495 0.03093128 -0.0004240775 -0.0364495 0.03093128 -0.0006151053 -0.03600243 0.0305159 -0.0006151053 -0.03600243 0.0305159 0.01143804 -0.03426285 0.02060585 -9.894762e-05 -0.035524 0.02663169 -0.0007630037 -0.0356571 0.03007739 -0.0007630037 -0.0356571 0.03007739 0.01224727 -0.03410582 0.0217639 0.01213754 -0.03431224 0.02167941 0.0120623 -0.03440607 0.02164675 0.01177091 -0.0346664 0.02157511 -0.0008832622 -0.03537717 0.02959292 -0.0008832622 -0.03537717 0.02959292 0.01219945 -0.0342117 0.02171863 0.01228165 -0.03398929 0.02181793 0.0122981 -0.03387178 0.02187655 0.01229649 -0.03375502 0.02193888 0.01227668 -0.03364079 0.02200404 0.01210091 -0.03337103 0.02145606 0.01282244 -0.03476766 0.0235878 -0.0009745327 -0.03516578 0.02907108 -0.0009745327 -0.03516578 0.02907108 -0.001035361 -0.03502626 0.02852039 -0.001035361 -0.03502626 0.02852039 -0.001058331 -0.03497475 0.02814147 -0.001058331 -0.03497475 0.02814147 0.003287251 -0.0376478 0.02329246 0.002629331 -0.03928656 0.03093239 0.002238184 -0.03517802 0.02315771 0.002213811 -0.03512076 0.02313756 0.002190939 -0.03506708 0.02310837 0.002169904 -0.0350178 0.02307063 0.002151156 -0.03497395 0.02302482 0.002135138 -0.03493659 0.02297168 0.002108405 -0.0348749 0.02278511 0.001992352 -0.0345892 0.02460449 0.001992352 -0.0345892 0.02460449 0.0008221265 -0.03505756 0.02693423 0.001772683 -0.03406582 0.02548897 0.001772683 -0.03406582 0.02548897 0.001772756 -0.03403556 0.02995954 0.001772756 -0.03403556 0.02995954 0.001869694 -0.03426138 0.03032228 0.001869694 -0.03426138 0.03032228 0.002166635 -0.03495546 0.03109546 0.002166635 -0.03495546 0.03109546 0.003468261 -0.03801501 0.03196834 0.003468261 -0.03801501 0.03196834 0.003720801 -0.03861083 0.03181337 0.003720801 -0.03861083 0.03181337 0.003960635 -0.0391774 0.03155984 0.003960635 -0.0391774 0.03155984 0.004183228 -0.039704 0.03121153 0.004183228 -0.039704 0.03121153 0.004306021 -0.03999492 0.03095988 0.004306021 -0.03999492 0.03095988 0.004418205 -0.04026102 0.0306815 0.004418205 -0.04026102 0.0306815 0.004565383 -0.04061079 0.03021868 0.004565383 -0.04061079 0.03021868 0.004776836 -0.04111602 0.02915768 0.004776836 -0.04111602 0.02915768 0.004837399 -0.04126263 0.02857453 0.004837399 -0.04126263 0.02857453 0.004482074 -0.04044987 0.02503823 0.004482074 -0.04044987 0.02503823 0.003771193 -0.03879242 0.02257446 0.003771193 -0.03879242 0.02257446 0.003771193 -0.03879242 0.02257446 0.003087185 -0.03712563 0.03077949 0.002971904 -0.03685441 0.03073581 0.002804178 -0.03646021 0.03061771 0.002645068 -0.0360867 0.03043891 0.002497166 -0.03573998 0.03020217 0.002235787 -0.03512895 0.02953231 0.002134665 -0.03489368 0.02910974 0.00206144 -0.03472435 0.02865134 0.002548262 -0.03589452 0.02518024 0.002548262 -0.03589452 0.02518024 0.003305867 -0.03768196 0.02471431 0.003421178 -0.03795323 0.02475798 0.003588904 -0.03834744 0.02487609 0.003588904 -0.03834744 0.02487609 0.004367969 -0.04015882 0.02831572 0.004317818 -0.04003747 0.02879207 0.00384482 -0.03891312 0.03031355 0.003692335 -0.03855256 0.03052548 0.003527784 -0.03816398 0.03067918 0.00336771 -0.03778639 0.03076521 0.001432414 -0.03651099 0.02456814 0.01270164 -0.03424989 0.02343138 0.01270164 -0.03424989 0.02343138 0.01270947 -0.03424111 0.02345883 0.01271731 -0.034235 0.02347371 0.01272707 -0.03422841 0.02348683 0.01280246 -0.03419144 0.02352096 0.01287222 -0.03521103 0.02382744 0.01277835 -0.03544489 0.0239138 0.01273527 -0.03551508 0.02393873 0.01271982 -0.0355078 0.02393034 0.01270513 -0.03550195 0.02391931 0.01269098 -0.0354976 0.02390507 0.01267895 -0.03549531 0.02388893 0.012807 -0.03514303 0.02373962 0.01282664 -0.0349514 0.02365978 0.01279786 -0.03458427 0.02352171 0.001956806 -0.03774835 0.02422416 0.01272338 -0.03541406 0.02385566 0.01278193 -0.03536092 0.02386892 0.01275935 -0.03532689 0.02381858 0.01284665 -0.03509703 0.02376182 0.01292305 -0.03480716 0.02368598 0.01287023 -0.03487564 0.02368543 0.01291301 -0.03463119 0.02363157 0.01287236 -0.03465877 0.02362539 0.01283838 -0.03467006 0.02360012 0.01282081 -0.03467945 0.02357524 0.01287358 -0.03441465 0.02357211 0.01282453 -0.03444923 0.02356012 -0.0004761456 -0.03513229 0.02791826 0.01279413 -0.03446366 0.02353204 0.01275974 -0.03442407 0.02346943 0.01482404 -0.03519726 0.03117313 0.01482404 -0.03519726 0.03117313 0.01502227 -0.03566706 0.03073739 0.01502227 -0.03566706 0.03073739 0.01519117 -0.03606834 0.03022726 0.01519117 -0.03606834 0.03022726 0.01532665 -0.03639132 0.0296553 0.01532665 -0.03639132 0.0296553 0.01542539 -0.03662805 0.02903558 0.01542539 -0.03662805 0.02903558 0.0154849 -0.03677265 0.02838338 0.0154849 -0.03677265 0.02838338 0.01550372 -0.03682155 0.02771475 0.01550372 -0.03682155 0.02771475 0.01548145 -0.03677365 0.02704615 0.01548145 -0.03677365 0.02704615 0.01541857 -0.03663 0.02639405 0.01541857 -0.03663 0.02639405 0.01517823 -0.03607207 0.02520277 0.01517823 -0.03607207 0.02520277 0.01393186 -0.0328441 0.02356047 0.01393186 -0.0328441 0.02356047 0.0006542252 -0.03465633 0.02778915 0.015319 -0.03609759 0.02553238 0.015319 -0.03609759 0.02553238 0.0154075 -0.03630319 0.02594534 0.0154075 -0.03630319 0.02594534 0.01552742 -0.03657958 0.02683354 0.01552742 -0.03657958 0.02683354 0.01555732 -0.03664685 0.02729745 0.01555732 -0.03664685 0.02729745 0.0155666 -0.03666551 0.02776669 0.0155666 -0.03666551 0.02776669 0.0154708 -0.03643049 0.02914667 0.0154708 -0.03643049 0.02914667 0.01539901 -0.03625848 0.02957781 0.01539901 -0.03625848 0.02957781 0.01530859 -0.03604275 0.02998516 0.01530859 -0.03604275 0.02998516 0.01520073 -0.03578614 0.03036351 0.01520073 -0.03578614 0.03036351 0.01507679 -0.03549192 0.03070803 0.01507679 -0.03549192 0.03070803 0.01493837 -0.03516382 0.03101432 0.01493837 -0.03516382 0.03101432 0.01478723 -0.03480606 0.03127846 0.01478723 -0.03480606 0.03127846 0.01462526 -0.03442313 0.03149709 0.01462526 -0.03442313 0.03149709 0.001627596 -0.04128322 0.0306736 0.001627596 -0.04128322 0.0306736 0.01240632 -0.03348568 0.0233425 0.01240632 -0.03348568 0.0233425 0.01240632 -0.03348568 0.0233425 0.01241168 -0.03348369 0.02336647 0.01241824 -0.03348126 0.02338252 0.01242724 -0.03347796 0.02339775 0.0001820043 -0.03619811 0.02548847 0.01246498 -0.03346398 0.02343224 0.01249877 -0.03345152 0.02344428 0.01249877 -0.03345152 0.02344428 0.01266525 -0.03383961 0.02346656 0.01278456 -0.03419888 0.02351936 0.01276654 -0.03420705 0.02351437 0.01275213 -0.03421423 0.02350748 0.01273876 -0.03422147 0.02349817 0.01356109 -0.03227512 0.0234949 0.01356109 -0.03227512 0.0234949 0.0130651 -0.03110419 0.02390853 0.0130651 -0.03110419 0.02390853 0.0128425 -0.03057755 0.02425915 0.0128425 -0.03057755 0.02425915 0.01233989 -0.02938349 0.02577699 0.01233989 -0.02938349 0.02577699 0.01218512 -0.02900122 0.02838613 0.01218512 -0.02900122 0.02838613 0.012248 -0.02914487 0.02903823 0.012248 -0.02914487 0.02903823 0.0123499 -0.02938063 0.02965777 0.0123499 -0.02938063 0.02965777 0.01308472 -0.03109853 0.03152501 0.01308472 -0.03109853 0.03152501 0.01324229 -0.03116634 0.03145377 0.01324229 -0.03116634 0.03145377 0.01308139 -0.03078895 0.03122504 0.01308139 -0.03078895 0.03122504 0.0129315 -0.0304378 0.03095147 0.0129315 -0.0304378 0.03095147 0.00119112 -0.03593714 0.02538727 0.01232998 -0.0290467 0.02719636 0.01232998 -0.0290467 0.02719636 0.01236205 -0.02912538 0.0267344 0.01236205 -0.02912538 0.0267344 0.01257652 -0.02963926 0.0254465 0.01257652 -0.02963926 0.0254465 0.01257652 -0.02963926 0.0254465 0.01257652 -0.02963926 0.0254465 0.01251704 -0.03344476 0.02344583 0.01248013 -0.03345839 0.02343924 0.01248013 -0.03345839 0.02343924 0.01248013 -0.03345839 0.02343924 0.01245076 -0.03346928 0.02342274 0.01243809 -0.03347394 0.02341115 0.01212414 -0.0326909 0.02342405 0.01199521 -0.03230423 0.02352374 0.01187512 -0.03192715 0.02366126 0.0116637 -0.03120898 0.02404728 0.01157382 -0.03087208 0.02429513 0.01154558 -0.03038584 0.02486762 0.01154558 -0.03038584 0.02486762 0.01154558 -0.03038584 0.02486762 0.01154558 -0.03038584 0.02486762 0.01157473 -0.0302892 0.02497177 0.01157473 -0.0302892 0.02497177 0.01168967 -0.030804 0.02445192 0.01168967 -0.030804 0.02445192 0.01184442 -0.03138922 0.02402918 0.01201609 -0.03196895 0.02373868 0.01221249 -0.03257805 0.02354547 0.01236086 -0.03301044 0.02347083 0.001938539 -0.04202337 0.02952284 0.001938539 -0.04202337 0.02952284 0.01226196 -0.03278939 0.02350232 0.01226196 -0.03278939 0.02350232 0.01223118 -0.03279824 0.0234924 0.01223118 -0.03279824 0.0234924 0.01223118 -0.03279824 0.0234924 0.01220274 -0.03280466 0.02347308 0.01220274 -0.03280466 0.02347308 0.01218049 -0.03280767 0.02344625 0.01218049 -0.03280767 0.02344625 0.01218049 -0.03280767 0.02344625 0.01226137 -0.03308543 0.02336322 0.01204766 -0.03213993 0.02367459 0.01204766 -0.03213993 0.02367459 0.01201612 -0.03214684 0.02366562 0.01201612 -0.03214684 0.02366562 0.01201612 -0.03214684 0.02366562 0.0119863 -0.03214992 0.02364758 0.0119863 -0.03214992 0.02364758 0.0119863 -0.03214992 0.02364758 0.01196941 -0.03214951 0.0236313 0.01196941 -0.03214951 0.0236313 0.01195124 -0.03214516 0.02360293 0.01182811 -0.03144842 0.02399664 0.01182811 -0.03144842 0.02399664 0.01182811 -0.03144842 0.02399664 0.01182811 -0.03144842 0.02399664 0.01179571 -0.03145178 0.02398636 0.01179571 -0.03145178 0.02398636 0.01179571 -0.03145178 0.02398636 0.01179571 -0.03145178 0.02398636 0.01177525 -0.03145095 0.02397489 0.01177525 -0.03145095 0.02397489 0.01174934 -0.03144513 0.02395212 0.01174934 -0.03144513 0.02395212 0.01176439 -0.03156141 0.02383591 0.01163771 -0.03081783 0.02444227 0.01163771 -0.03081783 0.02444227 0.01161584 -0.03081657 0.02443437 0.01161584 -0.03081657 0.02443437 0.01158629 -0.03080897 0.02441688 0.01158629 -0.03080897 0.02441688 0.01156434 -0.03079554 0.02439474 0.0005513118 -0.03752999 0.03116223 0.01193853 -0.03178683 0.02381981 0.01174919 -0.0311212 0.02420814 0.01174919 -0.0311212 0.02420814 0.01165982 -0.03081617 0.02444679 0.01165982 -0.03081617 0.02444679 0.01165982 -0.03081617 0.02444679 0.01255361 -0.03387698 0.02336231 0.002668557 -0.03937944 0.03085814 0.0115371 -0.03250767 0.01969982 0.01124861 -0.03204136 0.01886612 0.00200607 -0.04218538 0.02908715 0.00200607 -0.04218538 0.02908715 0.01129054 -0.03117891 0.02145109 0.01129054 -0.03117891 0.02145109 0.01129054 -0.03117891 0.02145109 0.002053906 -0.04230112 0.02863444 0.002053906 -0.04230112 0.02863444 0.01361065 -0.03233756 0.03146875 0.01338375 -0.03180411 0.03132977 0.0131679 -0.03129731 0.0311018 0.01263776 -0.03005661 0.02995025 0.01251471 -0.02977027 0.02944204 0.01242413 -0.02956068 0.02889133 0.01234843 -0.02939039 0.02771738 0.01236517 -0.02943386 0.02712304 0.01250582 -0.02977282 0.02599245 0.01250582 -0.02977282 0.02599245 0.01262627 -0.03005994 0.02548404 0.01277642 -0.03041666 0.02503058 0.0129526 -0.03083422 0.02464326 0.01315045 -0.03130231 0.0243316 0.01336514 -0.03180948 0.02410328 0.01359133 -0.03234314 0.02396393 0.01393245 -0.0328439 0.02379792 0.01393245 -0.0328439 0.02379792 0.01375972 -0.03243691 0.02382309 0.01375972 -0.03243691 0.02382309 0.01358931 -0.03203506 0.023898 0.01358931 -0.03203506 0.023898 0.0134234 -0.03164349 0.0240217 0.0134234 -0.03164349 0.0240217 0.01311356 -0.03091112 0.02440851 0.01311356 -0.03091112 0.02440851 0.01297354 -0.03057961 0.02466668 0.01297354 -0.03057961 0.02466668 0.01284594 -0.03027706 0.02496381 0.01284594 -0.03027706 0.02496381 0.01273231 -0.0300072 0.02529611 0.01273231 -0.0300072 0.02529611 0.01255274 -0.02957917 0.02604881 0.01255274 -0.02957917 0.02604881 0.001536946 -0.03985331 0.03086662 0.01244397 -0.02931728 0.02688645 0.01244397 -0.02931728 0.02688645 0.01241803 -0.02925321 0.02732389 0.01241803 -0.02925321 0.02732389 0.01250861 -0.02945467 0.0290673 0.01250861 -0.02945467 0.0290673 0.01257839 -0.02961624 0.02947369 0.01257839 -0.02961624 0.02947369 0.01266561 -0.02981904 0.02985762 0.01266561 -0.02981904 0.02985762 0.01276915 -0.03006047 0.03021418 0.01276915 -0.03006047 0.03021418 0.01288767 -0.03033739 0.03053882 0.01288767 -0.03033739 0.03053882 0.01362779 -0.03207362 0.03154495 0.01362779 -0.03207362 0.03154495 0.01378936 -0.03245368 0.03161154 0.01378936 -0.03245368 0.03161154 0.01382348 -0.03289022 0.02391696 0.01449867 -0.03447755 0.02433048 0.01469812 -0.03494518 0.02464181 0.01487629 -0.03536216 0.02502884 0.01515183 -0.03600454 0.02599025 0.01524241 -0.03621413 0.02654096 0.01504031 -0.03571492 0.02994825 0.01384306 -0.03288459 0.03151533 0.01395265 -0.03283811 0.03163374 0.01395265 -0.03283811 0.03163374 0.01412539 -0.0332451 0.03160857 0.01412539 -0.0332451 0.03160857 0.01477158 -0.03477094 0.03102314 0.01477158 -0.03477094 0.03102314 0.01491157 -0.0351024 0.03076497 0.01491157 -0.0351024 0.03076497 0.01539603 -0.03625558 0.02897205 0.01539603 -0.03625558 0.02897205 0.01544114 -0.03636473 0.02854521 0.01544114 -0.03636473 0.02854521 0.01546708 -0.0364288 0.02810777 0.01546708 -0.0364288 0.02810777 0.01547356 -0.03644707 0.02766532 0.01547356 -0.03644707 0.02766532 0.01537652 -0.03622739 0.02636435 0.01537652 -0.03622739 0.02636435 0.01530672 -0.03606577 0.02595796 0.01530672 -0.03606577 0.02595796 0.0152195 -0.03586297 0.02557404 0.0152195 -0.03586297 0.02557404 0.01472164 -0.03469874 0.02435546 0.01472164 -0.03469874 0.02435546 0.01456789 -0.03433804 0.02414958 0.01456789 -0.03433804 0.02414958 0.0144153 -0.03397971 0.02399695 0.0144153 -0.03397971 0.02399695 0.01425732 -0.03360839 0.02388671 0.01425732 -0.03360839 0.02388671 0.01409577 -0.03322838 0.02382011 0.01409577 -0.03322838 0.02382011 0.0008481785 -0.03512099 0.02663077 0.0002195289 -0.03631652 0.0254127 0.0002195289 -0.03631652 0.0254127 0.0002195289 -0.03631652 0.0254127 0.001180296 -0.0359115 0.02540821 0.001180296 -0.0359115 0.02540821 0.003360875 -0.04102896 0.02806449 0.001419845 -0.03962095 0.02449031 0.001329895 -0.03626776 0.02483237 0.002258714 -0.04157856 0.02713889 0.01042882 -0.03154483 0.02145358 0.01127274 -0.03120688 0.02124942 0.01124738 -0.03121087 0.02105696 0.01121213 -0.03119039 0.02085846 0.01116836 -0.03114563 0.02066312 0.01111743 -0.03107819 0.02047647 0.001985357 -0.04215544 0.02632141 0.001985357 -0.04215544 0.02632141 0.00191135 -0.04198407 0.02589039 0.00191135 -0.04198407 0.02589039 0.001818841 -0.04176897 0.0254832 0.001818841 -0.04176897 0.0254832 0.00170904 -0.04151295 0.02510503 0.00170904 -0.04151295 0.02510503 0.00158332 -0.04121921 0.02476071 0.00158332 -0.04121921 0.02476071 0.00158332 -0.04121921 0.02476071 0.00158332 -0.04121921 0.02476071 0.001443311 -0.04089155 0.02445466 0.001443311 -0.04089155 0.02445466 0.001290797 -0.04053416 0.02419077 0.001290797 -0.04053416 0.02419077 0.0001999762 -0.03637897 0.02537129 0.001631539 -0.03698135 0.02436494 0.002893444 -0.03991442 0.03007561 0.002893444 -0.03991442 0.03007561 0.002893444 -0.03991442 0.03007561 0.003225913 -0.04070679 0.02869949 0.003225913 -0.04070679 0.02869949 0.003332475 -0.04097205 0.02660035 0.0009659038 -0.03977158 0.02381053 0.0009659038 -0.03977158 0.02381053 0.0007983376 -0.03937774 0.02369361 0.0007983376 -0.03937774 0.02369361 0.0006270069 -0.03897471 0.02362297 0.0006270069 -0.03897471 0.02362297 0.0002705819 -0.03813526 0.02362613 0.0002705819 -0.03813526 0.02362613 8.983705e-05 -0.03770904 0.02370559 8.983705e-05 -0.03770904 0.02370559 -0.0002550342 -0.0368947 0.02401804 -0.0002550342 -0.0368947 0.02401804 0.002269281 -0.03843655 0.031231 0.002731821 -0.03952974 0.03066816 0.003384132 -0.04109042 0.02708413 0.0008586781 -0.03514608 0.02657907 0.001393188 -0.0364181 0.02464239 -0.0005632257 -0.03616544 0.02452085 -0.0005632257 -0.03616544 0.02452085 -0.0006985984 -0.03584448 0.024836 -0.0006985984 -0.03584448 0.024836 -0.0009231916 -0.03531051 0.02557366 -0.0009231916 -0.03531051 0.02557366 -0.001009541 -0.03510432 0.02598675 -0.001009541 -0.03510432 0.02598675 0.004170108 -0.03972024 0.02428938 0.004170108 -0.03972024 0.02428938 0.004170108 -0.03972024 0.02428938 0.004335721 -0.04010791 0.02463914 0.004335721 -0.04010791 0.02463914 0.004335721 -0.04010791 0.02463914 0.004335721 -0.04010791 0.02463914 0.004607492 -0.04074223 0.02548145 0.004607492 -0.04074223 0.02548145 0.004710272 -0.04098101 0.0259636 0.004710272 -0.04098101 0.0259636 0.004802018 -0.04119281 0.026592 0.004802018 -0.04119281 0.026592 0.004854209 -0.04131127 0.02724472 0.004854209 -0.04131127 0.02724472 0.004866192 -0.04133496 0.02790962 0.004866192 -0.04133496 0.02790962 0.004685535 -0.04089724 0.02970824 0.004685535 -0.04089724 0.02970824 0.003207548 -0.03740064 0.03202098 0.003207548 -0.03740064 0.03202098 0.0005848024 -0.0385143 0.03202856 0.0005848024 -0.0385143 0.03202856 0.0008459742 -0.03912976 0.03197573 0.0008459742 -0.03912976 0.03197573 0.001100443 -0.03973014 0.03181895 0.001100443 -0.03973014 0.03181895 0.001341963 -0.0403007 0.03156209 0.001341963 -0.0403007 0.03156209 0.001564563 -0.04082733 0.03121147 0.001564563 -0.04082733 0.03121147 0.001762761 -0.04129708 0.03077573 0.001762761 -0.04129708 0.03077573 0.001931668 -0.04169836 0.0302656 0.001931668 -0.04169836 0.0302656 0.002067178 -0.04202139 0.02969363 0.002067178 -0.04202139 0.02969363 0.002244248 -0.04245162 0.02775309 0.002244248 -0.04245162 0.02775309 0.002221947 -0.04240366 0.02708449 0.002221947 -0.04240366 0.02708449 -0.001077073 -0.03494231 0.02642244 -0.001077073 -0.03494231 0.02642244 0.001546727 -0.04083243 0.02429586 0.001546727 -0.04083243 0.02429586 0.001322344 -0.04030635 0.02394561 0.001322344 -0.04030635 0.02394561 0.0005627581 -0.0385206 0.0234804 0.0005627581 -0.0385206 0.0234804 0.00220734 -0.03869016 0.02355159 0.002285788 -0.03884209 0.02358754 0.002513788 -0.03914924 0.02369167 0.002513788 -0.03914924 0.02369167 0.002880137 -0.03944034 0.02385075 0.002880137 -0.03944034 0.02385075 0.003226811 -0.03951554 0.02393149 0.003220586 -0.03952769 0.02394511 0.003214236 -0.03954309 0.02395718 0.003208404 -0.03956022 0.02396627 0.003208404 -0.03956022 0.02396627 0.00305269 -0.03951875 0.02391616 0.00305269 -0.03951875 0.02391616 0.002698092 -0.03931918 0.02377407 0.002698092 -0.03931918 0.02377407 0.002365772 -0.03896728 0.02362429 0.002365772 -0.03896728 0.02362429 0.002245344 -0.0386745 0.02354408 0.002260719 -0.0386691 0.02353664 0.002274847 -0.0386647 0.02352706 0.00248182 -0.03905512 0.02365179 0.002367093 -0.03886622 0.02358435 0.002602832 -0.03919467 0.02371223 0.001196239 -0.03904858 0.03120685 0.002398386 -0.03885495 0.02355581 0.002517758 -0.03903594 0.02362467 0.002633648 -0.03917404 0.0236889 0.00276337 -0.03929779 0.0237575 0.002875719 -0.03938359 0.02381341 0.003050371 -0.03948031 0.02389107 0.002853077 -0.03981872 0.03016635 0.001981548 -0.04040544 0.03001754 0.001999509 -0.04044352 0.02997544 0.001961355 -0.04036454 0.03005136 0.002402557 -0.03881834 0.02349841 0.002498719 -0.03896743 0.02355473 0.002624637 -0.03912264 0.02362647 0.002747348 -0.03924336 0.02369398 0.00288905 -0.03935327 0.02376787 0.00302421 -0.0394322 0.02383259 0.003131145 -0.03947744 0.02387837 -0.00105636 -0.03497226 0.02918818 -0.00105636 -0.03497226 0.02918818 0.002160314 -0.03830846 0.02339421 0.001599994 -0.03716344 0.02345387 0.0009902268 -0.03543224 0.03005131 0.0001541353 -0.03612627 0.02557787 -0.0008898431 -0.03535873 0.0300264 -0.0008898431 -0.03535873 0.0300264 0.001120755 -0.0353127 0.0204874 -0.0002263697 -0.03550272 0.02693726 -0.0007800137 -0.0356148 0.03040456 -0.0007800137 -0.0356148 0.03040456 -0.0001823637 -0.03550009 0.02690968 0.00185595 -0.03661833 0.01972781 0.001716715 -0.03608864 0.01889368 0.001533793 -0.03548589 0.01812036 -0.0001638716 -0.03549917 0.02689405 -0.0001479201 -0.03549848 0.02687701 -0.000654324 -0.03590849 0.03074888 -0.000654324 -0.03590849 0.03074888 -0.0001233461 -0.03549706 0.02683277 -0.0001233461 -0.03549706 0.02683277 -0.0001233461 -0.03549706 0.02683277 -0.0001146613 -0.03549729 0.02674348 -0.0003170145 -0.03551346 0.0269784 -0.0004748722 -0.03513617 0.02778877 -3.687783e-05 -0.03735617 0.03169906 -3.687783e-05 -0.03735617 0.03169906 0.0001306599 -0.03774996 0.03181598 0.0001306599 -0.03774996 0.03181598 0.001456684 -0.03966341 0.03099419 0.0003020175 -0.03815304 0.03188662 0.0003020175 -0.03815304 0.03188662 0.0003834108 -0.03713555 0.03101675 0.002108962 -0.03487702 0.02266799 0.002108962 -0.03487702 0.02266799 0.002107128 -0.0348723 0.02272647 0.002113583 -0.03488665 0.02285075 0.002122545 -0.03490734 0.0229133 -0.0001054321 -0.03599017 0.0301503 0.00225506 -0.0352177 0.02316589 0.002272289 -0.03525825 0.0231697 0.0007400576 -0.03605418 0.03063647 7.675212e-06 -0.03625463 0.03043264 2.039933e-05 -0.03628431 0.03047374 3.42455e-05 -0.03631651 0.03053423 4.413424e-05 -0.03633936 0.03059956 0.0008040923 -0.03620283 0.03095465 0.0008219046 -0.03624457 0.03098416 0.0008409956 -0.03628939 0.03100711 0.0008409956 -0.03628939 0.03100711 0.0009344072 -0.03650927 0.03102255 0.001036175 -0.03674919 0.0309868 0.001056158 -0.03679618 0.03099776 0.0007021663 -0.0359663 0.03043753 0.0007163807 -0.03599944 0.03048654 0.0007277756 -0.03602592 0.03053993 0.000736178 -0.03604532 0.03059689 0.000353121 -0.03706438 0.03099298 0.0003684661 -0.03710046 0.03100307 0.001008891 -0.03668497 0.03098187 0.002044317 -0.03496069 0.02233448 0.0009816752 -0.03662083 0.03098816 0.0009662568 -0.03658446 0.03099688 0.0005345255 -0.03524435 0.02446142 0.0005345255 -0.03524435 0.02446142 0.002004992 -0.03461997 0.02445717 0.002004992 -0.03461997 0.02445717 0.002004992 -0.03461997 0.02445717 0.001713936 -0.04027462 0.03021052 0.001910127 -0.03439285 0.02499971 0.001910127 -0.03439285 0.02499971 0.001910127 -0.03439285 0.02499971 0.001910127 -0.03439285 0.02499971 0.001944578 -0.03447483 0.02487767 0.001944578 -0.03447483 0.02487767 0.001972114 -0.03454057 0.02474529 0.001972114 -0.03454057 0.02474529 0.001934471 -0.04031118 0.03008296 0.001934471 -0.04031118 0.03008296 0.001901609 -0.04027984 0.03010988 0.0004387404 -0.03536352 0.02466429 0.000628789 -0.03566659 0.02436105 0.001883944 -0.04027193 0.03012227 0.001865825 -0.04026694 0.03013417 0.001846563 -0.04026407 0.03014599 0.001804582 -0.04026388 0.03016938 0.0003015864 -0.03790514 0.02353324 0.0003015864 -0.03790514 0.02353324 4.711864e-05 -0.03730476 0.02369001 4.711864e-05 -0.03730476 0.02369001 0.002013417 -0.0404755 0.02992815 -0.0006151996 -0.03573782 0.02473323 -0.0006151996 -0.03573782 0.02473323 -0.0007841061 -0.03533654 0.02524336 -0.0007841061 -0.03533654 0.02524336 -0.0009195872 -0.03501356 0.02581532 -0.0009195872 -0.03501356 0.02581532 -0.001018319 -0.03477683 0.02643504 -0.001018319 -0.03477683 0.02643504 -0.001077832 -0.03463223 0.02708724 -0.001077832 -0.03463223 0.02708724 -0.001096658 -0.03458333 0.02775587 -0.001096658 -0.03458333 0.02775587 -0.001074387 -0.03463124 0.02842447 -0.001074387 -0.03463124 0.02842447 -0.001011505 -0.03477488 0.02907657 -0.001011505 -0.03477488 0.02907657 0.002191153 -0.04118519 0.02856934 0.002222775 -0.04115628 0.02859569 -0.0003991661 -0.03620247 0.0312131 -0.0003991661 -0.03620247 0.0312131 -0.0001747829 -0.03672855 0.03156335 -0.0001747829 -0.03672855 0.03156335 0.002236235 -0.04114358 0.02861087 0.002248021 -0.0411325 0.02862759 0.002256227 -0.04105419 0.02892317 0.003029209 -0.03698078 0.03199671 0.003029209 -0.03698078 0.03199671 0.002852736 -0.03656568 0.0319239 0.002852736 -0.03656568 0.0319239 0.002606838 -0.03598782 0.03173629 0.002606838 -0.03598782 0.03173629 0.002376908 -0.03544821 0.03145795 0.002376908 -0.03544821 0.03145795 0.001979649 -0.03451807 0.03065544 0.001979649 -0.03451807 0.03065544 0.00223163 -0.04150844 0.02806775 0.00212027 -0.04124304 0.02852867 0.001645473 -0.03374021 0.02930901 0.001645473 -0.03374021 0.02930901 0.001563319 -0.03355143 0.02861845 0.001563319 -0.03355143 0.02861845 0.001527571 -0.03347211 0.02790312 0.001527571 -0.03347211 0.02790312 0.001539527 -0.03350521 0.02717827 0.001539527 -0.03350521 0.02717827 0.001585976 -0.03361863 0.0265865 0.001585976 -0.03361863 0.0265865 0.001664153 -0.03380661 0.02602065 0.001664153 -0.03380661 0.02602065 0.00226899 -0.04159795 0.02784558 0.002253512 -0.04156071 0.02796022 0.003188683 -0.03740607 0.02469963 0.003025371 -0.03702125 0.02472858 0.002865296 -0.03664366 0.02481461 0.002700745 -0.03625508 0.02496831 0.002410084 -0.03556728 0.02544593 0.002288363 -0.03527846 0.02576096 0.002217457 -0.03510987 0.02599618 0.002155493 -0.03496221 0.02625002 0.002075262 -0.03477017 0.02670172 0.002025112 -0.03464882 0.02717807 0.002005771 -0.03459992 0.02766938 0.002017902 -0.03462512 0.02816594 0.002363063 -0.03542614 0.02991023 0.001078288 -0.03881813 0.02425542 0.001908688 -0.04076633 0.02535676 0.001997302 -0.0409732 0.02562584 0.002124524 -0.04126933 0.02613869 0.00248532 -0.04020245 0.02506553 0.002502209 -0.04024193 0.02510936 0.00179558 -0.04050186 0.02507442 0.001782856 -0.04047218 0.02503333 0.003204399 -0.03740157 0.03079416 0.001769009 -0.04043999 0.02497283 0.001759121 -0.04041714 0.0249075 0.0017553 -0.04040841 0.02486815 0.003982997 -0.03924037 0.03004786 0.004104718 -0.03952918 0.02973284 0.004175624 -0.03969778 0.02949762 0.004237587 -0.03984543 0.02924377 0.002471105 -0.0401693 0.02501652 0.00245971 -0.04014283 0.02496314 0.004387311 -0.04020772 0.02782441 0.004375179 -0.04018252 0.02732785 0.004331641 -0.04008329 0.02684245 0.004258415 -0.03991396 0.02638405 0.004157294 -0.03967869 0.02596148 0.004030018 -0.0393815 0.02558356 0.003895915 -0.03906767 0.02529162 0.003748013 -0.03872095 0.02505488 0.002451307 -0.04012343 0.02490617 0.002447429 -0.04011457 0.0248666 0.002326331 -0.039832 0.02447984 0.002305456 -0.03978289 0.02447084 0.002270324 -0.03970015 0.02447221 0.002221229 -0.03958429 0.02450618 0.002205813 -0.03954791 0.0245149 0.002178594 -0.03948378 0.0245212 0.002151339 -0.03941961 0.02451626 0.002131327 -0.03937256 0.02450531 0.00211196 -0.03932707 0.02448831 0.001524664 -0.03986767 0.0245111 0.001477275 -0.03975598 0.02452279 0.01375876 -0.03243629 0.02358429 0.01375876 -0.03243629 0.02358429 0.01358778 -0.03203312 0.02365521 0.01358778 -0.03203312 0.02365521 0.01342083 -0.03163914 0.02377242 0.01342083 -0.03163914 0.02377242 0.01325984 -0.03125888 0.02393457 0.01325984 -0.03125888 0.02393457 0.01309791 -0.03087601 0.02415319 0.01309791 -0.03087601 0.02415319 0.01294674 -0.03051819 0.02441734 0.01294674 -0.03051819 0.02441734 0.01280831 -0.03019009 0.02472362 0.01280831 -0.03019009 0.02472362 0.01268438 -0.02989587 0.02506814 0.01268438 -0.02989587 0.02506814 0.001450136 -0.03969212 0.02451409 0.01248612 -0.02942359 0.02585384 0.01248612 -0.02942359 0.02585384 0.0124143 -0.02925152 0.02628498 0.0124143 -0.02925152 0.02628498 0.0123185 -0.0290165 0.02766496 0.0123185 -0.0290165 0.02766496 0.01232779 -0.02903516 0.02813421 0.01232779 -0.02903516 0.02813421 0.01235769 -0.02910243 0.02859811 0.01235769 -0.02910243 0.02859811 0.01240785 -0.02921749 0.02905074 0.01240785 -0.02921749 0.02905074 0.01247764 -0.02937887 0.02948632 0.01247764 -0.02937887 0.02948632 0.01256613 -0.02958447 0.02989927 0.01256613 -0.02958447 0.02989927 0.01267219 -0.02983165 0.03028432 0.01267219 -0.02983165 0.03028432 0.01279452 -0.03011733 0.03063655 0.01279452 -0.03011733 0.03063655 0.0002663086 -0.03690319 0.02464045 0.0003046094 -0.03699387 0.0245691 0.01341213 -0.0315651 0.03163474 0.01341213 -0.0315651 0.03163474 0.01358877 -0.03198022 0.03176564 0.01358877 -0.03198022 0.03176564 0.01376992 -0.0324063 0.03184479 0.01376992 -0.0324063 0.03184479 0.01395328 -0.03283796 0.03187119 0.01395328 -0.03283796 0.03187119 0.01412634 -0.03324572 0.03184736 0.01412634 -0.03324572 0.03184736 0.01429732 -0.03364889 0.03177644 0.01429732 -0.03364889 0.03177644 0.01446427 -0.03404287 0.03165924 0.01446427 -0.03404287 0.03165924 8.931875e-05 -0.03648188 0.02529655 0.0002006506 -0.03674723 0.02483564 0.01552306 -0.03655663 0.02869725 0.01552306 -0.03655663 0.02869725 0.01555516 -0.03663536 0.02823529 0.01555516 -0.03663536 0.02823529 0.01547726 -0.03646452 0.02638091 0.01547726 -0.03646452 0.02638091 0.01521291 -0.03585036 0.02514734 0.01521291 -0.03585036 0.02514734 0.01509062 -0.03556473 0.0247951 0.01509062 -0.03556473 0.0247951 0.01495363 -0.03524426 0.02448019 0.01495363 -0.03524426 0.02448019 0.01480372 -0.03489306 0.02420662 0.01480372 -0.03489306 0.02420662 0.01464281 -0.03451567 0.02397789 0.01464281 -0.03451567 0.02397789 0.01447298 -0.03411691 0.02379691 0.01447298 -0.03411691 0.02379691 0.01429636 -0.03370184 0.02366601 0.01429636 -0.03370184 0.02366601 0.01411522 -0.03327576 0.02358686 0.01411522 -0.03327576 0.02358686 0.0002139713 -0.03628834 0.02542767 0.0002139713 -0.03628834 0.02542767 0.0134698 -0.0317023 0.03143471 0.0134698 -0.0317023 0.03143471 0.01331724 -0.03134402 0.03128207 0.01331724 -0.03134402 0.03128207 0.01316349 -0.03098332 0.03107619 0.01316349 -0.03098332 0.03107619 0.01301967 -0.0306463 0.03082739 0.01301967 -0.0306463 0.03082739 0.0002187077 -0.0363072 0.02541796 0.0002091753 -0.03636247 0.0253831 0.01245713 -0.02933632 0.02864365 0.01245713 -0.02933632 0.02864365 0.01242465 -0.02926278 0.02820814 0.01242465 -0.02926278 0.02820814 0.01241155 -0.02923494 0.02776633 0.01241155 -0.02923494 0.02776633 0.01248908 -0.02942643 0.02645961 0.01248908 -0.02942643 0.02645961 0.01263418 -0.0297736 0.02565932 0.01263418 -0.0297736 0.02565932 0.01263418 -0.0297736 0.02565932 0.01263418 -0.0297736 0.02565932 0.01326415 -0.03126726 0.0241926 0.01326415 -0.03126726 0.0241926 0.01486544 -0.03503571 0.02460427 0.01486544 -0.03503571 0.02460427 0.01499744 -0.03534462 0.02489284 0.01499744 -0.03534462 0.02489284 0.01511598 -0.03562159 0.02521747 0.01511598 -0.03562159 0.02521747 0.01542797 -0.03634569 0.02678801 0.01542797 -0.03634569 0.02678801 0.01546046 -0.03641923 0.02722352 0.01546046 -0.03641923 0.02722352 0.01533236 -0.03610284 0.02938284 0.01533236 -0.03610284 0.02938284 0.01525093 -0.03590841 0.02977233 0.01525093 -0.03590841 0.02977233 0.0151528 -0.03567481 0.03013554 0.0151528 -0.03567481 0.03013554 0.0150392 -0.035405 0.03046784 0.0150392 -0.035405 0.03046784 0.01462096 -0.03441475 0.03123906 0.01462096 -0.03441475 0.03123906 0.01446171 -0.03403852 0.03140996 0.01446171 -0.03403852 0.03140996 0.01429582 -0.033647 0.03153365 0.01429582 -0.033647 0.03153365 0.00192327 -0.04029656 0.03009298 0.00192327 -0.04029656 0.03009298 0.003220943 -0.0406943 0.02881492 0.003213567 -0.04067655 0.02886976 0.0006627178 -0.03467716 0.02766598 0.0001886031 -0.03639458 0.02535971 -8.864801e-05 -0.03554764 0.02658284 0.0007292696 -0.03482549 0.02890018 0.01093818 -0.03149275 0.01809317 -0.0004283749 -0.03524806 0.02743931 -0.0003212679 -0.03548717 0.02936838 0.001702388 -0.03710184 0.03117352 -0.0004124717 -0.03527619 0.02880798 0.001938932 -0.03765826 0.03127095 0.002359358 -0.0386957 0.02432702 0.00210494 -0.03804919 0.03127638 -0.0001357069 -0.03549791 0.0268599 0.002913464 -0.03996175 0.03004775 0.000197237 -0.03624111 0.02545467 0.002265828 -0.04107808 0.02887433 -0.0001940471 -0.03578329 0.02988122 0.0007249668 -0.03793837 0.03125165 0.002430208 -0.0388162 0.03113559 0.0001672689 -0.03615861 0.02553057 0.002702919 -0.03946098 0.0307696 0.001964359 -0.04210144 0.0269892 0.001964359 -0.04210144 0.0269892 0.001903529 -0.04196192 0.02643852 0.001903529 -0.04196192 0.02643852 0.00181226 -0.04175052 0.02591667 0.00181226 -0.04175052 0.02591667 0.001692001 -0.0414706 0.02543221 0.001692001 -0.0414706 0.02543221 0.00113985 -0.04017827 0.02424941 0.00113985 -0.04017827 0.02424941 0.0009088715 -0.03963589 0.02401267 0.0009088715 -0.03963589 0.02401267 0.00036456 -0.03835511 0.0238437 0.00036456 -0.03835511 0.0238437 0.0001434019 -0.03783374 0.02391892 0.0001434019 -0.03783374 0.02391892 -0.0004630418 -0.03640069 0.02462264 -0.0004630418 -0.03640069 0.02462264 -0.0005784088 -0.03612731 0.02486935 -0.0005784088 -0.03612731 0.02486935 -0.0006829368 -0.03587928 0.02514199 -0.0006829368 -0.03587928 0.02514199 -0.0008182094 -0.03555761 0.02559438 -0.0008182094 -0.03555761 0.02559438 -0.0009260382 -0.03530027 0.02609183 -0.0009260382 -0.03530027 0.02609183 -0.0009036428 -0.03504067 0.02735067 -0.0009036428 -0.03504067 0.02735067 -0.0008793769 -0.03510054 0.02695023 -0.0008793769 -0.03510054 0.02695023 -0.0008385537 -0.03519935 0.02655896 -0.0008385537 -0.03519935 0.02655896 -0.000704541 -0.03552013 0.02580109 -0.000704541 -0.03552013 0.02580109 -0.0001007379 -0.03695198 0.02435916 -0.0001007379 -0.03695198 0.02435916 5.28605e-05 -0.03731489 0.02418848 5.28605e-05 -0.03731489 0.02418848 0.0002130935 -0.03769312 0.02406337 0.0002130935 -0.03769312 0.02406337 0.0003779603 -0.03808193 0.02398541 0.0003779603 -0.03808193 0.02398541 0.0005453305 -0.03847632 0.02395561 0.0005453305 -0.03847632 0.02395561 0.0007130548 -0.03887121 0.02397435 0.0007130548 -0.03887121 0.02397435 0.001197131 -0.04000894 0.02431635 0.001197131 -0.04000894 0.02431635 0.001345264 -0.04035641 0.02452074 0.001345264 -0.04035641 0.02452074 0.001723547 -0.04124154 0.0253688 0.001723547 -0.04124154 0.0253688 0.001970721 -0.04181605 0.02648887 0.001970721 -0.04181605 0.02648887 0.002048049 -0.04199247 0.02732449 0.002048049 -0.04199247 0.02732449 -0.0002108543 -0.03694943 0.03126018 -0.0002108543 -0.03694943 0.03126018 2.012586e-05 -0.03749181 0.03149692 2.012586e-05 -0.03749181 0.03149692 0.0002644215 -0.03806621 0.03163584 0.0002644215 -0.03806621 0.03163584 0.0004147377 -0.03841999 0.03166977 0.0004147377 -0.03841999 0.03166977 0.0005644368 -0.03877259 0.0316659 0.0005644368 -0.03877259 0.0316659 0.001392068 -0.04072706 0.03088695 0.001392068 -0.04072706 0.03088695 0.001507406 -0.04100039 0.03064024 0.001507406 -0.04100039 0.03064024 0.001933633 -0.04201618 0.02888321 0.001933633 -0.04201618 0.02888321 0.001981155 -0.04213193 0.02831951 0.001981155 -0.04213193 0.02831951 0.001995756 -0.04217017 0.02775352 0.001995756 -0.04217017 0.02775352 0.002026939 -0.04193436 0.02855873 0.002026939 -0.04193436 0.02855873 0.001986144 -0.0418356 0.02895 0.001986144 -0.0418356 0.02895 0.001929202 -0.04169894 0.02932765 0.001929202 -0.04169894 0.02932765 0.00165012 -0.04103443 0.03038891 0.00165012 -0.04103443 0.03038891 0.001527803 -0.04074437 0.03068102 0.001527803 -0.04074437 0.03068102 0.0007696019 -0.03895296 0.03152355 0.0007696019 -0.03895296 0.03152355 0.0006022302 -0.03855858 0.03155335 0.0006022302 -0.03855858 0.03155335 0.0004345049 -0.03816369 0.03153461 0.0004345049 -0.03816369 0.03153461 0.0002685463 -0.0377733 0.03146757 0.0002685463 -0.0377733 0.03146757 -0.000462583 -0.03605826 0.03045861 -0.000462583 -0.03605826 0.03045861 -0.000674655 -0.03556334 0.02979123 -0.000674655 -0.03556334 0.02979123 -0.0008231589 -0.03521885 0.02902009 -0.0008231589 -0.03521885 0.02902009 -0.0008710419 -0.03510889 0.02860773 -0.0008710419 -0.03510889 0.02860773 -0.0009004589 -0.03504248 0.02818447 -0.0009004589 -0.03504248 0.02818447 -0.0009110756 -0.03502041 0.02775572 -0.0009110756 -0.03502041 0.02775572 -0.001066761 -0.03495753 0.02775607 -0.001066761 -0.03495753 0.02775607 0.0006852769 -0.03592682 0.0303937 0.002264311 -0.04111735 0.02866275 0.002264311 -0.04111735 0.02866275 0.00111435 -0.03575537 0.02552903 0.002870625 -0.0398604 0.03011326 0.002279401 -0.04162421 0.0275888 -0.000107595 -0.03550719 0.02668422 0.0003465715 -0.03709309 0.02451287 0.000824223 -0.03913602 0.0235328 0.000824223 -0.03913602 0.0235328 0.00107951 -0.03973619 0.02368915 0.00107951 -0.03973619 0.02368915 0.001747177 -0.04130154 0.02473126 0.001747177 -0.04130154 0.02473126 0.001747177 -0.04130154 0.02473126 0.001747177 -0.04130154 0.02473126 0.001918724 -0.04170209 0.02524111 0.001918724 -0.04170209 0.02524111 0.002057169 -0.04202425 0.02581285 0.002057169 -0.04202425 0.02581285 0.002159067 -0.04226001 0.0264324 0.002159067 -0.04226001 0.0264324 0.002225394 -0.04240267 0.02842172 0.002225394 -0.04240267 0.02842172 0.002165879 -0.04225807 0.02907392 0.002165879 -0.04225807 0.02907392 0.0004752096 -0.03856078 0.03191016 0.0004752096 -0.03856078 0.03191016 0.0006584148 -0.03899244 0.03188346 0.0006584148 -0.03899244 0.03188346 0.0008391614 -0.03941865 0.03180401 0.0008391614 -0.03941865 0.03180401 0.001015103 -0.03983392 0.03167281 0.001015103 -0.03983392 0.03167281 0.001184032 -0.040233 0.03149156 0.001184032 -0.040233 0.03149156 0.001343747 -0.04061071 0.03126256 0.001343747 -0.04061071 0.03126256 0.001492252 -0.04096231 0.03098874 0.001492252 -0.04096231 0.03098874 0.001748083 -0.04156939 0.03032116 0.001748083 -0.04156939 0.03032116 0.001852188 -0.04181719 0.02993593 0.001852188 -0.04181719 0.02993593 0.002081442 -0.04236912 0.02817049 0.002081442 -0.04236912 0.02817049 0.002088276 -0.04238843 0.02770123 0.002088276 -0.04238843 0.02770123 0.002074419 -0.04235898 0.02723265 0.002074419 -0.04235898 0.02723265 0.00203996 -0.04228097 0.02677074 0.00203996 -0.04228097 0.02677074 0.0009614862 -0.0384952 0.03128118 0.001127717 -0.04015158 0.02397242 0.001127717 -0.04015158 0.02397242 0.001498646 -0.03976262 0.03093796 0.002316697 -0.03865797 0.02346842 0.002308399 -0.03865786 0.02348706 0.002299078 -0.03865899 0.02350184 0.002287738 -0.03866131 0.02351539 0.002229752 -0.03868058 0.02354893 0.002229752 -0.03868058 0.02354893 0.002229752 -0.03868058 0.02354893 0.002229752 -0.03868058 0.02354893 0.001867981 -0.03796642 0.02347662 -0.000455458 -0.03517794 0.02836817 0.001890054 -0.0379558 0.023474 0.001890054 -0.0379558 0.023474 0.001890054 -0.0379558 0.023474 0.001890054 -0.0379558 0.023474 0.001905176 -0.03794847 0.02346909 0.001905176 -0.03794847 0.02346909 0.001933181 -0.03793496 0.02345176 0.001945083 -0.03792922 0.02343983 0.001955295 -0.03792428 0.02342598 0.001963393 -0.03792037 0.02341086 0.002049682 -0.03834822 0.02349736 0.001970181 -0.03791711 0.02339179 0.001919879 -0.03794138 0.02346153 0.001544256 -0.03731566 0.02353901 0.001544256 -0.03731566 0.02353901 0.001214547 -0.0366889 0.02372416 0.0009166343 -0.03615363 0.02399631 0.0002594851 -0.03509369 0.02500449 0.0002594851 -0.03509369 0.02500449 0.0002594851 -0.03509369 0.02500449 0.0003439982 -0.03513776 0.02490603 0.0003439982 -0.03513776 0.02490603 0.0003439982 -0.03513776 0.02490603 0.0004137462 -0.03517149 0.02480763 0.0004137462 -0.03517149 0.02480763 0.0004137462 -0.03517149 0.02480763 0.0004137462 -0.03517149 0.02480763 0.0004645245 -0.03519612 0.02471703 0.0004645245 -0.03519612 0.02471703 0.0004645245 -0.03519612 0.02471703 0.0004855081 -0.03520827 0.02466689 0.0004855081 -0.03520827 0.02466689 0.0005024384 -0.03522104 0.02461118 0.0005024384 -0.03522104 0.02461118 0.0007638408 -0.0356444 0.02419958 0.001973803 -0.03791537 0.02337267 0.0005651717 -0.03552366 0.02448464 0.0005651717 -0.03552366 0.02448464 0.0005979591 -0.0354943 0.02447537 0.0005979591 -0.0354943 0.02447537 0.001916706 -0.04029033 0.03009837 0.00061065 -0.03547705 0.02446579 0.00061065 -0.03547705 0.02446579 0.001251972 -0.03922656 0.02434483 0.0006196692 -0.03545928 0.02445339 0.0006196692 -0.03545928 0.02445339 0.0006246489 -0.03544207 0.02443895 0.0006246489 -0.03544207 0.02443895 0.002317143 -0.03980847 0.02475725 0.0009033583 -0.03602367 0.02405247 0.0009033583 -0.03602367 0.02405247 0.0009182724 -0.03600861 0.02404281 0.0009182724 -0.03600861 0.02404281 0.0009301402 -0.03599309 0.02402973 0.0009301402 -0.03599309 0.02402973 0.0009381964 -0.03597789 0.02401401 0.0009381964 -0.03597789 0.02401401 0.0009381964 -0.03597789 0.02401401 0.001036861 -0.03611484 0.02386758 0.001247027 -0.03663739 0.02372339 0.001247027 -0.03663739 0.02372339 0.001247027 -0.03663739 0.02372339 0.001247027 -0.03663739 0.02372339 0.001269689 -0.03661773 0.02370539 0.001269689 -0.03661773 0.02370539 0.001280918 -0.03660504 0.02368917 0.001280918 -0.03660504 0.02368917 0.001288314 -0.03659346 0.0236707 0.001288314 -0.03659346 0.0236707 0.001317051 -0.03662396 0.02361806 0.001587636 -0.03730749 0.02352938 0.001587636 -0.03730749 0.02352938 0.001587636 -0.03730749 0.02352938 0.00160533 -0.03729661 0.02351946 0.00160533 -0.03729661 0.02351946 0.001620912 -0.037286 0.0235055 0.001620912 -0.037286 0.0235055 0.001633459 -0.03727636 0.02348817 0.001633459 -0.03727636 0.02348817 0.002931524 -0.04000452 0.03001284 0.001642285 -0.03726812 0.02346857 0.001642285 -0.03726812 0.02346857 0.001787926 -0.03753575 0.02339325 0.0008863783 -0.03603743 0.02405838 0.0008863783 -0.03603743 0.02405838 0.0008863783 -0.03603743 0.02405838 0.001229421 -0.03664977 0.0237304 0.001229421 -0.03664977 0.0237304 0.001229421 -0.03664977 0.0237304 0.00296077 -0.040074 0.02992437 0.001135143 -0.0353921 0.02065897 0.001139993 -0.0354585 0.02085408 0.001132961 -0.035502 0.02105521 0.00111318 -0.03552116 0.02126363 0.001079753 -0.03551448 0.02148061 0.001079753 -0.03551448 0.02148061 0.001079753 -0.03551448 0.02148061 0.002947395 -0.04004218 0.02997151 0.003254919 -0.04079253 0.02614114 0.0001602022 -0.03642404 0.02533722 0.0002160964 -0.03634413 0.02539555 0.0008417695 -0.0382613 0.02422589 0.001208668 -0.03597883 0.02533419 0.001572772 -0.0399383 0.03077563 0.001602605 -0.04000927 0.03067142 0.000607016 -0.03770792 0.02430021 0.002257225 -0.04112382 0.02864464 -0.000450257 -0.03519579 0.02754684 0.002271652 -0.04109609 0.0288218 -0.0001184863 -0.03549597 0.0268038 -0.0001184863 -0.03549597 0.0268038 0.003226414 -0.04070821 0.02866447 0.003226414 -0.04070821 0.02866447 0.001328561 -0.03936083 0.03111713 0.002114452 -0.03491715 0.02241592 0.00192467 -0.03504572 0.02213141 0.001981074 -0.03500361 0.02223905 0.001817895 -0.03514108 0.02183479 0.001168273 -0.03588308 0.02542493 0.001168273 -0.03588308 0.02542493 0.001168273 -0.03588308 0.02542493 0.0003233385 -0.03789888 0.03197616 0.0003233385 -0.03789888 0.03197616 6.805184e-05 -0.03729871 0.03181981 6.805184e-05 -0.03729871 0.03181981 -0.0005996151 -0.03573336 0.0307777 -0.0005996151 -0.03573336 0.0307777 -0.000771164 -0.03533281 0.03026784 -0.000771164 -0.03533281 0.03026784 -0.0009096079 -0.03501065 0.02969611 -0.0009096079 -0.03501065 0.02969611 -0.0004170027 -0.03620757 0.02429749 -0.0004170027 -0.03620757 0.02429749 -0.0001944028 -0.0367342 0.02394687 -0.0001944028 -0.0367342 0.02394687 0.0004537872 -0.03856692 0.02359944 0.0004537872 -0.03856692 0.02359944 -8.610512e-05 -0.03729378 0.02383678 -8.610512e-05 -0.03729378 0.02383678 -0.0004147498 -0.03651699 0.02424703 -0.0004147498 -0.03651699 0.02424703 -0.0008190853 -0.03555831 0.02518843 -0.0008190853 -0.03555831 0.02518843 -0.001124909 -0.03482658 0.02687515 -0.001124909 -0.03482658 0.02687515 -0.001152415 -0.03475863 0.0273391 -0.001152415 -0.03475863 0.0273391 -0.00115928 -0.03473927 0.02780836 -0.00115928 -0.03473927 0.02780836 -0.001145395 -0.03476878 0.02827694 -0.001145395 -0.03476878 0.02827694 -0.001110935 -0.03484679 0.02873885 -0.001110935 -0.03484679 0.02873885 -0.0009823518 -0.03514363 0.0296192 -0.0009823518 -0.03514363 0.0296192 -0.0005143127 -0.03623615 0.03105493 -0.0005143127 -0.03623615 0.03105493 -0.0003618002 -0.03659354 0.03131882 -0.0003618002 -0.03659354 0.03131882 -0.0001987183 -0.03697612 0.03153718 -0.0001987183 -0.03697612 0.03153718 0.001200655 -0.03595976 0.02536247 0.001358797 -0.03633651 0.02473094 0.001792463 -0.03736099 0.02426954 0.002122813 -0.03813928 0.02422958 0.002792994 -0.03971362 0.0248199 0.002980298 -0.04015213 0.02520417 0.003071519 -0.0403653 0.02544922 0.003152741 -0.04055479 0.02571342 0.003408646 -0.04114473 0.02758553 0.00340752 -0.04114122 0.02771139 0.003399027 -0.04112039 0.02783456 0.003383429 -0.04108284 0.02795295 0.00323962 -0.04073998 0.02856631 0.00323333 -0.04072495 0.02859733 0.003228893 -0.04071429 0.02863023 0.003203066 -0.04065147 0.02892147 0.002881449 -0.03988605 0.03009232 0.002585929 -0.03918393 0.03099092 0.001477369 -0.03657324 0.03097488 0.001268752 -0.03608392 0.03068064 0.000909004 -0.03524276 0.02978711 0.000806825 -0.03500502 0.0293594 0.0006776133 -0.03470713 0.0284164 0.0006530996 -0.03465281 0.027915 0.0007008696 -0.03476858 0.02743605 0.0008284142 -0.03507259 0.02690321 0.0008328517 -0.03508326 0.0268703 0.0008353305 -0.03508934 0.02683606 0.0008353305 -0.03508934 0.02683606 0.0008358326 -0.03509076 0.02680104 0.0008358326 -0.03509076 0.02680104 0.0008358326 -0.03509076 0.02680104 0.0008366606 -0.0350931 0.02674267 0.0008408022 -0.03510325 0.02668561 0.001130222 -0.03579302 0.02548769 0.001148282 -0.0358358 0.02545279 0.002273577 -0.04110818 0.02876256 0.002271593 -0.041112 0.02870225 -0.000465735 -0.03515855 0.02766148 0.0006783159 -0.0347147 0.02754759 0.0004746942 -0.03739567 0.02438994 0.001475816 -0.03661362 0.02450961 0.002861091 -0.03983779 0.03013807 -0.0001919369 -0.03683332 0.02517348 -0.0001919369 -0.03683332 0.02517348 0.0001293395 -0.03759286 0.02474916 0.0001293395 -0.03759286 0.02474916 0.000533945 -0.03854691 0.02457928 0.000533945 -0.03854691 0.02457928 0.0009617522 -0.03955311 0.0247777 0.0009617522 -0.03955311 0.0247777 0.001095264 -0.03986653 0.02492741 0.001095264 -0.03986653 0.02492741 0.001221106 -0.04016162 0.02511594 0.001221106 -0.04016162 0.02511594 0.001337564 -0.04043436 0.02534071 0.001337564 -0.04043436 0.02534071 0.001443041 -0.04068101 0.02559863 0.001443041 -0.04068101 0.02559863 0.001615349 -0.04108274 0.02619936 0.001615349 -0.04108274 0.02619936 0.001679857 -0.04123238 0.02653391 0.001679857 -0.04123238 0.02653391 0.001775338 -0.04144733 0.02799075 0.001775338 -0.04144733 0.02799075 0.001756102 -0.04139944 0.028371 0.001756102 -0.04139944 0.028371 0.0005538816 -0.038572 0.02778103 -0.0003112726 -0.03635262 0.02629407 -4.966075e-06 -0.03707953 0.02548545 0.001169339 -0.03984559 0.02542374 0.001435747 -0.04046894 0.02602253 0.001646032 -0.04095581 0.02725345 0.00048895 -0.03824593 0.02502132 0.0008419029 -0.0390768 0.02507749 0.001524501 -0.04065652 0.02921575 -0.000407337 -0.03618851 0.02617637 -7.632113e-05 -0.03697406 0.02530253 0.0002692891 -0.03779081 0.0248916 0.000649026 -0.03868583 0.0247909 0.0009326584 -0.03935297 0.02491716 0.001192697 -0.03996321 0.02523583 0.00148058 -0.04063681 0.02588293 0.00163768 -0.0410026 0.0265018 0.001723365 -0.04119959 0.02720563 0.001733596 -0.04121704 0.02818286 -0.0005195363 -0.03605565 0.02607276 -0.0005195363 -0.03605565 0.02607276 0.0005372114 -0.038533 0.02775452 0.001177688 -0.03991285 0.02870378 0.001177688 -0.03991285 0.02870378 0.001386704 -0.04033549 0.02899764 0.001525436 -0.04084721 0.02969101 0.001525436 -0.04084721 0.02969101 0.001447498 -0.04066203 0.02992727 0.001447498 -0.04066203 0.02992727 0.001360861 -0.04045653 0.0301428 0.001360861 -0.04045653 0.0301428 0.000828787 -0.03919863 0.03084551 0.000828787 -0.03919863 0.03084551 0.0003952765 -0.03817725 0.0309066 0.0003952765 -0.03817725 0.0309066 0.0002520224 -0.03784031 0.03084015 0.0002520224 -0.03784031 0.03084015 0.0001126535 -0.03751283 0.03073134 0.0001126535 -0.03751283 0.03073134 -0.0001467001 -0.03690432 0.0303931 -0.0001467001 -0.03690432 0.0303931 -0.0005409429 -0.0359832 0.02930968 -0.0005409429 -0.0359832 0.02930968 -0.000654249 -0.03572102 0.02862381 -0.000654249 -0.03572102 0.02862381 -0.0007009307 -0.03561861 0.02751829 -0.0007009307 -0.03561861 0.02751829 -0.0006816944 -0.03566651 0.02713803 -0.0006816944 -0.03566651 0.02713803 -0.0006446333 -0.03575631 0.02676678 -0.0006446333 -0.03575631 0.02676678 -0.0005903263 -0.03588664 0.02640995 -0.0005903263 -0.03588664 0.02640995 0.001238037 -0.04000308 0.02919159 0.0003706486 -0.03793048 0.03043115 -0.0002231672 -0.03653839 0.0294861 -0.0004322541 -0.03605357 0.02836899 -0.0004573175 -0.03600143 0.02735782 0.001217519 -0.03992774 0.03002319 0.0007236023 -0.03876135 0.03048731 4.324312e-05 -0.03716174 0.0300849 0.001575963 -0.04083839 0.0293329 0.001244743 -0.04005195 0.03020624 0.0008991612 -0.03923525 0.03061716 0.0005194234 -0.03834023 0.03071786 0.0002357642 -0.03767305 0.03059161 -2.424697e-05 -0.03706285 0.03027293 -0.00031213 -0.03638925 0.02962584 -0.0004692579 -0.03602342 0.02900696 -0.0005549164 -0.03582647 0.02830313 -0.000565147 -0.03580903 0.0273259 0.001664732 -0.0411793 0.02909909 0.001664732 -0.0411793 0.02909909 0.001719069 -0.04130968 0.02874225 0.001719069 -0.04130968 0.02874225 0.001776738 -0.04145316 0.02761868 0.001776738 -0.04145316 0.02761868 0.001761098 -0.04141885 0.02724848 0.001761098 -0.04141885 0.02724848 0.001728656 -0.04134492 0.02688522 0.001728656 -0.04134492 0.02688522 0.001536062 -0.04089813 0.02588617 0.001536062 -0.04089813 0.02588617 0.0008224134 -0.03922568 0.02466888 0.0008224134 -0.03922568 0.02466888 0.0006791567 -0.03888875 0.02460243 0.0006791567 -0.03888875 0.02460243 0.0003887604 -0.03820486 0.02459974 0.0003887604 -0.03820486 0.02459974 0.000245648 -0.03786736 0.02466352 0.000245648 -0.03786736 0.02466352 1.695031e-05 -0.03732739 0.02486346 1.695031e-05 -0.03732739 0.02486346 -9.048672e-05 -0.03707339 0.02500535 -9.048672e-05 -0.03707339 0.02500535 -0.0002864549 -0.03660941 0.02536623 -0.0002864549 -0.03660941 0.02536623 -0.0003730624 -0.03640396 0.02558176 -0.0003730624 -0.03640396 0.02558176 -0.0004510315 -0.03621873 0.02581803 -0.0004510315 -0.03621873 0.02581803 -0.000674513 -0.03569236 0.02582615 -0.000674513 -0.03569236 0.02582615 -0.0005952427 -0.03588106 0.02553171 -0.0005952427 -0.03588106 0.02553171 -0.0005056724 -0.03609385 0.02526071 -0.0005056724 -0.03609385 0.02526071 -0.0003537869 -0.03645402 0.02490143 -0.0003537869 -0.03645402 0.02490143 -0.000183232 -0.03685772 0.02460325 -0.000183232 -0.03685772 0.02460325 0.0005191443 -0.03851525 0.02411348 0.0005191443 -0.03851525 0.02411348 0.000680063 -0.03889409 0.02413425 0.000680063 -0.03889409 0.02413425 0.0008411341 -0.03927296 0.02420259 0.0008411341 -0.03927296 0.02420259 0.001657512 -0.04118662 0.02552757 0.001657512 -0.04118662 0.02552757 0.00175052 -0.04140333 0.02587144 0.00175052 -0.04140333 0.02587144 0.001826801 -0.0415805 0.02623551 0.001826801 -0.0415805 0.02623551 0.001959912 -0.041884 0.02770385 0.001959912 -0.041884 0.02770385 0.001949565 -0.04185609 0.02822196 0.001949565 -0.04185609 0.02822196 0.001910579 -0.04176082 0.02872977 0.001910579 -0.04176082 0.02872977 0.001843509 -0.04159954 0.02921939 0.001843509 -0.04159954 0.02921939 0.001748937 -0.04137364 0.02968289 0.001748937 -0.04137364 0.02968289 -0.0007023334 -0.03561278 0.02789036 -0.0007023334 -0.03561278 0.02789036 -0.0006866932 -0.03564709 0.02826056 -0.0006866932 -0.03564709 0.02826056 -0.0006054515 -0.03583356 0.02897513 -0.0006054515 -0.03583356 0.02897513 -0.0004616256 -0.03616786 0.02962287 -0.0004616256 -0.03616786 0.02962287 -0.0003686061 -0.03638498 0.0299104 -0.0003686061 -0.03638498 0.0299104 -0.0002631572 -0.03663158 0.03016832 -0.0002631572 -0.03663158 0.03016832 -2.085757e-05 -0.03719941 0.03058163 -2.085757e-05 -0.03719941 0.03058163 0.0005404899 -0.03851908 0.03092975 0.0005404899 -0.03851908 0.03092975 0.0006856445 -0.03886109 0.0309093 0.0006856445 -0.03886109 0.0309093 0.0009450668 -0.03947308 0.03075988 0.0009450668 -0.03947308 0.03075988 0.001057484 -0.03973861 0.03064557 0.001057484 -0.03973861 0.03064557 0.00116492 -0.0399926 0.03050367 0.00116492 -0.0399926 0.03050367 0.00126637 -0.04023268 0.03033555 0.00126637 -0.04023268 0.03033555 0.001593972 -0.04101034 0.02943627 0.001593972 -0.04101034 0.02943627 0.001428181 -0.04061193 0.03060761 0.001428181 -0.04061193 0.03060761 0.001257656 -0.04020828 0.03090578 0.001257656 -0.04020828 0.03090578 0.0007147107 -0.03892643 0.03136985 0.0007147107 -0.03892643 0.03136985 0.0005552514 -0.0385507 0.03139555 0.0005552514 -0.0385507 0.03139555 -0.0008539327 -0.03525161 0.02849837 -0.0008539327 -0.03525161 0.02849837 -0.0008762826 -0.03520133 0.02815241 -0.0008762826 -0.03520133 0.02815241 0.001950678 -0.04186462 0.02735662 0.001950678 -0.04186462 0.02735662 0.001928357 -0.04181439 0.02701067 0.001928357 -0.04181439 0.02701067 0.001886128 -0.04171763 0.02661638 0.001886128 -0.04171763 0.02661638 0.001569859 -0.04098197 0.02526611 0.001569859 -0.04098197 0.02526611 0.001473253 -0.04075608 0.02502729 0.001473253 -0.04075608 0.02502729 0.00136836 -0.0405105 0.02481261 0.00136836 -0.0405105 0.02481261 0.00125585 -0.04024681 0.02462361 0.00125585 -0.04024681 0.02462361 0.00105484 -0.03977513 0.02437146 0.00105484 -0.03977513 0.02437146 0.0003596843 -0.03813952 0.02413918 0.0003596843 -0.03813952 0.02413918 0.0002028799 -0.03776975 0.02421026 0.0002028799 -0.03776975 0.02421026 3.232809e-06 -0.03729844 0.02437119 3.232809e-06 -0.03729844 0.02437119 -0.0005073099 -0.03577475 0.02541323 -0.0005073099 -0.03577475 0.02541323 0.0001592709 -0.03735291 0.02419852 0.0001592709 -0.03735291 0.02419852 0.0003188856 -0.03772962 0.02408198 0.0003188856 -0.03772962 0.02408198 0.0004827453 -0.03811601 0.02401237 0.0004827453 -0.03811601 0.02401237 0.0006487444 -0.03850711 0.02399055 0.0006487444 -0.03850711 0.02399055 -0.0007691136 -0.03546641 0.02628965 -0.0007691136 -0.03546641 0.02628965 -0.0008361575 -0.03530518 0.02677926 -0.0008361575 -0.03530518 0.02677926 -0.0008751421 -0.03520991 0.02728707 -0.0008751421 -0.03520991 0.02728707 -0.0008855164 -0.03518195 0.02780518 -0.0008855164 -0.03518195 0.02780518 -0.000811733 -0.03534832 0.02889266 -0.000811733 -0.03534832 0.02889266 -0.0007523787 -0.0354855 0.02927353 -0.0007523787 -0.0354855 0.02927353 -0.0006761252 -0.03566262 0.02963759 -0.0006761252 -0.03566262 0.02963759 -0.0005830878 -0.03587938 0.02998146 -0.0005830878 -0.03587938 0.02998146 -0.0004954646 -0.03608398 0.03024292 -0.0004954646 -0.03608398 0.03024292 -0.0003988585 -0.03630987 0.03048175 -0.0003988585 -0.03630987 0.03048175 -0.0002939382 -0.0365555 0.03069642 -0.0002939382 -0.0365555 0.03069642 -0.0001814268 -0.0368192 0.03088542 -0.0001814268 -0.0368192 0.03088542 1.955509e-05 -0.03729082 0.03113758 1.955509e-05 -0.03729082 0.03113758 0.0002332886 -0.03779304 0.03130644 0.0002332886 -0.03779304 0.03130644 0.0003943594 -0.03817192 0.03137478 0.0003943594 -0.03817192 0.03137478 0.0008715151 -0.0392962 0.03129878 0.0008715151 -0.0392962 0.03129878 0.001071191 -0.03976756 0.03113785 0.001071191 -0.03976756 0.03113785 0.001580095 -0.04097215 0.03024833 0.001580095 -0.04097215 0.03024833 0.001669666 -0.04118495 0.02997733 0.001669666 -0.04118495 0.02997733 0.001697939 -0.04093437 0.0304128 0.001697939 -0.04093437 0.0304128 0.001574717 -0.04064224 0.03069647 0.001574717 -0.04064224 0.03069647 0.001439682 -0.04032253 0.03094254 0.001439682 -0.04032253 0.03094254 0.00129457 -0.03997937 0.03114788 0.00129457 -0.03997937 0.03114788 0.0006517071 -0.03846283 0.03151783 0.0006517071 -0.03846283 0.03151783 0.0004857 -0.03807203 0.03149155 0.0004857 -0.03807203 0.03149155 0.0003217837 -0.03768649 0.03141751 0.0003217837 -0.03768649 0.03141751 0.0001620655 -0.03731116 0.03129667 0.0001620655 -0.03731116 0.03129667 8.576081e-06 -0.0369508 0.03113057 8.576081e-06 -0.0369508 0.03113057 -0.0001367011 -0.03661007 0.03092132 -0.0001367011 -0.03661007 0.03092132 -0.0002719536 -0.03629325 0.03067162 -0.0002719536 -0.03629325 0.03067162 -0.000395387 -0.03600449 0.03038462 -0.000395387 -0.03600449 0.03038462 -0.0005054838 -0.03574739 0.03006403 -0.0005054838 -0.03574739 0.03006403 -0.000600794 -0.0355253 0.02971391 -0.000600794 -0.0355253 0.02971391 -0.0006774506 -0.03536929 0.02611249 -0.0006774506 -0.03536929 0.02611249 -0.0003860344 -0.03546044 0.02576232 0.0007530344 -0.03815508 0.0240032 0.000983633 -0.03869812 0.02400815 0.001430412 -0.03974842 0.02429235 0.001635648 -0.04022992 0.02456459 0.002119721 -0.04136145 0.02581618 0.002294745 -0.04176624 0.02690665 0.002330339 -0.04184608 0.02749009 0.002329836 -0.04184089 0.02808002 0.002293292 -0.04175086 0.02866191 0.002221574 -0.04157814 0.02922144 0.002116451 -0.041327 0.02974482 0.00197793 -0.0416007 0.02939589 0.00197793 -0.0416007 0.02939589 0.00203786 -0.04174438 0.02902547 0.00203786 -0.04174438 0.02902547 0.002082 -0.04185095 0.02864056 0.002082 -0.04185095 0.02864056 0.00210983 -0.04191918 0.02824554 0.00210983 -0.04191918 0.02824554 0.002121149 -0.04194873 0.02782128 0.002121149 -0.04194873 0.02782128 0.002113656 -0.04193398 0.02739616 0.002113656 -0.04193398 0.02739616 0.002087489 -0.04187521 0.02697562 0.002087489 -0.04187521 0.02697562 0.002042936 -0.04177309 0.02656503 0.002042936 -0.04177309 0.02656503 0.001980597 -0.04162896 0.02616963 0.001980597 -0.04162896 0.02616963 0.001901273 -0.04144469 0.02579447 0.001901273 -0.04144469 0.02579447 0.001805965 -0.04122261 0.02544435 0.001805965 -0.04122261 0.02544435 0.001695866 -0.0409655 0.02512376 0.001695866 -0.0409655 0.02512376 0.001572405 -0.0406767 0.02483677 0.001572405 -0.0406767 0.02483677 0.001437181 -0.04035992 0.02458706 0.001437181 -0.04035992 0.02458706 0.001291904 -0.04001919 0.02437781 0.001291904 -0.04001919 0.02437781 0.001138414 -0.03965884 0.02421171 0.001138414 -0.03965884 0.02421171 0.0009786965 -0.0392835 0.02409087 0.0009786965 -0.0392835 0.02409087 0.0008147801 -0.03889796 0.02401683 0.0008147801 -0.03889796 0.02401683 5.909495e-06 -0.03699062 0.0243605 5.909495e-06 -0.03699062 0.0243605 -0.0001392296 -0.03664741 0.02456585 -0.0001392296 -0.03664741 0.02456585 -0.0002742667 -0.0363277 0.02481192 -0.0002742667 -0.0363277 0.02481192 -0.0003974872 -0.03603557 0.02509559 -0.0003974872 -0.03603557 0.02509559 0.001630304 -0.04017368 0.03097556 0.001424635 -0.03968751 0.03123896 0.000519139 -0.03755383 0.0314018 0.0003000048 -0.03703901 0.03121479 -0.000254191 -0.03574093 0.03017114 -0.0004935617 -0.03518404 0.02916308 -0.0005643292 -0.0350212 0.02860049 -0.0005999216 -0.03494135 0.02801704 -0.0004911591 -0.03520929 0.0262857 -0.0006023648 -0.03554852 0.02576078 -0.0006023648 -0.03554852 0.02576078 -0.0007374078 -0.03522556 0.02648291 -0.0007374078 -0.03522556 0.02648291 -0.0007815486 -0.03511899 0.02686782 -0.0007815486 -0.03511899 0.02686782 -0.0008093519 -0.03505081 0.02726284 -0.0008093519 -0.03505081 0.02726284 -0.0008206698 -0.03502127 0.0276871 -0.0008206698 -0.03502127 0.0276871 -0.0008132045 -0.03503596 0.02811222 -0.0008132045 -0.03503596 0.02811222 -0.0007870085 -0.03509478 0.02853276 -0.0007870085 -0.03509478 0.02853276 -0.0007424841 -0.03519685 0.02894336 -0.0007424841 -0.03519685 0.02894336 -0.0006801457 -0.03534098 0.02933876 -0.0006801457 -0.03534098 0.02933876 0.0008177339 -0.03885398 0.03149601 0.0008177339 -0.03885398 0.03149601 0.0009815952 -0.03924037 0.0314264 0.0009815952 -0.03924037 0.0314264 0.001141208 -0.03961709 0.03130986 0.001141208 -0.03961709 0.03130986 0.001807789 -0.04119524 0.03009515 0.001807789 -0.04119524 0.03009515 0.001902845 -0.04142147 0.0297476 0.001902845 -0.04142147 0.0297476 0.00222395 -0.04160334 0.02634406 0.001984579 -0.04104645 0.025336 0.001821885 -0.04066615 0.02491535 0.001211278 -0.0392336 0.02410534 0.0005252349 -0.03761797 0.02409059 0.0003057816 -0.03709993 0.02426818 0.0001001111 -0.03661376 0.02453158 -8.670459e-05 -0.03617144 0.02487432 -0.0002501002 -0.03578381 0.02528796 -0.0005628765 -0.03503658 0.02684522 -0.0005994192 -0.03494654 0.02742712 -0.0003893039 -0.03542598 0.02969096 -9.149766e-05 -0.03612123 0.03059179 9.476909e-05 -0.03655752 0.03094255 0.0007467831 -0.03808931 0.03149898 0.0009773533 -0.03863231 0.03150394 0.001205182 -0.03916946 0.03141655 0.001817121 -0.040616 0.03063281 0.001980516 -0.04100363 0.03021917 0.01282325 -0.03031641 0.02614811 0.01282325 -0.03031641 0.02614811 0.01269433 -0.03000691 0.0270129 0.01269433 -0.03000691 0.0270129 0.01267348 -0.02995064 0.02806127 0.01267348 -0.02995064 0.02806127 0.01279816 -0.03023702 0.02912772 0.01279816 -0.03023702 0.02912772 0.01287114 -0.03040671 0.02945075 0.01287114 -0.03040671 0.02945075 0.01295835 -0.03061005 0.02974996 0.01295835 -0.03061005 0.02974996 0.01305856 -0.03084422 0.03002124 0.01305856 -0.03084422 0.03002124 0.0131704 -0.03110599 0.03026085 0.0131704 -0.03110599 0.03026085 0.01342278 -0.03169784 0.0306324 0.01342278 -0.03169784 0.0306324 0.01355981 -0.0320197 0.03075924 0.01355981 -0.0320197 0.03075924 0.01413591 -0.03337594 0.0308399 0.01413591 -0.03337594 0.0308399 0.01428136 -0.0337191 0.03074857 0.01428136 -0.0337191 0.03074857 0.01391839 -0.03288474 0.02775528 0.01316821 -0.03132494 0.02554403 0.01288847 -0.03066021 0.02641356 0.01299534 -0.03089151 0.02940835 0.01325744 -0.03150463 0.0300195 0.01375862 -0.03268227 0.03041741 0.01276334 -0.03035661 0.02772199 0.01282449 -0.03049453 0.02861381 0.01450684 -0.03444771 0.02988984 0.01313631 -0.03118969 0.02536879 0.01283403 -0.03047137 0.02630845 0.01271303 -0.03018011 0.0272336 0.01271624 -0.03018102 0.02821104 0.01279685 -0.03036604 0.02891868 0.01294952 -0.03072133 0.02954477 0.01323273 -0.03138384 0.03020522 0.01349045 -0.03198854 0.03053603 0.01377319 -0.03265349 0.03067558 0.01415362 -0.03355001 0.03059276 0.01313579 -0.03105884 0.02521435 0.01313579 -0.03105884 0.02521435 0.01390628 -0.03285639 0.02771585 0.01429731 -0.03388979 0.02912813 0.01440763 -0.03421427 0.0295654 0.01476798 -0.03487019 0.03001462 0.01476798 -0.03487019 0.03001462 0.01485102 -0.03506726 0.02978995 0.01485102 -0.03506726 0.02978995 0.01492501 -0.03524319 0.0295455 0.01492501 -0.03524319 0.0295455 0.01513848 -0.03575571 0.02811335 0.01513848 -0.03575571 0.02811335 0.0151139 -0.03570536 0.02700352 0.0151139 -0.03570536 0.02700352 0.01507214 -0.03560946 0.02664641 0.01507214 -0.03560946 0.02664641 0.01501437 -0.03547572 0.02630398 0.01501437 -0.03547572 0.02630398 0.0148542 -0.03510275 0.02568173 0.0148542 -0.03510275 0.02568173 0.01438977 -0.03401496 0.02479929 0.01438977 -0.03401496 0.02479929 0.01411093 -0.03335969 0.02458741 0.01411093 -0.03335969 0.02458741 0.01367664 -0.03233686 0.0245918 0.01367664 -0.03233686 0.0245918 0.0135312 -0.03199369 0.02468313 0.0135312 -0.03199369 0.02468313 0.01339124 -0.03166314 0.02481875 0.01339124 -0.03166314 0.02481875 0.01325878 -0.03134997 0.02499669 0.01325878 -0.03134997 0.02499669 0.01447396 -0.03435405 0.02918292 0.01484992 -0.03527693 0.02681828 0.01441696 -0.03426683 0.02541259 0.01396007 -0.03319357 0.02500504 0.01356482 -0.03226236 0.02505397 0.01478591 -0.0351112 0.02901854 0.01491104 -0.0354148 0.0277101 0.01467904 -0.0348799 0.02602374 0.01458262 -0.03456351 0.03006393 0.01488451 -0.03528136 0.02912352 0.01500548 -0.03557257 0.02819837 0.01500227 -0.03557166 0.02722093 0.01492166 -0.03538664 0.02651329 0.01476902 -0.03503139 0.02588719 0.01448578 -0.03436883 0.02522676 0.01422806 -0.03376413 0.02489595 0.01394534 -0.03309924 0.02475639 0.01356492 -0.03220271 0.02483921 0.01455375 -0.03436277 0.03043501 0.01455375 -0.03436277 0.03043501 0.01442132 -0.03404966 0.03061294 0.01442132 -0.03404966 0.03061294 0.01399164 -0.03303587 0.03088489 0.01399164 -0.03303587 0.03088489 0.0138462 -0.03269332 0.03088636 0.0138462 -0.03269332 0.03088636 0.0137016 -0.03235305 0.03084428 0.0137016 -0.03235305 0.03084428 0.01329239 -0.03139188 0.03046551 0.01329239 -0.03139188 0.03046551 0.01274041 -0.03010334 0.02878528 0.01274041 -0.03010334 0.02878528 0.01269865 -0.03000743 0.02842817 0.01269865 -0.03000743 0.02842817 0.01266526 -0.02993381 0.02768963 0.01266526 -0.02993381 0.02768963 0.01267407 -0.02995709 0.02731834 0.01267407 -0.02995709 0.02731834 0.01272618 -0.03008395 0.02671416 0.01272618 -0.03008395 0.02671416 0.01276929 -0.03018744 0.02642498 0.01276929 -0.03018744 0.02642498 0.01288752 -0.03046955 0.0258862 0.01288752 -0.03046955 0.0258862 0.01296154 -0.03064554 0.02564174 0.01296154 -0.03064554 0.02564174 0.01304454 -0.03084256 0.02541708 0.01304454 -0.03084256 0.02541708 0.01302283 -0.03079527 0.02484752 0.01302283 -0.03079527 0.02484752 0.01291737 -0.0305453 0.02508202 0.01291737 -0.0305453 0.02508202 0.01282214 -0.03031929 0.02534012 0.01282214 -0.03031929 0.02534012 0.01269963 -0.03002784 0.02576664 0.01269963 -0.03002784 0.02576664 0.01260289 -0.02979682 0.02623379 0.01260289 -0.02979682 0.02623379 0.01249106 -0.0295209 0.02807557 0.01249106 -0.0295209 0.02807557 0.01251703 -0.0295793 0.02848265 0.01251703 -0.0295793 0.02848265 0.0125615 -0.0296813 0.02888487 0.0125615 -0.0296813 0.02888487 0.01316672 -0.03109353 0.0308145 0.01316672 -0.03109353 0.0308145 0.01331056 -0.03143094 0.03101286 0.01331056 -0.03143094 0.03101286 0.01346036 -0.03178269 0.03116636 0.01346036 -0.03178269 0.03116636 0.01404511 -0.03315867 0.03134152 0.01404511 -0.03315867 0.03134152 0.01424504 -0.03363012 0.03125741 0.01424504 -0.03363012 0.03125741 0.01443782 -0.03408517 0.03110165 0.01443782 -0.03408517 0.03110165 0.01462038 -0.03451667 0.0308765 0.01462038 -0.03451667 0.0308765 0.01478974 -0.03491752 0.03058417 0.01478974 -0.03491752 0.03058417 0.01382091 -0.03267693 0.02454681 0.01382091 -0.03267693 0.02454681 0.01396633 -0.03301942 0.02454534 0.01396633 -0.03301942 0.02454534 0.01425272 -0.03369305 0.02467245 0.01425272 -0.03369305 0.02467245 0.01452017 -0.03432092 0.02496619 0.01452017 -0.03432092 0.02496619 0.01464212 -0.03460675 0.02517085 0.01464212 -0.03460675 0.02517085 0.01475399 -0.03486857 0.02541046 0.01475399 -0.03486857 0.02541046 0.01494141 -0.03530609 0.02598094 0.01494141 -0.03530609 0.02598094 0.01513905 -0.0357621 0.02737043 0.01513905 -0.0357621 0.02737043 0.01514729 -0.03577898 0.02774207 0.01514729 -0.03577898 0.02774207 0.01511819 -0.03570583 0.0284188 0.01511819 -0.03570583 0.0284188 0.01508634 -0.03562879 0.02871754 0.01508634 -0.03562879 0.02871754 0.01504326 -0.03552535 0.02900672 0.01504326 -0.03552535 0.02900672 0.0149893 -0.03539639 0.02928359 0.0149893 -0.03539639 0.02928359 0.01467676 -0.03465395 0.03021735 0.01467676 -0.03465395 0.03021735 0.01511293 -0.03568495 0.02966505 0.01511293 -0.03568495 0.02966505 0.01520965 -0.03591592 0.02919791 0.01520965 -0.03591592 0.02919791 0.0153293 -0.03620745 0.02776476 0.0153293 -0.03620745 0.02776476 0.0153215 -0.03619188 0.02735613 0.0153215 -0.03619188 0.02735613 0.01404 -0.03319599 0.0240933 0.01404 -0.03319599 0.0240933 0.01390324 -0.03287403 0.02407499 0.01390324 -0.03287403 0.02407499 0.01390932 -0.03283876 0.0313567 0.01390932 -0.03283876 0.0313567 0.01377254 -0.03251675 0.0313384 0.01377254 -0.03251675 0.0313384 0.0136148 -0.03214568 0.0312749 0.0136148 -0.03214568 0.0312749 0.01305548 -0.03083287 0.03062061 0.01305548 -0.03083287 0.03062061 0.01295202 -0.03059069 0.03040141 0.01295202 -0.03059069 0.03040141 0.01285702 -0.03036861 0.03015841 0.01285702 -0.03036861 0.03015841 0.01277113 -0.03016814 0.02989317 0.01277113 -0.03016814 0.02989317 0.01265087 -0.02988819 0.02940988 0.01265087 -0.02988819 0.02940988 0.01248327 -0.02950534 0.02766694 0.01248327 -0.02950534 0.02766694 0.01249338 -0.02953192 0.02726006 0.01249338 -0.02953192 0.02726006 0.01253358 -0.0296302 0.02673409 0.01253358 -0.0296302 0.02673409 0.01275568 -0.03047905 0.02503166 0.01275568 -0.03047905 0.02503166 0.01235845 -0.02953107 0.02686304 0.01235845 -0.02953107 0.02686304 0.01233101 -0.02946358 0.0272822 0.01233101 -0.02946358 0.0272822 0.01232225 -0.02944005 0.02770689 0.01232225 -0.02944005 0.02770689 0.01233229 -0.0294608 0.0281317 0.01233229 -0.0294608 0.0281317 0.01319219 -0.03119612 0.0245552 0.01319219 -0.03119612 0.0245552 0.01337475 -0.03162762 0.02433004 0.01337475 -0.03162762 0.02433004 0.01356749 -0.03208262 0.02417429 0.01356749 -0.03208262 0.02417429 0.01376743 -0.03255407 0.02409018 0.01376743 -0.03255407 0.02409018 0.01419774 -0.03356706 0.0241568 0.01419774 -0.03356706 0.0241568 0.01435218 -0.03393005 0.02426534 0.01435218 -0.03393005 0.02426534 0.01450198 -0.0342818 0.02441884 0.01450198 -0.0342818 0.02441884 0.01464582 -0.0346192 0.0246172 0.01464582 -0.0346192 0.0246172 0.01475708 -0.03487991 0.02481108 0.01475708 -0.03487991 0.02481108 0.01486052 -0.03512204 0.02503029 0.01486052 -0.03512204 0.02503029 0.01495554 -0.03534418 0.02527329 0.01495554 -0.03534418 0.02527329 0.01504143 -0.03554465 0.02553852 0.01504143 -0.03554465 0.02553852 0.01516169 -0.0358246 0.02602182 0.01516169 -0.0358246 0.02602182 0.01525103 -0.03603144 0.02654683 0.01525103 -0.03603144 0.02654683 0.01529551 -0.03613344 0.02694905 0.01529551 -0.03613344 0.02694905 0.01531919 -0.03618087 0.02817164 0.01531919 -0.03618087 0.02817164 0.01527895 -0.03608253 0.02869761 0.01527895 -0.03608253 0.02869761 0.01499039 -0.03539345 0.03009158 0.01499039 -0.03539345 0.03009158 0.0148952 -0.03516749 0.03034967 0.0148952 -0.03516749 0.03034967 0.01494186 -0.03559339 0.03008583 0.01494186 -0.03559339 0.03008583 0.01503822 -0.0358227 0.0297407 0.01503822 -0.0358227 0.0297407 0.0151187 -0.03601475 0.02936969 0.0151187 -0.03601475 0.02936969 0.01518225 -0.03616707 0.02897756 0.01518225 -0.03616707 0.02897756 0.01525422 -0.03634799 0.02730065 0.01525422 -0.03634799 0.02730065 0.0152255 -0.03628323 0.02688114 0.0152255 -0.03628323 0.02688114 0.01517853 -0.03617537 0.0264723 0.01517853 -0.03617537 0.0264723 0.01511381 -0.03602564 0.02607937 0.01511381 -0.03602564 0.02607937 0.01503225 -0.03583609 0.02570734 0.01503225 -0.03583609 0.02570734 0.01493485 -0.03560905 0.02536098 0.01493485 -0.03560905 0.02536098 0.01482287 -0.03534748 0.02504471 0.01482287 -0.03534748 0.02504471 0.01469771 -0.03505464 0.02476258 0.01469771 -0.03505464 0.02476258 0.01456102 -0.03473436 0.02451818 0.01456102 -0.03473436 0.02451818 0.01441449 -0.03439067 0.02431465 0.01441449 -0.03439067 0.02431465 0.01300813 -0.03107709 0.02452086 0.01300813 -0.03107709 0.02452086 0.01266601 -0.03086732 0.02475493 0.01211011 -0.02953705 0.02784923 0.01213775 -0.02959813 0.02843536 0.01229781 -0.02996758 0.02954057 0.01242636 -0.03026698 0.03003241 0.01296605 -0.0315306 0.03112468 0.01340882 -0.03257116 0.03144853 0.01363925 -0.03311366 0.03147408 0.01386817 -0.03365325 0.0314071 0.01408992 -0.03417661 0.03124926 0.01429911 -0.03467093 0.03100444 0.01449056 -0.03512404 0.03067866 0.01457835 -0.03473165 0.03091149 0.01457835 -0.03473165 0.03091149 0.01444127 -0.03440748 0.03110531 0.01444127 -0.03440748 0.03110531 0.0142968 -0.03406617 0.03126049 0.0142968 -0.03406617 0.03126049 0.01414656 -0.03371157 0.03137528 0.01414656 -0.03371157 0.03137528 0.01398315 -0.0333262 0.03145134 0.01398315 -0.0333262 0.03145134 0.01381733 -0.03293547 0.03147967 0.01381733 -0.03293547 0.03147967 0.01365119 -0.03254431 0.03145992 0.01365119 -0.03254431 0.03145992 0.01348685 -0.03215775 0.03139233 0.01348685 -0.03215775 0.03139233 0.01332642 -0.03178071 0.03127777 0.01332642 -0.03178071 0.03127777 0.01317199 -0.03141807 0.0311177 0.01317199 -0.03141807 0.0311177 0.01302546 -0.03107438 0.03091417 0.01302546 -0.03107438 0.03091417 0.01288877 -0.03075411 0.03066977 0.01288877 -0.03075411 0.03066977 0.01276364 -0.03046132 0.03038764 0.01276364 -0.03046132 0.03038764 0.01265163 -0.0301997 0.03007138 0.01265163 -0.0301997 0.03007138 0.01255423 -0.02997266 0.02972501 0.01255423 -0.02997266 0.02972501 0.01247267 -0.02978311 0.02935299 0.01247267 -0.02978311 0.02935299 0.01240798 -0.02963343 0.02896004 0.01240798 -0.02963343 0.02896004 0.01236098 -0.02952552 0.02855121 0.01236098 -0.02952552 0.02855121 0.01240426 -0.02964173 0.02645479 0.01240426 -0.02964173 0.02645479 0.01246778 -0.02979399 0.02606266 0.01246778 -0.02979399 0.02606266 0.01254825 -0.02998605 0.02569165 0.01254825 -0.02998605 0.02569165 0.01264462 -0.03021535 0.02534652 0.01264462 -0.03021535 0.02534652 0.01491407 -0.03613083 0.02930457 0.01499341 -0.03632143 0.02875191 0.01495573 -0.03624851 0.02642978 0.01485873 -0.03602372 0.02589303 0.01439191 -0.0349331 0.02459925 0.01397399 -0.03395222 0.02410248 0.01374772 -0.03342014 0.02398506 0.01351732 -0.03287769 0.02395951 0.01285743 -0.03132037 0.02442916 0.01287998 -0.0307737 0.0247511 0.01287998 -0.0307737 0.0247511 0.01314521 -0.03140126 0.02432705 0.01314521 -0.03140126 0.02432705 0.01328971 -0.03174262 0.02417186 0.01328971 -0.03174262 0.02417186 0.01343992 -0.03209717 0.02405707 0.01343992 -0.03209717 0.02405707 0.01360333 -0.03248254 0.02398101 0.01360333 -0.03248254 0.02398101 0.01376918 -0.03287333 0.02395268 0.01376918 -0.03287333 0.02395268 0.01393532 -0.03326448 0.02397243 0.01393532 -0.03326448 0.02397243 0.01409963 -0.033651 0.02404002 0.01409963 -0.033651 0.02404002 0.01426006 -0.03402804 0.02415458 0.01426006 -0.03402804 0.02415458 0.01526423 -0.0363687 0.02772546 0.01526423 -0.0363687 0.02772546 0.01525547 -0.03634516 0.02815016 0.01525547 -0.03634516 0.02815016 0.01522803 -0.03627767 0.0285693 0.01522803 -0.03627767 0.0285693 0.0148308 -0.0353297 0.03040069 0.0148308 -0.0353297 0.03040069 0.0147065 -0.03503504 0.03068125 0.0147065 -0.03503504 0.03068125 0.01318258 -0.03203913 0.0313311 0.01276464 -0.0310582 0.03083434 0.01258324 -0.03063348 0.03046724 0.01220081 -0.02974279 0.02900381 0.01211867 -0.02956121 0.02725983 0.01216314 -0.02966987 0.02668169 0.01224247 -0.02986047 0.02612902 0.01235468 -0.03012824 0.02561546 0.01249703 -0.03046663 0.02515364 0.01306662 -0.03181469 0.02418433 0.01328841 -0.0323381 0.02402649 0.01419049 -0.0344607 0.02430891 0.01457331 -0.03535782 0.02496636 0.01473021 -0.03572438 0.02540118 0.01501879 -0.03639317 0.02699823 0.01504643 -0.03645425 0.02758436 0.01503787 -0.03643009 0.02817377 0.01480186 -0.03586306 0.02981813 0.01465952 -0.03552467 0.03027995 0.002085294 -0.03406684 0.02458499 0.002085294 -0.03406684 0.02458499 0.001953996 -0.03374921 0.02504349 0.001953996 -0.03374921 0.02504349 0.001845867 -0.03349178 0.02554383 0.001845867 -0.03349178 0.02554383 0.001746672 -0.03326264 0.02620966 0.001746672 -0.03326264 0.02620966 0.001688843 -0.03313956 0.02690765 0.001688843 -0.03313956 0.02690765 0.01358582 -0.03682046 0.03102335 0.002661896 -0.03576087 0.03139041 0.002661896 -0.03576087 0.03139041 0.002911457 -0.03640045 0.03157573 0.002911457 -0.03640045 0.03157573 0.01125238 -0.0346846 0.03168438 0.01125238 -0.0346846 0.03168438 0.01071151 -0.03331083 0.03164752 0.01071151 -0.03331083 0.03164752 0.009906446 -0.03122769 0.03046355 0.009906446 -0.03122769 0.03046355 0.00975974 -0.03083884 0.0299755 0.00975974 -0.03083884 0.0299755 0.00975974 -0.03083884 0.0299755 0.01355125 -0.03678348 0.03098288 0.009489353 -0.03007152 0.02758228 0.009489353 -0.03007152 0.02758228 0.009508603 -0.03009866 0.02694209 0.009508603 -0.03009866 0.02694209 0.009559012 -0.03020645 0.0263484 0.009559012 -0.03020645 0.0263484 0.00495383 -0.03251437 0.02518278 0.00495383 -0.03251437 0.02518278 0.005077413 -0.03281253 0.02472676 0.005077413 -0.03281253 0.02472676 0.01350864 -0.03675303 0.03094467 0.005107301 -0.03288518 0.02463272 0.005107301 -0.03288518 0.02463272 0.01014441 -0.03161557 0.02409504 0.01014441 -0.03161557 0.02409504 0.01014441 -0.03161557 0.02409504 0.01058234 -0.03270557 0.02346587 0.01058234 -0.03270557 0.02346587 0.01106601 -0.03392502 0.02323188 0.01106601 -0.03392502 0.02323188 0.0117729 -0.03573343 0.02366099 0.0117729 -0.03573343 0.02366099 0.01198005 -0.03627062 0.02400044 0.01198005 -0.03627062 0.02400044 0.01216406 -0.03675202 0.02442604 0.01216406 -0.03675202 0.02442604 0.01232034 -0.03716561 0.02492724 0.01232034 -0.03716561 0.02492724 0.01244505 -0.03750122 0.02549163 0.01244505 -0.03750122 0.02549163 0.01253508 -0.03775049 0.0261052 0.01253508 -0.03775049 0.0261052 0.01345917 -0.03673 0.03090973 0.01260337 -0.03796578 0.02734389 0.01260337 -0.03796578 0.02734389 0.01250932 -0.0380016 0.02730154 0.0132243 -0.03602125 0.03206252 0.004786476 -0.04098708 0.02651706 0.004786476 -0.04098708 0.02651706 0.004721174 -0.04079823 0.0258346 0.004721174 -0.04079823 0.0258346 0.004614936 -0.04050692 0.02519467 0.004614936 -0.04050692 0.02519467 0.004470659 -0.04012114 0.02461499 0.004470659 -0.04012114 0.02461499 0.003854181 -0.03851507 0.02338699 0.003854181 -0.03851507 0.02338699 0.003348615 -0.0372224 0.02310046 0.003348615 -0.0372224 0.02310046 0.003087815 -0.03656168 0.02313335 0.003087815 -0.03656168 0.02313335 0.002831243 -0.03591569 0.02328354 0.002831243 -0.03591569 0.02328354 0.002156298 -0.03424012 0.02438096 0.002156298 -0.03424012 0.02438096 0.01340412 -0.03671495 0.03087901 0.004774567 -0.04109313 0.03053528 0.004774567 -0.04109313 0.03053528 0.004755868 -0.0410431 0.03045899 0.004755868 -0.0410431 0.03045899 0.004709264 -0.04092039 0.03032817 0.004638527 -0.04073703 0.03021494 0.004543893 -0.040495 0.03015949 0.004494622 -0.04037018 0.03016531 0.004467776 -0.04030249 0.03017819 0.004441584 -0.04023668 0.03019766 0.004403837 -0.04014228 0.03023873 0.01334499 -0.0367083 0.03085332 0.003490138 -0.03787037 0.03161729 0.003490138 -0.03787037 0.03161729 0.003378841 -0.03758785 0.03161463 0.003378841 -0.03758785 0.03161463 0.003170137 -0.03705924 0.03164466 0.003170137 -0.03705924 0.03164466 0.00242838 -0.03515822 0.03109384 0.00242838 -0.03515822 0.03109384 0.002217368 -0.03460919 0.03069422 0.002217368 -0.03460919 0.03069422 0.002034696 -0.03412895 0.03020262 0.002034696 -0.03412895 0.03020262 0.001885412 -0.0337308 0.02963266 0.001885412 -0.0337308 0.02963266 0.001773674 -0.03342578 0.02900009 0.001773674 -0.03342578 0.02900009 0.001702531 -0.03322227 0.02832244 0.001702531 -0.03322227 0.02832244 0.001673994 -0.03312598 0.02761846 0.001673994 -0.03312598 0.02761846 0.01314712 -0.03595382 0.03198384 0.002358958 -0.03473863 0.0239161 0.002358958 -0.03473863 0.0239161 0.002586049 -0.03530239 0.02354689 0.002586049 -0.03530239 0.02354689 0.01312332 -0.03594142 0.03196601 0.003606463 -0.03787962 0.02318579 0.003606463 -0.03787962 0.02318579 0.004084953 -0.03911125 0.02369847 0.004084953 -0.03911125 0.02369847 0.004292347 -0.03965157 0.02411162 0.004292347 -0.03965157 0.02411162 0.004808975 -0.04106813 0.02722317 0.004808975 -0.04106813 0.02722317 0.004809544 -0.04107036 0.0272468 0.004809544 -0.04107036 0.0272468 0.004817086 -0.0410917 0.02731155 0.004817086 -0.0410917 0.02731155 0.004820138 -0.04109991 0.02732555 0.004820138 -0.04109991 0.02732555 0.004829167 -0.04112383 0.02735518 0.004829167 -0.04112383 0.02735518 0.004842051 -0.0411574 0.02738032 0.004842051 -0.0411574 0.02738032 0.004871427 -0.04123244 0.02739504 0.004871427 -0.04123244 0.02739504 0.004878141 -0.04124937 0.02739169 0.004878141 -0.04124937 0.02739169 0.004884716 -0.04126585 0.0273859 0.004884716 -0.04126585 0.0273859 0.004891663 -0.04128316 0.02737683 0.004891663 -0.04128316 0.02737683 0.01321291 -0.03672262 0.0308184 0.0130426 -0.03591574 0.03191818 0.002451138 -0.03498263 0.02421337 0.002188719 -0.03433833 0.02485092 0.001818365 -0.03349161 0.02759675 0.002002986 -0.03402094 0.02939028 0.002132711 -0.03436739 0.02989925 0.003128867 -0.03694102 0.03124705 0.003336788 -0.03746816 0.03123255 0.0037324 -0.03846316 0.03096906 0.00429374 -0.03985112 0.02989169 0.004601383 -0.04058114 0.02839722 0.004651493 -0.0406872 0.02777485 0.004664095 -0.04069784 0.02714585 0.004639254 -0.04061368 0.02652279 0.004577174 -0.04043562 0.0259182 0.004479474 -0.04016851 0.02535232 0.01301301 -0.03591128 0.03190448 0.003353594 -0.03724843 0.02349555 0.002938002 -0.0361976 0.02360821 0.00275006 -0.03572629 0.02377355 0.01298283 -0.03590907 0.03189225 0.01145051 -0.03519299 0.0318489 0.01145051 -0.03519299 0.0318489 0.003434772 -0.0377295 0.0316062 0.003434772 -0.0377295 0.0316062 0.003544314 -0.03800887 0.0316476 0.003544314 -0.03800887 0.0316476 0.003596622 -0.03814329 0.03169687 0.003596622 -0.03814329 0.03169687 0.003649154 -0.03827906 0.03176934 0.003649154 -0.03827906 0.03176934 0.003697126 -0.03840388 0.03186059 0.003697126 -0.03840388 0.03186059 0.003739882 -0.03851606 0.03196912 0.003739882 -0.03851606 0.03196912 0.01161144 -0.03558515 0.03227874 0.01161144 -0.03558515 0.03227874 0.01295231 -0.03590898 0.0318816 0.01147138 -0.03521209 0.03085021 0.01147138 -0.03521209 0.03085021 0.01147138 -0.03521209 0.03085021 0.01034006 -0.03233206 0.03058162 0.01034006 -0.03233206 0.03058162 0.01292183 -0.035911 0.03187254 0.009847601 -0.03091319 0.02559366 0.009847601 -0.03091319 0.02559366 0.009833797 -0.0308775 0.02557418 0.009833797 -0.0308775 0.02557418 0.009773201 -0.03072259 0.02554039 0.009773201 -0.03072259 0.02554039 0.009749566 -0.03066282 0.02554657 0.009749566 -0.03066282 0.02554657 0.009726214 -0.03060413 0.0255634 0.009726214 -0.03060413 0.0255634 0.009712142 -0.03056896 0.02557923 0.009712142 -0.03056896 0.02557923 0.009698839 -0.03053586 0.02559872 0.009698839 -0.03053586 0.02559872 0.009680492 -0.03049051 0.02563424 0.009680492 -0.03049051 0.02563424 0.00966433 -0.03045093 0.0256765 0.00966433 -0.03045093 0.0256765 0.00965064 -0.03041781 0.02572461 0.00965064 -0.03041781 0.02572461 0.009639685 -0.03039181 0.02577764 0.009639685 -0.03039181 0.02577764 0.0095056 -0.03013438 0.02822003 0.0095056 -0.03013438 0.02822003 0.009556982 -0.03028583 0.02884081 0.009556982 -0.03028583 0.02884081 0.009556982 -0.03028583 0.02884081 0.009642358 -0.03052247 0.02943045 0.009642358 -0.03052247 0.02943045 0.0100792 -0.03168029 0.03088343 0.0100792 -0.03168029 0.03088343 0.01027395 -0.03218614 0.03122561 0.01027395 -0.03218614 0.03122561 0.01048636 -0.03273387 0.03148225 0.01048636 -0.03273387 0.03148225 0.01094433 -0.03390402 0.03171764 0.01094433 -0.03390402 0.03171764 0.01132132 -0.03486044 0.03170924 0.01132132 -0.03486044 0.03170924 0.01138812 -0.0350318 0.03176451 0.01138812 -0.0350318 0.03176451 0.01150656 -0.03533897 0.03195955 0.01150656 -0.03533897 0.03195955 0.0115473 -0.0354461 0.03206929 0.0115473 -0.0354461 0.03206929 0.01158264 -0.03554004 0.03219531 0.01158264 -0.03554004 0.03219531 0.01158264 -0.03554004 0.03219531 0.0121592 -0.03694312 0.03042503 0.01219973 -0.03704362 0.03035562 0.01224354 -0.03715308 0.03030478 0.01288511 -0.03591612 0.03186371 0.01233755 -0.03739023 0.03026312 0.0123004 -0.03728962 0.03007644 0.01226114 -0.03718582 0.02995313 0.01223807 -0.037126 0.02991542 0.004954889 -0.03252621 0.02545272 0.004954889 -0.03252621 0.02545272 0.004930657 -0.03246546 0.02547409 0.004930657 -0.03246546 0.02547409 0.004920889 -0.03244109 0.02548644 0.004920889 -0.03244109 0.02548644 0.004911473 -0.03241767 0.02550065 0.004911473 -0.03241767 0.02550065 0.004911473 -0.03241767 0.02550065 0.004877729 -0.03233458 0.02557588 0.004877729 -0.03233458 0.02557588 0.00485266 -0.03227441 0.02567709 0.00485266 -0.03227441 0.02567709 0.009796596 -0.03078211 0.02554463 0.009796596 -0.03078211 0.02554463 0.009796596 -0.03078211 0.02554463 0.009819288 -0.03084018 0.02555904 0.009819288 -0.03084018 0.02555904 0.005671232 -0.03430386 0.02426711 0.005503627 -0.03388814 0.02455075 0.005503627 -0.03388814 0.02455075 0.005378019 -0.03357001 0.02456906 0.005378019 -0.03357001 0.02456906 0.005378019 -0.03357001 0.02456906 0.005367264 -0.03354184 0.02454332 0.005367264 -0.03354184 0.02454332 0.00535757 -0.03351628 0.02451479 0.00535757 -0.03351628 0.02451479 0.005341441 -0.03347311 0.02444878 0.005341441 -0.03347311 0.02444878 0.00532755 -0.03343416 0.02433974 0.00532755 -0.03343416 0.02433974 0.005325234 -0.03342637 0.02428343 0.005325234 -0.03342637 0.02428343 0.005325885 -0.03342613 0.02422747 0.005325885 -0.03342613 0.02422747 0.005330076 -0.03343467 0.0241656 0.005330076 -0.03343467 0.0241656 0.005337687 -0.03345198 0.02410648 0.005337687 -0.03345198 0.02410648 0.005348485 -0.0334775 0.02405128 0.005348485 -0.0334775 0.02405128 0.005362177 -0.03351055 0.0240012 0.005362177 -0.03351055 0.0240012 0.005362177 -0.03351055 0.0240012 0.005228653 -0.0331818 0.0242986 0.005228653 -0.0331818 0.0242986 0.004864443 -0.03230242 0.02562144 0.004864443 -0.03230242 0.02562144 0.004870767 -0.03231766 0.02559814 0.004870767 -0.03231766 0.02559814 0.004893615 -0.0323735 0.02553495 0.004893615 -0.0323735 0.02553495 0.004967308 -0.03255752 0.0254464 0.004967308 -0.03255752 0.0254464 0.00497984 -0.03258919 0.02544302 0.00497984 -0.03258919 0.02544302 0.005004892 -0.03265284 0.02544513 0.005004892 -0.03265284 0.02544513 0.005004892 -0.03265284 0.02544513 0.005017146 -0.03268414 0.02545057 0.00502907 -0.03271467 0.0254588 0.005044941 -0.03275548 0.02547467 0.013636 -0.03706282 0.03097864 0.003282668 -0.04083962 0.03070372 0.005238938 -0.03325929 0.02581416 0.005249728 -0.03328814 0.02585753 0.005258121 -0.03331099 0.02590342 0.005264082 -0.03332777 0.02595157 0.005267634 -0.03333848 0.02600169 0.005268785 -0.03334331 0.02605804 0.00631185 -0.03613824 0.03042145 0.007147719 -0.03822381 0.02937165 0.007223923 -0.03841647 0.0293508 0.007262403 -0.03851448 0.02936132 0.007305074 -0.03862375 0.02939043 0.007305074 -0.03862375 0.02939043 0.003513544 -0.04112008 0.03068199 0.00781717 -0.03988879 0.02837338 0.005332924 -0.03344969 0.02439524 0.005332924 -0.03344969 0.02439524 0.005348964 -0.03349338 0.02448333 0.005348964 -0.03349338 0.02448333 0.01360459 -0.03684948 0.0310522 0.01012291 -0.03157098 0.02438894 0.01012291 -0.03157098 0.02438894 0.01012131 -0.03156596 0.02436044 0.01012131 -0.03156596 0.02436044 0.01012049 -0.03156291 0.02433202 0.01012049 -0.03156291 0.02433202 0.01012109 -0.03156251 0.02427491 0.01012109 -0.03156251 0.02427491 0.01275286 -0.03520409 0.03320315 0.01283707 -0.03859261 0.02833945 0.01283707 -0.03859261 0.02833945 0.01283707 -0.03859261 0.02833945 0.01270156 -0.03821936 0.02747377 0.01270156 -0.03821936 0.02747377 0.01270156 -0.03821936 0.02747377 0.01267943 -0.03816433 0.02750647 0.01267943 -0.03816433 0.02750647 0.01267289 -0.03814792 0.0275125 0.01267289 -0.03814792 0.0275125 0.01261668 -0.03800334 0.02745568 0.01261668 -0.03800334 0.02745568 0.01261232 -0.03799166 0.02743743 0.01261232 -0.03799166 0.02743743 0.01261232 -0.03799166 0.02743743 0.01258625 -0.03790106 0.02671614 0.01258625 -0.03790106 0.02671614 0.01154775 -0.03515376 0.02341612 0.01154775 -0.03515376 0.02341612 0.01131015 -0.03454592 0.02327189 0.01131015 -0.03454592 0.02327189 0.01082139 -0.03330647 0.02329708 0.01082139 -0.03330647 0.02329708 0.01035478 -0.0321372 0.02373408 0.01035478 -0.0321372 0.02373408 0.01013799 -0.03160028 0.02412472 0.01013799 -0.03160028 0.02412472 0.01013263 -0.03158771 0.02415481 0.01013263 -0.03158771 0.02415481 0.01012479 -0.03156995 0.02421765 0.01012479 -0.03156995 0.02421765 0.01012257 -0.03156527 0.02424625 0.01012257 -0.03156527 0.02424625 0.01012849 -0.03158707 0.02444509 0.01012849 -0.03158707 0.02444509 0.01013726 -0.03161113 0.02449891 0.01013726 -0.03161113 0.02449891 0.01014272 -0.03162586 0.02452422 0.01014272 -0.03162586 0.02452422 0.01014886 -0.03164225 0.02454808 0.01014886 -0.03164225 0.02454808 0.01015833 -0.03166732 0.02457865 0.01015833 -0.03166732 0.02457865 0.010169 -0.03169534 0.02460643 0.010169 -0.03169534 0.02460643 0.010169 -0.03169534 0.02460643 0.01018623 -0.03173955 0.02462079 0.01018623 -0.03173955 0.02462079 0.01023037 -0.03185187 0.02463009 0.01023037 -0.03185187 0.02463009 0.0102501 -0.03190167 0.02462226 0.0102501 -0.03190167 0.02462226 0.01026934 -0.03194998 0.02460721 0.01026934 -0.03194998 0.02460721 0.01028782 -0.03199614 0.0245851 0.01028782 -0.03199614 0.0245851 0.01077358 -0.03320813 0.02397417 0.01106665 -0.03394836 0.02387191 0.01118946 -0.03426034 0.0238821 0.01137013 -0.03472131 0.02395512 0.0118629 -0.03599271 0.02457218 0.01196116 -0.03624967 0.02479617 0.01234339 -0.03728304 0.02666571 0.01234339 -0.03728304 0.02666571 0.0123838 -0.03740606 0.02726905 0.01239619 -0.03743988 0.02733968 0.01261195 -0.03802418 0.02842352 0.01261734 -0.03803869 0.02844767 0.01262312 -0.03805405 0.02846822 0.01272232 -0.03830758 0.02852175 0.0126037 -0.03796729 0.02736326 0.0126037 -0.03796729 0.02736326 0.01260866 -0.03798171 0.02741715 0.01260866 -0.03798171 0.02741715 0.01262169 -0.03801663 0.02747182 0.01262169 -0.03801663 0.02747182 0.01262733 -0.0380314 0.02748577 0.01262733 -0.0380314 0.02748577 0.01263468 -0.0380505 0.02749924 0.01263468 -0.0380505 0.02749924 0.01264245 -0.03807057 0.02750898 0.01264245 -0.03807057 0.02750898 0.01265063 -0.03809153 0.02751495 0.01265063 -0.03809153 0.02751495 0.01265911 -0.0381131 0.02751712 0.01265911 -0.0381131 0.02751712 0.01266611 -0.03813085 0.02751607 0.01266611 -0.03813085 0.02751607 0.01218258 -0.03819519 0.02735087 0.01217631 -0.03817883 0.02733531 0.01217109 -0.03816503 0.02731774 0.01216678 -0.03815341 0.02729754 0.01216374 -0.03814497 0.0272767 0.01218324 -0.03812818 0.0272344 0.01230864 -0.0380789 0.02724709 0.01271907 -0.03516782 0.0331302 0.01260471 -0.03797047 0.02738187 0.01260471 -0.03797047 0.02738187 0.01260636 -0.03797528 0.02739981 0.01260636 -0.03797528 0.02739981 0.01260636 -0.03797528 0.02739981 0.003430679 -0.04101664 0.03063247 0.01253876 -0.03808572 0.02744484 0.003389917 -0.0410936 0.03072851 0.01256181 -0.038164 0.02745947 0.01258326 -0.03822282 0.02744089 0.01239142 -0.03804682 0.02726443 0.01247709 -0.03804793 0.02738027 0.01244696 -0.03818915 0.02741824 0.0133186 -0.03678422 0.03076548 0.01247474 -0.03826677 0.02739874 0.01235838 -0.03806911 0.02730272 0.01235863 -0.03810306 0.02735303 0.01236508 -0.03813537 0.02738027 0.01231875 -0.03819614 0.02738498 0.01234779 -0.03827226 0.02738895 0.01236201 -0.0383119 0.02737235 0.005285214 -0.04098399 0.02726636 0.005277547 -0.04096435 0.02725669 0.005264264 -0.04092988 0.02722856 0.005254712 -0.04090441 0.0271909 0.005249108 -0.04088785 0.02712731 0.01216121 -0.03813695 0.02723381 0.01216189 -0.03813946 0.02725484 0.01218959 -0.03821331 0.02736355 0.003354538 -0.04084398 0.03062836 0.01220133 -0.03824331 0.02737697 0.01220133 -0.03824331 0.02737697 0.00339786 -0.04088618 0.03060278 0.01221384 -0.038275 0.02738298 0.01222262 -0.03829704 0.02738274 0.01223096 -0.03831784 0.02737921 0.0122395 -0.03833904 0.02737203 0.0122471 -0.03835776 0.02736228 0.01267359 -0.03514138 0.03306841 0.01267359 -0.03514138 0.03306841 0.004864665 -0.04121529 0.02739594 0.004864665 -0.04121529 0.02739594 0.004857908 -0.0411981 0.02739439 0.004857908 -0.0411981 0.02739439 0.004853455 -0.04118672 0.02739198 0.004853455 -0.04118672 0.02739198 0.004849063 -0.04117547 0.02738849 0.004849063 -0.04117547 0.02738849 0.004835373 -0.04114007 0.0273692 0.004835373 -0.04114007 0.0273692 0.004823511 -0.04110891 0.02733834 0.004823511 -0.04110891 0.02733834 0.004813602 -0.04108217 0.02729097 0.004813602 -0.04108217 0.02729097 0.004811073 -0.04107502 0.0272694 0.004811073 -0.04107502 0.0272694 0.004920409 -0.04102177 0.02717814 0.005049469 -0.04096852 0.02714456 0.005249805 -0.04089042 0.0271483 0.005251676 -0.04089598 0.02717011 0.005259049 -0.04091609 0.02721105 0.005270561 -0.04094629 0.02724407 0.01349363 -0.03681609 0.03084042 0.005289278 -0.04099435 0.02727005 0.005289278 -0.04099435 0.02727005 0.003447034 -0.04092644 0.03058624 0.005301798 -0.04102602 0.02727602 0.005310527 -0.04104796 0.02727577 0.005318858 -0.04106876 0.02727223 0.005327407 -0.04108995 0.02726505 0.005334988 -0.04110862 0.02725531 0.01265017 -0.03513292 0.03304504 0.01265017 -0.03513292 0.03304504 0.005113979 -0.04094215 0.0271339 0.005203025 -0.04110041 0.02727976 0.00523145 -0.04114987 0.02726034 0.005075831 -0.04098161 0.02721519 0.005094377 -0.04100818 0.02725295 0.005121677 -0.04106115 0.02728416 0.005084184 -0.04112073 0.02730114 0.004941438 -0.04111125 0.02732699 0.004970438 -0.0411666 0.02734104 0.005009712 -0.04123768 0.02731759 0.01262599 -0.03512645 0.03302456 0.01262599 -0.03512645 0.03302456 0.004264806 -0.04071229 0.03056677 0.004218099 -0.04059204 0.03054681 0.004183034 -0.04050338 0.03055611 0.004136885 -0.0404296 0.03058921 0.004178101 -0.04025421 0.03067313 0.004261389 -0.04016606 0.03063113 0.004310751 -0.0400655 0.03056854 0.004320893 -0.04001379 0.03053152 0.00324735 -0.04075408 0.03077326 0.004335846 -0.03997389 0.03036079 0.00436842 -0.04005425 0.03029336 0.004681855 -0.04084902 0.030275 0.004748062 -0.0410422 0.03056868 0.004713657 -0.04099853 0.03059944 0.00468052 -0.04096804 0.03062256 0.004644671 -0.04094293 0.03064303 0.004529604 -0.04089674 0.03068858 0.004473601 -0.04088784 0.03070255 0.003500688 -0.04096365 0.03057922 0.004381785 -0.04089106 0.0307197 0.004372332 -0.040894 0.03072329 0.004372332 -0.040894 0.03072329 0.003572642 -0.04097145 0.03056841 0.004353939 -0.04090238 0.03073305 0.01258058 -0.03511852 0.03299293 0.01258058 -0.03511852 0.03299293 0.004207214 -0.04032336 0.03060289 0.004203764 -0.040392 0.03057806 0.004377954 -0.04067899 0.03053193 0.004393518 -0.04079633 0.0306088 0.004223508 -0.0402123 0.03065504 0.01336751 -0.03731341 0.03081818 0.004322438 -0.04039343 0.03049857 0.00434029 -0.04050698 0.03049676 0.004379957 -0.04060779 0.03050098 0.00447894 -0.04079311 0.03057334 0.004273748 -0.04026835 0.03056877 0.003402322 -0.04115138 0.03081093 0.004323812 -0.04020983 0.03051703 0.00436569 -0.04031405 0.03045658 0.004459656 -0.04050063 0.03039084 0.004488358 -0.04062457 0.03043416 0.004544458 -0.04076925 0.03050215 0.01361902 -0.03711919 0.03095088 0.00439406 -0.04020753 0.03038083 0.004465794 -0.04038746 0.03031866 0.004576296 -0.04066881 0.03034576 0.004641037 -0.04083633 0.03044137 0.004404765 -0.04016006 0.03030203 0.004612344 -0.04068548 0.03026207 0.01321859 -0.03693096 0.03068472 0.004320205 -0.03995663 0.03048675 0.004592197 -0.04061815 0.03017623 0.004734032 -0.04098532 0.03038972 0.004734032 -0.04098532 0.03038972 0.003782841 -0.03868724 0.03220175 0.003782841 -0.03868724 0.03220175 0.003784975 -0.0386499 0.03214641 0.003784975 -0.0386499 0.03214641 0.003776746 -0.03861383 0.03209342 0.003776746 -0.03861383 0.03209342 0.004306681 -0.03990256 0.03044024 0.004315024 -0.03992909 0.03046361 0.004322162 -0.03998494 0.03050944 0.004290717 -0.04011667 0.03060204 0.004126343 -0.04029064 0.03068493 0.004087368 -0.04031217 0.03068925 0.004046518 -0.04033036 0.03069032 0.003483121 -0.03896025 0.0324479 0.003483121 -0.03896025 0.0324479 0.003546055 -0.03893189 0.03244333 0.003546055 -0.03893189 0.03244333 0.003599765 -0.03890156 0.03242957 0.003599765 -0.03890156 0.03242957 0.003638878 -0.03887531 0.03241233 0.003638878 -0.03887531 0.03241233 0.01253309 -0.03511535 0.03296814 0.01253309 -0.03511535 0.03296814 0.01344578 -0.03686755 0.03076338 0.005116167 -0.04123666 0.02726388 0.005116167 -0.04123666 0.02726388 0.004896424 -0.04129501 0.02736946 0.004896424 -0.04129501 0.02736946 0.004896424 -0.04129501 0.02736946 0.005121458 -0.04119366 0.02728052 0.01248378 -0.03511669 0.03294979 0.01248378 -0.03511669 0.03294979 0.005268246 -0.04231913 0.02974503 0.005268246 -0.04231913 0.02974503 0.005003467 -0.04126407 0.02731094 0.005003467 -0.04126407 0.02731094 0.005240881 -0.04121176 0.02722692 0.005240881 -0.04121176 0.02722692 0.005368355 -0.04119155 0.02720396 0.005368355 -0.04119155 0.02720396 0.01075186 -0.03941788 0.0270884 0.01075186 -0.03941788 0.0270884 0.01228986 -0.03846403 0.02729646 0.01228986 -0.03846403 0.02729646 0.01239318 -0.03839411 0.02732159 0.01239318 -0.03839411 0.02732159 0.01249693 -0.03832951 0.02735973 0.01249693 -0.03832951 0.02735973 0.01260008 -0.03827103 0.02741056 0.01260008 -0.03827103 0.02741056 0.009671221 -0.04043522 0.02796333 0.009671221 -0.04043522 0.02796333 0.009671221 -0.04043522 0.02796333 0.008062064 -0.04103585 0.02796053 0.008062064 -0.04103585 0.02796053 0.006293625 -0.04148377 0.02808621 0.006238412 -0.0415012 0.02810722 0.006075764 -0.04158897 0.02825296 0.006054332 -0.04161131 0.02829653 0.005521591 -0.04238783 0.02992909 0.005496201 -0.04238923 0.02992916 0.005389143 -0.04238278 0.02990211 0.005334494 -0.04236899 0.02986519 0.005296509 -0.04235086 0.02982004 0.01237861 -0.0351323 0.03293114 0.01237861 -0.0351323 0.03293114 0.003527504 -0.04104488 0.03061353 0.005273798 -0.04232972 0.02976973 0.005282535 -0.04233985 0.02979363 0.005313913 -0.04236055 0.02984393 0.005357944 -0.04237614 0.02988374 0.005423001 -0.04238724 0.02991593 0.005458895 -0.04238942 0.02992501 0.002571419 -0.03528087 0.02400692 0.003911042 -0.03890857 0.03073568 0.003544459 -0.03799184 0.0311344 0.002924026 -0.03641891 0.03117924 0.002725591 -0.0359103 0.03103042 0.00259849 -0.03558289 0.03088685 0.002476676 -0.03526771 0.03070826 0.002291578 -0.03478555 0.03034175 0.001905287 -0.03375382 0.0288244 0.001843179 -0.03357571 0.02821981 0.001830967 -0.03350225 0.02696775 0.001881078 -0.03360831 0.02634539 0.001957472 -0.03378391 0.02580654 0.00206076 -0.03402903 0.02530596 0.002339293 -0.03470678 0.02444864 0.01281495 -0.03593407 0.0318531 0.003145673 -0.03672129 0.02351006 0.003558434 -0.03777054 0.02356336 0.003756869 -0.03827915 0.02371219 0.003883972 -0.03860656 0.02385575 0.004005755 -0.03892168 0.02403435 0.004190884 -0.03940389 0.02440085 0.004349751 -0.03982205 0.02484336 0.00452496 -0.04040548 0.02893607 0.0044217 -0.04016042 0.02943665 0.0044217 -0.04016042 0.02943665 0.004143168 -0.03948267 0.03029396 0.004031323 -0.03920681 0.03052923 0.01284936 -0.03592395 0.03185726 0.003779133 -0.03870218 0.03222351 0.003779133 -0.03870218 0.03222351 0.003763033 -0.03874106 0.03227603 0.003763033 -0.03874106 0.03227603 0.003739585 -0.03877818 0.03232069 0.003739585 -0.03877818 0.03232069 0.00370966 -0.0388138 0.03235863 0.00370966 -0.0388138 0.03235863 0.003673565 -0.038848 0.03239048 0.003673565 -0.038848 0.03239048 0.01340286 -0.03711724 0.03071363 0.003515897 -0.03894641 0.03244692 0.003515897 -0.03894641 0.03244692 0.01195236 -0.03561929 0.03255528 0.01195236 -0.03561929 0.03255528 0.01191398 -0.03562977 0.03254734 0.01191398 -0.03562977 0.03254734 0.01186819 -0.03563714 0.03252943 0.01186819 -0.03563714 0.03252943 0.01182349 -0.03564154 0.03250759 0.01182349 -0.03564154 0.03250759 0.01178379 -0.03564233 0.03248303 0.01178379 -0.03564233 0.03248303 0.01174887 -0.0356402 0.0324569 0.01174887 -0.0356402 0.0324569 0.01165712 -0.03561705 0.03235988 0.01165712 -0.03561705 0.03235988 0.01254572 -0.03697908 0.03080228 0.01221699 -0.03694995 0.0306742 0.003459945 -0.04117103 0.03078792 0.01159465 -0.03556429 0.03223616 0.01159465 -0.03556429 0.03223616 0.01163253 -0.03560279 0.03232087 0.01163253 -0.03560279 0.03232087 0.01168565 -0.03562807 0.03239622 0.01168565 -0.03562807 0.03239622 0.01171854 -0.03563593 0.03243034 0.01171854 -0.03563593 0.03243034 0.01210399 -0.03678626 0.02993045 0.01166851 -0.03570386 0.03060071 0.01049954 -0.03523191 0.03094203 0.01029553 -0.03471766 0.03104413 0.01008916 -0.03419447 0.03105879 0.009506003 -0.03269853 0.03058522 0.009339395 -0.03226498 0.03026772 0.00919382 -0.03188246 0.02988173 0.00907282 -0.0315603 0.0294367 0.008979327 -0.03130632 0.02894349 0.008915103 -0.03106866 0.02674115 0.008978464 -0.03121112 0.02620059 0.009845249 -0.03092349 0.02607307 0.009845249 -0.03092349 0.02607307 0.009845249 -0.03092349 0.02607307 0.009790115 -0.03079671 0.02646043 0.009790115 -0.03079671 0.02646043 0.009739949 -0.03068885 0.02703383 0.009739949 -0.03068885 0.02703383 0.009724245 -0.03066871 0.02761511 0.009724245 -0.03066871 0.02761511 0.009743001 -0.0307359 0.02819275 0.009743001 -0.0307359 0.02819275 0.009796157 -0.03088987 0.02875525 0.009796157 -0.03088987 0.02875525 0.009865664 -0.03108129 0.02919838 0.009865664 -0.03108129 0.02919838 0.009956358 -0.03132533 0.02960819 0.009956358 -0.03132533 0.02960819 0.0100668 -0.0316182 0.02997932 0.0100668 -0.0316182 0.02997932 0.01019566 -0.03195627 0.03030638 0.01019566 -0.03195627 0.03030638 0.01049667 -0.03273686 0.03079915 0.01049667 -0.03273686 0.03079915 0.01066325 -0.03316492 0.03095638 0.01066325 -0.03316492 0.03095638 0.01083758 -0.03361052 0.03105073 0.01083758 -0.03361052 0.03105073 0.01105176 -0.03415493 0.03107748 0.01105176 -0.03415493 0.03107748 0.01126442 -0.03469229 0.03100989 0.01126442 -0.03469229 0.03100989 0.005060106 -0.03279469 0.02549584 0.009916045 -0.03109062 0.02570397 0.009916045 -0.03109062 0.02570397 0.009916045 -0.03109062 0.02570397 0.009071642 -0.03143029 0.0256909 0.009071642 -0.03143029 0.0256909 0.009071642 -0.03143029 0.0256909 0.009129404 -0.03158002 0.025784 0.0130978 -0.03593085 0.031949 0.01271346 -0.0375547 0.03077299 0.01266175 -0.03754834 0.03072909 0.01255698 -0.03752974 0.03063091 0.01237437 -0.03744534 0.03037609 0.01234798 -0.03741213 0.03030527 0.01228978 -0.03726935 0.03027358 0.01213442 -0.03688216 0.03048107 0.01211178 -0.03682685 0.03054455 0.01212324 -0.03685216 0.03056796 0.01217515 -0.03691872 0.03063648 0.01226574 -0.036974 0.03070863 0.01232022 -0.03699041 0.03073883 0.01237887 -0.03699857 0.03076403 0.01244023 -0.0369984 0.03078355 0.003248107 -0.04090273 0.03077124 0.01399386 -0.03801732 0.03316028 0.01213772 -0.03687607 0.03059122 0.01215506 -0.03689831 0.03061412 0.01225732 -0.03710893 0.03048591 0.01232905 -0.03728886 0.03042375 0.01231949 -0.03709475 0.0306035 0.0123776 -0.03724003 0.03053844 0.01242416 -0.03735764 0.03052223 0.003317319 -0.04065985 0.03071932 0.012433 -0.03712848 0.03065319 0.0124709 -0.03722343 0.03061701 0.01252372 -0.03735709 0.03060643 0.01256249 -0.03745619 0.03062726 0.01248881 -0.03712049 0.03067869 0.01261982 -0.03753151 0.03068762 0.01261982 -0.03753151 0.03068762 0.01250262 -0.03698981 0.03079687 0.01250262 -0.03698981 0.03079687 0.01258674 -0.0372077 0.0306588 0.0126791 -0.03736013 0.0306705 0.01270107 -0.03741658 0.03069121 0.01257609 -0.03709981 0.0307028 0.01264434 -0.03727155 0.03065941 0.01274363 -0.037484 0.03073938 0.01241061 -0.0374737 0.03044539 0.01245452 -0.03749693 0.03051141 0.01250391 -0.03751537 0.03057328 0.01337988 -0.03734653 0.03086977 0.003584809 -0.04118255 0.03075461 0.01363861 -0.03694883 0.0310405 0.01319036 -0.03598481 0.03202271 0.01320853 -0.03600248 0.03204261 0.01356707 -0.03694367 0.03084529 0.01358025 -0.03686662 0.03092225 0.01324338 -0.03605084 0.03209196 0.0135467 -0.03715383 0.03083712 0.01232037 -0.03514782 0.03293185 0.01232037 -0.03514782 0.03293185 0.01232037 -0.03514782 0.03293185 0.01243286 -0.0351222 0.03293755 0.01243286 -0.0351222 0.03293755 0.01211857 -0.03682257 0.02991053 0.01213263 -0.03685775 0.0298961 0.01214623 -0.03689194 0.02988639 0.01215951 -0.03692543 0.02988063 0.01218017 -0.03697777 0.02987805 0.01220024 -0.03702889 0.02988307 0.0122196 -0.03707843 0.02989557 0.01224986 -0.0371565 0.02993268 0.01227179 -0.03721362 0.02997656 0.01228192 -0.03724028 0.03000426 0.01229151 -0.03726574 0.03003722 0.01237413 -0.03737903 0.02719527 0.01236724 -0.03735895 0.02711899 0.0123092 -0.0371839 0.0263006 0.01226099 -0.03704962 0.02594853 0.01219912 -0.03688121 0.02561252 0.01212989 -0.03669555 0.02531824 0.01205036 -0.03648449 0.02504549 0.01170945 -0.03559414 0.02430206 0.01154433 -0.03516814 0.02409574 0.01094285 -0.03363493 0.02389319 0.01060957 -0.0327966 0.02411304 0.01045276 -0.03240529 0.02430772 0.005519846 -0.03392837 0.0245232 0.005519846 -0.03392837 0.0245232 0.005831332 -0.03470343 0.02406935 0.01350789 -0.03704589 0.03076745 0.005394728 -0.03361296 0.02458499 0.005394728 -0.03361296 0.02458499 0.005412153 -0.03365752 0.02459512 0.005412153 -0.03365752 0.02459512 0.005430131 -0.03370329 0.02459928 0.005430131 -0.03370329 0.02459928 0.005448529 -0.0337499 0.02459723 0.005448529 -0.0337499 0.02459723 0.005467725 -0.0337983 0.02458825 0.005467725 -0.0337983 0.02458825 0.005486176 -0.03384459 0.02457259 0.005486176 -0.03384459 0.02457259 0.01030525 -0.03203938 0.02455608 0.01030525 -0.03203938 0.02455608 0.01030525 -0.03203938 0.02455608 0.01021708 -0.03181819 0.02463121 0.01021708 -0.03181819 0.02463121 0.01020382 -0.03178444 0.02462899 0.01020382 -0.03178444 0.02462899 0.005262504 -0.03333109 0.02616784 0.005267038 -0.03334077 0.02611361 0.005230451 -0.03323683 0.02578712 0.005221226 -0.03321261 0.02576289 0.005211245 -0.03318655 0.02574126 0.005200431 -0.03315845 0.02572201 0.009167666 -0.03168021 0.02587513 0.009179855 -0.03171283 0.0259249 0.009184535 -0.03173675 0.02628015 0.00637798 -0.03630553 0.03040614 0.00627674 -0.03604949 0.0304316 0.01269647 -0.03515272 0.03309627 0.01274159 -0.0351877 0.03317183 0.007631554 -0.0369978 0.03341297 0.002668355 -0.03915787 0.03303843 0.002669368 -0.03914 0.03301292 0.002672573 -0.03912143 0.03298829 0.002685715 -0.03908225 0.03294178 0.002707295 -0.03904217 0.03290095 0.00273633 -0.03900254 0.03286693 0.007345477 -0.03872787 0.02943715 0.007185529 -0.03831916 0.0293544 0.002838913 -0.03890758 0.03281277 0.007772277 -0.03978667 0.02872152 0.007772277 -0.03978667 0.02872152 0.007772277 -0.03978667 0.02872152 0.007752011 -0.03973656 0.02876034 0.007734422 -0.03969353 0.0288073 0.007936343 -0.04019411 0.02845888 0.007936343 -0.04019411 0.02845888 0.007936343 -0.04019411 0.02845888 0.01129991 -0.03961108 0.02808731 0.01129991 -0.03961108 0.02808731 0.01273112 -0.0383295 0.02850901 0.01273112 -0.0383295 0.02850901 0.01273112 -0.0383295 0.02850901 0.007824229 -0.03990775 0.02840399 0.007828984 -0.03992036 0.02842008 0.007833956 -0.03993345 0.02843405 0.007839154 -0.03994704 0.02844608 0.007844505 -0.03996098 0.02845635 0.007855734 -0.03999002 0.02847233 0.007867501 -0.04002024 0.02848343 0.007880291 -0.04005297 0.02849107 0.007892931 -0.04008513 0.02849375 0.007905605 -0.04011719 0.02849084 0.007918496 -0.04014959 0.02848174 0.0079273 -0.0401716 0.02847192 0.01271377 -0.03828623 0.02853138 0.01270547 -0.0382654 0.02853813 0.01269738 -0.038245 0.02854221 0.01268559 -0.03821511 0.02854366 0.01267324 -0.03818367 0.02854028 0.01266093 -0.03815217 0.0285325 0.01264926 -0.03812217 0.0285208 0.01264213 -0.03810373 0.02851103 0.01263572 -0.03808707 0.02849985 0.01262928 -0.03807024 0.02848549 0.002913032 -0.03886009 0.03280428 0.002861827 -0.03889153 0.03280816 0.01268579 -0.03818018 0.02749801 0.01268579 -0.03818018 0.02749801 0.002817847 -0.03892367 0.0328189 0.009105779 -0.04019304 0.02699821 0.009105779 -0.04019304 0.02699821 0.007264117 -0.04080748 0.02703359 0.007264117 -0.04080748 0.02703359 0.002773098 -0.03896287 0.03283934 0.004282601 -0.04093143 0.03074819 0.003685191 -0.04104063 0.03061287 0.003664746 -0.04098764 0.03058006 0.00364251 -0.04093043 0.03055707 0.003571134 -0.04074913 0.03055193 0.003547974 -0.04069102 0.03057164 0.003536889 -0.04066335 0.03058531 0.003526206 -0.0406368 0.0306014 0.003507295 -0.04059006 0.03063841 0.003490675 -0.04054938 0.0306829 0.004119816 -0.04034587 0.03064245 0.002753679 -0.03898271 0.03285233 0.004257888 -0.04077919 0.03059809 0.004285668 -0.04085164 0.03065587 0.002695547 -0.03906217 0.0329205 0.004589605 -0.04091541 0.03066804 0.00340772 -0.04105818 0.03067697 0.003599539 -0.04107836 0.03063112 0.0133551 -0.03687952 0.0307164 0.01324236 -0.03699091 0.03067303 0.01326643 -0.03705193 0.03067214 0.003334423 -0.04093784 0.03066484 0.003266777 -0.04104385 0.03089761 0.003429995 -0.04079052 0.03058372 0.003523763 -0.04086729 0.03055219 0.00440127 -0.04088733 0.03071467 0.003407516 -0.04066516 0.03063567 0.003595061 -0.04080952 0.03054281 0.003413582 -0.04072595 0.0306076 0.003513854 -0.04077894 0.03055616 0.003424433 -0.04057991 0.03068758 0.003619065 -0.0408705 0.03054454 0.00370324 -0.04108786 0.0306546 0.003320534 -0.04075534 0.03066904 0.00371612 -0.04112192 0.03069537 0.003393396 -0.04059845 0.03069315 0.0132911 -0.03687268 0.03070632 0.003364135 -0.04061903 0.03070081 0.003303461 -0.04104195 0.03078414 0.002953751 -0.03883884 0.03280667 0.002953751 -0.03883884 0.03280667 0.002953751 -0.03883884 0.03280667 0.007564995 -0.03681808 0.03309412 0.007564995 -0.03681808 0.03309412 0.01278227 -0.03594626 0.03185107 0.01202455 -0.03559438 0.03256205 0.01202455 -0.03559438 0.03256205 0.01202455 -0.03559438 0.03256205 0.006030966 -0.04165684 0.02839091 0.006039185 -0.04163411 0.02834286 0.006102784 -0.04156751 0.02821317 0.006141871 -0.0415434 0.02817124 0.006187471 -0.04152122 0.02813573 0.006332224 -0.04147372 0.02807665 0.006371928 -0.04146514 0.02807082 0.006371928 -0.04146514 0.02807082 0.006000201 -0.04048495 0.02869784 0.005887585 -0.04233984 0.02987957 0.005547135 -0.0423853 0.02992669 0.005850822 -0.04234569 0.02988583 0.003349987 -0.04112306 0.03083736 0.002921167 -0.03998349 0.03184718 0.00294242 -0.03993256 0.03181319 0.003012389 -0.03983833 0.03175925 0.01325728 -0.0360816 0.03212042 0.009192753 -0.03175549 0.02621752 0.009197106 -0.03176433 0.0261527 0.009197597 -0.03176358 0.02609364 0.009194878 -0.0317547 0.02603521 0.009188975 -0.03173781 0.02597883 0.003059206 -0.03979751 0.03174074 0.003088466 -0.03977693 0.03173308 0.009153078 -0.03164173 0.0258321 0.009141768 -0.03161217 0.02580646 0.008883132 -0.03100646 0.02729936 0.008883308 -0.03102597 0.02786161 0.008915614 -0.0311267 0.02841415 0.009689529 -0.03317244 0.0308265 0.009885515 -0.03367519 0.03098565 0.01314379 -0.03674547 0.0308119 0.01315819 -0.03678067 0.03077264 0.01333965 -0.03699936 0.0306834 0.01333359 -0.03722443 0.03073312 0.01335225 -0.03727315 0.0307728 0.01358791 -0.0370752 0.0308654 0.01282403 -0.03756555 0.03086234 0.01331266 -0.0371703 0.0307026 0.01258795 -0.03696449 0.03080447 0.003213867 -0.04090766 0.03088473 0.01346025 -0.03730606 0.03087738 0.013556 -0.03722313 0.03090545 0.01359211 -0.03717312 0.03092627 0.003185744 -0.03972786 0.03172283 0.003219257 -0.04094193 0.03091342 0.003214823 -0.04085664 0.03084475 0.003226097 -0.04080501 0.03080725 0.003278035 -0.04070527 0.03074368 0.01329006 -0.03711224 0.03068209 0.003521337 -0.04118152 0.03076898 0.00345695 -0.0405635 0.03068416 0.00315202 -0.03974198 0.03172409 0.003119503 -0.03975839 0.03172752 0.002973105 -0.03988375 0.03178361 0.01342117 -0.03732826 0.0308723 0.003315862 -0.04098297 0.03070786 0.01351165 -0.03726785 0.03088901 0.002909893 -0.04003512 0.03188468 0.00371116 -0.0411564 0.03074099 0.002908938 -0.04008614 0.03192467 0.002914327 -0.04012041 0.03195335 0.01324812 -0.03671509 0.03082485 0.01328338 -0.03671026 0.03083337 0.01355198 -0.03706101 0.03081298 0.01334324 -0.03724956 0.03075187 0.01342172 -0.03705433 0.03071195 0.01352374 -0.03692291 0.03080132 0.003229587 -0.04097483 0.03094241 0.00324587 -0.04101049 0.03091989 0.003304399 -0.0410869 0.03086652 0.003648671 -0.04117412 0.03074519 0.003726757 -0.04115045 0.03074077 0.01347095 -0.03716896 0.03077074 0.01341979 -0.03721992 0.03076775 0.01360188 -0.03696675 0.03089526 0.01362671 -0.0369466 0.03097334 0.01317803 -0.03673278 0.03081407 0.01317436 -0.03682058 0.03073899 0.0136426 -0.03700554 0.03100878 0.0134092 -0.0367799 0.03080398 0.0136188 -0.03688081 0.03108125 0.0134435 -0.03692777 0.03073717 0.0134354 -0.03699059 0.03071987 0.0131957 -0.03687364 0.03070691 0.01349271 -0.03723302 0.03083102</float_array>
          <technique_common>
            <accessor count="7981" source="#verts-array-array" stride="3">
              <param type="float" name="X"/>
              <param type="float" name="Y"/>
              <param type="float" name="Z"/>
            </accessor>
          </technique_common>
        </source>
        <source id="normals-array">
          <float_array count="23943" id="normals-array-array">0.2556789 0.7230594 0.6417269 0.3235603 0.9299585 0.1746023 0.0245953 0.06339433 0.9976854 0.5910048 0.763375 0.2607143 0.04151199 0.05450432 0.9976503 0.7024304 0.6791131 0.2130654 0.04884993 0.04835049 0.9976352 0.7735987 0.6115055 0.1661505 0.0552119 0.04118906 0.9976247 0.8598488 0.4805321 0.1724786 0.06049084 0.0331942 0.9976167 0.8724658 0.3813756 0.3055424 0.06454563 0.02451816 0.9976135 0.8823403 0.2480915 0.3999078 0.06735475 0.01536042 0.9976108 0.8620185 0.1154146 0.4935622 0.06878135 0.005884841 0.9976144 0.5413753 -0.5429678 0.6419493 0.6139674 -0.459667 0.6416777 0.6090053 0.4671374 0.641011 0.5355346 0.5496752 0.6411395 0.1490601 0.7520852 0.6419883 -0.07110316 0.7629469 0.642539 -0.285236 0.7106477 0.6431332 -0.3844427 0.6619759 0.6434219 -0.5568565 0.524623 0.6439577 -0.626464 0.4387841 0.6442137 -0.6830038 0.3438526 0.6444155 -0.7524344 0.1346371 0.6447599 -0.06166251 -0.01615149 0.9979664 -0.9367914 -0.2720999 0.2199625 -0.06045273 0.02165667 0.9979361 -0.7833492 0.2084369 0.5855921 -0.03088007 0.05805222 0.9978358 -0.5082424 0.8444104 0.1692946 -0.3673881 0.9133549 0.1755241 -0.0223056 0.06231284 0.9978074 -0.2670484 0.9130252 0.3083344 -0.01319559 0.06528635 0.9977793 -0.1333013 0.9058924 0.4019821 -0.003736803 0.06680437 0.9977591 -0.003985442 0.8686968 0.4953282 0.005838756 0.06703253 0.9977337 0.1096419 0.8052132 0.582761 0.01534014 0.06586705 0.9977105 0.5899148 -0.7888309 0.1724711 0.04208681 -0.05260766 0.997728 0.7046947 -0.6894519 0.1675156 0.04934457 -0.04635838 0.9977054 0.7627982 -0.6102378 0.2138897 0.05564382 -0.03914389 0.9976831 0.832413 -0.4888982 0.2608967 0.06083261 -0.03109282 0.9976636 0.8874513 -0.3526821 0.2967247 0.06480591 -0.02237809 0.9976469 0.924748 -0.2096193 0.3176491 0.0674929 -0.01318146 0.9976327 0.8134544 -0.003983458 0.581615 0.06881244 -0.003695375 0.9976228 0.4721025 0.8592788 0.1968737 0.03335963 0.0595289 0.997669 -0.03880712 0.05267185 0.9978575 -0.5841388 0.7822098 0.2166325 -0.04584894 0.04617471 0.9978806 -0.6816632 0.682246 0.2643402 -0.05192098 0.03876622 0.9978985 -0.7689225 0.56426 0.3006142 -0.05679909 0.03051346 0.9979192 -0.8407901 0.435146 0.3220559 -0.06278303 0.01236445 0.9979506 -0.9330326 0.1585911 0.3229536 -0.06380441 0.002839902 0.9979584 -0.9534356 0.00836682 0.3014806 -0.06338879 -0.00672696 0.9979662 -0.9380848 -0.1546248 0.3099806 -0.01111896 -0.004510058 0.999928 -0.9181947 -0.3509185 0.1837789 -0.01041404 -0.00176806 0.9999442 -0.9716482 -0.1963988 0.1316328 -0.009234582 0.003685766 0.9999506 -0.9266096 0.2945886 -0.2336926 -0.008176332 0.007226322 0.9999405 -0.8525918 0.5163256 0.08059212 -0.007609205 0.009196691 0.9999288 -0.7620334 0.6377906 0.1119293 -0.006760577 0.01137179 0.9999125 -0.6457841 0.7473414 0.1563452 -0.002730724 0.01159083 0.9999291 -0.4386049 0.8979029 0.03736397 -0.308848 0.9436635 0.1187942 -0.001552245 0.01360388 0.9999063 0.01426765 0.9947993 -0.1008498 0.002217298 0.01326366 0.9999096 0.1718322 0.9560234 -0.2376825 0.004038515 0.0129039 0.9999086 0.2876245 0.9435443 -0.1643056 0.005712068 0.01230581 0.999908 0.3249933 0.93125 0.1647812 0.007636974 0.0144688 0.9998662 0.4207826 0.8956162 0.1442694 0.008344135 0.01325166 0.9998774 0.7704322 0.6120366 0.1784529 0.01404298 0.009841349 0.999853 0.8352789 0.5487618 0.03420065 0.0123604 0.007175217 0.9998979 0.8972405 0.4260857 0.1158034 0.01479362 0.006726951 0.9998679 0.9884544 0.1113423 -0.1027654 0.01484201 0.002662349 0.9998863 0.9696788 -0.05030621 -0.2391492 0.01480976 0.0008257067 0.99989 0.9552817 -0.2857242 0.07614837 0.01467203 -0.002857162 0.9998883 0.8134414 -0.5611171 0.1531687 0.01405771 -0.006774675 0.9998782 0.7047961 -0.6862429 0.1798144 0.01334856 -0.009699081 0.9998639 0.5497738 -0.823653 0.1390842 0.01028627 -0.01095563 0.9998871 0.7176285 -0.1735717 0.6744495 0.5716442 -0.4571834 0.6813268 0.365966 -0.6487535 0.6672239 0.4906582 -0.8535755 0.1751098 0.03695226 -0.05615048 0.9977383 0.4761686 -0.8597137 0.184813 0.03525964 -0.04848251 0.9982015 0.5487241 -0.8129097 0.1951402 0.03381723 -0.04163073 0.9985606 0.9534179 -0.2517811 0.1661345 0.05895423 -0.01486938 0.9981499 0.9683326 -0.1693791 0.1834192 0.05928978 -0.009149821 0.9981989 0.9825412 -0.001855449 0.1860358 0.05666425 0.0008893755 0.9983929 0.9822526 0.0914342 0.1637668 0.05431026 0.004722037 0.9985129 0.937764 0.29511 0.1830539 0.06000644 0.01710042 0.9980515 0.3570123 0.6789737 0.6415114 0.4509534 0.6207791 0.6413067 0.669837 0.3748816 0.6409229 0.7167527 0.2748373 0.6408822 0.7488041 0.16908 0.6408622 0.7652908 0.05981128 0.6408999 0.7658724 -0.05068488 0.6409918 0.750568 -0.1601359 0.6410961 0.7196535 -0.2662161 0.6412705 0.6738073 -0.3667549 0.6414628 0.4575627 -0.6149793 0.6422124 -0.7391 -0.1943341 0.6449538 -0.7594123 -0.08568159 0.6449432 -0.7638895 0.02471949 0.6448735 -0.7252843 0.241754 0.6446066 -0.4756288 0.5995411 0.643683 -0.1800715 0.7445433 0.6428293 0.039378 0.7654823 0.6422509 -0.05948469 -0.02294585 0.9979655 -0.9184236 -0.3516127 0.1812915 -0.07299315 0.005494291 0.9973173 -0.9074956 -0.3788577 0.1814348 -0.02587308 0.02977162 0.9992218 -0.9076845 -0.3785925 0.1810429 -0.1516206 0.9881565 0.02362026 0.0002051013 0.01371457 0.9999059 -0.005221224 0.01363477 0.9998934 -0.50911 0.841327 0.1815925 -0.008736061 0.005447964 0.999947 -0.922172 0.3814744 0.06384471 -0.007373279 0.002172406 0.9999705 -0.992036 0.09616311 0.08134616 -0.008983447 0.0004948369 0.9999595 -0.991954 -0.05794429 0.1125596 -0.01244507 0.0002137342 0.9999225 -0.0249496 0.003659232 0.999682 -0.005956495 0.007066471 0.9999573 -0.002490958 0.007719135 0.9999671 0.004777461 0.01197575 0.9999169 0.008432491 0.008180427 0.999931 0.008501087 0.005441347 0.9999491 0.01129842 0.004492713 0.9999261 0.01372177 0.001766627 0.9999043 0.01247926 -0.003265184 0.9999168 0.01187285 -0.005131714 0.9999163 0.6500413 -0.7590681 0.0355227 0.01045161 -0.008450023 0.9999097 0.8982623 -0.4259788 0.1080137 0.01462337 -0.004950539 0.9998808 0.9887024 -0.1377843 0.05901792 0.0147501 -0.0009847165 0.9998907 0.9610825 0.2754512 0.02114333 0.01493259 0.004636909 0.9998778 0.6599463 0.7356334 0.1526908 0.01166015 0.01102759 0.9998712 0.5373232 0.8370482 0.1031218 0.009472514 0.01158332 0.999888 0.4043694 -0.6125971 0.6791246 0.4645424 -0.5654451 0.681522 0.5212705 -0.5146621 0.6807349 0.6200809 -0.3899142 0.6807838 0.6623973 -0.3213659 0.6767228 0.6936721 -0.2498442 0.6755715 0.7336216 -0.09870247 0.6723519 0.7402651 -0.02454175 0.671867 0.7386764 0.05443933 0.6718583 0.7250817 0.1355084 0.6751992 0.7068862 0.211378 0.6750046 0.6952652 0.2694782 0.6663241 0.3835192 -0.6569433 0.6491059 0.9633351 0.1920708 0.1873347 0.05954673 0.01203869 0.9981529 0.9792091 -0.08200851 0.1855374 0.05878178 -0.003841806 0.9982635 0.9102938 -0.363712 0.1976836 0.05558987 -0.02220391 0.9982068 0.8628372 -0.4661769 0.1954253 0.04980447 -0.02744453 0.9983818 0.8198135 -0.5459402 0.1727867 0.04514559 -0.03026226 0.9985219 0.7667513 -0.6106254 0.198063 0.04180365 -0.03205098 0.9986116 0.6567095 -0.724595 0.2090326 0.03663483 -0.03665792 0.9986561 0.4741586 -0.8608687 0.1846041 0.009495256 -0.009972942 0.9999052 0.5465606 -0.8155139 0.1902853 0.01031369 -0.008767312 0.9999084 0.6317731 -0.7499521 0.1960472 0.00916826 -0.006499933 0.9999368 0.9329279 -0.3122721 0.1792529 0.01519713 -0.003908758 0.9998769 0.984549 0.01660496 0.17432 0.01595327 0.001100704 0.9998721 0.9695326 0.1719943 0.174426 0.01508208 0.003110663 0.9998814 0.9418815 0.2829847 0.1810495 0.01584216 0.004928694 0.9998624 0.9151729 0.3613981 0.1784659 0.06093354 0.0223863 0.9978908 0.9065505 0.3835245 0.1762815 0.06227931 0.02483244 0.9977498 0.9035216 0.3907046 0.1760643 0.04563374 0.06383641 0.9969165 0.6925912 0.3225566 0.6451935 0.6940229 0.2917879 0.6581733 -0.7064135 -0.2787448 0.6506008 -0.7075637 -0.2709287 0.6526494 -0.213809 0.5799999 0.7860572 -0.9396069 -0.3341559 0.07401778 -0.3151973 0.4396162 0.8410638 -0.9386958 -0.3278731 0.1065337 -0.2511278 0.3804751 0.8900413 -0.933633 -0.3321008 0.1343071 -0.2141121 0.2997715 0.9296736 -0.9306557 -0.3398626 0.1355481 -0.1171519 0.1190661 0.9859507 -0.9146137 -0.3642372 0.1755367 -0.7398176 -0.2438347 0.6270682 -0.7862379 -0.1778939 0.5917632 -0.7967777 -0.1131079 0.5935923 -0.821009 -0.07015869 0.5665881 -0.1771832 0.2306365 0.9567722 -0.923793 -0.3483578 0.1589132 -0.9114447 -0.08926723 0.4016215 -0.9386741 -0.3283565 0.1052278 -0.4381704 0.2225514 0.8709062 -0.9348881 -0.3292603 0.1325589 -0.1551337 0.2362629 0.9592254 -0.9260027 -0.3438656 0.1558058 -0.004416163 -0.001928065 0.9999884 0.005182491 0.007820894 0.999956 0.002965949 0.01197163 0.9999239 0.001268759 0.01125096 0.9999359 -0.0006684446 0.0111282 0.9999379 -0.0004699426 0.008116732 0.9999669 -0.001449819 0.007400299 0.9999716 -0.004234409 0.007667717 0.9999616 -0.00740752 0.005931056 0.999955 -0.008276943 0.004345517 0.9999563 -0.007921511 -0.001105123 0.999968 -0.005432894 -0.001724072 0.9999838 -0.005879903 0.03819958 0.9992528 0.009396372 0.003382747 0.9999501 0.008725104 0.001186088 0.9999612 0.009082126 -2.748923e-05 0.9999588 0.008475583 -0.001790685 0.9999625 0.005573173 -0.002005899 0.9999825 0.006520207 -0.005457242 0.9999639 0.00742098 -0.005651652 0.9999565 0.00817358 -0.004678962 0.9999556 0.009375402 -0.004903136 0.999944 0.01358259 -0.001788585 0.9999062 0.01403674 -2.918249e-05 0.9999015 0.01271877 0.003332471 0.9999136 0.009291929 0.004603077 0.9999462 0.008668942 0.006471748 0.9999415 0.006600862 0.007888342 0.9999471 0.0487459 0.02073931 0.9985959 0.002575447 0.0007406747 0.9999964 0.05063956 0.01503151 0.9986039 0.002575437 0.000740309 0.9999964 0.05202638 0.009516133 0.9986004 0.002574894 0.0007399443 0.9999964 0.05273777 0.003875578 0.9986009 0.002575537 0.0007401115 0.9999964 0.05246314 -0.001927353 0.998621 0.002576945 0.000741543 0.9999964 0.05169946 -0.00629534 0.9986428 0.002576454 0.000741187 0.9999964 0.05120271 -0.01204042 0.9986157 0.002576084 0.000739907 0.9999964 0.0457092 -0.02522843 0.9986362 0.002576394 0.000742341 0.9999964 0.04159087 -0.03093921 0.9986556 0.002578331 0.0007377311 0.9999964 0.03668351 -0.03635344 0.9986655 0.002577426 0.0007394971 0.9999964 0.03171376 -0.04015546 0.99869 0.002576921 0.0007423303 0.9999964 0.02681836 -0.04296053 0.9987168 0.002581256 0.0007271226 0.9999964 0.002577783 0.0007390038 0.9999964 -0.007624172 -0.04864046 0.9987873 0.002577241 0.0007408862 0.9999964 -0.02277239 -0.0430167 0.9988148 0.002576617 0.0007411398 0.9999964 -0.04359854 -0.01925862 0.9988635 0.002577334 0.0007402008 0.9999964 -0.04549198 -0.01355283 0.9988728 0.002576554 0.0007408636 0.9999964 -0.04758887 -0.002395795 0.9988641 0.002577957 0.0007411066 0.9999964 -0.04731593 0.003407647 0.9988742 0.002580055 0.0007396696 0.9999964 -0.04655471 0.007776056 0.9988855 0.002578522 0.0007396076 0.9999964 -0.04605647 0.01351876 0.9988474 0.00257616 0.0007421087 0.9999964 -0.03644497 0.03241879 0.9988097 0.002577878 0.0007393415 0.9999964 -0.03153686 0.03783466 0.9987862 0.002591779 0.0007084138 0.9999964 -0.02167092 0.04444099 0.9987769 0.002585683 0.0007092159 0.9999964 -0.01762796 0.04636511 0.998769 -0.01311927 0.04834008 0.9987448 0.002575634 0.0007479645 0.9999964 -0.0007307126 0.05099953 0.9986984 0.002577306 0.0008112746 0.9999963 0.006000061 0.05092571 0.9986844 0.002583975 0.000779116 0.9999964 0.0346734 0.03982911 0.9986047 0.002578676 0.0007412939 0.9999964 0.0406106 0.03402281 0.9985956 0.002576796 0.0007405502 0.9999964 0.9151211 0.3615956 0.1783308 0.01843068 0.005704553 0.9998139 0.9789982 -0.08336257 0.1860461 0.01684453 0.0003339759 0.9998581 0.9693587 -0.1724366 0.1749551 0.01693095 -0.002391948 0.9998538 0.8925003 -0.4085747 0.1910758 0.01391073 -0.005136193 0.99989 0.8505255 -0.4947764 0.1783332 0.01220003 -0.005755513 0.999909 0.764743 -0.6157932 0.1896492 0.01132872 -0.007627324 0.9999067 0.7053446 -0.676059 0.2131508 0.00897078 -0.00584157 0.9999427 0.489617 -0.8534125 0.1787801 0.0105598 -0.01171136 0.9998757 0.005939264 -0.003862183 0.9999749 0.005163055 -0.002562339 0.9999834 0.006387372 -0.002356678 0.9999768 0.00753075 -0.002237244 0.9999691 0.007936149 -0.0003901426 0.9999684 0.008350739 0.001492142 0.999964 0.008597355 0.002257222 0.9999605 0.7511161 0.5466385 0.3701499 0.6912895 0.505675 0.5161508 0.6874871 0.4175255 0.5941666 0.1128863 0.2861512 0.9515115 0.4046306 0.4330544 0.8054427 0.5002257 0.5232172 0.6899406 0.8938976 0.4467527 0.03686516 -0.1667261 0.8379046 0.5197291 0.9000801 0.4325865 0.0521994 -0.1730494 0.8530522 0.4922965 0.9104193 0.3979192 0.1131241 -0.17425 0.852699 0.4924848 0.8333588 0.0758238 0.547507 -0.1793576 0.8514738 0.4927709 0.7694045 -0.02112768 0.6384123 -0.1823584 0.8506891 0.4930248 0.673308 -0.1120571 0.7308211 -0.1859115 0.8497546 0.4933093 0.4623901 -0.289721 0.8380079 -0.1941624 0.8473386 0.4942856 -0.199713 0.8458033 0.4947034 0.3066708 -0.3980646 0.8645794 -0.3369491 0.7976375 0.5002397 0.1976319 -0.4595204 0.8658999 0.1613199 -0.4742209 0.8655001 -0.4303665 0.7491148 0.5035987 -0.4679634 0.7319906 0.4951768 0.06413678 -0.504814 0.8608422 -0.4734307 0.7287531 0.4947547 -0.1401539 -0.5520965 0.8219163 -0.4760444 0.7271918 0.494544 -0.2404752 -0.5656304 0.788818 -0.4810093 0.7241437 0.4942124 -0.4308727 -0.5660804 0.7027814 -0.484521 0.7219969 0.4939229 -0.5764471 -0.5440025 0.6097295 -0.4863556 0.7206092 0.4941464 -0.6507803 -0.5382498 0.5355111 -0.487567 0.7201309 0.4936496 -0.7201462 -0.5126112 0.4675673 -0.4880565 0.6988718 0.5228566 -0.8431855 0.02141512 0.537196 -0.7194346 -0.001843507 0.6945578 -0.644354 0.005703151 0.764706 -0.5811252 0.02168885 0.8135251 -0.5240845 0.03445246 0.8509691 -0.3930574 0.08429126 0.9156423 -0.2396191 0.1498237 0.959237 -0.9103072 0.07586898 0.406921 -0.9347381 0.08834491 0.3441801 -0.1841602 0.1959454 0.9631669 -0.3173305 0.1016619 0.94285 -0.4524968 0.05196262 0.8902508 -0.789473 0.00452117 0.6137686 -0.2970586 0.6598416 0.6901922 -0.9408664 -0.3324224 0.06531207 -0.4557375 0.656769 0.6007977 -0.9405241 -0.3363261 0.04794883 -0.491163 0.7179843 0.4932113 -0.9337089 -0.3527032 0.06154735 -0.484541 0.7028549 0.5207832 -0.9406625 -0.3371337 0.03866539 -0.4705683 0.7304404 0.4949973 -0.03329246 -0.5305927 0.8469729 -0.4785903 0.7256139 0.4944045 -0.334491 -0.5732654 0.7479857 -0.48267 0.7231815 0.4940022 -0.5177964 -0.5554605 0.6506539 -0.4889309 0.7193118 0.4934948 -0.7953135 -0.4729134 0.3792484 -0.490629 0.7182465 0.493361 -0.8586702 -0.429432 0.2797744 -0.4924475 0.717247 0.4930033 -0.9052278 -0.3937918 0.1596582 -0.4162998 0.7616915 0.4965083 -0.9360233 -0.3471784 0.057685 -0.4202258 0.763274 0.4907374 -0.9125135 -0.389772 0.1240846 -0.4371689 0.7688779 0.4665942 -0.7326138 -0.5221617 0.4366054 -0.4480438 0.7713554 0.4519598 -0.5093325 -0.5595459 0.6538263 -0.4531447 0.7722111 0.4453649 -0.3740754 -0.563695 0.7364207 -0.4637347 0.7734207 0.4321695 -0.08999169 -0.5368182 0.8388848 -0.4673905 0.7736813 0.4277422 -0.001782899 -0.5167434 0.8561385 -0.2380814 0.8306965 0.50325 0.2318281 -0.440978 0.8670606 0.1976307 -0.4595203 0.8659002 -0.3371852 0.7975147 0.5002764 -0.2404023 0.8384895 0.4890216 0.2272387 -0.4451142 0.8661616 0.3103668 -0.4016248 0.8616089 -0.2022809 0.8469924 0.4916159 0.4892199 -0.2917655 0.8219105 -0.1961398 0.8480152 0.4923407 0.6437436 -0.1721409 0.7456284 -0.1906132 0.8490428 0.4927402 0.7094448 -0.1091412 0.6962588 -0.1875422 0.8496594 0.4928557 0.8123582 0.01634191 0.5829298 -0.1838424 0.8504497 0.4928866 0.8380108 0.06996907 0.541149 -0.1814148 0.8509933 0.492848 0.9132591 0.2152333 0.3458793 -0.1782588 0.8517388 0.4927116 0.9160453 0.2944325 0.2723426 -0.1769847 0.8520528 0.4926281 -0.3574268 0.6132506 0.7043933 -0.9410551 -0.331809 0.06571227 0.9106779 0.3843249 0.1515261 -0.1753318 0.8524696 0.492498 0.918735 0.3380385 0.2040979 -0.1729641 0.8530761 0.492285 0.8994975 0.2720191 0.3419207 -0.1747561 0.8526043 0.4924695 0.8851319 0.1842114 0.4273262 -0.1766313 0.8521172 0.4926436 0.5982642 -0.1717697 0.7826718 -0.1888566 0.848942 0.4935896 0.5332247 -0.2320122 0.8135366 -0.1916823 0.8480594 0.4940173 0.8888804 0.4466515 0.1019511 0.6970474 0.5953657 0.3995804 0.3885596 -0.3458195 0.854067 -0.1969273 0.8465723 0.4945048 0.887523 0.4423358 0.1290042 -0.03160391 0.4417855 0.8965639 0.8999428 0.4318926 0.05976362 -0.1751986 0.8525038 0.4924863 -0.05883202 0.1442715 0.9877877 -0.242183 0.1276698 0.9617941 -0.1315285 0.3002054 0.9447629 -0.3146585 0.2540728 0.9145693 -0.2656868 0.4068072 0.8740243 -0.4254093 0.7652126 0.4831941 -0.873955 -0.4416839 0.2027754 -0.4312101 0.7671464 0.4749151 -0.8130008 -0.4888936 0.316248 -0.4427402 0.7702602 0.4589993 -0.625205 -0.5439743 0.5596523 -0.4573861 0.7727825 0.4400059 -0.2700718 -0.5618791 0.7818907 -0.4605706 0.7731372 0.4360431 -0.1828149 -0.5506055 0.8145013 0.0936113 -0.4935042 0.864691 -0.4712974 0.7738793 0.4230716 0.1697238 -0.469879 0.8662607 -0.4602992 0.7735453 0.4356057 0.4011099 -0.3494466 0.8467573 -0.1995338 0.8474365 0.4919732 0.5744684 -0.2328036 0.7847219 -0.1929811 0.848585 0.4926071 0.7552255 -0.04578112 0.6538643 -0.1854679 0.8500933 0.4928926 0.8698603 0.1468318 0.470939 -0.1803809 0.8512343 0.4928112 0.04854042 0.02025813 0.9986158 0.002576509 0.0007412194 0.9999964 0.04118312 0.03264243 0.9986183 0.002576315 0.0007416745 0.9999964 0.03770526 0.03658572 0.9986189 0.002576988 0.0007400432 0.9999964 0.03383784 0.03970766 0.9986382 0.002576729 0.0007405636 0.9999964 0.03027182 0.04258869 0.998634 0.002576722 0.000740346 0.9999964 0.01668258 0.04890925 0.9986639 0.002576621 0.0007411351 0.9999964 0.01174696 0.04987204 0.9986865 0.002576995 0.0007402273 0.9999964 -0.007703343 0.04962699 0.9987381 0.002575778 0.0007440775 0.9999964 0.002533043 0.0008405535 0.9999964 -0.01699172 0.04656885 0.9987706 0.002569626 0.0007543964 0.9999964 -0.02132703 0.04458673 0.9987778 0.002579349 0.0007340653 0.9999964 -0.02542053 0.04202257 0.9987932 0.002576498 0.0007417379 0.9999964 -0.03670929 0.0319807 0.9988141 0.002578064 0.0007380173 0.9999964 -0.03930938 0.02876933 0.9988128 0.002577631 0.0007387581 0.9999964 -0.04379245 0.01934751 0.9988533 0.002576949 0.0007403292 0.9999964 -0.04537802 0.01505009 0.9988565 0.002576292 0.0007416157 0.9999964 -0.04751676 0.005678831 0.9988543 0.00257653 0.0007411297 0.9999964 -0.04618023 -0.009471702 0.9988882 0.002576604 0.0007412519 0.9999964 -0.03871288 -0.02776426 0.9988646 0.002576489 0.0007419103 0.9999964 -0.03603913 -0.031163 0.9988644 0.002577209 0.0007399564 0.9999964 -0.03255848 -0.03510774 0.998853 0.00257696 0.0007404004 0.9999964 -0.02869085 -0.0382306 0.998857 0.002577833 0.0007386664 0.9999964 -0.02512535 -0.04110776 0.9988388 0.00257662 0.0007411593 0.9999964 -0.02042356 -0.04387594 0.9988282 0.002576922 0.0007405136 0.9999964 -0.01153563 -0.0474289 0.998808 0.002577772 0.0007384105 0.9999964 -0.006598714 -0.04839025 0.9988067 0.0264756 -0.04310331 0.9987198 0.002577916 0.0007383534 0.9999964 0.03446852 -0.03751902 0.9987013 0.002579866 0.0007351323 0.9999964 0.04185485 -0.03050219 0.998658 0.002576358 0.0007410131 0.9999964 0.05171308 -0.008257279 0.9986278 0.002577095 0.0007403573 0.9999964 0.05132783 0.01095099 0.9986218 0.002577381 0.0007391491 0.9999964 0.05016485 0.01572699 0.9986171 0.002576856 0.0007403813 0.9999964 0.003585512 0.2696759 0.9629445 0.5887845 0.754101 0.2909715 0.6005703 0.7246716 0.3378853 0.5989927 0.6946091 0.3984043 0.5725304 0.6278316 0.5272916 0.5545465 0.5937153 0.5830783 0.5310311 0.5584043 0.6373308 0.4616168 0.4825902 0.7443229 0.331005 0.39037 0.8590966 0.256413 0.3498728 0.9010224 0.1856486 0.3265994 0.926751 -0.9485565 0.004910507 0.3165699 -0.9159945 -0.0108267 0.4010447 -0.8627484 -0.02419204 0.5050545 -0.9495211 0.1028987 0.296347 -0.9484116 0.1100434 0.2973312 -0.8769473 0.058003 0.4770735 -0.4055539 0.7010787 0.5865276 -0.1116297 0.4629351 0.8793349 -0.1345776 0.3064593 0.9423224 0.1601057 0.2786916 0.946941 -0.05409468 0.1417385 0.988425 -0.07298953 0.1106443 0.9911763 -0.9164492 -0.3599434 0.1748186 0.8925817 0.4468424 0.06024737 -0.1895766 0.6846019 0.7038331 -0.0184905 0.03295153 0.9992859 -0.3057157 0.5124577 0.8024494 -0.9405289 -0.324934 0.09911275 -0.4071549 0.6862401 0.6027432 -0.9406448 -0.3358602 0.04883997 -0.4155218 0.7370112 0.533063 -0.9407146 -0.3369646 0.03886924 -0.3310565 0.7809415 0.5296527 0.8959707 0.4428794 0.03308078 -0.2348348 0.8180414 0.5250342 0.8494424 0.5163879 0.1085865 -0.2080362 0.7708475 0.6020922 -0.2477844 0.7422696 0.6226064 -0.2281509 0.6571008 0.7184467 -0.1988807 0.5519224 0.8098322 -0.1449598 0.3842438 0.9117803 -0.1157687 0.3069989 0.9446424 -0.03560865 0.09589617 0.9947542 -0.358913 0.695077 0.6229361 -0.3108034 0.6220047 0.7186872 -0.2550089 0.5280814 0.8100003 -0.167036 0.3785797 0.9103716 -0.1326666 0.295062 0.946223 -0.08184545 0.1998058 0.9764113 -0.03939215 0.09429011 0.9947651 -0.1731094 0.4650633 0.8681873 -0.2047106 0.4482811 0.8701366 0.9062184 0.3839954 0.1769629 0.01645183 0.00618067 0.9998456 0.9033629 0.3910175 0.1761841 0.001508288 0.04116871 0.9991511 0.05205492 0.006087278 0.9986257 0.002576649 0.0007408939 0.9999964 0.05233342 0.001170828 0.998629 0.002576712 0.0007409843 0.9999964 0.0526645 -0.004200664 0.9986034 0.002578399 0.0007374259 0.9999964 0.05052537 -0.01357098 0.9986306 0.002576088 0.0007426607 0.9999964 0.04894089 -0.01786818 0.9986418 0.002575384 0.0007441361 0.9999964 0.04693676 -0.02234938 0.9986478 0.002576569 0.000741243 0.9999964 0.04445524 -0.0272895 0.9986386 0.002577188 0.0007396174 0.9999964 -0.1062813 0.2581417 0.9602433 0.03834539 -0.03423537 0.9986779 0.00257911 0.00073612 0.9999964 0.03056695 -0.04054166 0.9987102 0.002571408 0.0007537546 0.9999964 0.0221363 -0.04509039 0.9987376 0.002584271 0.0007211315 0.9999964 0.002584116 0.0007214948 0.9999964 0.01733342 -0.04699623 0.9987447 0.002576114 0.0007438929 0.9999964 0.01285307 -0.04814822 0.9987575 0.00257712 0.0007408085 0.9999964 0.008017647 -0.04886659 0.9987731 0.002573597 0.0007475163 0.9999964 0.002966244 -0.04914487 0.9987873 0.002578295 0.0007370092 0.9999964 -0.002081564 -0.0490331 0.998795 0.002575243 0.0007444264 0.9999964 -0.01639768 -0.04557816 0.9988262 0.00257693 0.0007402294 0.9999964 -0.0415142 -0.02315245 0.9988696 0.00257722 0.0007412937 0.9999964 -0.040198 -0.02617245 0.9988489 0.002578018 0.0007422241 0.9999964 -0.03546339 -0.03254372 0.998841 0.002577303 0.0007409625 0.9999964 -0.02952659 -0.03834958 0.9988281 0.002577075 0.0007431764 0.9999964 -0.01543998 -0.04650987 0.9987985 0.002577169 0.0007407587 0.9999964 -0.000851293 -0.04944754 0.9987764 0.002574206 0.0007445263 0.9999964 0.005877859 -0.04952177 0.9987557 0.002577549 0.0007386314 0.9999964 0.01242887 -0.04854479 0.9987437 0.002589934 0.0007142127 0.9999964 0.01826446 -0.04686202 0.9987344 0.02277328 -0.04488955 0.9987323 0.002576789 0.0007412702 0.9999964 0.04915303 -0.01853625 0.9986192 0.002574442 0.0007423266 0.9999964 0.00257651 0.0007412172 0.9999964 -0.04339319 -0.01877716 0.9988816 0.002576944 0.0007401719 0.9999964 -0.04501703 -0.01424821 0.9988846 0.002576151 0.0007420139 0.9999964 -0.04690644 -0.004606714 0.9988887 0.002576968 0.0007400834 0.9999964 -0.04718484 0.0003084411 0.9988861 0.002576743 0.0007406138 0.9999964 -0.04656665 0.009737235 0.9988677 0.002576523 0.0007413383 0.9999964 -0.04178911 0.02382861 0.9988423 0.002578815 0.0007367314 0.9999964 -0.03319879 0.03571615 0.9988104 0.002573007 0.0007490337 0.9999964 -0.02932108 0.0390002 0.9988089 -0.01218825 0.0484745 0.9987501 0.00258362 0.0007254748 0.9999964 -0.002870506 0.05034461 0.9987278 0.0025775 0.0007399296 0.9999964 0.002181248 0.05062273 0.9987155 0.002577256 0.000739953 0.9999964 0.007229307 0.05051261 0.9986973 0.002576385 0.0007419719 0.9999964 0.02154432 0.04705732 0.9986598 0.002577516 0.0007389959 0.9999964 0.02556995 0.04535697 0.9986435 0.00257565 0.0007430155 0.9999964 0.04386063 0.02924416 0.9986095 0.002576589 0.0007410768 0.9999964 0.04666279 0.02463215 0.998607 0.002576944 0.0007402273 0.9999964 0.04534714 0.02765223 0.9985885 0.002575168 0.0007391145 0.9999964 0.02791926 0.04449837 0.9986193 0.002574778 0.0007403884 0.9999964 0.02058666 0.04798951 0.9986357 0.00257693 0.0007404054 0.9999964 0.01277225 0.05012078 0.9986615 0.002563428 0.0006976988 0.9999965 -0.007281018 0.05002402 0.9987215 0.002576584 0.000740529 0.9999964 0.002575104 0.0007454051 0.9999964 -0.02656657 0.04163619 0.9987796 0.002577404 0.0007397094 0.9999964 -0.0405619 0.02670799 0.99882 0.002576637 0.0007412548 0.9999964 -0.04400483 0.02001531 0.9988308 0.00257732 0.0007402734 0.9999964 -0.04687855 -0.008037017 0.9988683 0.8875156 0.4430532 0.1265697 -0.2450666 0.3109008 0.9183044 0.8898265 0.4306999 0.1506865 -0.1040825 0.2354947 0.9662862 0.8963911 0.4095375 0.169594 -0.01417804 0.1259978 0.9919292 0.8969563 0.4078995 0.1705506 -0.02017294 0.1312989 0.9911376 0.8908981 0.4271608 0.1543836 -0.07511495 0.2785828 0.9574703 0.8905682 0.4504551 0.06307523 -0.1400618 0.6857779 0.7142068 0.8931826 0.4443243 0.06928805 -0.2493757 0.6022598 0.7583501 0.8890826 0.4464545 0.101047 -0.415421 0.3496207 0.8397563 0.8874775 0.4512027 0.09380747 -0.1526202 0.5775015 0.8019969 -0.1597315 0.8399353 0.5186468 0.844927 0.5224512 0.1146432 -0.1438486 0.7756381 0.6145675 0.5910412 0.6607954 0.4626226 0.64738 0.6363417 0.4194859 0.6211696 0.6948938 0.3623133 0.6049923 0.7301201 0.3176616 0.5840277 0.7585079 0.2890977 0.3307431 0.9412725 -0.06793412 0.462763 0.8838513 -0.06824416 0.1918529 0.9790913 -0.06762115 0.04896714 0.9965313 -0.06728724 -0.09495106 0.9932299 -0.0669222 -0.2369091 0.9692539 -0.06648975 -0.3739162 0.925104 -0.06610079 -0.5031546 0.8616909 -0.06575927 -0.6219239 0.7803402 -0.06541969 -0.7277396 0.6827602 -0.06506533 -0.8184366 0.5709461 -0.06466863 -0.8920791 0.4472628 -0.06442669 -0.9471628 0.3142631 -0.06419687 -0.9825348 0.1747232 -0.06400965 -0.9974616 0.03153627 -0.06384257 -0.991627 -0.1122924 -0.06376721 -0.9651455 -0.2538375 -0.06372364 -0.93207 -0.356624 -0.0637557 -0.9159269 -0.3962862 -0.06352242 -0.9077583 -0.4134129 -0.07116557 -0.9062342 -0.4095666 -0.1048561 -0.9045815 -0.4161002 -0.09269836 -0.89759 -0.4337912 -0.07846878 -0.8819161 -0.4650694 -0.07703609 -0.8503206 -0.5133371 -0.1159304 -0.823962 -0.5454697 -0.1534582 -0.8394038 -0.5331995 -0.1053543 -0.8385293 -0.5391831 -0.07842304 -0.8336089 -0.5499314 -0.05168803 -0.8205081 -0.5715405 0.01038619 -0.7440805 -0.6347058 0.208549 -0.6704816 -0.6679445 0.3229621 -0.6318019 -0.6826482 0.3671753 -0.5375181 -0.69285 0.4806592 -0.4370883 -0.6888446 0.5783138 -0.3524158 -0.6765538 0.6465896 -0.2742572 -0.6591983 0.7001718 -0.1774552 -0.6309881 0.7552242 -0.09313931 -0.600412 0.7942484 0.005987152 -0.5587639 0.8293051 0.1436157 -0.4901817 0.8597072 0.2019138 -0.4599806 0.8646668 0.1982825 -0.4597635 0.8656221 0.2294864 -0.454346 0.8607588 0.3410445 -0.4150181 0.8434741 0.4548938 -0.3681139 0.810903 0.5465762 -0.3254394 0.7715851 0.6475305 -0.2701713 0.712539 0.742395 -0.2076626 0.6369661 0.8223471 -0.1429864 0.550727 0.87573 -0.08991342 0.4743549 0.9147274 -0.04201152 0.4018816 0.9455738 0.006653309 0.3253398 0.9699341 0.06142985 0.235487 0.9840681 0.1189068 0.1321783 0.9858779 0.162267 0.04140199 0.9815881 0.1897217 -0.02214598 0.9740182 0.2144033 -0.07293605 0.9660822 0.2374033 -0.1016116 0.9626357 0.244678 -0.1160393 0.9575592 0.2561272 -0.1322095 0.9351056 0.3123429 -0.1673902 0.9419964 0.2234183 -0.2504537 0.9399695 0.2925532 -0.1756986 0.9288781 0.3522585 -0.114453 0.9208097 0.382704 -0.07514796 0.920831 0.3840524 -0.06763135 0.9331312 0.3534473 -0.06588773 0.9576197 0.2810897 -0.06287371 0.9799215 0.1898625 -0.06087758 0.9950583 0.07606551 -0.06382046 0.9971031 -0.03967625 -0.06489362 0.9882754 -0.1388643 -0.06347071 0.9687807 -0.2399985 -0.06216584 0.9374779 -0.3427089 -0.06070995 0.8947927 -0.4425433 -0.05917386 0.8413257 -0.5375673 -0.05650183 0.7781468 -0.6257601 -0.05396137 0.7082565 -0.7039684 -0.05292647 0.6343372 -0.7712838 -0.05232124 0.5562021 -0.8293223 -0.05351481 0.4965987 -0.8660824 -0.05736752 0.5054819 -0.8604868 -0.06364374 0.5937943 -0.801805 -0.06720951 0.7029461 -0.7080183 -0.06765226 0.7974935 -0.5994814 -0.06801573 0.875455 -0.4784503 -0.06829267 0.9351814 -0.3474728 -0.06854451 0.975435 -0.2092756 -0.06877729 0.9953908 -0.06669833 -0.06890898 0.9946197 0.07725129 -0.0690203 0.9731435 0.2195947 -0.069065 0.9314074 0.3573683 -0.0690519 0.870281 0.4876997 -0.06899298 0.791038 0.6078765 -0.06888411 0.6953232 0.7154051 -0.06871094 0.5851378 0.8080358 -0.06849766 -0.8038044 0.4156674 0.4255809 -0.8370824 0.3658073 0.4067899 -0.9168691 -0.3987921 0.01777208 -0.9168693 -0.3987917 0.01777189 -0.8500934 -0.5231005 -0.06088535 -0.7484271 -0.6466365 -0.147371 -0.6367524 -0.7388186 -0.2206659 -0.5459523 -0.7931034 -0.2700428 0.9354915 -0.1981193 -0.2925823 0.963622 -0.1009889 -0.2474547 0.9815363 0.1474147 -0.1218826 0.9601934 0.2745876 -0.05128639 0.5899934 -0.1730309 0.7886495 0.9583238 0.02661537 0.2844418 0.8904762 0.0934562 0.4453293 0.9980334 0.04566427 -0.04294197 0.9092105 -0.3097618 -0.2781795 0.1230819 0.5348847 0.8359122 0.9803375 -0.1098568 0.1639201 -0.3695214 0.8705899 0.3248493 -0.5405238 0.7386274 0.4028196 -0.692066 0.5664959 0.4473556 0.6729942 0.354246 0.6492986 0.9204598 0.3908282 -0.002662711 0.8998867 0.4011418 0.171141 -0.9868691 -0.04797183 0.1542337 -0.9831721 0.06469709 0.170842 -0.9687477 0.1704193 0.1802364 -0.9369655 0.2942718 0.1884138 -0.7274503 0.6599975 0.187668 -0.4995375 0.8460259 0.1862858 -0.5957625 0.7740321 0.2143394 -0.8765627 0.3840772 0.2900389 -0.8294831 -0.3526264 0.4331425 -0.77272 -0.4400813 0.4574191 -0.6138653 -0.6187105 0.490272 -0.4417154 -0.7267753 0.5260087 -0.3747902 -0.7663672 0.521741 0.1361519 -0.8371188 0.5298064 0.3121482 -0.7719458 0.5537717 0.6316028 -0.589885 0.5031039 0.7263399 -0.4816463 0.4903542 0.8635281 -0.2164567 0.4554841 0.8967802 -0.08306804 0.434609 0.9136417 0.04120841 0.4044263 0.8561062 0.3752293 0.3553661 0.8379604 0.4071983 0.3633344 0.8106138 0.4508538 0.3736791 0.5959536 0.7226212 0.3502255 0.4017641 0.8893622 0.2182212 0.3255318 0.9287341 0.1774318 0.2464655 0.9593118 0.1377519 0.1655607 0.9815052 0.09611091 0.008039328 0.99991 0.01074277 -0.1511358 0.9862558 -0.06676434 -0.8544644 -0.5139086 0.07608221 -0.4315506 0.8783067 -0.2057703 -0.3340527 0.9223721 -0.1940064 -0.4282984 0.8873829 -0.1706225 -0.4929536 0.8563168 -0.1540078 -0.5545419 0.8207776 -0.1371403 -0.6059004 0.7861167 -0.1220872 -0.6691989 0.7361531 -0.101249 -0.7489807 0.6587386 -0.07135369 -0.950278 0.3068002 0.05334242 -0.9824144 0.159504 0.09705892 0.441196 -0.7614641 -0.4748879 0.5235894 -0.7077124 -0.4743389 0.7290157 -0.5357583 -0.4260272 0.9191686 0.3886818 0.06368346 0.3533162 0.850227 0.3902329 0.923768 0.38275 0.01245086 0.3192606 0.8573771 0.4037043 0.3321712 0.854593 0.3991655 0.9329967 0.3598824 -0.001320121 0.9222757 0.3832102 0.05057178 0.2165553 0.8741212 0.4347597 -0.2742927 0.8092795 0.5194518 -0.2455386 0.8226838 0.5127398 0.2607542 0.8682102 0.4221591 0.8922476 0.41054 0.188019 0.3554508 0.8505895 0.3874947 0.8833603 0.4148015 0.2182072 0.8543131 0.4008906 0.330811 0.3584353 0.8512804 0.3832046 0.8543131 0.4008906 0.330811 0.7954083 0.3959435 0.458862 0.3611398 0.8521838 0.3786302 0.2657028 0.8678812 0.419743 0.2657422 0.8431238 0.4674648 0.1748936 0.8668371 0.4669108 0.1574279 0.8673445 0.4721545 0.1480091 0.8753906 0.4602007 -0.2976781 0.8031715 0.5160458 -0.2455386 0.8226838 0.5127398 -0.390723 0.9203365 0.01778356 -0.3929512 0.7590963 0.5190011 -0.7771942 0.451408 0.4384063 -0.7693985 0.4612372 0.441912 -0.3325745 0.7867906 0.5199565 -0.3907101 0.9203434 0.01770742 -0.4188707 0.7490833 0.5132461 -0.7435901 0.4930735 0.4516108 -0.3737565 0.882187 0.2864475 -0.7180255 0.5162177 0.4668604 -0.7896579 0.4067589 0.4593339 -0.8059152 0.3631954 0.4675359 0.9755666 0.1751038 0.1326972 -0.8639006 0.3292154 0.3811733 -0.8449222 -0.2839223 0.4533151 -0.860301 0.3311033 0.3876245 -0.8970339 -0.3452939 0.2758664 -0.8571045 0.3335667 0.3925623 -0.9222383 -0.3822588 0.05791924 -0.9153522 -0.3939101 0.08345773 -0.9141699 -0.4013787 0.05646707 -0.9099283 -0.4081849 0.07359002 -0.9022914 -0.4237972 0.07915958 -0.916863 -0.3988053 0.01779313 -0.02769458 -0.894854 -0.445499 -0.1148612 -0.8971758 -0.4264769 -0.3254221 -0.87318 -0.362846 -0.9044181 -0.4266467 0.0007271359 -0.7239375 -0.6765575 -0.1348496 -0.6119353 -0.7777505 -0.1436638 -0.3554084 -0.8786237 -0.3189126 -0.2106723 -0.9227263 -0.3227899 0.0898847 -0.9082152 -0.4087368 0.6705736 0.32809 0.665348 -0.456731 -0.8332707 -0.3115392 0.04628403 -0.07881408 -0.9958143 0.3618081 -0.700022 0.6156818 0.8488388 -0.06369845 0.5248002 0.2785875 -0.7713936 0.5721372 -0.07188377 0.8751145 0.4785471 -0.1221157 0.8974906 0.4237905 -0.1994574 0.8823421 0.42625 -0.3044115 0.9046293 0.2982943 0.981827 0.0188028 -0.1888444 0.8971849 -0.2901846 -0.3329447 0.832476 -0.4043341 -0.3788108 0.7686353 0.6234266 0.1433146 0.7475491 0.6641345 0.009781901 0.7989192 0.5908909 0.1121428 0.6556269 -0.6075675 -0.4483472 0.6601501 -0.6035899 -0.4470807 0.5239997 -0.7074436 -0.4742867 0.8953071 0.443696 0.03948529 0.8566311 0.5103854 0.07543182 0.8946869 0.4446835 0.04233242 0.7475491 0.6641345 0.009781901 -0.001940896 0.000914062 -0.9999977 -0.8793744 -0.3105551 0.3609103 0.7486274 -0.5596286 -0.3554896 0.8176938 -0.4795518 -0.3184446 0.9082572 -0.332434 -0.2540795 0.9466475 -0.1673954 -0.2753858 0.9871948 -0.04907284 -0.1517839 0.9912455 0.08404876 -0.1018241 0.9732422 0.2295731 -0.00978625 0.9667185 0.1523677 -0.2055221 0.9648245 0.2406407 -0.1058574 0.9866 0.1628008 -0.01078664 -0.9688688 -0.2230761 0.1073791 0.724064 0.03972228 0.688588 0.6475719 0.7435127 0.166852 -0.5913314 0.6213737 0.5140252 -0.6565589 0.4053202 0.6361179 -0.2063193 0.4474861 0.8701658 -0.2627764 0.5763397 0.7738095 -0.002549602 -0.0007565323 -0.9999965 -0.00254585 -0.0007377071 -0.9999965 -0.002542777 -0.0007280612 -0.9999965 -0.002556805 -0.0007143236 -0.9999965 -0.002913548 -0.0003641777 -0.9999957 -0.002570679 -0.0007085533 -0.9999964 -0.002584299 -0.0007107668 -0.9999964 -0.002589696 -0.0007091968 -0.9999964 0.9238739 0.3824376 -0.01408898 0.9478657 0.3166131 0.03614881 0.8953071 0.443696 0.03948529 -0.920456 -0.3908372 0.002661798 -0.8418324 -0.5085187 0.1809056 -0.5370543 0.6498277 0.5378631 -0.5587556 0.4627604 0.6882187 0.1192282 0.8470425 0.5179803 0.3733173 -0.7205328 0.5843514 -0.7231997 -0.4157794 0.5514615 -0.09254483 -0.4054396 0.9094252 0.3666543 0.856041 0.3643604 0.03671884 0.8956893 0.4431618 0.9070026 -0.2469765 -0.3410996 0.9274839 -0.2487985 -0.2790573 -0.4879856 0.7283636 0.4809953 0.2352822 0.8970415 0.3741106 0.979755 0.0479468 -0.1943741 0.9944422 -0.05159528 -0.09177492 -0.1778554 -0.01349023 0.9839642 0.9850967 -0.1559983 -0.0724496 -0.002598421 -0.0007131143 -0.9999964 -0.002601511 -0.0007124563 -0.9999964 -0.00260483 -0.0007239452 -0.9999963 -0.002608858 -0.0007263975 -0.9999963 -0.002607805 -0.0007392664 -0.9999963 -0.002608231 -0.0007438008 -0.9999963 -0.002598379 -0.0007546788 -0.9999963 -0.002593544 -0.0007607717 -0.9999963 -0.00259237 -0.0007693762 -0.9999963 -0.002589745 -0.0007651286 -0.9999964 -0.002582731 -0.0007679272 -0.9999964 -0.002574493 -0.0007810118 -0.9999964 -0.002581244 -0.000766262 -0.9999964 -0.002566717 -0.0007746989 -0.9999964 -0.00270052 -0.0009394695 -0.9999959 -0.6363757 -0.726617 -0.2589472 -0.6586873 -0.7496349 -0.06464129 -0.3928114 -0.8811594 -0.2631677 -0.4009346 -0.9139305 -0.06310613 -0.2635112 -0.927369 -0.2656098 -0.255667 -0.9648507 -0.06080697 -0.099144 -0.9652148 -0.2419317 -0.09322978 -0.9938236 -0.06018964 0.2160757 -0.9380799 -0.2707718 0.2321956 -0.9690667 -0.08363627 0.4428816 -0.8529124 -0.2763988 -0.0025742 -0.000745305 -0.9999964 -0.002582145 -0.0007253453 -0.9999964 0.3471468 -0.9028623 -0.2536312 -0.002577148 -0.0007401693 -0.9999964 0.2782508 -0.9288825 -0.2444459 -0.002576995 -0.0007428977 -0.9999964 0.120464 -0.9588577 -0.257061 -0.002576554 -0.0007460597 -0.9999964 -0.03426971 -0.9678602 -0.2491431 -0.002576841 -0.0007446343 -0.9999964 -0.1551064 -0.9588055 -0.237979 -0.002574964 -0.0007373448 -0.9999964 -0.6418727 -0.7214562 -0.2598082 -0.7198895 -0.6798925 -0.1396615 -0.7192079 -0.6655569 -0.1994341 -0.7176977 -0.6374643 -0.2802664 -0.6948967 -0.6058052 -0.3874515 -0.639476 -0.47831 -0.6019053 -0.6295434 -0.7637925 -0.1424647 -0.6359546 -0.7402531 -0.2181447 -0.6340746 -0.7081507 -0.3105995 -0.6254728 -0.6573694 -0.4202966 -0.6159593 -0.5946907 -0.5166596 -0.5940521 -0.5184358 -0.6150825 -0.5723564 -0.4303796 -0.6979839 -0.5375873 -0.3177956 -0.7810287 0.3225954 -0.7860599 0.527297 -0.7631391 -0.6386873 -0.09847488 -0.7616941 -0.6342471 -0.1324866 -0.7619952 -0.6274587 -0.1601838 -0.7191604 -0.5481482 -0.4270151 -0.7235858 -0.4951693 -0.4808648 -0.3957275 -0.713957 -0.5776376 -0.5654596 -0.6617001 -0.4923499 -0.4597012 -0.8125588 -0.3583615 -0.5743583 -0.7570625 -0.3113985 -0.4721266 -0.8309485 -0.2943146 -0.5740156 -0.7762573 -0.2606352 -0.4820205 -0.845357 -0.2302777 -0.5733795 -0.7932967 -0.2047348 -0.5306066 -0.8310728 -0.166657 -0.4423074 -0.8554968 -0.2692384 -0.3836934 -0.7621486 -0.5214489 -0.2877506 -0.5784741 -0.763261 -0.3549758 -0.9026265 -0.2434287 -0.3088221 -0.8218051 -0.4788165 -0.1310686 -0.9773356 -0.1662413 -0.2468403 -0.942883 -0.2236998 -0.2078366 -0.8716828 -0.4438165 -0.09535099 -0.9112421 -0.400682 0.0200472 -0.9336279 -0.357683 0.07806244 -0.3808997 -0.9213152 0.1264595 -0.938195 -0.3221772 0.1623975 -0.514705 -0.8418467 -0.4559814 -0.8725788 -0.1751775 -0.4197362 -0.8193071 -0.390586 -0.3354143 -0.6797394 -0.6522665 -0.2283801 -0.4392766 -0.8688375 0.1215228 0.8791723 0.4607476 -0.08817118 0.9075086 0.410675 -0.07715171 0.9003035 0.4283704 -0.1159234 0.9059189 0.4072747 -0.1627064 -0.2783624 -0.9465944 0.8878482 -0.1190963 0.4444567 -0.3978716 0.8903867 0.2211553 -0.4219216 0.8286061 0.3679594 -0.360671 -0.919281 -0.1576038 -0.3371604 -0.872226 -0.3543228 -0.2706124 -0.744363 -0.6104856 -0.2298624 -0.6417824 -0.7316274 -0.1777137 -0.4914213 -0.8525977 -0.1291462 -0.3163241 -0.9398193 -0.1114554 -0.2032123 -0.9727705 -0.06641007 -0.06091055 -0.9959315 -0.2450041 -0.9562443 -0.1599057 -0.2304797 -0.9167344 -0.3263084 -0.1780849 -0.7996236 -0.5734874 -0.1467925 -0.698886 -0.7000073 0.9932489 0.03572916 0.1103632 -0.1075099 -0.5409288 -0.8341688 -0.0702896 -0.3329037 -0.9403374 -0.04077887 -0.2283792 -0.9727179 -0.1151342 -0.9528843 -0.2806344 -0.07256672 -0.8484264 -0.5243155 -0.04955809 -0.7555726 -0.6531876 0.8813082 0.2384675 0.4079573 -0.02227823 -0.5861116 -0.809924 -0.06565109 0.8850101 0.4609199 -0.002232188 -0.3100559 -0.9507157 -0.684279 -0.7138172 -0.1490883 0.001425888 -0.07317397 -0.9973182 -0.02140775 -0.9870308 -0.159097 0.003705665 -0.969193 -0.2462747 0.03795604 -0.881528 -0.4706036 0.0540956 -0.8110288 -0.5824997 0.06697607 -0.7020201 -0.7090007 0.07988198 -0.5487441 -0.8321651 0.06392544 -0.209325 -0.9757544 0.06814096 -0.02080286 -0.9974588 0.1256246 -0.9860441 -0.1092497 0.1119017 -0.9697487 -0.2169456 0.1435872 -0.8914283 -0.429812 0.157236 -0.8106883 -0.5639693 0.1653182 -0.6904335 -0.7042524 0.1405537 -0.305753 -0.9416792 0.1515772 -0.3067764 -0.9396343 -0.290771 -0.9538977 -0.07437366 -0.5188181 -0.8510757 -0.08060954 -0.5299714 -0.8411068 -0.108026 -0.4431792 -0.7874791 -0.4283326 -0.5705574 -0.7314057 -0.3735104 -0.4205019 -0.7559052 -0.5017823 -0.5687148 -0.7055068 -0.4228754 -0.343592 -0.6383162 -0.6888374 -0.5538649 -0.5983694 -0.578954 -0.2924136 -0.5307827 -0.7954647 -0.5366702 -0.5191789 -0.6651603 -0.2438642 -0.4153429 -0.8763678 -0.5266011 -0.4552058 -0.7179686 -0.2270966 -0.3482125 -0.9094917 -0.5121816 -0.3991677 -0.7604835 -0.1883652 -0.276381 -0.9424076 -0.5059798 -0.3620029 -0.7829038 -0.1767319 -0.2358783 -0.9555769 -0.1749387 -0.1655575 -0.9705602 -0.5020497 -0.3206345 -0.8032058 -0.4925886 -0.2777557 -0.8247473 -0.1401022 -0.1504939 -0.9786332 -0.4895579 -0.2662058 -0.8303418 -0.4728233 -0.2203093 -0.8531717 0.5033516 -0.4410054 -0.7430689 0.2114113 -0.5672177 -0.7959707 0.4380601 -0.6788147 -0.5893334 0.2186211 -0.760695 -0.6111856 0.2144579 -0.9686255 -0.125588 0.09249981 0.1038282 -0.9902845 0.007002752 -0.03132972 -0.9994846 0.4837423 0.1872663 -0.8549413 0.06543228 0.009539391 -0.9978114 0.4641035 0.1544476 -0.872212 0.1049268 -0.008366449 -0.9944448 0.2236785 -0.9476304 -0.2279574 0.3054485 -0.8849226 -0.3515868 0.1861139 -0.9102057 -0.3699828 0.3416035 -0.8278666 -0.4449088 0.2028055 -0.8583749 -0.4712351 0.3917926 -0.7586551 -0.52052 0.2157699 -0.8110987 -0.5436564 0.4738117 -0.5785586 -0.663907 0.2188303 -0.6741841 -0.7053999 0.5125193 -0.3048718 -0.8027311 0.1971155 -0.4499986 -0.8710033 0.5139951 -0.2006337 -0.8339995 0.184497 -0.3586738 -0.9150486 0.5120893 -0.09751549 -0.8533787 0.1675242 -0.2530201 -0.9528465 0.4930955 0.03867938 -0.8691149 0.138077 -0.1126312 -0.9839964 0.5450009 -0.09959857 -0.8324987 0.1965786 -0.2922328 0.9359257 -0.01719392 -0.2999655 0.9537951 0.2604724 -0.9607144 -0.09582235 0.3100905 -0.7316669 -0.6070481 0.278152 -0.6534968 -0.7039698 0.2373576 -0.5629942 -0.7916432 0.1932556 -0.460749 -0.8662348 0.146861 -0.3509022 -0.924824 0.09528569 -0.2344193 -0.9674545 0.04649757 -0.1190273 -0.9918016 -0.05104379 -0.05852886 -0.9969799 -0.4720695 -0.2293755 -0.8511976 -0.01399209 -0.1453895 -0.9892756 -0.4393912 -0.3059214 -0.844599 0.0330704 -0.2551898 -0.9663253 -0.3993656 -0.4007995 -0.8245404 0.07033092 -0.3437529 -0.9364227 -0.3727406 -0.473083 -0.7982837 0.1939758 -0.6344156 -0.7482582 -0.2679195 -0.724035 -0.635604 0.7437184 -0.4201311 -0.5199737 0.369912 -0.703717 -0.6065867 0.7183692 -0.3507331 -0.6007761 0.334719 -0.6302867 -0.7005012 0.5479573 0.02800118 -0.8360375 0.148864 -0.1730517 -0.9735978 0.5050512 0.1388233 -0.8518517 0.09760965 -0.05521867 -0.9936917 -0.3946412 0.2113316 0.894202 0.280617 -0.7438409 0.6065928 0.2122539 -0.6602271 0.7204502 0.05509279 -0.05810643 0.9967891 0.2399722 0.0005391744 0.9707796 0.3853044 -0.113859 0.9157383 0.3580391 -0.2738559 0.8926427 -0.3395778 0.900335 0.2721835 0.02155886 0.02246108 0.9995152 -0.04635396 0.1722626 0.9839598 -0.3684512 0.8789004 0.3029487 -0.4075395 0.8777286 0.252 -0.4829761 0.8143474 0.3218267 -0.4791106 0.7941796 0.373807 -0.6373939 -0.6754056 0.3708858 -0.4513718 0.6776743 0.5805351 -0.4413553 0.511791 0.7370722 -0.3218644 0.7576865 0.5677275 -0.3844835 0.9077605 0.1677598 -0.3250342 0.3288086 0.8867004 -0.2488116 0.08923621 0.9644323 -0.2168045 0.02871872 0.9757925 -0.01578851 -0.8462618 0.5325333 -0.1728854 -0.4937862 0.8522241 -0.4160853 -0.2789723 0.8654753 -0.3318162 -0.3516501 0.8753515 -0.195683 -0.6068612 0.7703425 0.1445146 -0.73279 0.6649319 0.2827003 0.4276076 0.8586223 -0.2745773 0.5841182 0.7638149 0.4172365 0.6511853 0.6339333 0.1933636 0.794437 0.5757433 -0.03323541 0.7801979 0.6246492 -0.2353628 0.8711928 0.4308451 0.05119241 0.05864236 0.9969656 0.02479069 -0.1362755 0.9903608 0.07916493 -0.2725744 0.9588723 0.376673 -0.8888813 -0.2607824 0.4369448 -0.8962445 -0.07632149 0.3869074 -0.9128327 -0.1305343 0.3843244 -0.9052615 0.1810974 0.3696235 -0.8689573 0.3290771 -0.6105925 -0.2345038 0.756429 -0.5235715 -0.4906795 0.6964959 0.3094257 -0.7239878 0.6165204 0.3075115 -0.7907794 0.5292491 0.3954986 -0.5250855 0.7535689 0.232034 -0.5407788 0.8085286 0.3371777 -0.7975166 -0.5002784 0.3601074 -0.8507188 -0.3828842 0.1299719 -0.4051225 0.9049768 0.2680584 -0.8785734 -0.3952891 0.293066 -0.9320106 -0.2132333 0.2702652 -0.9011241 -0.3390163 0.1749161 -0.5323496 0.8282561 0.2980084 -0.945273 -0.1328535 0.3093907 -0.9443973 0.1113151 0.3022611 -0.9519927 -0.04845837 0.3016903 -0.9333197 0.1946723 0.2423842 -0.7044445 0.6670891 0.2634559 -0.8018922 0.5362461 0.2335826 -0.6739773 0.7008522 0.212491 -0.6082815 0.7647491 0.3755356 -0.7213572 0.5819079 0.265724 -0.661577 0.701218 0.4331474 -0.8234784 0.3664242 0.4016083 -0.7612059 0.5091919 0.468991 -0.8604578 -0.1991477 0.4733881 -0.877728 -0.07414384 0.4386999 -0.7957026 -0.417612 0.4204716 -0.751736 -0.5080322 0.427223 -0.7785532 -0.4597123 0.3411373 -0.6291343 0.6984378 -0.8526368 0.1022829 0.512395 -0.8423111 -0.2070846 0.4976223 0.1005655 -0.7034588 0.7035853 -0.1136706 -0.7132269 0.6916548 -0.2562505 0.2749229 0.9266893 -0.3099581 -0.8069985 0.5026723 -0.214748 -0.8221918 0.527147 0.9288948 0.3643639 0.06628276 -0.8222426 -0.5686113 0.02446039 -0.8877851 -0.4517837 0.08791581 -0.8819653 -0.4703552 -0.03005228 -0.6461684 0.1797421 0.7417271 -0.5669928 -0.1721402 0.8055351 -0.7013562 -0.6993711 0.1377661 0.4432884 0.284911 0.8498948 -0.5204356 -0.800387 0.2975355 -0.4181431 -0.8354287 0.3566724 0.1985546 0.6228912 0.7566919 0.07045995 0.7825902 0.618537 -0.05499777 0.8082143 0.5863147 -0.7726777 -0.6276735 -0.09484341 -0.703639 -0.7065528 -0.0753348 -0.6736883 -0.7387836 -0.01851596 -0.3826559 0.9050429 0.1856656 -0.6020079 -0.780802 0.1671371 -0.8443202 -0.05358689 0.5331528 -0.2893289 -0.9403773 0.1788278 -0.1788297 -0.9307302 0.3190005 -0.6643791 -0.7262314 -0.1766025 -0.6568985 -0.7206992 -0.2215335 -0.7662146 -0.6262855 -0.1438116 -0.6747039 0.1061239 0.7304193 -0.6992157 -0.1197595 0.7048085 -0.6044256 -0.2177164 0.766335 -0.4905918 -0.8686366 -0.06921135 0.1540416 -0.3565617 0.9214852 -0.4028092 -0.9115101 0.08303 0.315674 -0.7264248 0.6104563 -0.1961229 -0.9783114 0.06665222 -0.4275131 0.8414861 0.3303539 -0.5321193 0.7522435 0.3885598 -0.434909 -0.8088276 -0.3957931 -0.5040245 -0.8265169 -0.2506573 -0.4690313 -0.8563266 -0.216135 -0.8729381 -0.3085348 0.3778696 -0.3814399 -0.919122 -0.09858139 -0.2674971 -0.9525442 -0.1452754 -0.1892238 -0.9670962 -0.1700568 -0.03765126 -0.4287702 0.9026287 -0.1391637 -0.2005492 0.9697492 0.3164127 -0.7303796 0.6053335 -0.356219 -0.8682874 -0.3452318 0.0676334 0.06455758 0.9956194 0.1235971 -0.6537578 0.7465417 0.05354417 -0.6888882 0.7228873 0.8654819 -0.3329904 -0.374244 0.9020999 -0.3023376 -0.3079085 0.3250251 -0.7722463 0.5458886 -0.33195 -0.9066541 -0.2603605 -0.313012 0.7174077 0.6223742 -0.3631158 0.8375433 0.40825 0.3295246 -0.7759036 0.5379471 -0.9204594 -0.390829 0.002661908 -0.8657921 -0.4544603 0.2094515 -0.8350706 -0.5399483 0.1054182 -0.7992644 -0.5688708 0.1938106 -0.6358487 -0.650169 0.4159048 -0.427698 -0.6757569 0.6003558 -0.350841 -0.6624699 0.6618491 -0.2524963 -0.5879155 0.7685057 -0.2686571 -0.7181065 0.6419863 0.08704906 -0.6170368 0.7821049 -0.08223476 -0.627454 0.774299 0.9145472 0.06803978 0.3987155 -0.5299997 -0.07347449 0.8448087 -0.3771887 -0.4064885 0.8321633 0.1797618 -0.9366861 0.3005076 0.1476531 -0.8488593 0.5075791 -0.1398311 -0.9043092 0.4033264 -0.1732722 -0.8844252 -0.433323 -0.2101235 -0.9408442 -0.26582 -0.188289 -0.8837711 -0.4283641 -0.2538878 -0.9253873 -0.2814238 -0.2006463 -0.882994 -0.4243379 -0.2700044 -0.9227898 -0.2748754 -0.2100896 -0.8822514 -0.4213013 -0.27443 -0.8999766 -0.3387186 -0.2293665 -0.8803433 -0.4151947 -0.3535737 -0.8776194 -0.3236817 0.1217997 -0.6195731 0.7754315 0.1840458 -0.8049866 0.5640246 0.295065 -0.6720033 0.6792262 -0.5232866 -0.536555 0.6620271 0.2177073 -0.9336209 0.284527 0.1838033 -0.8108286 0.5556737 0.2204043 -0.9402367 0.2595706 0.2352324 -0.9718673 -0.01181973 0.3162997 -0.6404688 0.6998244 0.2358731 -0.971064 -0.03739654 0.2352881 -0.9354993 -0.2635917 0.3169516 -0.5093292 0.8000784 -0.3905127 0.8977157 0.2039766 -0.404476 0.8389024 0.3642004 -0.3660553 -0.7648778 0.5300618 0.2506942 -0.4082507 0.877772 0.2195877 -0.9066744 -0.3601704 0.2165241 -0.9575788 -0.1901582 -0.1761764 -0.9068273 -0.3829178 -0.1533754 -0.9679261 -0.1989853 0.2136125 -0.8418644 -0.4956148 0.2107107 -0.8974247 -0.387595 -0.1507096 -0.8848467 -0.4408321 -0.1669034 -0.9166375 -0.3632066 0.1812952 -0.2729867 0.9447806 0.2139179 -0.9703103 -0.1128583 -0.1603427 -0.9800475 -0.1174614 0.2103851 -0.9771894 -0.02896432 0.1897214 -0.9747437 0.1178157 -0.1579335 -0.9797993 0.1226801 -0.1647838 -0.9853 -0.04505671 0.1867722 -0.9599814 0.2086907 -0.1485417 -0.970487 0.1899747 -0.08094453 0.2429401 0.9666582 0.1106387 -0.7424869 0.6606605 0.1506781 -0.8387484 0.5232564 -0.1377864 -0.808655 0.5719196 0.00898798 -0.5590248 0.8291022 0.1237645 -0.5481769 0.8271544 0.1948268 -0.5419371 0.8175247 0.264797 -0.8042074 0.5321025 0.2894317 -0.8750185 0.388036 0.291098 -0.8984216 0.3287864 0.216001 -0.841142 -0.4958061 0.221673 -0.9014928 -0.3717146 -0.7743394 0.5553272 0.3033319 -0.769881 0.3695374 0.5203128 0.7270544 -0.433164 0.5326921 -0.2442552 0.5732707 0.7821126 0.7798078 -0.3531519 0.516898 0.8450632 -0.2509809 0.4720982 0.9038653 -0.08397046 0.4194954 0.821963 -0.005451727 0.5695148 0.03150215 -0.757989 0.6515062 0.9084075 -0.1761746 0.3791547 -0.3620514 0.6883356 0.6285801 -0.2865951 0.7637453 0.5784085 0.968886 -0.09560657 0.2282966 -0.4521861 -0.6011964 0.6588555 0.8353611 -0.5160266 0.1894425 0.8736375 -0.4526803 0.1784326 0.9164528 -0.3613923 0.1717845 0.9511824 -0.2815313 0.1264601 0.9918491 -0.1180097 0.04805213 0.9823898 -0.129127 -0.1350427 -0.3330824 0.8882193 0.3164216 0.9995156 -0.02164654 -0.02236169 0.1732732 0.8128015 0.5561745 -0.1173575 0.8975867 0.4249299 -0.08076684 0.8686296 0.4888346 0.08731037 -0.2537485 0.9633217 0.9585452 -0.09671947 -0.2680231 0.9794205 -0.109188 -0.1697451 0.8355897 -0.5300254 -0.1444403 -0.296349 0.8936928 0.3368835 -0.3792958 0.9015677 0.2081116 0.8697057 -0.4716188 -0.1455597 -0.4244643 0.8578578 0.2896723 -0.4677363 0.7563103 0.457403 0.9074622 -0.3906193 -0.1546896 0.9324786 -0.3151461 -0.1765408 0.2751287 -0.3249748 0.904818 0.9420899 -0.2452383 -0.228746 -0.3542618 0.9044149 0.2377653 0.8571506 0.3547915 0.3733845 -0.7867253 0.3486157 0.5094414 -0.8520926 0.1007992 0.5135929 -0.7079196 -0.7057268 -0.02827478 -0.32289 -0.8640186 -0.3862822 -0.4511765 -0.8738668 -0.1810983 0.6848069 -0.3038101 0.6623737 0.9144061 0.3712268 -0.1614064 0.9722186 0.2331796 0.02045281 -0.3743278 0.905667 0.1991131 -0.3376084 0.8872383 0.3143705 -0.3841171 0.9078483 0.1681234 -0.3647381 0.8957075 0.2543111 -0.3858341 0.909737 0.1533317 -0.3851279 0.9051083 0.1801538 -0.3910843 0.8990158 0.1970372 -0.3849601 0.9023806 0.1936879 -0.4141246 0.8676373 0.2751478 0.7935066 -0.4397455 -0.4206794 0.8831065 -0.3282083 -0.3352643 0.8741767 -0.3014499 -0.3807139 0.7868423 -0.4494941 -0.4228881 0.8838724 -0.3286196 -0.3328345 0.7853579 -0.4516276 -0.4233739 0.8762043 -0.353839 -0.3272064 0.7841989 -0.4532707 -0.4237661 0.8810101 -0.3593745 -0.307687 0.7816598 -0.4568263 -0.4246383 0.8693956 -0.3847838 -0.3099882 0.7743285 -0.466821 -0.4271925 0.8535204 -0.4274293 -0.2980052 0.7699638 -0.4725978 -0.4287273 0.8448054 -0.4534164 -0.2841081 0.7592618 -0.4862664 -0.4325118 0.821752 -0.4968398 -0.2790588 0.7416645 -0.5073678 -0.4387615 0.7875078 -0.53505 -0.3058643 -0.3929895 0.8800505 0.2665902 0.7900344 -0.5374638 -0.2949208 0.743278 -0.5247594 -0.4149282 0.5014758 -0.8149621 -0.2904459 0.4819464 -0.7699835 -0.4181544 -0.3925323 0.87109 0.2951622 0.7997287 -0.551027 -0.2383342 0.5212379 -0.8216182 -0.2307697 0.646509 -0.4564297 0.6113084 0.4778119 -0.626031 0.6162638 0.5617848 -0.4014913 0.7233274 0.4138699 -0.5359676 0.7358331 0.410369 -0.4026696 0.818202 0.6927822 -0.2303261 0.683376 -0.3675943 0.8002507 0.473786 0.8700779 0.07193388 0.4876372 0.9387219 -0.01278111 0.3444385 0.9006659 0.1299165 0.4146355 0.9594853 0.09930177 0.26368 -0.3359018 0.7670949 0.5465669 0.3325156 -0.7820216 -0.5271391 0.2211468 -0.8395429 -0.4962477 0.2292464 -0.9050916 -0.3581274 0.2538878 -0.8289448 -0.4983889 0.2633661 -0.8538707 -0.4489356 0.4372148 -0.6555631 0.6156949 0.3414021 0.9093915 0.2375955 0.4096379 0.8398259 0.3562152 0.5262473 -0.811242 0.2548531 0.4806846 -0.7376241 0.4741867 0.5400504 -0.8416286 -0.002600235 0.5246291 -0.8209199 0.22551 0.5359593 -0.8440821 -0.01652693 0.5108173 -0.8192211 -0.2606578 -0.4118086 0.2865789 0.8650354 -0.3478988 0.04106334 0.9366324 -0.9691937 -0.03218293 0.2441882 0.7055099 0.2993162 0.6423905 -0.3582232 0.5681289 0.7408818 0.4416733 -0.7419798 -0.5043715 0.4852638 -0.7909537 -0.3727081 0.4819464 -0.7699835 -0.4181544 0.4573645 -0.8240978 -0.3341863 0.4676636 -0.8485427 -0.2475199 0.4743904 -0.8776181 -0.06884918 0.4673446 -0.8795548 0.08928793 0.4633478 -0.8694109 0.1715617 0.4460905 -0.8401219 0.3085426 0.3484397 -0.6773597 0.6478994 0.3106222 -0.591508 0.7440646 -0.189578 0.360804 0.9131706 0.2759022 -0.5460858 0.7909919 0.3234872 -0.4900035 0.8094767 0.7469548 -0.5196882 0.4147079 0.6792907 -0.4875804 0.5484792 0.5317452 -0.7332631 0.4237596 0.5038603 -0.6780732 0.5351089 0.7705409 -0.5373931 0.3427467 0.5466371 -0.7602919 0.3509189 0.810886 -0.5713254 0.1266933 0.7862516 -0.5540444 0.2735749 0.5566966 -0.784489 0.2732505 0.5695968 -0.8105279 0.1363966 -0.09539947 0.3819455 0.9192478 0.8220537 -0.5676271 0.04502416 0.5641792 -0.8237706 0.05571197 0.8072461 -0.5641346 -0.1735103 0.8258896 -0.5633379 -0.02359484 0.5565953 -0.8306832 -0.01292606 0.5435809 -0.8233511 -0.1631344 -0.1326895 0.2550588 0.9577779 -0.5341449 -0.2511297 -0.8072318 -0.5183749 -0.248124 -0.8183654 -0.09803932 -0.05702817 -0.9935472 -0.4820288 -0.2133885 -0.8497726 -0.2684652 -0.825841 -0.4958962 -0.3071537 -0.7606919 -0.571843 -0.3336085 -0.6844868 -0.6482154 -0.3682437 -0.6024212 -0.7081563 -0.4084139 -0.5109931 -0.7563624 -0.4484969 -0.41368 -0.7922875 -0.4875527 -0.319598 -0.8124958 -0.5493433 -0.5123089 -0.6601224 -0.4621772 -0.6440893 -0.6095418 -0.4587785 -0.7017449 -0.5450472 -0.4135515 -0.7799653 -0.469712 0.270661 -0.8134806 -0.5147737 -0.2043239 -0.8731197 -0.4426214 0.2520641 -0.778989 -0.5741427 -0.2225034 -0.8539599 -0.4703665 0.218895 -0.7042863 -0.6753264 -0.2322471 -0.7811716 -0.5795103 0.1678086 -0.5687137 -0.805236 -0.2906107 -0.6654631 -0.6875349 0.1390488 -0.5016345 -0.8538315 -0.3116057 -0.6141068 -0.7251033 0.1039831 -0.4251375 -0.899136 -0.3425387 -0.5465067 -0.7641974 -0.636264 -0.3049783 -0.7086299 -0.8259636 -0.3901529 -0.4068965 -0.82727 -0.4268413 -0.3652819 -0.8420147 -0.4761031 -0.2536477 -0.8486759 -0.4876138 -0.2048951 -0.8472868 -0.5021855 -0.1729587 -0.8513309 -0.5063129 -0.1374149 -0.8510516 -0.5159533 -0.09748525 -0.8495887 -0.5209637 -0.08243756 -0.8525239 -0.5194683 -0.05792819 -0.742936 -0.3532986 -0.5685299 -0.7479999 -0.4064552 -0.5246812 -0.7597764 -0.4635689 -0.4558988 -0.7861636 -0.5060927 -0.3547068 -0.7991213 -0.5392274 -0.2657798 -0.8012962 -0.5636796 -0.2004738 -0.8052264 -0.5778277 -0.1331377 -0.8078632 -0.5804115 -0.1023701 -0.8971659 -0.4396107 -0.04284509 -0.8982907 -0.4230596 -0.1187201 -0.2259889 0.8935275 0.3879917 -0.2150738 0.8887911 0.4047142 -0.8279034 -0.3591638 -0.4307869 -0.6466249 -0.3699203 -0.6671096 -0.6656069 -0.4357777 -0.6058591 -0.7440104 -0.5674222 -0.352818 -0.7583067 -0.588062 -0.2813432 -0.7574246 -0.6051061 -0.2452644 -0.7594922 -0.6165123 -0.2075672 -0.002580416 -0.0007108144 -0.9999964 0.1081444 -0.5130652 0.8515098 -0.007480877 -0.2322621 0.9726245 -0.002575951 -0.0007091428 -0.9999964 -0.09356227 0.2225974 0.9704105 -0.002091324 -0.001762423 -0.9999963 -0.002555452 -0.0007212497 -0.9999965 -0.002548204 -0.0007211938 -0.9999965 -0.002548217 -0.0007253897 -0.9999965 -0.002543326 -0.0007332997 -0.9999965 -0.002540333 -0.0007423886 -0.9999965 -0.002550635 -0.0007461711 -0.9999965 -0.00255032 -0.0007526437 -0.9999965 -0.002552596 -0.0007600071 -0.9999965 -0.00255608 -0.0007615796 -0.9999964 -0.001302612 -0.0007734829 -0.9999989 0.001612489 -0.009322074 -0.9999552 -0.002573931 -0.0007659256 -0.9999964 -0.002584628 -0.0007660097 -0.9999964 -0.002598772 -0.0007619278 -0.9999963 -0.002602339 -0.0007544307 -0.9999963 -0.002604481 -0.0007511516 -0.9999963 -0.002608102 -0.0007480132 -0.9999963 -0.00261021 -0.0007328048 -0.9999963 -0.002604442 -0.000718176 -0.9999964 -0.002595078 -0.0007016993 -0.9999964 -0.002580457 -0.0007425305 -0.9999964 -0.8336795 -0.487977 -0.2585671 -0.00257907 -0.0007451314 -0.9999964 -0.7468276 -0.6120953 -0.2599765 -0.002352449 -0.0007761284 -0.9999969 -0.5174417 -0.8147487 -0.2616078 -0.002190194 0.00220353 -0.9999952 -0.3717544 -0.889093 -0.2670435 -0.002577954 -0.0007459004 -0.9999964 -0.2199888 -0.9434016 -0.24819 0.5790087 -0.7676196 -0.2747891 -0.002575701 -0.0007440028 -0.9999964 0.7440293 -0.623048 -0.2413121 -0.002576969 -0.0007399723 -0.9999964 0.8385685 -0.4850503 -0.2480506 -0.002572776 -0.0007431575 -0.9999964 0.8876295 -0.3919474 -0.2418495 -0.002576045 -0.0007394864 -0.9999964 0.959412 -0.1331396 -0.2486012 -0.002570286 -0.0007432687 -0.9999964 0.96959 0.03385346 -0.2423822 -0.00256646 -0.0007396197 -0.9999964 0.958345 0.11514 -0.2613766 -0.002568964 -0.0007401047 -0.9999964 0.9005097 0.3566141 -0.2488145 -0.002566817 -0.0007377345 -0.9999964 0.8561829 0.4703777 -0.2137655 -0.002561305 -0.000732028 -0.9999965 0.7694128 0.5910242 -0.2422692 -0.002565715 -0.000730481 -0.9999964 0.6996854 0.6698337 -0.2485222 -0.002576322 -0.0007432795 -0.9999964 0.6552857 0.7133602 -0.2484308 -0.002570499 -0.0007301836 -0.9999964 0.5024734 0.8250205 -0.2585762 -0.002568684 -0.0007315951 -0.9999964 0.2488894 0.944269 -0.2154303 -0.002575836 -0.000734279 -0.9999964 0.1924398 0.9484538 -0.2517981 -0.002576537 -0.0007365252 -0.9999964 -0.1527001 0.9570219 -0.2465599 -0.002572289 -0.0007514167 -0.9999964 -0.3325243 0.9069271 -0.2586711 -0.002563347 -0.000772094 -0.9999964 -0.002581055 -0.000734755 -0.9999964 -0.6974667 0.6750368 -0.2405525 -0.002584256 -0.0007368722 -0.9999964 -0.8453977 0.4749305 -0.2444253 -0.002581306 -0.0007402689 -0.9999964 -0.8933387 0.381285 -0.2378399 -0.00257707 -0.0007408085 -0.9999964 -0.967988 0.05975803 -0.2437789 -0.002580121 -0.000741053 -0.9999964 -0.9703695 -0.04543291 -0.237316 -0.002588759 -0.0007403381 -0.9999964 -0.9582834 -0.1266176 -0.256244 -0.002572243 -0.0007404596 -0.9999964 -0.9192883 -0.3091151 -0.2436325 -0.002577944 -0.000740132 -0.9999964 -0.8900872 -0.379701 -0.2521347 0.5291177 -0.8466388 -0.05689603 0.5048841 -0.8131187 -0.2897067 0.6171676 -0.7856141 -0.04375707 0.593775 -0.7606221 -0.2624599 0.4552504 -0.888236 -0.06151359 0.4396428 -0.8588372 -0.2628931 -0.4263249 0.8226391 0.3761809 -0.4431568 0.6966029 0.5642309 0.3779987 -0.9227248 -0.07547172 0.3670657 -0.8946064 -0.2548374 0.05493812 -0.9615499 -0.2690793 0.06591343 -0.9945949 -0.08022782 -0.5053938 -0.8224444 -0.261079 -0.5281873 -0.846913 -0.06129094 -0.7466256 -0.6123314 -0.2600009 -0.7747545 -0.6293253 -0.06087032 -0.7596989 -0.6452126 -0.08098359 -0.6445875 -0.7605745 -0.07767503 -0.4060771 -0.9108223 -0.07418918 -0.1391518 -0.9857626 -0.09438697 0.02577734 -0.9979893 -0.05790382 0.2030206 -0.9761012 -0.07751884 0.2713644 -0.9595104 -0.07550598 0.2978244 -0.9507148 -0.08626739 0.3459104 -0.9335935 -0.09353722 0.4127768 -0.9075287 -0.07750483 0.4525164 -0.8885346 -0.07573133 0.4645122 -0.8820466 -0.07888092 0.7461528 -0.6516405 0.1364577 0.5961295 -0.8023259 0.03004638 -0.9291878 -0.2936196 0.2244939 0.5701553 -0.8212439 -0.02194008 0.5681495 -0.8206249 -0.06148951 0.309969 -0.8982482 -0.3115597 0.2848492 -0.9240292 -0.2550116 0.5396041 -0.8400604 0.05590893 0.5078179 -0.8614619 0.002077501 0.3543198 -0.1987464 0.91376 0.4728136 -0.8758647 -0.0964801 -0.1131956 0.1853822 0.9761251 0.4279 -0.890515 -0.1545464 0.3502024 -0.9218081 -0.1662171 0.2828462 -0.943693 -0.1715856 0.258656 -0.9570081 -0.131273 0.715637 -0.6966575 -0.05031936 0.6605506 -0.7457453 -0.08681459 0.6125459 -0.7725492 -0.1671984 0.3500713 -0.342797 0.8717456 0.5373537 -0.8129369 -0.2244651 -0.2451208 0.08571806 0.9656957 -0.1415634 -0.1971459 0.9700996 0.4606361 -0.8457961 -0.2691529 0.3902668 -0.8687079 -0.3050219 0.7418926 -0.6481497 -0.1717476 0.7838415 -0.6071729 -0.1301287 0.7222594 -0.6292118 -0.287113 0.6361279 -0.694488 -0.3361959 -0.005596648 -0.1825532 0.98318 0.5395498 -0.7557754 -0.3710653 0.4206145 -0.7815691 -0.4606876 0.7713525 -0.5441312 -0.3300555 0.6563912 -0.5959347 -0.4626147 0.6041552 -0.633619 -0.4832426 0.4630141 -0.7063385 -0.5354473 0.8089454 -0.4336628 -0.3969181 0.7572754 -0.430385 -0.4912258 0.6880821 -0.4603641 -0.5608992 0.8405684 0.2854729 0.4603801 0.8689245 0.1516455 0.4711409 0.7433048 0.3726231 0.5555627 -0.6924181 -0.5317006 0.4877003 -0.01752404 -0.1454376 0.9892122 0.532596 -0.6273276 -0.5681562 0.8047059 -0.3277212 -0.4950225 -0.3510573 0.8312058 0.4311099 -0.2699964 0.8629453 0.4271151 0.2120856 -0.1929009 0.9580235 0.2311008 -0.3668826 0.9011046 0.2915262 -0.493345 0.8195262 0.3379492 -0.5995971 0.7254472 0.2747978 -0.7085086 0.6500014 0.2082081 -0.6720896 0.7105948 0.6158732 -0.4848438 -0.6209885 0.3723305 -0.7134683 0.5935765 0.5323105 -0.4876858 -0.6919596 0.7547123 -0.1987713 -0.6252194 0.7893996 -0.1525151 -0.5946321 0.7361681 -0.2608034 -0.6245303 0.7278292 0.3998709 0.5571067 0.5832384 0.5742425 0.5745246 0.6708202 -0.2302803 -0.7049619 -0.09230981 0.27179 0.9579192 0.6220068 -0.2886797 -0.7278541 0.2740091 -0.7647559 0.583153 0.5593438 -0.3726129 -0.7404688 -0.5899631 0.5618079 0.579927 0.2238584 0.2524225 0.9413662 -0.5766069 -0.815589 0.04836465 0.5588013 -0.2471927 -0.791604 0.7903461 -0.0828087 -0.6070385 0.7305753 0.06994323 -0.6792405 0.6931177 -0.02496176 -0.7203921 0.865955 -0.07941633 0.4937762 0.6631799 -0.05306584 -0.7465765 0.5983472 -0.1002114 -0.7949454 -0.2758621 -0.8769682 -0.3934804 0.6891066 0.1366335 -0.7116624 -0.2573643 0.8756675 0.4086196 -0.3395378 0.8849696 0.3186579 -0.3660565 0.9051749 0.2160117 0.557589 0.1910083 -0.807843 -0.8078636 -0.4821834 0.3389035 -0.1405929 0.3920586 0.9091335 0.3529662 -0.8252989 0.4407909 0.6334675 0.2075876 -0.7454035 0.3172392 -0.7800902 0.539276 0.4886078 0.1593918 -0.8578209 -0.3651024 0.9052996 0.2171011 -0.2873298 0.8992248 0.3299036 -0.3830848 0.9035161 0.1921058 0.4451671 -0.8925211 -0.07233522 0.431834 -0.8988976 -0.07417858 0.341474 -0.7566775 0.5575254 0.3993059 -0.9132625 -0.08066241 0.3873483 -0.9182976 -0.08179782 0.3737399 -0.9238255 -0.08285508 0.320275 -0.9423586 -0.09687239 0.3587011 -0.7357696 0.574436 0.3033973 -0.9479574 -0.09657543 0.3593314 -0.7336856 0.5767031 0.3597435 -0.7356728 0.5739078 0.3551567 -0.8360453 -0.4182008 0.36118 -0.7351338 0.5736961 0.6716442 0.4340128 0.600439 0.1486301 -0.7678814 0.623111 0.4783231 -0.6475319 -0.5932196 0.3708657 -0.7290654 0.5752585 0.4769973 -0.5625354 -0.6752981 0.01896671 0.7759243 0.6305408 0.5150024 0.05212 -0.8556027 0.3742872 -0.7211328 0.5829894 0.3666692 -0.7153371 0.5948499 0.7369563 -0.6673005 -0.1077288 0.6179764 -0.7842961 0.05463357 0.4795599 -0.8754351 -0.06029717 0.4605036 -0.8849318 -0.06951386 0.7799876 -0.3780496 -0.4986961 0.7524134 -0.3137437 -0.5791709 0.7224865 -0.2389076 -0.6487962 0.6848755 -0.1532512 -0.712362 0.647506 -0.06464072 -0.7593139 0.6110529 0.03567857 -0.7907853 0.5625982 0.1257661 -0.8171084 0.5367607 0.2019024 -0.8192212 0.5895586 -0.0432995 -0.8065642 0.1838932 -0.2670459 -0.9459756 0.618148 -0.1145633 -0.7776685 0.2152406 -0.34606 -0.9131889 0.6405844 -0.1694252 -0.7489638 0.245979 -0.4178429 -0.8745866 0.6700358 -0.2347974 -0.7042174 0.2803933 -0.4918443 -0.824299 0.7030494 -0.297853 -0.6457593 0.3069287 -0.5659802 -0.7651543 0.7974601 -0.4183623 -0.4347761 0.05394003 -0.4229462 0.904548 -0.03164575 -0.1096767 0.9934634 0.5188668 0.3196137 0.7928583 -0.07890799 0.03339132 0.9963225 -0.3849934 -0.1442153 0.9115822 0.3393219 0.7432304 0.5766014 -0.09195666 0.2249116 0.9700303 0.2312068 0.8133708 0.5338271 -0.07843968 0.8989018 0.4310717 -0.1256017 0.3884194 0.9128826 0.3204363 -0.7814982 0.5353327 -0.1688768 0.6741523 0.7190267 -0.30183 0.8576939 0.416245 -0.3084664 0.8761756 0.3703575 0.3686305 -0.8492491 0.3780046 0.3914113 -0.8913819 0.2285507 0.4410162 -0.8970849 0.02726691 0.4071371 -0.9093348 -0.08572956 0.3997988 -0.8766083 -0.2678038 0.3473476 -0.86076 0.3720777 0.351915 -0.9083475 0.225966 0.1180672 0.8606631 0.4952971 0.3374208 -0.933541 -0.1210308 0.3078447 -0.9483046 -0.07713671 0.2778437 -0.8722727 -0.4024216 -0.5669267 0.4496755 0.6902073 -0.5620211 0.2107287 0.7998286 0.4467879 -0.8677521 -0.2176852 0.4410162 -0.8970849 0.02726691 0.417921 -0.8867685 0.1974429 0.4172159 0.7637319 0.4925897 0.2740099 0.792382 0.5450223 0.1425604 0.8710182 0.4701105 0.3698149 -0.8260332 0.4253306 0.3388642 -0.7954568 0.5024137 0.3409276 -0.7995017 0.4945356 0.2504118 -0.9657533 -0.06793047 0.2113632 -0.9490807 -0.2336054 0.2047732 -0.9230079 -0.3257673 0.2432868 -0.8811039 -0.4055459 0.2212756 -0.8481702 -0.4812946 0.1376673 -0.8938268 -0.4267567 -0.1261915 0.8597904 0.4948092 -0.9148524 0.403368 0.01842196 0.2589628 -0.7620101 0.5935308 0.1570748 0.8805043 0.447258 0.4161595 0.8317413 0.3674475 0.5970615 0.7510507 0.2818518 0.7155967 0.6671106 0.2070866 0.8560587 0.5118201 0.07213647 0.4260357 0.8425085 0.3296559 0.3343246 0.8698925 0.3626487 -0.04361038 0.8891318 0.4555686 -0.17726 0.8572898 0.483356 0.08850081 0.9943306 0.05894217 -0.4941722 0.7161219 0.492913 0.01603845 0.9996162 0.02258826 -0.490019 0.718663 0.4933608 -0.2102865 0.9730633 -0.09448487 -0.4812355 0.7228329 0.4959082 -0.2695662 0.9549657 -0.1239941 -0.4779615 0.7239062 0.4975064 -0.4129276 0.867598 0.2770641 -0.5003288 0.7821419 0.3713828 -0.4542858 0.8649503 -0.2132732 -0.3949458 0.8992406 -0.1881067 -0.358302 0.4710155 0.8060795 0.0191013 0.8837471 0.4675748 0.2974936 0.8668525 0.4000803 0.7981594 0.5883503 0.1295592 0.8639968 0.4979792 0.07433855 0.9101535 0.4140667 0.01301045 -0.1799116 0.8508525 0.4936413 -0.6453429 0.7558452 -0.1105924 -0.1771002 0.8518552 0.4929282 -0.7145403 0.6943574 -0.08543972 -0.1750485 0.8524941 0.4925564 -0.7722964 0.6326071 -0.05802225 -0.1733832 0.8529592 0.4923402 -0.8097599 0.5854845 -0.03868832 0.9204519 0.390847 -0.002639858 0.9174878 0.3970514 0.0237972 -0.3697113 0.8069462 0.4605989 -0.4033605 0.7665214 0.4997451 -0.2607557 0.8397729 0.4762226 -0.4854866 0.7267927 0.4858756 0.4994053 0.8238458 0.2680905 -0.5795818 0.6589157 0.4794945 0.9184772 0.3945214 0.02743106 0.8989043 0.3834237 0.2120314 0.8721164 0.3782529 0.3103833 0.7565366 0.3332958 0.5626422 0.6405103 0.2873817 0.7121505 0.5625117 0.2547271 0.7865714 -0.5700267 0.6749625 0.4685031 -0.6603397 0.6040106 0.4462317 -0.7558895 0.506837 0.4144241 0.4895513 0.2273214 0.8418221 0.4137261 0.1969101 0.8888516 -0.9361865 0.1890681 0.2963244 -0.9602224 0.1008821 0.260376 0.1399947 0.09780064 0.9853104 -0.9156452 -0.3832996 0.1211417 0.139787 0.2147558 0.9666124 -0.9203471 -0.3695777 0.1279596 -0.9587397 -0.2761916 0.06735226 0.03231925 0.5585884 0.8288151 -0.9458745 -0.270156 0.1798256 0.02269828 0.6653371 0.7461979 -0.9560044 -0.2225517 0.1911189 -0.02217336 0.7546734 0.6557259 -0.9648386 -0.1791434 0.1923385 -0.9766412 -0.1688353 0.1329161 -0.976011 -0.03244638 0.2152901 0.09587419 0.5351302 0.8393115 -0.05577196 0.8143025 0.577755 -0.9733646 -0.1366649 0.1840765 -0.9274432 0.1853198 0.3248163 -0.8890971 0.2741967 0.3665003 -0.8348749 0.3702275 0.4073272 -0.78187 0.4443659 0.4372851 -0.7275443 0.509613 0.4593189 0.9074476 0.3400948 0.2467273 -0.3638995 0.6633266 0.6538922 -0.6419508 0.5503015 0.533917 -0.7906861 0.313461 0.5258875 -0.6153455 0.4960185 0.61263 -0.5434135 0.4735496 0.6931468 -0.5445076 0.3890395 0.7430745 -0.4977466 0.3307384 0.8017858 -0.4219044 0.2953655 0.8571791 -0.3782414 0.2108775 0.9013679 -0.3098512 0.1397654 0.9404562 -0.2589094 -0.03326067 0.9653288 -0.6327986 0.4097368 0.6570249 0.9611889 -0.1147636 -0.2508888 -0.5097597 0.2309969 0.8287253 -0.4668408 0.1621806 0.8693429 -0.5455202 -0.07052531 0.8351251 -0.4241072 0.08947924 0.9011806 -0.3756486 0.01963618 0.9265541 -0.3450974 -0.06873992 0.9360463 -0.7723567 0.4117959 0.4836211 -0.7489323 0.3630565 0.5543378 -0.739222 0.3035189 0.6011881 -0.6911439 0.2668975 0.6716293 -0.6587821 0.2061209 0.723547 -0.6463058 0.1304072 0.7518529 0.1483631 -0.4842382 0.8622655 -0.6120072 0.06581156 0.7881092 -0.7328469 0.5123607 0.447685 -0.5772462 -0.002355887 0.8165668 -0.5427665 -0.07351213 0.8366603 -0.5066928 -0.1481191 0.8493074 -0.957331 0.1757365 0.2294212 -0.9621181 0.1606722 0.2202573 -0.9610205 0.1860251 0.2045343 0.9450846 -0.1452437 -0.2927788 0.9939289 -0.05336058 -0.09621873 -0.9006454 0.2054984 0.3828947 -0.8836735 0.1653296 0.4379353 -0.8657306 0.1245986 0.4847532 -0.8326973 0.09588592 0.5453633 -0.8249223 0.03537629 0.5641381 -0.8023504 -0.01940273 0.5965378 -0.7788132 -0.07312102 0.6229793 -0.7372812 -0.1202007 0.6648069 -0.711306 -0.1742337 0.6809452 -0.7011902 -0.2470611 0.6687998 -0.9564586 0.02068629 0.2911342 -0.9639351 -0.07957588 0.253962 -0.9470693 -0.1164811 0.2991518 -0.9110511 -0.06060092 0.4078155 -0.9263941 -0.1735141 0.3341957 -0.9013531 -0.1769109 0.3953039 -0.8920593 -0.2069291 0.4017594 -0.8369263 -0.2033845 0.5081231 -0.8180496 -0.2548671 0.5155944 -0.8476066 -0.3297633 0.4157154 -0.9539328 -0.2420021 0.1773336 -0.3114036 0.8290448 0.4644486 -0.3620616 0.8933483 0.2661584 -0.8955444 -0.2999608 0.3286696 -0.9565108 -0.283806 0.06738933 -0.9431036 -0.3252848 0.06888605 -0.9367313 -0.3439181 0.06522846 -0.9380553 -0.3076541 0.1593772 -0.9265253 -0.3434911 0.153508 -0.9183156 -0.3642765 0.1549163 0.8419066 0.5288047 0.1075123 0.8020928 0.4661099 0.3733479 -0.2647679 0.1916481 0.9450762 0.7622781 0.523424 0.3807354 -0.3144718 0.3015274 0.9001049 0.71908 0.5763352 0.3882804 -0.4293584 0.3634039 0.8267944 0.6687676 0.635789 0.3853858 -0.4840078 0.461855 0.7432539 0.8889568 0.4536547 0.06287421 0.9016968 0.4275811 0.06416648 -0.1176132 0.4606331 0.8797638 -0.6433102 0.592443 0.4849365 0.8911031 0.429718 0.1458687 0.8987804 0.4091688 0.1573997 -0.9553216 0.09481464 0.2799479 -0.1344645 0.07707383 0.9879165 -0.09646739 -0.1839175 0.9781965 -0.04110775 -0.009615465 0.9991085 -0.01460762 -0.2081883 0.9779797 -0.4223726 0.5345169 0.7320472 -0.715019 0.3882512 0.5813853 -0.7333274 0.137729 0.665779 -0.6761388 0.5353953 0.5061503 -0.6503155 0.5919208 0.4761507 -0.7583736 0.3106396 0.573038 -0.930135 -0.366741 0.01870451 -0.9247142 -0.380475 0.01193509 -0.5514212 -0.3714207 0.7469815 0.6328461 0.3968057 0.6648692 0.5648524 0.55448 0.6111413 0.54242 0.4179721 0.7287523 0.4307151 0.6355916 0.6407089 0.1881185 0.1903381 0.9635263 -0.8728488 -0.4166713 0.2540079 0.4395143 0.01615703 0.8980903 -0.0459868 -0.5437241 0.8380032 -0.7398696 -0.6705848 0.05393452 -0.2671804 -0.872846 -0.408356 -0.3337504 -0.8759529 -0.348306 -0.6176329 -0.3782282 0.6895456 -0.4457427 0.5109908 0.7349843 -0.4101616 0.2850204 0.8663318 -0.932773 -0.3574328 0.04665028 -0.5872589 0.7614775 0.2743701 -0.7371986 0.597467 0.3155494 -0.9264568 -0.3753448 0.02817847 -0.9243685 -0.380535 0.02712861 -0.9230895 -0.3833231 0.03113002 -0.9223625 -0.3852774 0.02843762 -0.9217118 -0.386487 0.03279018 -0.96015 -0.2756561 0.04610587 -0.9108303 -0.3924942 0.1278143 -0.9168991 -0.3862047 0.100707 -0.8993156 -0.3776822 0.2204259 -0.3820879 0.8946844 0.2314058 -0.4154426 0.8663441 0.2772281 -0.4705624 0.815482 0.3369868 -0.8336553 -0.3499115 0.4272948 0.435878 -0.6190155 0.6533224 0.8547355 0.482667 0.1909446 -0.7194444 -0.2979017 0.6274188 0.774382 0.3639286 0.5175795 0.3781205 0.4504416 0.8087813 0.8450842 0.4377948 0.3068688 -0.3919279 -0.1477558 0.9080533 -0.3027632 -0.1098714 0.9467115 0.783631 0.4333547 0.4451137 -0.6154094 -0.7861238 0.05727622 -0.2181487 -0.07262083 0.9732098 0.7086959 0.661378 0.2456202 0.7500773 0.6048471 0.2674771 -0.487428 -0.1920992 0.8517699 -0.5606148 -0.2292315 0.795716 -0.6304102 -0.2576528 0.7322554 0.7609284 0.5789172 0.2929895 -0.7895445 -0.3330594 0.5154522 0.6905592 0.5983696 0.4063026 -0.8680927 -0.365944 0.3354102 0.7386859 0.5406343 0.402564 0.7704845 0.5028085 0.3918382 -0.9201955 -0.3905712 0.02634901 -0.1491949 0.5444129 0.8254426 0.7263454 0.4737077 0.4980195 0.8268394 0.4078587 0.3872827 -0.915478 -0.3445993 0.2077288 -0.8802792 -0.3318102 0.3391321 -0.8299974 -0.3123964 0.4620744 -0.7832953 -0.2943819 0.5475288 0.7627708 0.3739154 0.5276059 0.5145877 0.792638 0.3269932 -0.4047746 -0.1515346 0.9017731 -0.3113277 -0.1164112 0.9431455 0.0434777 0.2444011 0.968699 0.1740687 0.7034844 0.6890645 -0.2362668 -0.05436301 0.9701663 -0.01181738 0.2615926 0.965106 0.03192594 0.3506402 0.9359659 -0.04432512 0.3051491 0.9512725 -0.08865964 0.2741716 0.9575852 -0.1342991 0.2557609 0.9573663 -0.1846617 0.2467048 0.9513342 -0.2224851 0.2128672 0.9514137 -0.2543558 0.1733401 0.9514496 -0.2793975 0.1291005 0.9514568 -0.2956511 0.08255269 0.9517224 -0.2871566 0.0275932 0.9574861 -0.3068918 -0.01784158 0.9515772 -0.6862997 -0.6598886 0.3058427 0.07414528 0.4194453 0.9047476 -0.0368274 0.4758131 0.8787751 0.04889591 0.4800501 0.8758773 -0.1486557 0.4535137 0.8787644 -0.2221711 0.4207264 0.879562 -0.472085 0.04360415 0.880474 -0.4105355 -0.09754819 0.9066118 0.8167365 0.1477711 0.5577681 0.5896173 -0.3021814 0.7490246 0.1061967 0.6042836 0.7896605 -0.04577829 0.6381339 0.7685633 0.06312573 0.6352558 0.7697176 -0.08378823 0.5442163 0.8347503 -0.1986708 0.6070376 0.7694383 -0.2967215 0.5643755 0.7703484 -0.3324069 0.436636 0.8359752 -0.3990154 0.3770977 0.8358134 -0.4554154 0.3060785 0.83601 -0.4993602 0.2267485 0.8361965 -0.5301035 0.1428835 0.8358077 -0.6338434 0.06176134 0.7709916 -0.5469164 -0.03852757 0.8363003 -0.5952317 -0.1405122 0.7911735 0.1688236 0.3983385 0.9015681 0.1344823 0.5701863 0.8104332 -0.00741279 0.5872372 0.8093809 -0.03553856 0.6801403 0.73222 0.3426587 -0.774576 0.5316173 0.5079607 -0.2906852 0.8108502 0.3990028 -0.1730188 0.9004784 0.4232429 -0.09512312 0.9010089 0.5263201 -0.1753751 0.832004 0.342048 -0.7714903 0.5364754 -0.3302197 0.8972468 0.2930924 0.134461 0.7678997 0.6262988 -0.05645025 0.7781901 0.6254866 0.07210344 0.7771579 0.6251614 -0.1188465 0.7556329 0.6441229 -0.4037483 0.7181166 0.5668297 -0.3763325 0.5437356 0.7501503 -0.2435301 0.7391382 0.6279871 -0.3629324 0.6887662 0.6275995 -0.4631482 0.6076926 0.6451383 -0.5556546 0.523488 0.6459166 -0.634005 0.4248361 0.6461826 -0.6950217 0.3146061 0.6465043 -0.7372051 0.1959081 0.6466441 -0.7731676 0.07441758 0.6298205 -0.7610106 -0.0550607 0.6463987 -0.7556312 -0.1791956 0.6300082 0.4178822 0.1868001 0.8890895 0.3015842 0.3777412 0.8754191 -0.04612789 0.8074729 0.5880984 -0.1742527 0.898589 0.4027081 -0.2851691 0.8925925 0.3492238 0.3285881 -0.6113239 0.7199396 0.2399673 0.09388787 0.9662302 0.3106454 -0.6769879 0.6672232 0.1548706 0.8876494 0.4336976 -0.3148284 -0.876309 -0.3646445 -0.5096154 -0.8425191 -0.1745099 -0.06597227 0.8989404 0.4330749 0.08257153 0.8977623 0.4326717 -0.1397086 0.8897902 0.4344592 -0.2839113 0.8545506 0.4348997 -0.4203924 0.7961798 0.4351643 -0.5454062 0.7160922 0.4355962 -0.8132132 0.3418352 0.4709915 -0.8811867 0.094257 0.4632771 -0.6555593 0.6165819 0.4359687 -0.7478578 0.5003161 0.4363398 -0.8198453 0.3705064 0.4365531 -0.8694882 0.2305914 0.4368271 -0.8954884 0.08444184 0.4370013 -0.8971401 -0.06399019 0.4370869 -0.8747423 -0.209129 0.4371395 0.4341422 0.3407958 0.8338937 0.196202 -0.05409365 0.9790703 0.8550422 0.3237559 0.405074 0.908398 0.1534916 0.3889131 0.3003423 0.2594936 0.9178549 0.1624228 0.964795 0.2068562 -0.02850271 0.9929949 0.1146675 0.08655637 0.9448269 0.3159273 -0.1542409 0.972214 0.1760958 -0.3103724 0.9340833 0.1765146 -0.4581855 0.8709874 0.1773327 -0.5937293 0.7845784 0.1786679 -0.7133431 0.6772139 0.1803411 -0.8137962 0.5517511 0.1825003 -0.8924434 0.4115427 0.1848712 -0.9470883 0.2603419 0.1877388 -0.9762721 0.1022007 0.1909133 -0.9791692 -0.05865713 0.1943891 -0.9558673 -0.2174583 0.1975591 0.4479971 -0.6955152 0.5617448 -0.1151749 0.1857991 0.9758142 0.5568154 -0.6141138 0.5593039 -0.1434372 0.1638787 0.9759967 0.4882143 0.7708927 0.4091103 0.510168 0.7211436 0.4687009 0.5284615 0.6729499 0.5175586 0.5264769 0.6330322 0.5675317 0.911047 0.09770416 0.4005587 -0.2031717 -0.02436291 0.97884 0.8961568 0.2401641 0.3731275 -0.1763581 -0.05835185 0.982595 0.5700498 0.5761001 0.5857916 -0.2190327 -0.08256742 0.9722177 0.5916257 0.5194631 0.6165526 0.5930187 0.4635005 0.6584042 -0.5036623 -0.1891379 0.842942 -0.5814769 -0.2188685 0.7835695 -0.6539254 -0.2462688 0.7153553 -0.7289563 -0.2744237 0.6271478 0.6131456 0.411782 0.6741573 0.6459997 0.3385011 0.6841794 0.3101738 0.8413033 0.44272 -0.9295711 -0.3546105 0.1007421 -0.9321825 -0.3610965 0.0253984 -0.9882175 -0.123719 0.09011035 -0.9949217 0.03671702 0.0937158 -0.9757618 0.1962495 0.09682434 -0.9311896 0.3506995 0.09947714 -0.7710111 0.628416 0.1031273 -0.5295753 0.8420168 0.1027505 -0.3888354 0.9158005 0.1005808 0.2918313 0.3243083 0.8998103 0.2221998 0.9709183 0.08913477 0.3161745 0.9485188 0.01859324 0.3228962 0.9416043 0.09549529 0.3261233 0.9284856 0.1776458 0.3072921 0.8716067 0.3819337 0.2704923 0.7655834 0.5837089 -0.2549863 0.645269 0.7201458 0.223608 0.624736 0.7481339 -0.3813789 0.8055169 0.4535335 0.1942772 0.5489518 0.8129627 0.1631042 0.4574088 0.8741706 0.122858 0.337015 0.9334489 0.2773314 0.8109707 0.5151833 0.05351647 0.1584914 0.985909 -0.271176 -0.7927601 0.5458892 0.1565662 -0.1967329 0.9678756 0.1869474 -0.1686363 0.9677874 0.2119542 -0.1353526 0.9678611 0.2308936 -0.09858412 0.9679717 0.2434031 -0.05942045 0.9681034 0.2488362 -0.01947718 0.9683497 -0.08302753 0.8989207 0.430172 -0.1159234 0.9059189 0.4072747 -0.2873678 0.8991448 0.3300885 -0.9101401 0.2318005 0.3433853 0.6140806 -0.4780298 0.6280068 0.3120367 0.02859518 0.9496396 0.304142 0.07718596 0.9494946 0.287105 0.1254396 0.9496503 0.2625368 0.1684003 0.9501135 0.2152932 0.198448 0.9561732 0.1933703 0.2445594 0.9501572 0.1518694 0.2706654 0.9506187 0.2735252 -0.7683648 0.5786185 0.2629075 -0.3337301 0.9052645 0.3134408 -0.2877553 0.9049595 0.3565859 -0.2327185 0.9048141 0.3901151 -0.1713507 0.9046818 0.5138589 0.6040118 0.6091952 0.4131209 -0.1053168 0.9045659 0.4248488 -0.03732572 0.9044945 0.3536836 0.3221054 0.8781549 0.4647445 0.782578 0.4142273 0.3104221 -0.4788347 0.8211915 -0.4049208 0.8392873 0.3628168 -0.4029699 0.7175274 0.5681282 0.9210821 0.05232826 0.3858362 -0.1588332 -0.4680436 0.8693142 -0.2925968 -0.2120289 0.9324328 0.7933647 0.4420881 0.4184859 0.3781242 -0.4832157 0.7896358 0.4512418 -0.4158661 0.7895798 0.5135723 -0.3364288 0.789341 0.5619827 -0.2478076 0.7891558 0.5952043 -0.1524563 0.7889797 0.6125122 -0.05339491 0.7886557 0.5507309 0.04577815 0.8334266 0.5361774 0.1327667 0.8335987 0.5072095 0.2187027 0.8336112 0.465957 0.2979299 0.8331398 0.4756857 0.42902 0.7678965 0.3415997 0.4328588 0.8342319 0.2695761 0.4817484 0.8338149 -0.9395031 -0.3389909 0.04918457 -0.9642491 -0.2609943 0.04588725 -0.9117645 -0.4096924 0.02894347 -0.9314582 -0.3625585 0.03061105 0.3449723 -0.7869012 0.511645 0.4260184 -0.09372817 0.8998463 0.3085849 0.1537689 0.9386855 0.546172 0.1399029 0.8259076 0.4316677 0.3300755 0.839472 0.3005113 0.1776119 0.937095 0.1746945 0.3960769 0.901446 -0.9128419 0.01513757 0.4080326 -0.05375972 0.5665734 0.8222557 -0.03553856 0.6801403 0.73222 -0.03535343 0.6799302 0.7324241 -0.1998467 0.7584671 0.6203136 0.4789758 -0.6150164 0.6263681 0.5727798 -0.5290522 0.6261207 0.6520505 -0.4280607 0.6257749 0.7135862 -0.315368 0.62557 0.755774 -0.1941037 0.6254034 0.7775252 -0.06758023 0.62521 0.7639829 0.06065124 0.6423796 0.7435442 0.1840676 0.6428539 0.7033109 0.3034473 0.6428635 0.6440099 0.4146051 0.642926 0.5784325 0.5229972 0.6260109 0.4746534 0.6013336 0.6427301 0.3714821 0.6694022 0.6433519 -0.08624655 0.4485071 0.8896083 0.5088383 0.1181191 0.85272 0.4629608 -0.0748307 0.8832144 0.4246785 0.157329 0.8915693 0.5479752 -0.1427474 0.8242247 -0.5460977 0.4761521 0.6892434 0.475335 0.2012692 0.8564738 -0.798195 -0.1559442 0.5818643 -0.7809516 -0.1304875 0.6108089 -0.6840737 -0.4940122 0.5366518 0.5529462 -0.7112946 0.4339476 0.6615416 -0.6119524 0.4334478 0.7531392 -0.4951185 0.4331732 0.8243146 -0.3648505 0.4328851 0.8731258 -0.2246647 0.4326397 0.8982337 -0.07834669 0.4324789 0.8989901 0.07009052 0.4323241 0.8753149 0.2166437 0.4323069 0.8278983 0.3573188 0.4323282 0.7580226 0.4882919 0.4324034 -0.00250079 0.4466836 0.8946885 0.0973844 0.3712908 0.9233956 0.08134657 0.2309121 0.9695681 -0.5265864 0.1722445 0.8324894 0.6675745 0.6060045 0.4325539 0.558618 0.7078163 0.4323679 0.4390612 0.7926412 0.4230191 0.8656657 0.1791033 0.4674878 -0.3498358 0.04261776 0.9358412 -0.2768464 -0.220732 0.9352184 0.7240711 0.3663268 0.584402 -0.7600176 0.3141153 0.5689506 -0.8334085 0.0993348 0.5436569 -0.7928975 -0.1172463 0.5979689 -0.2537977 -0.4442358 0.8592097 0.6016353 0.4538532 0.6573068 -0.7814266 -0.4849143 0.392722 -0.4982042 0.4541238 0.7386231 0.6772622 0.5675555 0.4681844 0.6018362 0.5943561 0.5334173 0.5459638 0.7084767 0.4471961 0.4170349 0.7612979 0.4964951 0.6009282 -0.7683765 0.2201882 -0.9907028 0.02239843 0.1341873 -0.9693775 -0.005945946 0.2455035 -0.9350085 -0.1864487 0.3016553 0.7207304 -0.6580686 0.2179298 0.127032 0.1344722 0.9827411 0.3165656 0.820726 0.4755998 -0.4030376 0.7395614 0.5390822 -0.7195378 -0.2387657 0.6521168 0.8210407 -0.5290541 0.214462 0.8982878 -0.3858464 0.2102419 0.9506128 -0.2323937 0.205739 0.9768203 -0.07284594 0.2012846 0.9764174 0.0885165 0.1969107 0.9495237 0.247394 0.1928756 0.8969683 0.3995627 0.1892021 0.8202307 0.5409673 0.1859462 0.7214144 0.6678499 0.1831329 0.6026143 0.7771931 0.181182 0.4718581 0.8704962 0.1399515 0.2719443 0.7566431 0.5945902 0.5384568 0.8370448 0.09705792 0.288797 0.6962538 0.6571354 0.3064106 0.6344993 0.7095937 0.8658893 0.4925403 0.08740556 0.9343271 0.345987 0.08559189 0.9780383 0.1916493 0.08192488 0.9964249 0.03251334 0.07797679 0.9891243 -0.1272326 0.07379027 0.9564913 -0.2833682 0.06947557 0.8995964 -0.4318329 0.06516709 0.3530896 0.5675514 0.743783 0.3766742 0.502785 0.7780256 0.6041373 -0.794907 0.0560436 0.4012691 0.4310815 0.8081781 0.4947116 -0.8440188 0.2071057 0.4956723 -0.794838 0.3500593 0.4475774 -0.7406459 0.5011169 0.3696214 -0.5778398 0.7276546 0.3233754 -0.5089754 0.7977295 0.4280611 0.357187 0.8301694 0.4567001 0.2776563 0.8451816 0.1295701 0.8132017 0.5673751 0.1211405 -0.1159868 0.9858357 -0.7074756 0.6684581 0.2294386 0.1547732 -0.07588892 0.985031 -0.8690023 0.4073147 0.2809443 0.1671899 -0.0515846 0.9845743 -0.9135528 0.2612991 0.3116796 0.1757563 -0.02501944 0.9841157 -0.9325798 0.1106401 0.3435894 0.207623 0.007857072 0.9781774 -0.925732 -0.03923513 0.3761394 0.21043 0.03891813 0.976834 -0.8939298 -0.1838428 0.408768 0.2029509 0.0723807 0.9765101 -0.8392356 -0.3310649 0.4313694 0.1716562 0.1341587 0.9759793 -0.6713118 -0.5616636 0.4836057 0.1936682 0.5405079 0.8187453 0.1994219 0.4602853 0.8650829 0.08992608 0.1880164 0.9780404 -0.3269965 -0.7691291 0.5491026 0.2305381 0.386297 0.8930995 0.07671206 0.216002 0.9733747 0.2570163 0.3035128 0.9175089 -0.4728808 0.8095943 0.3477654 -0.4874365 0.7920836 0.3674359 -0.5908582 0.6190585 0.5173521 0.2892556 0.2121566 0.9334456 0.00329393 0.8573432 0.5147348 0.01327829 0.8017957 0.5974507 0.2475709 0.695964 0.6740495 0.08047463 0.7447621 0.66246 0.2906724 0.8236459 0.4869466 0.0922889 0.676875 0.7302897 0.3190599 0.9056039 0.2794323 0.1124468 0.6114483 0.7832539 0.08653929 0.5243585 0.8470886 0.2050736 0.02414191 0.9784488 0.1913557 -0.05374028 0.9800485 -0.6516387 -0.7567488 0.05194453 0.1619767 -0.1267908 0.9786152 0.951936 0.2717592 0.1412967 -0.1466856 0.7769682 0.6122122 -0.292795 0.6897052 0.6622521 0.8453219 0.374818 0.380713 -0.7524347 -0.5984027 0.2752385 0.06246779 -0.4308073 0.9002793 0.9277197 0.2793624 0.2475739 0.8238246 0.4599261 0.3313323 0.05817689 0.3117291 0.9483883 0.3704883 0.07599614 0.925723 0.3767378 -0.02412941 0.9260056 -0.3071204 0.4863205 0.8180278 0.3469929 -0.1034377 0.9321462 0.3313121 -0.178284 0.9265242 -0.5090677 0.5182915 0.6871856 -0.4814286 0.4967697 0.7221124 -0.4920148 0.2430223 0.8359794 0.2772201 -0.2487109 0.9280581 0.2240431 -0.2717711 0.9359194 0.5213581 0.1483317 0.8403472 -0.5090026 0.775505 0.3735082 -0.6205397 0.604524 0.4994809 -0.1888185 0.8568092 0.4798182 0.1318334 -0.2352601 0.96295 0.2559285 -0.5977199 0.7597576 0.2878526 -0.4390913 0.8510815 0.5793593 0.04753113 0.8136852 0.555828 -0.04934288 0.8298316 0.5246615 -0.1627053 0.8356179 0.4829662 -0.2697726 0.8330465 0.4098277 -0.3959418 0.821749 0.9295025 -0.004624396 0.3687868 0.415201 -0.4937768 0.7640632 0.6963382 0.1790548 0.6950198 0.7551234 0.04537614 0.6540104 0.7324046 -0.07895687 0.6762761 0.6950654 -0.227769 0.681913 0.6349457 -0.3685014 0.6790071 -0.1177128 0.2284901 0.9664036 0.5467226 -0.5194137 0.6567372 0.4254099 -0.6600684 0.6191415 0.8472538 0.2137187 0.4862976 0.8695957 0.05737793 0.4904193 0.8626792 -0.09945176 0.4958769 -0.251273 0.1330734 0.9587249 0.8222025 -0.2765467 0.4974987 0.3296144 -0.7936804 0.5112981 0.7512944 -0.4519734 0.4809124 0.6588005 -0.5842832 0.4739146 -0.3793493 0.6728906 0.6350688 0.4063031 0.1381802 0.9032298 0.9473906 0.05600373 0.3151422 0.3029679 -0.04933488 0.9517229 0.9412753 -0.1164374 0.3169277 0.8916642 -0.3099372 0.3299604 -0.7430888 -0.01534469 0.6690169 -0.09588655 0.6715248 0.7347518 0.7323256 -0.5886828 0.3422744 0.5476757 -0.749751 0.3713823 0.9600653 0.1825459 0.2120178 0.9900285 -0.03212126 0.1371561 0.9595876 -0.237698 0.1506361 0.8977705 -0.4205369 0.1309841 0.8119639 -0.538355 0.2255848 0.6703881 -0.7067989 0.2258651 0.5341614 -0.8379727 0.1116844 0.1015091 0.3557474 0.9290531 0.1586066 0.2802005 0.9467479 0.123439 0.03696804 0.9916633 -0.9469089 -0.2952054 0.1273471 0.8817754 0.2389222 0.4066796 0.1416026 0.01201507 0.9898507 -0.9846995 -0.09198438 0.1480062 0.9337966 0.3566062 -0.02925487 0.9356128 0.3456685 -0.07170704 0.9317499 0.3587504 -0.05603869 0.9263835 0.3733132 -0.0495069 0.9236289 0.3799693 -0.05032845 0.1124243 -0.08304328 0.9901841 -0.7884922 0.5828869 0.1962726 0.09429525 -0.09276149 0.9912133 -0.7097098 0.678373 0.1900581 0.08874295 -0.09308794 0.9916952 -0.6446101 0.7416055 0.1857392 0.9286162 0.3704432 0.02106546 0.09341317 -0.1398818 0.985752 -0.4813576 0.854877 0.1935977 0.9156203 0.4011474 0.02683781 0.1412372 -0.2093824 0.96758 0.2193254 -0.3385248 0.9150395 -0.3229411 0.2742528 0.9058115 -0.8062765 -0.3207432 0.4970333 0.9145458 0.4031723 0.0325267 0.9075188 0.4176364 0.04460442 0.9093474 0.415738 0.0157853 0.5934306 -0.7998703 -0.08970884 0.8350191 -0.5483862 0.04489655 0.9940427 -0.105616 0.02691574 0.6416996 -0.7661723 0.0346652 0.7307757 -0.6806066 0.0523594 0.7796377 -0.6245264 0.0461712 0.9995485 -0.006579304 0.02931765 0.875898 -0.4815609 0.03002985 0.9245018 -0.3800797 0.02890931 0.9692284 -0.2442237 0.03084086 0.9782656 0.2005229 0.05279137 0.9333464 0.3563552 -0.04330551 0.9963129 0.07687449 0.03808963 0.9645335 0.2606989 -0.04136756 0.9499961 0.3096893 0.03999973 0.9995376 -0.02023107 -0.02269788 0.1604648 0.5846307 0.7952723 -0.03553856 0.6801403 0.73222 -0.04315391 0.7758884 0.6293925 0.8469242 0.3292488 0.41751 0.4038461 0.9052432 0.1320721 0.6654797 0.740663 0.09249328 0.4923025 0.1875237 0.8499842 0.3976054 0.1460032 0.9058659 0.7762561 0.6241033 0.08900242 0.220989 0.07796633 0.9721549 0.8201817 -0.5688164 0.06123562 0.7209293 -0.6905163 0.058721 0.5355645 -0.8441596 0.02377675 0.3051663 0.1114934 0.9457498 0.6009814 -0.7991257 0.01481262 0.7086065 -0.7056034 0.0007411826 0.5682568 0.2240896 0.79175 0.6357473 0.2500614 0.7302703 0.7274204 0.2904155 0.6217061 0.7972902 0.3121104 0.5166386 0.8069119 -0.5906646 -0.002929675 0.7833962 -0.5709503 -0.2455731 0.876603 0.3417864 0.3387465 0.9140287 0.3528091 0.2001932 0.9092864 0.4014478 0.1097174 0.9457431 -0.3248769 -0.005010571 0.9167766 -0.3151975 -0.2452983 0.9196568 0.3916185 0.02943399 0.9133907 0.3887774 0.1207042 0.9837056 -0.1797043 -0.005446466 0.9536884 -0.1726721 -0.246298 0.9637781 0.2666446 -0.00569531 0.9335918 0.2600137 -0.2465748 0.8232075 0.3598734 0.4391133 0.9130279 0.4078612 -0.005420312 0.8836516 0.3969495 -0.2481752 0.7013363 0.3113035 0.6412625 0.8403559 0.5420338 -0.001179045 0.8188954 0.5149369 -0.2534765 0.751894 0.6592819 0.001667485 0.7271238 0.6407973 -0.2463122 0.5326408 0.8463412 -0.000492892 0.5070444 0.8239762 -0.2529213 0.3126561 0.1556342 0.9370294 0.2000121 0.1153168 0.9729836 0.1950129 0.9808006 -0.0004034512 0.1926601 0.9472654 -0.2560671 -0.5896875 0.7696892 -0.2446367 -0.6059554 0.7954957 -0.002134446 0.05471721 0.3211601 0.9454429 -0.9276132 -0.345258 0.1425859 0.0672278 0.4638947 0.8833358 -0.9361532 -0.3122292 0.1616483 -0.9314014 -0.2687127 -0.2455298 -0.9626527 -0.2707291 0.002333744 -0.9563414 -0.2775828 0.09142674 -0.8623476 0.4960172 0.1016049 -0.6595605 0.744387 0.1042494 -0.2370258 0.9660939 0.1023788 -0.07675156 0.9916577 0.1035573 0.001814922 0.999992 -0.003563798 0.1125993 0.9823709 0.1492271 -0.9611913 -0.1962053 0.1939451 -0.9198555 -0.3915201 -0.02403981 -0.9298164 -0.33667 0.1486434 -0.6255807 -0.1827085 0.7584632 -0.08856621 0.147864 0.9850341 -0.01983471 -0.0005713711 0.9998031 -0.9210564 -0.3663671 0.132024 -0.9151948 -0.3841399 0.121881 -0.9204587 -0.3908307 0.002662012 -0.9121797 -0.3688996 0.178441 -0.4377612 -0.4983711 0.7483257 -0.5741338 -0.1843742 0.7977321 -0.3799314 -0.4196347 0.8243536 -0.505505 -0.4980176 0.7045872 -0.9122136 -0.407315 -0.04428217 0.9269183 0.3281817 0.1819871 0.9246178 0.3553168 0.1372296 0.9147834 0.3937435 0.09020695 0.9183167 0.3897382 0.0692712 0.8953071 0.443696 0.03948529 0.9552715 0.2955655 -0.009867933 0.9735644 0.2221763 0.05301075 -0.9094604 -0.4137785 -0.0408557 0.972893 0.1930699 0.1272916 0.9704666 0.1303295 0.2029997 0.7821497 -0.1346276 0.6083727 0.567989 -0.2492992 0.7843714 0.4390741 -0.5648367 0.6986941 0.5587136 -0.3438654 0.7547156 0.227917 -0.4717896 0.8517444 -0.90712 -0.419249 -0.03692631 -0.9204578 -0.390833 0.002661032 -0.9028799 -0.4154592 0.1104601 0.3658794 -0.3269551 0.8713396 0.4259671 -0.2627866 0.8657339 0.6894065 -0.09688131 0.7178667 0.7465555 -0.01562387 0.6651397 0.7807089 0.0420805 0.6234765 0.8489566 0.110491 0.5167828 0.8585708 0.3607875 0.3642645 -0.5205994 0.7648384 0.3794713 -0.650839 0.5893172 0.4786583 0.183702 -0.4852849 0.8548404 -0.920459 -0.3908301 0.002662053 -0.9204672 -0.3908111 0.002624719 -0.185939 0.3383009 0.9224853 -0.9138676 -0.3983451 0.07853081 -0.9200528 -0.3709956 0.1259566 -0.892842 -0.4086273 0.1893592 -0.7939427 -0.4782214 0.3754455 -0.595138 -0.560726 0.5756711 -0.4726988 -0.5372062 0.6985452 -0.3805241 -0.5396659 0.7509741 -0.2612623 -0.596563 0.7588508 -0.4147732 -0.296697 0.8601942 -0.9204588 -0.3908306 0.002661519 -0.920437 -0.3908816 0.002718262 -0.1550674 -0.5800241 0.7997038 0.04682505 -0.5195499 0.8531561 -0.01116001 -0.4339815 0.9008527 -0.9311599 -0.3641412 0.01850368 -0.9204556 -0.3908382 0.002660422 0.1170292 -0.3877739 0.9142951 -0.9204579 -0.3908327 0.002652726 -0.9204599 -0.3908279 0.002675518 0.1320551 -0.3505078 0.9272032 0.1843614 -0.4525678 0.8724639 -0.1396095 -0.6462944 0.7502084 -0.5386741 -0.6652404 0.5169966 -0.7021423 -0.6231375 0.3445226 -0.733645 -0.609504 0.3004496 -0.9204532 -0.3908438 0.002651338 -0.9522515 -0.1219944 0.2798831 -0.9217824 -0.2396477 0.3047723 -0.9000696 -0.3741503 0.2233521 -0.8906244 -0.4022896 0.2120174 -0.9204659 -0.3908138 0.002681103 -0.9481471 0.0649515 0.3111243 -0.9503079 -0.1156752 0.2890226 -0.8993199 0.2869308 0.3299916 -0.9431703 0.08253813 0.3218963 -0.05664358 -0.7763133 0.6277971 -0.1470397 -0.7509028 0.6438357 -0.8163092 0.4637775 0.3443105 -0.9004836 0.2832115 0.3300311 -0.6968444 0.6228905 0.3555494 -0.8123727 0.4731554 0.3408438 -0.5913874 0.7474338 0.3026609 -0.6748064 0.6444065 0.3596896 -0.4853993 0.7565078 0.4382734 -0.9746712 -0.04310523 0.2194492 -0.9611106 -0.1166733 0.2503071 -0.9494705 -0.2891155 0.1221391 -0.9306728 -0.3239192 0.1700722 -0.8447429 0.3831144 0.3736748 -0.9269715 0.266822 0.263685 -0.974361 -0.02612305 0.2234686 -0.9026556 0.2729511 0.332732 -0.9783996 -0.01319242 0.2063012 -0.9864314 0.02330182 0.1625118 -0.95173 -0.2822803 0.1205313 -0.9643257 0.1731875 0.2002048 -0.9748033 0.1062644 0.1961288 -0.9857197 0.0315555 0.1654116 -0.9798201 -0.1461872 0.1363157 -0.9884708 -0.04251571 0.1453202 -0.9903861 0.03403358 0.134079 -0.9672745 -0.2295817 0.1080384 -0.9490099 -0.2843257 0.1361583 -0.9297831 -0.3677122 0.01706239 -0.9095437 -0.4112286 0.06017662 -0.9680326 -0.2463562 0.04713346 -0.9581745 -0.2617597 0.1156869 -0.9472385 -0.3093631 0.08386768 -0.9395031 -0.3389909 0.04918457 -0.552612 0.7391233 0.3851191 -0.6784103 0.606856 0.4141078 -0.7214863 0.5460468 0.4257822 -0.8089533 0.409842 0.4214547 -0.8483737 0.3243431 0.4184061 -0.9013896 -0.2547436 0.3501464 -0.8753965 -0.4128105 0.2515322 -0.8693461 -0.4165004 0.2660166 -0.8608513 -0.4671374 0.2017863 -0.810928 -0.506583 0.2928644 -0.934952 -0.3362924 0.1130142 -0.8458232 -0.5332015 -0.01671069 -0.9395031 -0.3389909 0.04918457 -0.8982971 -0.4368717 0.04696216 -0.9895901 -0.09333134 0.1095475 -0.9430165 -0.2211629 0.2486099 -0.9392314 0.2478242 0.2375448 -0.89231 0.3519901 0.2826409 -0.9084769 0.3090577 0.2813415 -0.8987089 0.331864 0.2866854 -0.8615466 0.396521 0.3170309 -0.7529761 0.5818753 0.3073242 -0.6907689 0.6399076 0.3366848 -0.550914 0.7674787 0.3278265 -0.5787122 0.7356855 0.3519362 -0.5859184 -0.7610002 -0.2785289 -0.9505016 0.1359723 0.2793891 -0.9674674 0.167851 0.1892959 -0.9693775 -0.005945946 0.2455035 0.9521935 0.242359 0.1859828 -0.2350322 -0.8796834 -0.413421 -0.3801224 -0.8658713 -0.325229 -0.2242059 -0.8809064 -0.416816 -0.3530992 -0.8891363 -0.2911315 -0.217764 -0.8815553 -0.4188545 -0.3345212 -0.8926448 -0.3021273 -0.1553155 -0.8847825 -0.4393598 -0.1565725 -0.9449389 -0.2873597 -0.9301795 0.1811709 0.3192855 -0.2551574 -0.865405 -0.4312412 -0.3654758 -0.8423514 -0.3960702 -0.2930142 -0.8691134 -0.3984779 -0.3876295 -0.8735729 -0.2943021 -0.8841778 0.3864737 0.2624267 -0.8763259 0.3316131 0.3494077 -0.247283 -0.8781742 -0.4094644 0.5241514 -0.5512414 0.6491519 -0.9786835 -0.1924967 0.07157908 -0.9223637 -0.3184587 0.218699 0.9904522 0.08985268 -0.1045507 0.7535127 -0.09296995 0.6508266 0.2724742 0.7144622 0.644439 0.8956916 0.442079 0.04798568 0.8895167 0.4487531 0.0859112 0.806534 0.5817053 0.1054607 0.7475491 0.6641345 0.009781901 0.9047511 0.4098159 0.1160878 0.7750307 0.61266 0.154839 0.770292 0.6184272 0.1555572 0.6934741 0.7084568 0.1310824 0.744315 0.6361363 0.2032874 0.571023 0.7961429 0.200223 0.9101919 0.3806634 0.1632365 0.7383444 0.630884 0.2383965 0.7686514 0.6132684 0.1818705 0.656223 -0.4403537 0.6127479 -0.9871166 -0.04620288 0.1531868 -0.5780794 0.7137618 0.3954344 0.7422147 0.6286596 0.2321732 0.6990499 0.6565376 0.2833508 0.46126 0.8515352 0.2492528 -0.6811614 0.6275758 0.3770515 0.4885316 0.8414218 0.2309681 0.3183909 0.9025601 0.2898491 0.9096289 0.3584819 0.209919 0.7062929 0.6546775 0.2693466 -0.8201457 0.4689944 0.3277274 0.9177098 0.3206606 0.2344901 -0.2433544 0.3630645 0.8994236 -0.137191 0.08283114 0.9870753 -0.5120661 -0.7275525 0.4565694 -0.9454843 0.204354 0.2535724 0.6852247 0.6671975 0.2920866 0.4200256 0.8502519 0.3172542 0.893869 0.2231458 0.3888499 0.4155195 0.8542693 0.3123579 0.3328193 0.8637359 0.3784066 0.2185577 0.9165212 0.3349946 -0.6129786 0.4285469 0.6637807 -0.6332771 0.1675258 0.7555761 0.2082965 0.9178374 0.3379158 0.02292003 0.9407529 0.3383174 0.6072326 0.7066034 0.3632909 0.673008 0.5992084 0.4336006 0.4129435 0.8321268 0.3701926 0.5514409 0.7293516 0.4049187 0.4088611 0.8096657 0.4210393 0.3327989 0.8443313 0.4199399 -0.2217143 0.8686111 0.4431224 0.1704349 0.89183 0.419036 -0.3304802 0.822983 0.4620408 -0.2685118 0.8605401 0.4328651 -0.08345453 0.9178394 0.3880802 -0.1159234 0.9059189 0.4072747 -0.2771735 0.8884212 0.3658998 -0.1603194 0.9185083 0.3614417 -0.4858061 -0.8133453 -0.3200967 -0.590267 -0.797404 -0.1254259 0.5546103 0.8022714 0.2208347 0.083184 0.09813411 0.9916905 -0.02478238 0.3213728 0.9466284 0.9945677 -0.04427859 0.09420446 0.9066106 0.04200726 0.419872 -0.4283242 0.7924597 0.4342189 -0.2305734 0.7139085 0.6611887 -0.3115098 0.8274212 0.4672641 0.907052 0.4206998 0.01638087 0.7515452 -0.4957193 -0.4352495 0.8121794 -0.507974 -0.2869267 0.7650836 -0.478916 -0.4304492 0.8383043 -0.466025 -0.2829604 0.7782214 -0.4615627 -0.4258302 0.8672874 -0.4042266 -0.2905399 0.777877 -0.4622453 -0.425719 0.8205074 -0.4078465 -0.4005357 0.8081059 -0.4235783 -0.4093241 0.8305661 -0.3998594 -0.3876498 0.8182282 -0.408781 -0.4042284 0.8548585 -0.3719084 -0.3618025 0.7663144 -0.4770049 -0.4303818 0.7624163 -0.4629815 -0.4520725 0.3916054 -0.7540256 -0.527343 0.7365816 -0.5132008 -0.4405366 0.743278 -0.5247594 -0.4149282 0.4819464 -0.7699835 -0.4181544 0.453013 -0.7404857 -0.4964475 -0.8966922 -0.3866521 -0.215507 -0.9141892 -0.3914364 -0.1050505 -0.9141394 -0.392126 -0.1028896 -0.8952924 -0.3887137 -0.217608 -0.7947106 -0.3574468 -0.490578 -0.7110433 -0.3255745 -0.6232325 -0.6134781 -0.2862913 -0.7359904 -0.61764 -0.2864827 -0.7324265 -0.6738408 -0.2933964 -0.6781277 -0.733486 -0.317623 -0.6009276 -0.7833757 -0.3357191 -0.5230825 0.8251117 0.499053 0.2648333 -0.9191829 -0.3937197 -0.009360512 -0.9178856 -0.3965979 -0.01400095 -0.918367 -0.3957075 -0.004202679 -0.9191494 -0.393901 -0.002528115 -0.9190311 -0.394182 -0.001549938 -0.9187089 -0.3949338 -0.001155079 -0.9090948 -0.4031622 -0.1049142 -0.7272697 -0.3509247 0.5898564 -0.9133167 -0.4069919 -0.01450068 0.9386988 0.3302908 0.09875506 -0.9069198 -0.4167972 -0.06145459 -0.9014211 -0.4307287 -0.04373424 -0.9065278 -0.4193803 -0.04824458 -0.8696932 -0.3967337 -0.2936598 -0.8769293 -0.4344077 -0.2056329 -0.8833848 -0.4503937 -0.129525 -0.8836317 -0.4624039 -0.07333309 -0.6426966 -0.3633062 0.6744996 -0.892039 -0.4478511 -0.0607932 0.7734228 0.6174939 0.1432423 0.7035374 0.6839716 0.1929196 -0.9191833 -0.393268 -0.0210315 -0.9199651 -0.3912509 -0.02422786 -0.8676786 -0.3761243 -0.3250606 0.6183962 0.6334342 0.4651315 -0.6205274 -0.7425606 -0.25209 -0.6284965 -0.7681582 -0.1221685 -0.6936567 -0.7152038 -0.08557974 -0.5260283 -0.4966497 0.6903864 -0.4596024 -0.8133172 -0.3567643 -0.977761 -0.1159497 0.1747543 -0.9706407 -0.1497016 0.1882711 -0.6624615 -0.7080612 -0.2445282 -0.9501609 -0.2507228 0.1852896 -0.9395078 -0.2985047 0.1679883 -0.9057169 -0.423414 -0.01993486 -0.5098774 -0.7683857 -0.3867926 -0.5150544 -0.7155734 -0.4718831 -0.5845953 -0.6269578 -0.5149487 -0.6032592 -0.5532346 -0.5744648 -0.6349041 -0.4778714 -0.6070715 -0.6740934 -0.3971064 -0.6228199 -0.02664092 0.3285677 0.9441046 -0.1325594 0.5360127 0.8337376 -0.656818 -0.6912006 -0.3013834 -0.6760379 -0.6461736 -0.3541643 -0.6983612 -0.5939142 -0.3994466 -0.7230595 -0.5360173 -0.4357411 0.1081243 0.04003508 0.9933309 -0.922475 -0.366374 0.1216959 -0.7495561 -0.47378 -0.4622751 -0.9154786 -0.3843368 0.1190976 0.1615289 0.05539307 0.9853122 -0.9137258 -0.388241 0.1198919 -0.7770962 -0.40887 -0.4784838 -0.766619 -0.6082801 -0.2056469 -0.6081215 0.7728193 0.18149 -0.7824799 -0.5735364 -0.2424485 -0.8164761 0.5454485 0.189348 -0.8862943 0.4219201 0.1909601 -0.8136423 -0.5288032 -0.2415646 -0.8120394 -0.5018393 -0.2979083 -0.8302149 -0.4591584 -0.316096 -0.84894 -0.4150519 -0.3271588 -0.9711643 -0.1978366 0.1330438 -0.9342916 -0.3365329 0.1176638 -0.8553 -0.5079322 -0.1023072 -0.8631753 -0.4890091 -0.1256918 0.1381647 0.02805724 0.9900118 -0.9726452 -0.1863456 0.138696 -0.8975134 -0.4357798 -0.06756921 0.1310634 -0.003154645 0.991369 -0.9856738 0.0069891 0.1685182 0.1248767 -0.01480193 0.9920618 -0.9722794 0.1462093 0.1824711 0.1268643 -0.04170663 0.9910429 -0.9382677 0.2901082 0.1883906 0.1112247 -0.05431896 0.9923097 -0.8878457 0.417535 0.1933766 0.1137487 -0.06881792 0.9911233 -0.8408995 0.505534 0.193193 -0.8786652 -0.453125 -0.1504168 -0.8878134 -0.4316573 -0.1595597 -0.8970243 -0.4098499 -0.1654403 0.09220405 -0.1120386 0.9894169 -0.5608942 0.8057818 0.190035 -0.5162591 -0.5891221 -0.6216202 -0.5733128 -0.434775 -0.6944661 -0.5984199 -0.3472227 -0.7220318 -0.8566785 -0.3779603 -0.351067 -0.9176097 -0.3953224 -0.04138317 -0.9151405 -0.4006973 -0.04426654 -0.906144 -0.4220818 -0.02738727 -0.5258147 -0.6882563 0.4998221 -0.8527418 -0.5152344 -0.08581968 -0.6983362 -0.5334353 0.477256 -0.7650479 -0.6214165 -0.1689476 -0.5566073 -0.7717983 -0.3074342 -0.8830939 -0.2280753 0.4100328 -0.9201545 -0.0808962 0.3831076 -0.9332326 0.07343913 0.3516867 -0.9189824 0.2298406 0.3203821 -0.8068953 0.5296974 0.2614206 -0.7125663 0.6607723 0.2358586 -0.830155 -0.4941919 -0.258103 -0.8686057 -0.4949586 -0.02323981 -0.4955115 0.8458201 0.1976279 0.09399257 -0.1508588 0.9840767 -0.4933813 0.8466775 0.1992792 0.1013042 -0.1318288 0.9860825 -0.5946883 0.7758522 0.2107111 -0.8900149 -0.3773982 -0.2558204 -0.9201494 -0.3915583 0.002661078 0.1391721 -0.09743963 0.9854627 -0.7998652 0.5442165 0.2530694 -0.925221 -0.3793922 -0.005260885 -0.8566144 -0.5134915 -0.05038105 0.009665832 0.9999533 0.0002346537 0.1310895 0.9913704 0.0004399282 0.008803511 0.9725846 -0.2323826 0.08737037 0.9624915 -0.2568591 -0.05681884 0.9983839 -0.001100676 -0.05493635 0.9672071 -0.2479766 -0.2018335 0.9794189 0.001342987 -0.1921023 0.9505058 -0.2442037 0.1899412 0.1044502 0.9762236 -0.7651182 -0.4497288 0.4608017 -0.3439545 0.9389637 0.006521515 -0.3338754 0.9107541 -0.2430108 0.1485431 0.1606222 0.9757743 -0.5705509 -0.6534846 0.497423 0.1211815 0.183 0.9756157 -0.4522304 -0.7282942 0.5148546 -0.4678111 0.8496504 -0.243407 -0.4768953 0.8789543 0.003198153 -0.2822494 -0.7897549 0.5446306 -0.6943603 0.6719773 -0.2575077 -0.7181655 0.6958699 -0.001830472 0.0507361 0.1837242 0.9816676 -0.1717166 -0.8204141 0.5453751 0.002737292 0.1823109 0.9832371 0.01946446 0.2147365 0.976478 -0.004837099 -0.8413741 0.5404314 -0.09921901 -0.8268525 0.5535978 -0.01418539 0.2196933 0.9754659 0.07067577 -0.8308073 0.5520545 -0.04961683 0.214175 0.9755343 0.1993581 -0.8024271 0.5624652 -0.08360637 0.202727 0.9756596 0.3279478 -0.7588687 0.5626443 -0.7886712 0.564337 -0.2439704 -0.8141987 0.5805845 -0.001437944 -0.864753 0.4400011 -0.2420771 -0.8919095 0.4522129 -0.0009631527 0.6520061 -0.5172811 0.554354 -0.1675202 0.1375964 0.9762194 0.7364155 -0.418397 0.5316354 -0.1868083 0.1077656 0.9764677 0.8070716 -0.3036604 0.506385 -0.2008005 0.07531636 0.9767326 0.8600089 -0.1772428 0.4785078 -0.2091087 0.04117165 0.9770253 0.8992147 -0.05809987 0.4336326 -0.2116562 0.006375927 0.9773234 -0.9216165 0.3041991 -0.2410101 -0.9495378 0.3136524 -0.0004123229 -0.9568801 0.161248 -0.2416187 -0.9857796 0.1680434 0.0002056645 -0.9702009 0.01987403 -0.2414856 -0.9998256 0.01865183 0.000888738 0.8685857 0.3427158 0.3579172 0.8877777 0.2701281 0.3726682 0.9109569 0.1644574 0.3783005 -0.9622649 -0.1271382 -0.240587 -0.9913602 -0.1311576 0.001635571 -0.002574426 -0.0007403916 -0.9999964 -0.9488868 -0.2081412 -0.2372575 -0.002579635 -0.0007389526 -0.9999964 -0.962156 0.1216505 -0.2438382 0.8051501 -0.35509 0.4750205 -0.002585195 -0.0007372283 -0.9999964 -0.9448457 0.2254465 -0.2375722 -0.002584653 -0.0007386773 -0.9999964 -0.9178023 0.3029179 -0.2566704 0.5308283 -0.6660972 0.5239617 0.4238566 -0.7259651 0.5415905 -0.002591198 -0.0007295175 -0.9999964 -0.8131927 0.5281428 -0.2445054 0.1986789 -0.8078357 0.5549128 -0.002583206 -0.0007362399 -0.9999964 -0.7470334 0.6308238 -0.2097673 0.02069883 -0.8362161 0.5480092 -0.00842052 -0.8377989 0.545914 -0.08545276 -0.8200296 0.5659057 -0.1246715 -0.8260883 0.5495772 -0.2092778 -0.8118031 0.5451408 -0.002579043 -0.0007375786 -0.9999964 -0.6547477 0.7260814 -0.2100266 -0.002577057 -0.0007425048 -0.9999964 -0.5542822 0.7953366 -0.2453792 -0.0025755 -0.0007430062 -0.9999964 -0.502131 0.8291962 -0.2455566 0.8714588 0.3351131 0.3581323 -0.1648705 -0.06304774 0.9842981 -0.002582287 -0.0007319442 -0.9999964 -0.4100109 0.880081 -0.2394756 -0.2558883 0.9364648 -0.2399061 -0.002580979 -0.0007313914 -0.9999964 -0.0910474 0.9648169 -0.2466549 -0.002577142 -0.0007359816 -0.9999964 0.6510428 0.6567697 0.3805217 0.7075393 0.5869617 0.3935278 0.756784 0.5257239 0.3884486 0.7871973 0.487857 0.377248 -0.006297693 0.9691481 -0.2463985 0.05194378 0.9606786 -0.2727609 -0.002576815 -0.0007370582 -0.9999964 -0.002580144 -0.0007405258 -0.9999964 0.1015564 0.961461 -0.2554975 -0.002575946 -0.0007520262 -0.9999964 -0.3235518 0.7905516 0.5199446 -0.3567051 0.8543646 0.3779188 0.8539591 0.3791328 0.3563876 -0.1766541 -0.04872693 0.9830661 0.8313328 0.4181601 0.3660982 -0.2532825 0.03593853 0.9667246 0.3517118 0.899379 -0.2596464 -0.002572333 -0.0007298288 -0.9999964 0.4349516 0.8630126 -0.256956 -0.00257522 -0.000733322 -0.9999964 0.5751128 0.7814936 -0.2418946 -0.00256847 -0.0007309435 -0.9999964 0.8202682 0.5130647 -0.2528334 -0.002566449 -0.0007355814 -0.9999964 0.6159946 0.6964757 0.3680655 -0.5179125 0.5285952 0.6725726 0.5692683 0.7519167 0.332498 -0.5739526 0.5830733 0.5749817 0.5357628 0.7946766 0.2853897 0.5539252 0.7731167 0.3089618 0.552491 0.7768383 0.3021191 -0.5905505 0.6347879 0.4982915 0.9215311 0.2981009 -0.2488299 -0.002566168 -0.000736002 -0.9999964 0.949994 0.1967965 -0.242451 -0.002572682 -0.0007407972 -0.9999964 0.3960928 0.8933165 0.2123584 -0.5364666 0.6881033 0.4885871 0.2842082 0.946338 0.1538507 -0.5276729 0.6935769 0.4904206 0.1998873 0.9734195 0.1118014 -0.5169858 0.6998483 0.4928875 0.1448341 0.9856943 0.0861964 -0.5085056 0.7051167 0.4941988 0.9659621 -0.07131546 -0.2486589 -0.002566648 -0.0007414222 -0.9999964 0.9409311 -0.2367224 -0.2420973 -0.002582839 -0.0007398267 -0.9999964 -0.05677263 0.9983216 -0.01143612 -0.4875695 0.7200267 0.493799 -0.1091384 0.9932548 -0.03916261 -0.4854126 0.7211114 0.4943408 -0.160506 0.9845919 -0.0694019 -0.4836077 0.7219195 0.4949302 0.9128962 -0.3138874 -0.2609506 -0.002573881 -0.0007409261 -0.9999964 0.8057602 -0.5378546 -0.2479172 -0.002571854 -0.0007439246 -0.9999964 -0.345926 0.9240403 -0.1627412 -0.4763687 0.724381 0.4983422 -0.4048786 0.7350703 0.5438244 0.6766321 -0.688533 -0.2609429 -0.002581978 -0.0007349142 -0.9999964 0.886485 -0.4627364 -0.004406462 0.8583404 -0.4503401 -0.2458567 -0.432761 0.8785359 -0.2022191 -0.4330797 0.8787667 -0.2005269 -0.363722 0.9160841 -0.1688081 -0.3207701 0.9350296 -0.1510833 -0.2641094 0.95656 -0.1234472 -0.2156797 0.9716129 -0.09721485 0.999519 -0.0304819 -0.005707564 0.9686464 -0.03145486 -0.2464442 -0.07272438 0.9969234 -0.02923715 0.9928263 0.1194252 -0.005790873 0.9624149 0.1156338 -0.2457363 0.08524991 0.995005 0.05193828 0.6447998 0.7643513 0.0006025494 0.625716 0.7402082 -0.2461124 0.4304585 0.9026082 -0.001975679 0.4166701 0.8721002 -0.2565683 0.3211519 0.9470247 -0.00236659 0.3115411 0.9165266 -0.2508407 0.490225 0.8322842 0.2588098 0.5620205 -0.8270274 -0.01259605 -0.3301376 0.9243613 -0.1912208 0.7185499 -0.6953892 -0.01094698 0.6827608 -0.6857182 -0.2522463 -0.4474913 0.8691368 -0.2106008 -0.3630331 0.4919574 0.7913184 -0.4315567 0.8782221 -0.2061183 -0.3340076 0.9224634 -0.1936499 -0.4033752 0.7669305 0.4991053 -0.2555033 0.823896 0.5058789 0.7256104 -0.6881045 -0.001352814 0.6431594 -0.765706 -0.006346802 -0.236516 0.7991958 0.5525814 -0.3268881 0.9253226 -0.1921518 -0.1937233 0.8424642 0.502718 -0.3587782 0.9146456 -0.1862837 -0.1897891 0.8455266 0.499064 -0.4277222 0.8876795 -0.1705249 -0.1872367 0.8472303 0.497135 -0.4839094 0.8610357 -0.1563625 -0.185191 0.8483876 0.4959262 -0.5366497 0.8315368 -0.1433656 -0.182547 0.8497018 0.494655 -0.5871743 0.7991439 -0.128823 0.4952475 -0.8679589 -0.03711165 0.5125893 -0.8586299 0.002642967 0.5315887 -0.8460748 0.03963378 0.5622642 -0.823707 0.0732508 -0.1448362 0.8550537 0.4979013 -0.8491736 0.5277311 -0.02010168 -0.1366737 0.8560311 0.4985289 -0.8775884 0.4794123 -0.001560639 0.5525107 -0.8333738 0.01483485 -0.1123896 0.8641328 0.4905539 -0.9573336 0.2838466 0.05425413 -0.0961431 0.8686366 0.4860319 -0.9872076 0.1212518 0.1035331 -0.07911733 0.8728679 0.4814999 -0.9883298 -0.03369715 0.1485552 0.6390613 -0.7690248 0.01419766 -0.9906017 0.002659623 0.1367525 0.1411669 -0.556034 0.8190837 0.8321267 -0.5545571 -0.005612855 -0.8961437 0.4436996 0.007564969 -0.8279339 0.5597116 -0.03533168 0.9027418 -0.4299147 -0.01518698 0.9410302 -0.3378436 -0.01799786 0.9699842 -0.242231 -0.0213231 0.9923042 -0.1208552 -0.02695192 0.9978263 0.05977972 -0.02773368 -0.3645171 0.9127567 -0.1843979 -0.03968972 0.8712579 0.4892181 -0.97862 -0.1122593 0.1723388 0.3422939 -0.7181035 0.6059392 -0.982857 -0.08804446 0.1619888 -0.5642314 0.2130621 0.7976513 -0.5204798 -0.04079171 0.8528991 -0.7710643 0.4245882 0.4745362 -0.8335415 0.3662632 0.4135937 -0.182026 -0.8944685 -0.4084024 0.1589167 -0.657081 0.7368786 0.09940537 -0.8784302 -0.4674172 0.04309765 -0.8876135 -0.4585684 -0.02769458 -0.894854 -0.445499 -0.6904995 0.5700314 0.4452804 -0.8085009 0.3508891 0.4724438 0.873674 0.2527587 0.4157003 -0.3793427 0.8525006 0.3596412 -0.3627033 0.7382505 0.5687112 0.3767853 -0.7894929 -0.4844934 0.4263488 -0.7709937 -0.4730703 0.9619726 0.2250353 -0.1548152 -0.1997024 0.7612731 0.6169134 -0.2988974 0.8344819 0.4629258 -0.2600126 0.8704941 0.4178917 -0.3356807 0.8867429 0.3178137 0.3028473 -0.8207414 -0.4844245 0.2566744 -0.8431929 -0.4723812 0.16736 -0.8657235 -0.4717133 0.9360759 -0.346993 -0.0579458 0.3003767 -0.7647991 -0.5699616 0.416058 -0.7716631 -0.4810736 0.9803052 -0.1736805 -0.0940048 0.7260062 0.1741756 0.6652653 0.9856504 -0.00901368 -0.1685585 0.07356998 0.3633973 0.9287248 -0.04836708 0.5684534 0.8212925 0.2845395 -0.5628354 0.77605 -0.1375802 0.08340799 0.9869725 -0.6181766 -0.7651846 0.1798617 0.6243485 0.7432988 0.2401994 0.746605 0.6148332 0.2540889 0.8692781 -0.3457145 -0.3533229 0.4073968 0.2987429 0.8630066 0.2508541 0.2917327 0.9230191 0.3043389 0.2707347 0.9132801 0.1225894 0.6264902 0.7697284 0.05559272 0.5009283 0.8637015 0.9635982 0.04629429 -0.263316 0.5233545 0.8014216 0.2895229 0.6766094 0.3731479 0.6347916 0.2975351 0.8078553 0.5087658 0.2083097 0.8918766 0.4014514 0.7911552 0.3958732 0.4662166 0.7244456 0.3844019 0.5722008 0.3625913 0.8527666 0.375921 0.3323973 0.8345469 0.4393672 0.5559588 -0.8294433 0.05416307 0.6431782 -0.7646076 0.041195 0.7392838 -0.6732438 0.0142228 0.8345121 -0.5500139 -0.03277712 0.8901761 -0.4409273 -0.1147589 0.9235649 0.3763353 0.07348196 0.9256307 0.3746398 0.05341129 0.9306605 0.3587043 0.07212651 0.9335221 0.3517625 0.06927989 0.9381271 0.3384196 0.07341427 0.9405827 0.3394293 0.009592343 0.9527456 0.2727893 0.1336485 0.9669736 0.1963711 0.1624823 0.6906441 0.6619447 0.2912728 0.809529 0.4881881 0.3260907 0.6755233 0.5964077 0.4335505 0.8234488 0.2548612 0.5069297 0.9128524 0.01912225 0.4078417 0.8874219 -0.04188919 0.4590509 0.9157516 0.1678351 -0.3650074 0.8166325 -0.252709 0.5188926 0.7317278 -0.2686512 0.6264192 0.5157108 0.2877846 0.8069835 0.2973609 0.3833911 0.8744071 0.1627235 0.5835273 0.7956236 0.3527665 -0.5737707 0.7391502 0.9198491 -0.3381782 -0.198779 0.9349726 -0.213191 -0.2835063 0.111515 -0.1350656 0.9845414 0.038016 -0.004606068 0.9992665 0.02099202 0.0990767 0.9948584 -0.01371328 0.1798448 0.9835994 0.714531 -0.3807527 0.586918 0.9465073 0.1934454 0.2582688 -0.05110099 0.7412747 0.6692537 0.8847543 -0.0013665 0.4660557 -0.6342246 -0.7039164 0.3197825 0.7526648 -0.1902206 0.6303268 0.5203359 -0.4540123 0.7232727 0.5336445 -0.378388 0.7563373 -0.6203577 0.6070822 0.496596 -0.7121434 0.3771911 0.5920967 0.9365103 0.2473626 0.2485161 0.8646594 0.0668694 0.4978881 0.6894278 -0.1329685 0.7120454 0.4490051 -0.3085152 0.8385778 0.9216293 0.2819678 0.2666339 -0.906926 -0.4047056 0.1170407 0.8349627 0.1355396 0.5333538 0.6490449 -0.03668282 0.7598652 0.4203824 -0.1987451 0.8853129 -0.8549785 -0.3462108 0.3861993 0.892342 0.2832065 0.3514539 -0.8962096 -0.3749084 0.237175 0.7941402 0.1963737 0.5751336 0.1696496 0.6973559 0.6963575 0.607264 0.06169623 0.792101 -0.4047042 0.8823387 0.2401935 -0.4641423 0.8101138 0.3581724 0.3864539 -0.07312581 0.9194052 0.7410785 0.6139396 0.2718101 0.7281966 0.2256411 0.6471598 0.5638667 0.1639113 0.8094365 -0.2694532 0.5148912 0.8138071 0.3519479 0.06068122 0.9340506 -0.3904984 -0.03754183 0.9198378 0.913843 0.3933838 0.1006983 0.8507946 0.3901963 0.3519879 0.8543131 0.4008906 0.330811 0.6808317 0.3238889 0.6569354 0.1723979 -0.333307 0.9269225 0.2196783 -0.4494598 0.865868 0.4673651 0.3194376 0.8243358 0.4570965 0.2447404 0.8550818 0.2209689 0.1450067 0.9644407 0.4311009 -0.1591052 0.8881653 0.088337 0.1889977 0.9779961 0.9089728 -0.1371461 -0.3936489 0.8086273 0.2849437 -0.5147126 0.3488698 -0.8109304 0.4697678 0.08325622 0.897497 0.4330908 0.8053652 -0.5787037 -0.1284092 0.1463988 0.8762006 0.4591731 -0.3907204 0.9203226 0.0185437 -0.3737722 0.8822365 0.2862745 0.5433557 0.1365339 0.8283255 0.6437088 -0.1257108 0.7548747 0.8483199 -0.4160505 -0.3274985 0.8200067 0.0095157 -0.5722749 -0.322833 0.7819823 0.5331815 -0.3747183 0.8843962 0.2782616 -0.3907142 0.9203413 0.01773047 -0.3738488 0.8824065 0.2856499 -0.7459727 0.4903069 0.4506926 -0.3907392 0.920328 0.01786566 -0.3925661 0.7619961 0.515028 -0.3907174 0.9203409 0.01767813 -0.333679 0.7893721 0.5153155 0.4920949 -0.8698973 0.03348527 0.1633089 0.8784158 0.4491278 -0.2455386 0.8226838 0.5127398 -0.3907206 0.9203237 0.01848495 0.5488283 -0.833221 0.06730792 0.5488471 -0.8336588 0.06148062 -0.2461084 0.8029963 0.5427961 -0.3745513 0.8840122 0.2797029 0.6563169 -0.05400366 0.7525501 -0.1676011 0.8397582 0.5164456 -0.3736201 0.8818732 0.2875895 -0.1148518 0.8465059 0.5198432 -0.3738359 0.8823767 0.2857587 -0.3731468 0.8821418 0.2873799 -0.3736995 0.8820458 0.2869564 0.04689172 0.8636453 0.5019143 -0.3737197 0.8820992 0.2867657 0.816061 -0.534657 -0.2195137 0.1365671 0.8729619 0.4682809 0.743454 -0.3103877 -0.5923982 0.2315008 0.8720774 0.4311478 0.1332268 0.8255327 0.5484035 0.3068694 0.8401453 0.4471991 -0.3760489 0.4053332 0.833242 0.7766794 0.2559135 -0.5755671 0.6228063 0.3601244 0.6945666 0.5237297 0.3380394 0.7819441 0.2675203 0.7823401 0.5624738 0.200715 0.7103682 0.674604 0.8346991 0.295387 -0.4647837 0.4594908 0.3167708 0.8297737 0.1566213 0.6643673 0.7308118 0.9892833 0.1441748 -0.02306855 0.1741115 0.2668791 0.9478717 0.01507856 0.4547798 0.8904763 0.04141338 0.2285119 0.9726599 -0.06314024 0.3540618 0.9330882 -0.8890152 -0.4471216 0.09866193 -0.3947171 0.8905074 0.2262631 -0.2218501 0.6711178 0.7073779 -0.2533862 0.8021156 0.5407458 0.736747 -0.6761339 0.006840229 -0.2528337 -0.6737581 0.6943523 0.2242034 0.7835379 0.5794836 0.1273649 0.7865598 0.6042365 0.07201434 0.640046 0.7649542 -0.9281041 -0.08310285 0.3629278 -0.9024946 -0.2507342 0.3501941 0.02778019 0.7700535 0.6373742 -0.01872153 0.8210073 0.5706107 -0.3879228 0.9004435 0.1967676 -0.3803083 0.8503427 0.3637072 -0.004489797 0.6750373 0.73777 -0.2379386 0.6308147 0.7385513 -0.08127978 0.4188655 0.9044033 0.3136631 -0.775437 0.5480081 0.3118963 -0.7771261 0.5466221 0.6969914 0.2976199 0.6523997 -0.1419395 0.4871188 0.8617241 -0.1508487 0.6033647 0.7830681 0.06228945 0.6291361 0.7747953 -0.2132975 0.7149351 0.6658619 -0.2944038 0.719436 0.6290773 -0.4156636 0.8588733 0.2992664 -0.5218358 0.7628018 0.3818649 -0.6758118 0.6576939 0.3327417 -0.6804154 0.6008028 0.4196081 -0.3737969 0.8823075 0.2860235 -0.5444709 0.6653299 0.5107716 0.5208763 -0.85347 0.01663711 -0.3737568 0.8821892 0.2864402 -0.4390873 0.7231057 0.5332171 -0.5309923 0.695362 0.4842715 -0.3737429 0.8821492 0.2865817 -0.3296313 0.7804687 0.5312361 -0.4390873 0.7231057 0.5332171 -0.3536732 0.6916298 0.6297329 -0.2813016 0.6634427 0.6933348 0.9208705 0.351809 -0.1680117 0.8880819 0.3341963 -0.3156318 -0.2292657 0.5021703 0.8338239 0.6994091 0.2192023 -0.6802773 -0.1178148 0.2177472 0.9688683 -0.1948497 0.2426079 0.9503552 -0.1949784 0.1181181 0.9736691 0.6895342 0.2648816 -0.6740774 -0.4405177 0.3169121 0.8399469 -0.4284104 -0.02678674 0.9031872 0.7553108 0.2976654 -0.5838672 0.9200672 0.3891977 -0.04473877 -0.7845395 0.3370619 0.520468 -0.7389227 -0.20878 0.640628 -0.8469253 0.3338172 0.4138644 -0.8043547 -0.25568 0.536322 0.958648 0.2626533 -0.1095777 0.9515505 0.2797269 -0.1276888 -0.7695991 0.4411483 0.4616334 -0.7625591 0.4629056 0.4519093 -0.7449011 0.4790114 0.4644033 -0.743593 0.4902489 0.4546707 -0.6633515 0.5620176 0.4940658 -0.7467394 0.4891199 0.4507127 -0.7394249 0.08744773 0.6675355 -0.7380858 -0.1249157 0.6630425 -0.1981077 -0.5757353 0.7932731 -0.3740257 -0.851897 -0.3665737 -0.4152247 -0.8569562 -0.3053107 -0.6394851 0.5019898 0.582293 -0.6559032 0.4575696 0.6003508 -0.6469014 0.3985811 0.6501167 -0.4348424 0.8230641 0.3653459 -0.5289068 0.7488878 0.3992801 -0.373743 0.8821633 0.286538 -0.7101356 0.5232358 0.4710963 -0.6431946 0.5797457 0.5001956 -0.6157066 0.5617422 0.5525859 -0.5075036 0.628706 0.5892104 -0.9104235 0.08620277 0.4045963 -0.8768997 0.2529865 0.408711 -0.4511909 0.5392693 0.7110664 -0.4768418 0.4807607 0.7358607 -0.4391541 0.4015118 0.8036989 -0.2092953 0.717537 0.6643313 -0.03910891 0.6880285 0.7246291 -0.1863604 0.7675705 0.6132743 -0.2538473 0.8730339 0.4163812 0.3334097 -0.7357571 0.5894908 -0.2859044 0.3131997 0.9056294 -0.3810127 0.7292438 0.5683597 -0.4390873 0.7231057 0.5332171 -0.3457146 0.716718 0.6056374 -0.2126515 0.5011641 0.838817 -0.3420052 0.6058346 0.7183293 -0.2655816 0.4570419 0.8488693 -0.2089704 0.351308 0.9126412 0.02927803 -0.0656876 0.9974106 -0.8579743 0.3328473 0.3912708 -0.9206834 -0.3726371 0.1161194 -0.8594396 0.3316999 0.3890229 -0.9101111 -0.3614097 0.2026839 0.9375821 0.3113792 -0.154864 -0.8617049 0.3302957 0.3851875 -0.8647801 -0.3030251 0.4004138 -0.8921263 -0.3393105 0.2982935 0.9264168 0.3388996 -0.1640091 0.9168148 0.3609521 -0.1707752 0.9690505 0.1286901 -0.2106656 -0.6886646 0.3196784 0.6508047 -0.651313 -0.1543146 0.7429524 -0.5935741 0.3389173 0.7299349 -0.5438832 -0.0914152 0.8341668 0.9557945 0.1595586 -0.2469776 -0.3325327 0.2756677 0.9019032 -0.298753 0.06045272 0.9524138 0.9429198 0.226384 -0.2442386 0.9254349 0.2333613 -0.2985176 0.9053836 0.2777807 -0.3211207 0.8865401 0.3222038 -0.332011 0.9519903 -0.008076836 -0.3060215 0.9326828 0.0369084 -0.3588044 0.9103641 0.08916951 -0.4040867 0.8856745 0.1470529 -0.4404046 0.2357851 -0.6361065 0.7346931 0.8591657 0.2092835 -0.4669418 0.1131676 -0.6853298 0.719386 -0.01944678 -0.7122245 0.7016823 0.8317318 0.2738995 -0.4829092 0.902773 -0.1488252 -0.4035492 0.8757738 -0.09676336 -0.4729239 0.8492342 -0.03343365 -0.5269567 -0.4160807 -0.7547458 0.507184 -0.5850499 -0.6996027 0.4102106 -0.1501949 0.9197031 0.3627502 -0.1428581 0.8923075 0.4282276 -0.6779311 -0.6468529 0.3492717 -0.7526806 -0.6083176 0.2518365 -0.05199204 0.9375346 0.343985 0.04782441 0.855555 0.5154982 -0.7929368 -0.5750642 0.2013764 -0.8527756 -0.5089243 0.1173448 0.8247238 0.05722087 -0.5626335 -0.8766268 -0.4784106 0.05146556 -0.8982898 -0.4393468 -0.007061313 0.7619658 0.1265666 -0.6351291 0.7380925 0.2239513 -0.6364474 -0.906368 -0.4155821 0.07608282 0.9326296 0.3591119 -0.03522288 0.9211138 0.3862604 -0.04850013 0.9095596 0.3796772 -0.1689576 -0.8863336 -0.3566736 0.295291 -0.3719616 -0.1675051 0.9130096 -0.7681566 -0.2764331 0.577512 -0.5835598 -0.1745403 0.7930912 -0.3713815 -0.08841606 0.924261 -0.1205129 0.09349488 0.9882992 -0.8403274 -0.3795376 0.3870415 -0.288385 0.01340414 0.9574207 -0.7267229 -0.3521905 0.589776 -0.515561 -0.2704505 0.8130519 0.9390076 0.2379943 0.2482407 -0.686645 -0.6107056 0.3944076 -0.2804 -0.176736 0.9434724 -0.6405814 -0.5029174 0.5802841 -0.8285845 -0.4276846 0.3612943 -0.5057384 -0.1193624 0.8543895 -0.6944675 -0.4270063 0.5791205 0.909506 0.4155396 0.01121247 0.9285414 0.3671071 0.0551652 -0.4684559 -0.3781224 0.7984814 -0.2254673 -0.3061728 0.9248906 -0.6335915 -0.5764397 0.5160224 -0.6367646 -0.6717629 0.3785042 0.8020121 0.0896045 0.5905485 0.6474519 0.3857853 0.6572486 -0.820348 -0.4702805 0.3253696 0.4409335 0.6043375 0.6635916 -0.6636026 -0.4999137 0.5565231 -0.4253395 -0.4799959 0.7672615 -0.1712086 -0.4269559 0.8879168 -0.8102406 -0.5068566 0.2942899 -0.633751 -0.5712228 0.5215978 -0.3833398 -0.5806346 0.7182716 -0.2063174 -0.2804143 0.9374438 -0.5676369 -0.2098827 0.7960764 -0.1134491 -0.5426841 0.8322399 -0.8967437 -0.4334841 0.08911955 -0.7158356 -0.5991763 0.3585626 -0.5349156 -0.6509511 0.5386353 -0.438242 -0.700206 0.5636094 -0.4335685 0.01457666 0.9010027 -0.8458271 -0.46355 0.2640036 -0.2739875 -0.666966 0.6928832 -0.4635268 0.121683 0.877688 -0.03286188 -0.6419358 0.7660538 0.8751193 0.3586265 -0.3248897 0.1595466 0.8965775 0.413151 0.1367483 0.9500022 0.2807056 0.01032863 0.9429931 0.3326519 0.8208948 0.3301353 -0.4659854 0.6207407 0.2334706 -0.7484467 0.6787723 0.1472546 -0.7194332 0.7319107 0.05017731 -0.6795506 0.744246 -0.03271021 -0.6671042 0.7860228 -0.07610931 -0.6134945 0.8202803 -0.1360594 -0.5555431 0.1960629 0.9399827 0.2792701 0.2604904 0.8882129 0.3784475 -0.2842839 -0.7556709 0.5900375 -0.3947248 -0.764144 0.5101727 -0.2213078 -0.7592942 0.6119601 0.8397033 -0.2022913 -0.5039609 0.8572044 -0.2701904 -0.4384036 0.1716421 -0.6670943 0.7249304 0.9335592 0.3575339 -0.02523369 0.2095365 -0.195 0.9581594 0.07932584 0.09407686 0.9923996 0.3397181 -0.6228558 0.7047285 0.906487 -0.2507159 -0.3397393 0.9549368 -0.2085579 -0.2111855 0.9696515 -0.03733956 -0.2416231 0.9989543 0.04103573 -0.02015917 0.2595685 -0.7284576 0.634014 0.2715526 -0.7342906 0.6221548 0.2912925 -0.7311826 0.6168636 0.3224129 -0.6945824 0.6431215 0.3117772 -0.7339914 0.6033669 0.2947379 -0.7859406 0.5435319 0.9389427 0.3425424 -0.03242312 0.9317322 0.3578728 0.06166234 0.9624224 0.2557769 -0.09122109 0.9775531 0.1184331 -0.1742514 0.3323993 -0.787612 0.5188238 0.32215 -0.8536975 0.4091698 -0.3976508 0.8391701 0.3710356 -0.47249 0.8020108 0.3654201 0.968338 -0.01569981 -0.2491487 0.9403778 -0.1361901 -0.3116758 0.9038178 -0.2347502 -0.357779 0.8581654 -0.3253716 -0.3970964 0.01452107 -0.9216307 -0.3877962 -0.02769458 -0.894854 -0.445499 -0.1012339 -0.9400415 -0.3256896 -0.4894106 -0.8413061 -0.2295244 -0.8202624 -0.5716062 -0.02087698 -0.7321382 -0.6722339 0.1098869 0.132451 0.1198595 0.9839159 0.2384549 0.03854399 0.9703884 0.07552578 0.3625594 0.9288953 -0.3597975 -0.9257119 -0.1166325 -0.7407009 0.3284545 0.5860715 -0.8058402 0.1884891 0.5613318 0.01145669 -0.9948488 -0.1007202 0.1223119 -0.9410307 -0.3154377 -0.7423844 -0.312649 0.5925504 -0.2579149 0.4161068 0.8719719 -0.4083676 -0.8973292 0.1674402 -0.1762075 -0.9836544 0.03707894 -0.8004115 -0.585512 -0.1285187 -0.8342835 -0.5301005 0.1515405 -0.6287228 -0.6930377 0.352713 -0.3742516 0.8701052 0.3207065 0.894073 0.3833089 0.2317493 0.05557726 -0.9919438 0.113836 -0.7967304 -0.303618 0.5225292 0.3234738 -0.75835 0.5659239 0.3233031 -0.9416301 0.0938505 0.3053907 -0.9522082 0.00600794 -0.3799288 0.3916617 0.8380067 0.9401835 0.2609905 0.2189497 0.0229404 -0.4844531 0.8745164 0.3007711 -0.9360642 0.1825393 -0.2667871 -0.8681334 0.418532 -0.1763962 -0.926564 0.3322101 0.1035306 -0.9375881 0.3319787 -0.5749375 0.7346329 0.3602242 -0.5674575 0.614932 0.5475861 -0.808711 -0.5809931 0.09183471 -0.8192589 -0.562371 -0.1120432 -0.7770036 -0.5959922 -0.2026294 0.5842507 0.7434121 0.3255604 0.261631 -0.8873619 0.3796551 0.3187831 -0.885031 0.3392601 -0.1971268 -0.8510491 0.4866789 -0.2423287 -0.8788625 -0.4109471 -0.4240343 -0.8173865 -0.3899669 -0.2978962 -0.8736558 -0.3846862 -0.884616 0.08570569 0.4583765 -0.87529 -0.2702043 0.4010699 -0.2877935 0.6459615 0.7070422 -0.1796009 0.1886996 0.9654719 -0.8636066 -0.4457399 0.2355837 0.2892655 -0.7706711 0.5677954 -0.2792317 -0.7439906 0.6070484 0.3112299 -0.8318366 0.4595475 -0.1324482 0.5392826 0.831644 -0.2294773 0.7054879 0.6705423 -0.07947459 -0.7398384 0.668074 0.1709383 -0.797239 0.5789561 0.3167646 -0.7729308 0.549762 0.9521868 0.1132905 0.283735 0.6835037 0.2115033 0.6986337 0.4547595 0.8659885 0.2079849 0.4937311 0.8160916 0.3003732 0.2475464 -0.7045988 0.6650273 -0.5578588 -0.6251966 0.545823 0.252522 -0.7162307 0.6505737 0.6112682 0.7762054 0.1544548 0.6852862 0.6681938 0.2896548 0.7227969 0.6829206 0.1057548 0.7965166 0.5774273 0.1792736 0.8074334 0.5868709 0.06028174 0.8606681 0.4842445 0.157346 -0.3014333 0.7452265 0.5947902 -0.6602618 -0.6181769 0.4265111 -0.4665453 0.6395554 0.6109863 0.9867047 -0.1553626 0.0477114 0.6725399 0.5968259 0.4375945 -0.07672364 0.9193872 0.3857987 0.08661475 0.9042515 0.4181232 -0.09930505 -0.1558032 0.9827837 0.7577887 -0.09915156 0.6449227 -0.3137316 0.5757948 0.7550052 -0.2461562 0.3692499 0.8961371 0.8002371 -0.2599125 0.5404314 0.9887203 0.08604183 -0.122593 -0.7657195 -0.5925466 0.2501243 -0.8326643 -0.5218505 0.1853166 0.5622072 -0.7042626 -0.4335173 0.4515877 -0.7507125 -0.4821819 0.4300923 -0.795549 -0.4267581 -0.3369634 0.09065319 0.9371434 -0.110695 0.9119709 0.395039 0.03162824 0.9269119 0.3739439 0.3411833 -0.7840834 0.5184662 0.3112786 -0.7355313 0.6017468 0.2816731 -0.7146235 0.6402917 0.2697148 -0.7055858 0.6552881 0.3082658 -0.6534937 0.6913162 0.3771136 -0.5479021 0.7467186 0.3245153 -0.5925976 0.7372366 0.5005865 -0.5053866 0.7028496 0.5944541 -0.4468397 0.6685496 0.2385045 0.9141075 0.3279073 0.960902 0.08968605 0.2619614 0.9527181 0.2921629 0.08348096 0.6818568 -0.6215676 -0.3856489 0.604117 -0.6730698 -0.4266376 0.6026221 -0.7331382 -0.3152062 0.4381918 -0.8235211 -0.3602789 -0.7229358 -0.6649294 -0.1877039 -0.7923168 -0.6075704 0.05560864 0.7001893 -0.6768743 -0.2271038 -0.1774485 0.3771002 0.9090146 -0.7002348 -0.4013676 0.5904026 0.2921118 -0.4153099 0.8615036 0.219696 -0.2281237 0.9485216 0.3092036 -0.296857 0.9034761 -0.383659 0.7067413 0.5944094 0.8009829 0.1106094 0.5883808 0.9735073 -0.1902191 0.1268864 -0.7886343 -0.5699904 0.2305796 0.9911863 0.0356961 0.1275758 0.6127937 -0.7901676 -0.01090972 0.446976 -0.8831027 -0.1426254 0.4364383 -0.8972947 0.06621005 0.4410162 -0.8970849 0.02726691 0.855289 0.1810917 0.4854756 0.8365047 -0.5475222 -0.02189452 0.9232985 -0.3700883 0.1027352 0.575115 0.2345005 0.7837425 -0.08618437 -0.01736483 0.9961279 0.8106487 -0.5191849 0.2707317 -0.9217575 0.008634741 0.3876707 -0.3485448 0.1439147 0.9261777 -0.09983101 0.2349744 0.9668613 0.6740435 -0.7295865 0.1156242 -0.8495133 -0.3695247 0.376535 0.8786601 -0.1312369 0.459057 0.04508359 -0.7128338 0.6998824 0.4869555 -0.8106041 0.325262 0.4019039 -0.8703985 0.2843936 0.5171156 -0.7433206 0.4243418 -0.8773675 0.232382 0.4197916 0.7333015 -0.625988 0.265345 0.02538772 0.7528655 0.6576846 -0.6638362 -0.119152 0.7383253 0.8170329 -0.3678108 0.444041 -0.8470563 -0.2324469 0.4779792 -0.7256137 -0.5558729 0.4055737 -0.4651338 -0.06140002 0.8831085 -0.7612313 -0.5712055 0.3070036 -0.2305771 0.5872953 0.775834 -0.172527 0.4650891 0.8682895 0.3327269 -0.7352279 0.590536 -0.5614959 0.6360218 0.529338 -0.6114763 0.4260796 0.666748 0.7338048 -0.3623254 0.5746745 0.7240661 -0.278339 0.6310751 0.6401853 -0.4053236 0.6525914 -0.8234135 -0.5352097 0.1885224 0.8244311 0.4721204 0.3121147 0.5914024 -0.6247972 0.5097761 -0.2920136 -0.3149381 0.9030737 0.3268775 -0.76549 0.5542348 0.3740351 -0.7875078 0.4898258 0.356921 -0.7543562 0.5509574 0.5823332 -0.5234547 0.6219994 0.2963811 -0.724145 0.6227136 0.3595371 -0.7425479 0.5651157 0.3644214 -0.7188598 0.5919777 -0.4516318 -0.4456924 0.7729082 0.5441468 -0.4830212 0.6859991 0.2542756 -0.6737757 0.6938085 -0.7327753 0.2216841 0.6433479 0.4580672 -0.6754457 0.577882 0.29674 -0.6973454 0.6524223 0.4639113 -0.650484 0.6013791 0.2950581 -0.6844509 0.6666841 0.3595122 -0.6473363 0.6720912 0.4192363 -0.5478373 0.723958 0.7096179 0.2082161 0.6731185 -0.4715875 0.801441 0.3678282 -0.5294093 0.6619902 0.5305608 -0.6919618 -0.5597472 0.4559297 -0.5592992 -0.529667 0.6376812 -0.6663335 -0.4142483 0.6199984 0.4817046 -0.4585655 0.7467786 0.6082344 0.1644764 0.7765298 0.6922461 -0.02068675 0.7213649 -0.5730777 0.3082454 0.7593199 0.686252 0.3388119 0.643634 -0.4804003 0.7945799 0.3712927 -0.5607078 0.6339876 0.5326035 0.5219404 -0.1253257 0.8437249 0.3833865 -0.6409243 0.6650043 0.9852371 0.08011841 0.1512908 0.9204592 0.3908296 -0.002661537 0.9253445 0.3614531 0.114408 0.5572126 0.3193431 0.7665077 0.1986833 0.2261267 0.9536203 0.9204583 0.3908317 -0.002660936 0.91807 0.3869902 0.08594216 0.4982427 0.2943673 0.8155379 0.3812893 0.2816752 0.8804985 -0.3603293 0.7363793 0.5726328 -0.3138786 0.5742116 0.756149 0.920458 0.3908324 -0.002661236 0.9242026 0.3212494 0.206515 0.9455208 0.105122 0.308123 0.03589002 -0.2510781 0.9673012 0.809312 -0.2604922 0.5264578 -0.06131563 -0.5478443 0.8343303 -0.1290781 -0.4313916 0.8928831 0.3060152 -0.5846656 0.7513461 -0.4505194 -0.8607038 -0.2371102 0.6537188 0.1381359 0.744023 0.4876144 0.8338347 0.2587507 0.2717135 -0.7673005 0.5808802 -0.3837067 0.9042924 0.1871484 -0.07751691 0.2482433 0.9655912 0.4242323 0.3744059 0.8245285 0.3428339 0.4001416 0.8499127 0.2078696 0.5997791 0.7726935 0.6730408 0.7145049 0.1910468 0.4078534 0.4548352 0.7916947 -0.4793996 0.7363844 0.4774035 -0.5000358 0.5446458 0.6732942 0.8593008 0.3133081 0.4042774 0.6862709 0.5511684 0.4746005 0.8177471 0.4403749 0.3706205 0.5846558 0.5757707 0.5715468 0.2926365 0.779395 0.5539922 0.4070992 0.7458016 0.5273047 0.9222571 0.3701175 0.1116018 0.7557873 0.05470864 0.6525278 0.636374 0.1827337 0.7494241 0.5625041 0.4047884 0.7209268 0.5366842 -0.25253 0.8051079 0.03589497 0.2146886 0.9760227 -0.07289852 0.189922 0.9790891 0.2033239 0.7403049 0.640787 0.07045995 0.7825902 0.618537 -0.07217919 0.8749022 0.4788907 0.3005602 0.3079742 0.9026713 0.5283893 0.4256907 0.7345694 0.4138227 0.6216387 0.6650685 0.2209177 0.7209627 0.6568167 0.9802005 0.08200857 -0.1802265 0.9915856 0.1292994 -0.006299739 0.6063713 0.1651384 0.7778452 0.5475724 0.4127963 0.7278487 0.4641298 0.4305549 0.774084 0.907389 0.3155523 0.2776183 0.1107207 0.1865191 0.9761924 0.4552255 0.4443902 0.7715485 0.1905386 0.700841 0.6873987 -0.1876672 0.8901251 0.4152811 -0.3037568 0.890245 0.3394048 -0.3369158 0.9079778 0.2491265 0.07045995 0.7825902 0.618537 -0.0632851 0.8811919 0.4685038 -0.05190034 0.8100789 0.5840192 -0.1860152 0.8911898 0.413738 0.9697242 0.2210306 -0.1038287 0.9578828 0.2775858 0.07352989 0.06628242 0.1632115 0.9843621 -0.05647372 0.1408541 0.9884184 0.9204576 0.3908334 -0.002661637 0.9252179 0.3792091 0.01312562 0.9204596 0.3908287 -0.002661653 0.9418705 0.3096734 0.1303163 0.9204596 0.3908287 -0.002661174 0.9322807 0.348891 0.09553949 -0.1906287 0.6075207 0.7710897 0.2802485 -0.456855 0.8442418 0.4629481 -0.4034915 0.7892235 0.8558833 0.5155985 0.0402744 0.92363 0.3548007 0.1449969 -0.680194 -0.2892415 0.6735543 0.7769176 -0.4636022 -0.4259954 0.847797 -0.3704417 -0.3794907 -0.6749927 0.5787955 0.4575813 -0.7863316 0.3541384 0.5062298 0.7885076 -0.4475522 -0.4218446 0.8232649 -0.4085042 -0.3941563 0.2018225 -0.2010861 0.9585573 0.8357803 -0.3817792 -0.3946085 0.9055744 -0.3186777 -0.2799636 0.9320285 -0.2711926 -0.2403695 0.1286329 0.4344831 0.8914471 -0.8655414 -0.1579148 0.4752905 0.3065217 -0.7244146 0.617469 -0.9337792 0.007249022 0.3577764 -0.9693775 -0.005945946 0.2455035 -0.3902866 0.9011091 0.1888883 -0.8196898 0.01001008 0.5727203 0.9986505 -0.04191511 -0.03066594 -0.2696019 -0.3447877 0.8991308 -0.1922697 -0.5301069 0.8258444 -0.6140836 0.03828636 0.7883118 -0.7006442 -0.04834719 0.711871 -0.2691045 -0.8759449 -0.4003789 0.3799556 0.5673585 0.7305738 -0.9204584 -0.3908316 0.002661711 -0.9150869 -0.3921031 0.09418641 -0.9053293 -0.424279 -0.01913673 -0.9056909 -0.4177511 0.0721661 -0.7466714 -0.1260421 0.6531426 -0.6672544 -0.3503763 0.6572731 0.06327176 0.5088199 0.8585447 -0.03321244 0.539478 0.8413444 -0.04548254 -0.7644402 0.6430883 0.2360838 -0.7344877 0.6362328 0.244639 -0.7623091 0.5991966 -0.1818876 -0.6997459 0.6908492 0.500203 -0.1244568 0.8569174 -0.4443126 -0.004431505 0.8958608 -0.3185125 -0.3490084 0.8813302 0.5044715 -0.6010952 0.6198331 -0.01995234 -0.5208217 0.8534323 -0.07755672 -0.6024334 0.7943922 -0.492951 0.7752391 0.3949729 -0.4893535 0.7721419 0.4053764 -0.4395579 0.7214696 0.5350424 -0.6577967 0.407999 0.6331195 -0.6704563 0.1033894 0.7347101 -0.5697287 0.0575967 0.8198121 -0.5132167 -0.6838781 0.5185743 -0.6202441 -0.1684326 0.7661121 -0.4472047 -0.1791642 0.8763037 -0.4840191 -0.311966 0.817559 0.03978501 -0.6546472 0.7548869 -0.5799974 0.3973448 0.71114 0.972707 -0.2112989 -0.09588496 -0.2407437 0.1849061 0.9528128 -0.6178076 -0.7598202 0.2024526 -0.5178928 -0.8499194 -0.09707749 -0.3868167 0.8615221 0.3288656 0.5866818 0.140054 0.7976148 -0.4945017 0.244873 0.8339696 -0.4415236 -0.006339226 0.8972272 -0.5636046 -0.2532937 0.786252 -0.1566427 -0.2299835 0.9605054 -0.7854017 -0.4796421 0.3912641 0.9756131 -0.08899819 0.2006452 0.9419503 -0.02778223 0.3346009 0.8782554 0.04301735 0.4762531 0.6986525 0.1752043 0.6936773 0.1402134 0.3538519 0.9247319 -0.01947704 0.377453 0.9258239 -0.227949 0.7280705 0.6464925 0.4949575 0.7231669 0.4817123 -0.8750242 -0.2812601 0.3939865 -0.8535173 -0.4251076 0.3013165 -0.8358087 -0.3874474 0.3889838 -0.5274013 0.6884726 0.4978487 0.6982552 -0.2932343 0.653034 -0.676165 -0.2290114 0.7002533 -0.7439409 -0.5989966 0.2962345 -0.4244735 -0.7467794 0.5119988 -0.6787064 -0.6341503 0.37042 -0.2193107 -0.7761058 0.5912382 -0.07107512 0.1233909 0.9898096 -0.2163315 0.791364 0.5717899 -0.328121 0.7865756 0.5231017 -0.3027472 0.8348029 0.459835 0.01172265 -0.07879278 0.9968221 -0.5307469 0.7541181 0.3867991 -0.6758088 0.5762754 0.4595532 0.3779726 0.8856424 0.2697672 0.2214234 0.928445 0.2982643 -0.5222864 -0.5442432 0.6565182 -0.7527179 -0.4113685 0.5139959 -0.2416415 -0.8788543 -0.4113691 -0.5098186 -0.1020558 0.854207 -0.4465424 0.7890952 0.421816 0.2968586 -0.04427992 0.9538943 -0.05286839 0.9383482 0.3416249 0.2215266 0.9284418 0.2981974 0.102455 0.9424456 0.3182756 -0.1058423 0.884874 0.4536467 -0.8626177 -0.5008927 -0.07069071 -0.8740597 -0.4717091 0.1162336 -0.3774268 0.5445517 0.7490077 -0.3237084 0.3278588 0.8875367 -0.6899108 0.3170469 0.6507721 -0.002622317 -0.0006901813 -0.9999963 -0.002621878 -0.0006789676 -0.9999963 -0.002604649 -0.0006847874 -0.9999964 -0.002604964 -0.0006737052 -0.9999964 -0.00259395 -0.0006734673 -0.9999964 -0.002583957 -0.0006750543 -0.9999964 -0.002574938 -0.0006684555 -0.9999965 -0.002563121 -0.0006687633 -0.9999965 -0.003238527 -0.0004434738 -0.9999947 -0.002627042 -0.0007882446 -0.9999962 -0.001939111 -0.001032671 -0.9999976 -0.002537342 -0.0006905032 -0.9999965 -0.002532281 -0.0007010014 -0.9999965 -0.002510658 -0.0006930449 -0.9999966 -0.002513844 -0.0007083901 -0.9999966 -0.002510114 -0.0007148968 -0.9999966 -0.00251141 -0.0007259538 -0.9999966 -0.002502942 -0.000732653 -0.9999966 -0.002499749 -0.0007446754 -0.9999966 -0.002513863 -0.000756007 -0.9999966 -0.002514497 -0.0007662862 -0.9999965 -0.002511076 -0.0007792251 -0.9999965 -0.002518974 -0.0007868881 -0.9999965 -0.0025287 -0.0007918734 -0.9999965 -0.0006845081 0.0004696813 -0.9999997 -0.0011577 0.0002485942 -0.9999993 -0.002939118 -0.0009725939 -0.9999952 -0.002563423 -0.0007954265 -0.9999964 -0.002569579 -0.0008007621 -0.9999964 -0.002573015 -0.0008066504 -0.9999964 -0.002584395 -0.0008060189 -0.9999963 -0.002589478 -0.0008038476 -0.9999963 -0.002597781 -0.000804067 -0.9999963 -0.002605133 -0.0008011929 -0.9999963 -0.002616574 -0.0008121787 -0.9999962 -0.002618344 -0.0007914933 -0.9999963 -0.002624129 -0.0007836656 -0.9999962 -0.002636366 -0.000782317 -0.9999962 -0.002646109 -0.0007779761 -0.9999962 -0.002643583 -0.0007649956 -0.9999962 -0.002653257 -0.0007610387 -0.9999962 -0.002652554 -0.0007478213 -0.9999962 -0.002652792 -0.0007366458 -0.9999962 -0.002644451 -0.0007254024 -0.9999962 -0.002646567 -0.0007121725 -0.9999962 -0.002640024 -0.0007023173 -0.9999963 -0.002635746 -0.0006937639 -0.9999963 0.1169131 -0.2697328 0.9558114 0.09636215 -0.2203361 0.9706525 0.04786345 -0.1059619 0.9932176 -0.0101912 0.0329806 0.999404 -0.9204592 -0.3908296 0.00266651 -0.0722819 0.1803097 0.9809504 -0.1841168 0.4745246 0.8607714 -0.4922563 0.3078418 0.8141972 -0.1427785 0.5044992 0.851525 -0.9204598 -0.3908282 0.002653969 -0.920458 -0.3908324 0.002668016 -0.9204589 -0.3908302 0.002661389 -0.9204584 -0.3908315 0.002657855 -0.9204582 -0.390832 0.002662051 -0.2416808 0.5729247 0.7831651 -0.276946 0.6600744 0.6982856 -0.2348929 0.5694126 0.7877783 -0.2050347 0.4890419 0.84782 -0.2107521 0.4993968 0.8403489 -0.4922563 0.3078418 0.8141972 -0.09635355 0.2203198 -0.9706571 0.1939648 -0.4624835 -0.8651512 0.1589906 -0.3786274 -0.9117912 -0.1250355 -0.5697128 -0.8122767 0.2129773 -0.4370717 -0.8738472 -0.1175696 0.2694558 -0.9558091 0.279162 -0.6591408 -0.698285 0.2424038 -0.5658342 -0.7880812 0.3178798 -0.7485723 -0.5818865 0.3503049 -0.8245305 -0.4443376 0.3729203 -0.8771468 -0.3025621 0.2053435 -0.4890311 -0.8477515 0.208822 -0.5001977 -0.8403544 -0.1250355 -0.5697128 -0.8122767 -0.3878276 0.9168409 -0.09482856 -0.3908325 0.9203729 -0.0127924 0.2747933 -0.6432458 -0.7146492 0.2747374 -0.6500501 -0.7084872 -0.9204594 -0.3908293 0.002648218 -0.9204585 -0.3908314 0.002659356 -0.9204579 -0.3908328 0.002648865 -0.920457 -0.3908348 0.002652434 -0.9204575 -0.3908336 0.002656102 -0.9204586 -0.3908311 0.00266173 -0.9204582 -0.390832 0.002663056 0.01343637 -0.04248437 -0.9990068 -0.04512997 0.09628594 -0.9943301 -0.09478665 0.2144175 -0.972132 -0.920458 -0.3908324 0.002666446 -0.9204599 -0.3908279 0.002660898 0.132012 -0.3150041 -0.9398645 0.01130775 -0.3874768 -0.9218101 0.07473687 -0.1792985 -0.9809518 0.01175155 -0.03230332 -0.999409 -0.0478643 0.1059702 -0.9932167 0.6128952 -0.6314142 -0.4750533 -0.9204592 -0.3908297 0.002662262 -0.9204576 -0.3908333 0.00266576 0.5834469 -0.6098746 -0.5363233 -0.9204588 -0.3908295 0.002793945 0.5579117 -0.6049561 -0.568122 0.592817 -0.6138309 -0.5213249 -0.9204587 -0.3908304 0.002731489 0.4210367 -0.5717851 -0.7041235 -0.9204587 -0.3908308 0.002676072 -0.05149592 0.1171618 -0.9917768 -0.008154646 0.01416043 -0.9998665 0.2745374 -0.6513087 -0.7074081 -0.9204583 -0.3908317 0.002661807 0.03752481 -0.09729133 -0.9945483 0.3465155 -0.8196491 -0.4561823 -0.9204598 -0.3908281 0.002664841 0.3695561 -0.8730891 -0.318031 -0.9204588 -0.3908306 0.00266107 0.08804665 -0.2159862 -0.9724185 0.2638851 -0.6278883 -0.7322028 0.2951187 -0.7019672 -0.6481874 0.3279289 -0.7793805 -0.5338808 0.3564277 -0.8455294 -0.3975416 0.3764001 -0.8917838 -0.251087 0.3042841 -0.7205172 0.62311 -0.9204593 -0.3908293 0.002660129 0.3831996 -0.9073932 -0.172614 0.3863689 -0.911014 -0.144127 0.3864172 -0.9119259 -0.1381051 0.3794934 -0.8955581 -0.2322937 0.3841353 -0.9048031 -0.18377 0.2405316 -0.5734115 -0.7831627 -0.05287079 0.1297297 0.9901388 -0.9204585 -0.3908314 0.002657434 -0.1078141 0.2561471 0.9606065 -0.9204584 -0.3908315 0.002665392 -0.2124443 0.4968673 0.8414216 -0.9204588 -0.3908305 0.002665331 -0.2638313 0.6158423 0.7423822 -0.920458 -0.3908325 0.002659962 -0.3699083 0.8687503 0.3293034 -0.9204582 -0.3908319 0.002664126 -0.1018074 0.2218128 -0.9697599 -0.3001991 0.6780764 -0.6708897 -0.3869298 0.8784319 -0.2804331 -0.3951504 0.9186164 -7.984545e-05 -0.3865581 0.9141964 0.1217288 -0.3867298 0.8901282 0.2410639 -0.3383354 0.7643826 0.548861 -0.3231757 0.7495925 -0.5776405 -0.9204586 -0.3908312 0.002619168 -0.3768772 0.7863033 -0.4895821 -0.9204567 -0.3908354 0.002682718 -0.4332174 0.8116982 -0.3917509 -0.9204569 -0.390835 0.00266728 -0.3009623 0.7004797 0.6471088 -0.2942741 0.6154283 0.7311982 -0.2134102 0.5349361 0.8174958 -0.9204596 -0.3908286 0.002664596 -0.9204594 -0.3908291 0.002660863 -0.9204597 -0.3908282 0.002685956 -0.9204589 -0.3908303 0.002664233 -0.9204592 -0.3908296 0.002665471 -0.9204576 -0.3908333 0.00266576 -0.9204587 -0.3908308 0.002663006 -0.920458 -0.3908325 0.002661267 -0.9204581 -0.3908321 0.002670764 -0.9204589 -0.3908305 0.00265078 -0.9204575 -0.3908335 0.002666901 -0.9204586 -0.3908309 0.002674181 -0.9204587 -0.3908307 0.002667066 -0.9204595 -0.390829 0.002654145 -0.9204578 -0.3908329 0.002658154 -0.9204583 -0.3908318 0.002659058 -0.9204581 -0.3908322 0.002664566 -0.9204585 -0.3908309 0.002711897 -0.9204582 -0.3908318 0.002683639 -0.9204609 -0.3908265 0.002526635 -0.920459 -0.3908301 0.002661833 -0.9204601 -0.3908275 0.00265676 -0.9204595 -0.390829 0.002661401 -0.9204602 -0.3908273 0.002655653 -0.9204603 -0.3908269 0.002662563 -0.9204596 -0.3908288 0.002662614 0.9204611 0.3908251 -0.00265201 0.9204613 0.3908247 -0.002659814 -0.9204589 -0.3908303 0.002660066 -0.9204592 -0.3908295 0.002660609 -0.9204596 -0.3908286 0.002659815 -0.2711306 0.6484527 0.7113349 -0.1127614 0.2714607 0.9558211 0.04280136 -0.09726534 0.9943377 -0.1938073 0.4625522 0.8651498 -0.1575317 0.3792463 0.9117873 -0.4922563 0.3078418 0.8141972 -0.1303485 0.3156936 0.9398653 0.1196463 -0.2752905 0.9538867 0.9204578 0.3908328 -0.002678353 0.9204586 0.3908311 -0.002664524 0.9204596 0.3908288 -0.002650443 0.9204582 0.390832 -0.002664894 0.9204583 0.3908316 -0.002660825 0.9204589 0.3908303 -0.002660816 0.09633448 -0.2202648 0.9706715 0.9204585 0.3908312 -0.002664294 0.009416758 -0.01360154 0.9998632 0.9204617 0.3908239 -0.002656868 0.9204556 0.3908381 -0.002657201 -0.164691 0.3931379 0.9046101 -0.1171083 0.2807388 0.9526129 0.9204592 0.3908295 -0.002664745 -0.1879618 0.4494923 0.8732852 -0.2298845 0.5477151 0.8044634 0.9203811 0.3910145 -0.002515212 -0.2649065 0.6274562 0.7322044 0.9204636 0.3908192 -0.002673022 0.9204565 0.390836 -0.002655232 0.9204594 0.3908291 -0.002682607 -0.2969242 0.7011973 0.6481962 0.9204707 0.390803 -0.002592215 0.9204526 0.390845 -0.002684155 0.9204333 0.3908897 -0.002778201 -0.3303961 0.7783335 0.533887 0.9204421 0.3908695 -0.00271923 0.9204854 0.3907682 -0.002595755 0.920441 0.3908722 -0.002699962 0.9204534 0.3908433 -0.002673451 0.9204617 0.390824 -0.002628059 0.9204578 0.3908328 -0.002667931 -0.3588638 0.8444913 0.3975566 -0.3789924 0.8906834 0.2510932 -0.3861793 0.9086385 0.1588762 -0.38688 0.9120858 0.1357326 -0.3835672 0.9061576 0.1781981 0.920458 0.3908325 -0.002656221 -0.3706242 0.8781191 0.3025632 -0.3477796 0.825602 0.4443318 0.92046 0.3908276 -0.002658741 -0.3149769 0.7498127 0.5818681 0.920464 0.3908182 -0.002662907 0.920459 0.3908301 -0.002664079 0.9204595 0.3908289 -0.002656211 0.9204627 0.3908214 -0.002645873 0.9204216 0.3909174 -0.002772976 0.9204555 0.3908383 -0.002648702 0.9204558 0.3908373 -0.002694516 0.920459 0.39083 -0.00266263 -0.0863105 0.1927506 0.9774445 -0.03169898 0.05059916 0.9982159 0.2468371 -0.5906714 0.768231 0.9204449 0.3908626 -0.002773718 0.920456 0.3908367 -0.002708342 0.3416077 -0.8497623 -0.4015073 0.9204596 0.3908287 -0.002660627 0.9204619 0.3908234 -0.002617845 0.9204514 0.390848 -0.002661453 0.9204567 0.3908356 -0.002651467 0.9204567 0.3908353 -0.00266882 -0.3865704 0.9094586 -0.1531285 0.3770133 -0.9155627 0.1400207 0.3646898 -0.8878606 0.2805439 0.3460016 -0.8395191 0.4189158 0.3168082 -0.7732807 0.5492444 0.282702 -0.6855149 0.6709314 0.1921369 -0.4773054 0.8574748 0.1406873 -0.3491519 0.9264448 0.09363024 -0.2252833 0.9697839 0.02736072 -0.08769522 0.9957715 -0.1421251 0.3166272 0.937842 -0.1625698 0.4579315 0.8739964 -0.1459014 0.4985292 0.8545066 -0.2251437 0.6701652 0.7072403 -0.2160871 0.4581964 0.8621847 -0.2526582 0.583375 0.7719051 -0.3723404 0.8367326 0.4015484 -0.3824943 0.8975955 0.2191354 -0.914502 0.36591 0.1726151 -0.3588697 0.8191717 0.4474038 -0.894753 0.3248669 0.3063961 -0.3337727 0.7799172 0.5294572 -0.8740397 0.2924593 0.3879719 -0.2706756 0.6904943 0.6707849 -0.281442 0.6140952 0.7373449 -0.8579645 0.2010164 0.4727466 -0.827003 0.1622817 0.5382664 -0.2340004 0.5750897 0.7839105 -0.8134635 0.1505413 0.5617958 -0.1282126 0.2804279 0.9512737 -0.7352349 -0.04810723 0.6761031 -0.08714061 0.2002204 0.975868 -0.6882841 -0.1219603 0.7151159 0.2136442 -0.5093713 0.8336048 -0.4808459 -0.6311907 0.6085931 0.2484262 -0.5926641 0.7661813 -0.4738355 -0.6909243 0.5459886 0.267316 -0.6584466 0.7035554 -0.4522899 -0.7435652 0.4924883 0.3057963 -0.7324584 0.6082707 -0.4114728 -0.797158 0.4418475 0.3566933 -0.8377074 0.4135411 -0.3924264 -0.8733883 0.2884344 -0.3975118 0.9068601 -0.1399612 -0.3657351 0.8311254 -0.4188895 -0.3389863 0.7638529 -0.5491967 -0.2572832 0.5862666 -0.7681776 -0.2141782 0.4679667 -0.8574001 -0.1580637 0.3417612 -0.926399 -0.04896924 0.07851219 -0.9957097 0.009495075 -0.06002792 -0.9981515 0.07392773 -0.1980032 -0.9774095 0.1244808 -0.3241001 -0.9377972 0.5149227 -0.5189496 -0.6823092 0.1226429 -0.4384329 -0.8903569 -0.1250355 -0.5697128 -0.8122767 0.3219989 -0.6286364 -0.7079075 0.1754222 -0.4755544 -0.862018 0.2326736 -0.5267646 -0.8175464 0.2404976 -0.5884879 -0.7719086 0.2735998 -0.684613 -0.6756095 0.3124047 -0.7753875 -0.5487964 0.3706804 -0.8969511 -0.2409872 0.3888969 -0.9131921 -0.1218168 0.3864251 -0.9223208 0.0001699994 0.3381233 -0.8279405 -0.4474229 -0.3893678 -0.8699479 -0.3026274 0.2953734 -0.7227266 -0.6248367 -0.4240449 -0.7821077 -0.4566108 0.247427 -0.5693574 -0.783972 -0.4593936 -0.690992 -0.5581107 0.2087608 -0.4783663 -0.8529857 -0.4823324 -0.6179161 -0.6209148 0.1571194 -0.3964755 -0.9045002 -0.5303482 -0.5426744 -0.6513335 0.1080317 -0.2889977 -0.9512148 -0.5485213 -0.4969805 -0.6724097 -0.1023742 0.2200746 -0.9700962 -0.7103841 -0.09610465 -0.6972219 -0.1459676 0.2969458 -0.9436719 -0.7441955 -0.05443665 -0.6657399 -0.183501 0.4095077 -0.8936615 -0.7664255 0.01320423 -0.6421975 -0.2221718 0.505768 -0.8335697 -0.7910682 0.09110289 -0.604906 -0.3175956 0.7274243 -0.6082655 -0.8614777 0.25665 -0.4381631 -0.3421276 0.7900882 -0.5086348 -0.8835291 0.2991682 -0.3603814 -0.3923018 0.9143717 -0.1001182 -0.9203456 0.3857067 -0.06476309 -0.3917279 0.9200766 0.002880991 -0.9272199 0.3745034 0.003216267 -0.9204591 -0.3908299 0.002663417 -0.9204576 -0.3908333 0.00266576 0.9204069 0.3909564 -0.002049485 0.01686376 -0.8638408 -0.5034826 -0.04305757 -0.885921 -0.4618333 0.6583512 -0.591093 -0.4660287 0.3551442 -0.5509661 -0.7551881 -0.9204572 -0.390836 0.002409702 0.6435482 0.2798772 -0.7124005 0.003582864 0.002046249 -0.9999915 0.6905008 0.1712579 -0.7027656 0.05586951 -0.1550733 -0.9863219 0.7302692 0.07302893 -0.679245 0.1127562 -0.2845464 -0.9520081 0.7848613 -0.02649268 -0.6191048 0.1756268 -0.4168178 -0.8918622 0.8094023 -0.1052429 -0.5777472 0.2285867 -0.5417696 -0.8088472 0.8427374 -0.1912724 -0.5031982 0.2745706 -0.6513388 -0.7073674 0.8936534 -0.3077282 -0.3266298 0.3472782 -0.8203759 -0.454292 0.7761533 -0.01991364 0.6302298 0.1832746 -0.4156032 0.8908897 0.7351635 0.06869055 0.6744006 0.1261476 -0.2821928 0.9510279 0.6921431 0.1751242 0.7001924 0.06557354 -0.1419861 0.9876943 0.6517821 0.2701439 0.7086623 0.003945146 0.001382023 0.9999913 0.05610962 -0.1270369 0.9903097 -0.9204583 -0.3908318 0.002664303 0.1080787 -0.2525521 0.9615282 -0.9204584 -0.3908314 0.002662861 0.1581172 -0.3727041 0.9143799 -0.9204584 -0.3908315 0.002659753 0.2030414 -0.4767945 0.8552433 -0.9204578 -0.3908329 0.002664869 0.2385561 -0.5555606 0.7965195 -0.9204589 -0.3908301 0.00267482 0.269112 -0.6308059 0.7277793 -0.92046 -0.3908278 0.00265938 0.3380954 -0.8010568 0.4939631 -0.9204601 -0.3908275 0.002659779 0.3635577 -0.8621747 0.352818 -0.9204599 -0.3908279 0.002661684 0.3800913 -0.901092 0.2087195 -0.9204591 -0.3908298 0.002661913 0.3876761 -0.9188545 0.07357788 -0.9204592 -0.3908295 0.002659302 0.388074 -0.9198767 -0.05679312 -0.9204585 -0.3908312 0.00266009 0.3826386 -0.9049376 -0.1862139 -0.9204581 -0.3908323 0.002660354 0.3143814 -0.7445293 -0.5889316 -0.9204592 -0.3908297 0.002658045 0.2767096 -0.564934 -0.7773553 -0.9204578 -0.3908333 0.002596706 0.2399298 -0.4202417 -0.8751175 0.2606535 -0.3520681 -0.8989482 -0.31144 0.7250926 -0.6142034 -0.3149102 0.737619 -0.5972854 -0.9204588 -0.3908309 0.002615222 -0.9204586 -0.390831 0.002675264 -0.3256654 0.7700868 -0.5485512 -0.9204586 -0.3908311 0.002660433 -0.3475342 0.8217631 -0.451581 -0.9204592 -0.3908296 0.002660911 -0.3682813 0.8633239 -0.3450228 -0.9204602 -0.3908273 0.0026587 -0.3833151 0.8950884 -0.2277855 -0.9204586 -0.390831 0.00266278 -0.3864192 0.9179081 -0.09013881 -0.9204575 -0.3908335 0.002660455 -0.3880322 0.9206484 0.04286518 -0.9204581 -0.3908321 0.00265757 -0.3849586 0.9038242 0.1868387 -0.9204584 -0.3908316 0.002663801 -0.3448038 0.8078829 0.4779493 -0.9204584 -0.3908316 0.002661178 -0.3087364 0.7221723 0.6189904 -0.9204576 -0.3908335 0.002653906 -0.1603912 0.3775997 0.9119721 -0.9204585 -0.3908313 0.002656291 0.00240445 0.001146156 0.9999965 -0.9204583 -0.3908318 0.002657324 0.6062012 0.3793282 0.6990209 -0.05655721 0.1451503 0.9877918 0.5629997 0.4760808 0.6755579 -0.1154091 0.2860835 0.9512292 0.4892895 0.6566683 0.5739186 -0.2244445 0.5430996 0.8091153 0.4502831 0.740195 0.499356 -0.2717312 0.6527356 0.7071764 0.4251016 0.8041322 0.4155239 -0.3124145 0.7462558 0.587792 0.3665163 0.9304114 -0.0005747795 -0.3925294 0.9197342 -0.003128342 0.3725964 0.9208628 -0.1148202 -0.3869519 0.9093828 -0.1526145 0.3839187 0.8965139 -0.2210638 -0.3690852 0.8764976 -0.3090763 0.4375949 0.7913971 -0.4268504 0.3686044 0.8441217 -0.3893448 -0.2874867 0.7041924 -0.649203 -0.3315527 0.7760592 -0.5364745 0.4473945 0.7383938 -0.5045917 -0.2721221 0.6527109 -0.7070488 0.5566716 0.4798397 -0.6781376 -0.1172289 0.286061 -0.9510134 0.6350367 0.6038567 -0.4817525 0.42824 0.6746225 -0.6012446 -0.3443363 0.8127242 -0.4700126 0.7970183 0.503661 -0.3332978 0.6572281 0.5923841 -0.4659745 -0.3595026 0.8466931 -0.392261 0.8242645 0.4796766 -0.3008296 -0.3679275 0.8668746 -0.3363895 0.9011677 0.3922655 -0.1844577 -0.3760672 0.8858432 -0.2717633 0.9301288 0.3435624 -0.1297124 -0.384536 0.9033595 -0.1899308 -0.4101894 0.893947 -0.1805639 -0.4298348 0.8557772 -0.2879018 -0.3935477 0.8294372 -0.3964266 -0.3577246 0.7915425 -0.495473 -0.4604259 0.8700109 -0.1763206 -0.5527411 0.8081712 -0.203314 -0.4930463 0.8209269 -0.28807 -0.9204577 -0.3908333 0.002652898 -0.6268518 0.750173 -0.2104694 -0.9204584 -0.3908315 0.002663672 -0.4488416 0.8789456 -0.161232 -0.9742811 0.1762614 -0.1403862 -0.9204587 -0.3908308 0.002661888 -0.3734323 0.8754393 0.3068457 -0.6841054 0.7064755 -0.1813621 0.2084318 -0.4843854 -0.8496629 -0.8117964 0.5549221 -0.1817916 -0.9248729 0.3428492 -0.1645132 -0.1629163 0.3742716 0.912896 -0.9644509 0.2184651 -0.1486861 -0.3885331 0.9141243 -0.1158394 0.9204611 0.3908259 -0.002541079 0.92046 0.3908274 -0.00271726 0.9204586 0.3908311 -0.002662287 0.9204553 0.3908386 -0.002689829 0.9204594 0.3908294 -0.00262946 -0.3719493 -0.922216 0.1056944 -0.9204203 -0.3909213 0.002657646 0.1355534 -0.3233808 -0.9365095 -0.3803561 -0.9014263 0.2067848 -0.9204687 -0.3908072 0.002660903 0.9205209 0.3906876 -0.002114961 0.9204329 0.39089 -0.002870466 0.920474 0.3907959 -0.002506274 0.3250591 -0.7615985 0.5606284 0.9204505 0.3908473 -0.003042201 0.9204589 0.3908305 -0.002651135 0.920461 0.3908258 -0.002586099 0.9204597 0.3908286 -0.00263741 0.9205034 0.3907189 -0.003491746 0.9205012 0.3907246 -0.003450838 0.9204584 0.3908305 -0.00280744 0.920463 0.3908218 -0.002490725 0.9204594 0.3908293 -0.002640918 0.9204586 0.3908309 -0.002693309 0.920458 0.3908319 -0.002749967 0.9175808 -0.3351808 0.2137739 0.9255413 -0.3611293 -0.1138376 0.8486321 -0.1794014 -0.4976331 0.814579 -0.1013063 -0.5711376 0.9204581 0.3908322 -0.002650038 0.6081875 0.3795994 -0.6971458 0.5690194 0.4763116 -0.6703314 0.510656 0.5847555 -0.6303106 0.4905553 0.6551654 -0.5745553 0.4587075 0.7372528 -0.4960299 0.4091799 0.8535738 -0.3224649 0.3948957 0.8925863 -0.217594 0.3808125 0.9178614 -0.111858 0.3823136 0.9240292 -0.00251966 0.3835232 0.9169506 0.1100521 0.431798 0.8019021 0.4129207 0.5709167 0.4822539 0.6644436 0.6139256 0.3775449 0.6932209 -0.5132606 -0.5877936 0.6253496 -0.9204597 -0.3908284 0.002658619 0.9203803 0.3910165 -0.002513715 0.9204604 0.3908269 -0.002662905 0.9204569 0.390835 -0.002662899 0.920462 0.3908231 -0.002664431 0.9204596 0.3908286 -0.002657451 0.9204579 0.3908327 -0.002679372 0.9204579 0.3908327 -0.002653256 -0.5537525 -0.4949637 0.6696037 -0.9204574 -0.3908337 0.002663038 0.920466 0.3908135 -0.002681456 0.9204031 0.3909623 -0.002556028 0.920464 0.3908185 -0.002640588 0.9204669 0.3908117 -0.002632944 0.9204578 0.3908326 -0.00270114 0.9204821 0.3907761 -0.002590152 -0.6643975 -0.2513448 0.7038479 -0.9204572 -0.3908343 0.002659974 0.92046 0.3908279 -0.002647189 0.9204716 0.390801 -0.002558292 0.9204417 0.3908699 -0.00279997 0.9203904 0.3909874 -0.003224722 -0.6888225 -0.1790288 0.7024758 -0.9204591 -0.3908299 0.00265844 0.9204589 0.3908305 -0.002652008 0.9204582 0.3908318 -0.002689818 -0.807544 0.1089095 0.5796649 -0.9204554 -0.3908386 0.002652285 -0.8545228 0.2115708 0.4743717 -0.822275 0.1660246 0.5443342 -0.9204559 -0.3908373 0.00266024 -0.9204578 -0.390833 0.002654879 -0.927396 0.3684684 0.0645569 -0.9203979 -0.390974 0.002660883 -0.8996785 0.3177185 -0.2993886 -0.9204666 -0.3908121 0.002659426 -0.8807783 0.2679798 -0.3904054 -0.9204584 -0.3908314 0.002657978 -0.3527785 0.7906648 0.5003963 -0.9204591 -0.3908299 0.002661998 -0.8596867 0.212208 -0.4646575 -0.9204587 -0.3908309 0.002659165 0.2967882 -0.6948064 0.6551037 -0.3527785 0.7906648 0.5003963 -0.7823996 0.03768916 -0.6216353 -0.9204602 -0.3908273 0.002655736 -0.7439711 -0.05605381 -0.6658566 -0.9204617 -0.3908237 0.002648321 -0.3336985 0.79961 0.4992687 -0.3336985 0.79961 0.4992687 -0.3527785 0.7906648 0.5003963 -0.3336985 0.79961 0.4992687 -0.7071749 -0.142935 -0.6924401 -0.9204582 -0.390832 0.002650617 0.9172666 0.3971982 0.02925161 0.05592789 -0.8079086 -0.586648 0.9230313 0.3826172 -0.04021438 0.1015036 -0.7301068 -0.6757522 0.9206096 0.3904582 -0.004510828 0.1459085 -0.6402745 -0.7541613 -0.8678134 -0.4660922 -0.1722148 -0.7229304 -0.6419986 -0.2553613 -0.3251546 -0.8516468 -0.4110622 -0.01546016 -0.8661693 -0.4995115 -0.3885521 0.9149386 -0.1091541 0.002775823 -0.8841506 -0.4671937 -0.1672156 -0.8804866 -0.4436015 -0.4728137 -0.8007339 -0.3677939 -0.6081768 -0.7287803 -0.314643 -0.8124984 -0.5491979 -0.1955198 -0.8761345 -0.4607296 -0.1418325 -0.8937262 -0.4309924 -0.1244948 0.2296503 -0.5908356 -0.7734171 0.2786124 -0.6660056 -0.6919622 -0.4853251 -0.6578562 -0.5759208 -0.9204567 -0.3908355 0.002652842 -0.4486027 -0.7401716 -0.5009008 -0.9204542 -0.3908414 0.002654428 0.6186369 -0.6268424 -0.4736633 0.3587576 -0.8421201 0.4026496 -0.426293 -0.8024166 -0.4176146 -0.9204652 -0.3908155 0.002669205 0.9144007 -0.1833997 -0.3608821 0.8029624 -0.4121784 -0.430535 0.7263203 -0.5163249 -0.4537261 0.6244261 -0.6224085 -0.4719107 -0.4044405 -0.8518151 -0.3329249 -0.9204539 -0.3908421 0.002659928 0.8658921 -0.3011034 -0.3994592 0.9475419 -0.05804867 -0.3143163 0.9627055 0.07036673 -0.2612407 0.9588416 0.197732 -0.2037764 0.9400791 0.3062693 -0.1498347 0.9313187 0.3393457 -0.1322493 0.9814986 -0.03232499 -0.1887211 -0.3847546 -0.891935 -0.2375202 -0.9204635 -0.3908194 0.002661547 -0.3806177 -0.9145436 -0.1368945 -0.9204075 -0.3909514 0.00264451 -0.3795154 -0.9231883 -0.06075753 -0.9204099 -0.3909456 0.002662474 0.9204591 0.3908299 -0.002669312 -0.2097159 0.4872524 -0.8477054 0.9204569 0.3908352 -0.002649567 0.9204708 0.3908024 -0.00265011 0.9204644 0.3908173 -0.002654125 0.9204651 0.3908156 -0.002655501 0.9204491 0.3908533 -0.002665329 0.9204435 0.3908665 -0.002669806 0.9203705 0.3910383 -0.002697073 0.9204586 0.3908309 -0.00266529 -0.3757229 0.881635 -0.2855732 0.3402939 -0.7977612 0.4977722 0.9204581 0.3908323 -0.002659294 -0.3303156 0.782107 -0.5283941 0.920458 0.3908323 -0.002661084 -0.3338094 0.7963838 0.5043255 0.9204584 0.3908315 -0.002668358 -0.3105216 0.7347346 0.6031098 0.920459 0.3908301 -0.00265575 -0.2384198 0.5740661 0.7833288 0.9204579 0.3908326 -0.002672892 0.06341394 -0.1428596 0.9877094 0.9204588 0.3908306 -0.002658768 0.1224759 -0.2825259 0.9514088 0.9204585 0.3908313 -0.002658476 0.1785803 -0.4152687 0.8919983 0.9204584 0.3908314 -0.002669152 0.2257782 -0.5263657 0.8197337 0.9204588 0.3908306 -0.002665608 0.2598041 -0.6057042 0.7520799 0.9204587 0.3908308 -0.002656324 0.2897943 -0.6754587 0.678067 0.920458 0.3908324 -0.002664458 0.3205292 -0.7505198 0.5779109 0.9204578 0.3908329 -0.00266459 0.3691887 -0.8683278 0.3312199 0.9204581 0.3908321 -0.002660334 0.3862509 -0.9025425 0.1903346 0.9204584 0.3908315 -0.002663048 0.3026001 -0.7116904 -0.6339795 0.9204574 0.3908338 -0.00265941 0.00146401 -0.8831443 -0.4690991 0.007669696 -0.884148 -0.4671439 0.9204553 0.3908384 -0.002720256 0.9204573 0.3908349 -0.002526486 0.9204589 0.3908302 -0.002680733 0.9204585 0.3908313 -0.002653641 0.9204584 0.3908315 -0.002658949 0.9204575 0.3908336 -0.002654478 0.9204585 0.3908313 -0.002664537 0.9204595 0.3908288 -0.002665653 0.9204591 0.3908299 -0.002652288 0.9204599 0.390828 -0.00267145 0.9204597 0.3908291 -0.002568491 0.9204581 0.3908321 -0.002689126 0.9204585 0.3908313 -0.002671857 0.9204588 0.3908307 -0.002657499 0.9204581 0.3908322 -0.002658489 0.9204581 0.3908322 -0.002664335 0.9204589 0.3908303 -0.002650228 0.9204581 0.3908321 -0.002660597 0.9204586 0.390831 -0.002670978 0.9204579 0.3908322 -0.002720171 0.2090779 -0.4875234 0.8477072 0.9416362 0.3002211 -0.1522781 0.8997261 0.2696202 -0.3432171 0.870333 0.2415663 -0.4291459 0.7939721 0.1826124 -0.5798802 0.7065455 0.1347251 -0.6947248 0.1172946 -0.1428105 -0.9827752 0.0596762 -0.3606451 -0.9307921 0.2230711 -0.4423529 -0.868656 0.2178253 -0.4758595 -0.8521208 0.2996698 -0.499088 -0.8130862 0.4356389 -0.5393522 -0.7206372 0.5565706 -0.5739426 -0.6006821 0.6294394 -0.5926511 -0.5025642 0.7973081 -0.3689588 -0.4776707 0.8557944 -0.2383803 -0.4591195 0.9782162 0.1375794 -0.1554511 0.02155169 -0.04348032 0.9988218 0.6641921 -0.5482446 -0.5082094 0.4765877 -0.4691851 -0.7434578 0.7215589 -0.4551045 -0.5217592 0.5902033 -0.3769631 -0.7138339 0.2501914 -0.2892178 -0.9239899 0.5679456 -0.2613844 -0.7804588 0.2097824 -0.2537159 -0.9442561 0.4644046 -0.2055878 -0.8614302 0.7312793 -0.1216845 -0.6711359 0.8673738 -0.05789018 -0.4942787 0.2100384 -0.1867776 -0.9596864 0.5196616 -0.09659168 -0.8488945 0.3893558 -0.92019 -0.04064953 0.797959 0.02172631 -0.60232 0.9383938 0.1875963 -0.290215 0.8110621 -0.1089098 0.574732 0.2354362 -0.5391285 0.8086472 0.8445132 -0.1897756 0.500782 0.2811224 -0.6490929 0.7068583 0.8739243 -0.2521266 0.4155581 0.3206886 -0.7429761 0.5874908 0.8956815 -0.3104687 0.318377 0.3524237 -0.8185048 0.4537042 0.9128176 -0.3457786 0.2172583 0.3755368 -0.8738834 0.3087067 0.9218931 -0.3711724 0.1111041 0.3899003 -0.9074961 0.1562962 0.9239723 -0.3824461 -0.003183833 0.3944807 -0.9189041 -0.0004403891 0.9223928 -0.3693469 -0.1130235 0.3884864 -0.9079471 -0.1571956 0.9098836 -0.3508182 -0.2214461 0.3720675 -0.874885 -0.3100677 0.8717166 -0.2535142 -0.4193337 0.3148122 -0.7450128 -0.5880895 0.920458 0.3908326 -0.002650703 0.642817 0.280462 -0.7128306 0.3889521 -0.9153049 0.1045619 0.9204537 0.3908426 -0.002656713 0.8706907 -0.3064055 -0.3847251 0.9204568 0.3908352 -0.002659019 0.8952141 -0.3332836 -0.2958272 0.9204553 0.3908388 -0.002660342 0.9080029 -0.3853419 -0.1644455 0.9204876 0.3907627 -0.002666453 0.9143217 -0.3994301 -0.06686845 0.9204969 0.3907407 -0.002666161 0.9256831 -0.3780033 0.01497905 0.9204612 0.3908248 -0.002662404 0.894465 -0.3570049 0.2692207 0.9204516 0.3908475 -0.002665152 0.898063 -0.3139376 0.3081008 0.9204574 0.3908339 -0.002661945 0.8735769 -0.2961001 0.3862488 0.920462 0.3908231 -0.002657524 0.8491063 -0.2459164 0.4674865 0.9204629 0.3908208 -0.00265292 0.8363937 -0.1732224 0.520038 0.9204615 0.3908242 -0.002658209 0.8177592 -0.1383605 0.5586826 0.920458 0.3908323 -0.002660119 0.7785003 -0.08126349 0.6223613 0.9204565 0.3908359 -0.002667364 0.7360869 0.002145456 0.6768837 -0.4456352 -0.7463584 0.4943262 -0.9204574 -0.3908339 0.002663866 0.9301344 0.3435474 -0.1297123 0.9134199 0.3346068 -0.2317376 0.9287747 0.3424118 -0.1418864 0.8920286 0.3268509 -0.3121755 0.8316953 0.3049962 -0.4639615 0.7572059 0.2766875 -0.5916783 0.2568087 -0.5992459 0.758257 0.4403514 0.1577127 -0.883865 0.2032336 0.1574058 -0.9663951 0.1339557 0.03666405 -0.9903089 0.05921032 -0.09207179 -0.9939904 0.2237932 -0.1055216 -0.9689075 0.3654209 -0.02485798 -0.9305104 0.4832245 0.03439446 -0.8748206 0.606979 0.08421217 -0.7902435 0.6032415 0.3748964 -0.7039548 -0.05690733 0.145818 -0.9876734 0.5215824 0.5709624 -0.6339983 -0.1735994 0.4195586 -0.8909735 0.482139 0.6579779 -0.5784523 -0.2259023 0.5424271 -0.8091607 0.3972637 0.8593592 -0.3219989 -0.348018 0.8197985 -0.4547679 0.3752003 0.9204757 0.1093123 -0.3828703 0.9103515 0.1570682 0.3803946 0.898816 0.2177836 -0.3690692 0.8762835 0.3097017 0.4008472 0.8573652 0.3228722 -0.345541 0.8213213 0.4539083 0.5290362 0.5843817 0.61532 -0.1716791 0.4198446 0.8912109 0.9204584 0.3908316 -0.00265505 0.5229603 0.5585893 0.6438094 0.9204571 0.3908345 -0.002662412 0.4442029 0.6065619 0.6593682 0.9204638 0.3908188 -0.002673617 0.4529158 0.6959596 0.5572321 0.2593577 -0.6044554 0.7532379 0.920464 0.3908184 -0.002660316 0.3595153 0.9298663 -0.07808594 0.9204671 0.390811 -0.002661183 0.3503467 0.9204693 -0.1731865 0.9204573 0.3908341 -0.002663885 0.9204586 0.390831 -0.002661411 0.4506081 0.7932428 -0.4095341 0.375283 0.8435664 -0.3841333 0.03578601 0.01499438 -0.999247 0.3749744 0.1328604 -0.9174652 0.204868 0.1578987 -0.9659695 0.2438195 0.04897477 -0.9685833 0.5593221 0.2021004 -0.8039367 0.665954 0.2422357 -0.7055687 0.9268638 0.3452399 -0.1474208 0.9200691 0.3516135 -0.1727449 0.919344 0.3570304 -0.1653355 0.9227853 0.3544432 -0.1511203 0.9105049 0.3737501 -0.1768946 0.4137472 0.6782878 -0.6072388 0.1219105 0.7103147 -0.6932466 0.08974298 0.7084302 -0.7000521 -0.3237034 0.7606217 -0.5627351 -0.2612274 0.6993087 -0.6653778 -0.3151276 0.7306169 -0.6057173 -0.2231686 0.6232141 -0.7495332 -0.1049375 0.5935371 -0.797936 -0.1640232 0.4819411 -0.8607143 -0.1124123 0.3405561 -0.9334801 -0.07479674 0.2074852 -0.9753745 -0.03366974 0.0995823 -0.9944595 -0.3819426 -0.8757121 0.295378 -0.9204665 -0.3908125 0.002659023 0.268971 0.2527348 -0.9293975 0.2325979 0.2444291 -0.9413568 0.4851444 0.3099158 -0.8176718 0.2327482 0.2449407 -0.9411867 0.3473605 0.2046884 -0.9151193 0.701216 0.3499554 -0.62115 0.4860406 0.3098829 -0.8171519 0.711066 0.3832962 -0.5894652 0.7812872 0.3261264 -0.5321954 0.700981 0.3498103 -0.6214969 0.9194023 0.3431869 -0.1921514 0.173507 0.3851989 -0.9063758 0.3560713 0.3849025 -0.8515065 0.4354521 0.4273346 -0.7923173 0.2233251 0.4659069 -0.8561873 0.1736068 0.3842901 -0.9067424 0.6309809 0.4358463 -0.6417952 0.4423414 0.4863958 -0.753494 0.4355238 0.4265839 -0.7926823 0.7937844 0.4145177 -0.4450634 0.6307965 0.435379 -0.6422935 0.8460231 0.398141 -0.3545823 0.1840574 0.602124 -0.7768974 0.2233251 0.4659069 -0.8561873 0.1495136 0.4560468 -0.8773067 0.04689883 0.4739462 -0.879304 0.4257678 0.5455747 -0.7218518 0.1827996 0.6020895 -0.777221 0.2233251 0.4659069 -0.8561873 0.4149784 0.4864015 -0.7688995 0.6253893 0.5201015 -0.5817067 0.4270535 0.5443135 -0.7220444 0.7959514 0.4757325 -0.3743528 0.6268752 0.5193901 -0.5807421 0.9061581 0.3707356 -0.2035501 0.2897018 0.6559991 -0.6969491 0.1036731 0.6549938 -0.7484885 0.5112903 0.6207611 -0.5943382 0.2952782 0.6555875 -0.6949934 0.7409481 0.5288616 -0.4138857 0.5174115 0.6201127 -0.5896996 0.8115182 0.4823814 -0.3297672 0.09954737 -0.2421835 -0.9651101 0.5219531 0.5225877 -0.6741418 -0.1049375 0.5935371 -0.797936 -0.1584901 0.5087339 -0.8462096 0.1046044 0.6549727 -0.7483774 -0.1418699 0.6870372 -0.712638 -0.1049375 0.5935371 -0.797936 0.9293311 0.3435869 -0.1352474 -0.2567519 0.5995816 -0.7580108 0.930154 0.3434782 -0.1297545 0.9302721 0.343009 -0.1301489 -0.3858555 -0.8915187 0.2372969 -0.9204586 -0.390831 0.002659251 0.9301338 0.3435489 -0.1297122 0.9301311 0.3435598 -0.1297026 -0.3866209 0.9094375 -0.1531262 -0.3532046 -0.9210588 0.1640039 -0.9204544 -0.3908409 0.00266072 0.6945782 0.1780496 -0.6970362 0.7402606 0.0745069 -0.6681788 0.7762331 -0.01698425 -0.6302172 0.8747616 -0.2471644 -0.4167755 0.8995235 -0.2996325 -0.3179273 0.9146639 -0.3390597 -0.2200648 0.9303516 -0.3666666 -0.001274187 0.9254058 -0.3632362 0.1080905 0.9058912 -0.2390427 0.3495995 0.8983134 -0.3086678 0.3126615 0.8772249 -0.2463329 0.4120639 0.8514594 -0.1809573 0.4922106 0.8149088 -0.1008055 0.5707556 0.7784502 -0.03742441 0.6265897 0.74118 0.0800385 0.6665178 0.6989095 0.1753941 0.6933703 0.9204584 0.3908316 -0.002644616 0.6539682 0.2838817 0.7012394 0.9204582 0.390832 -0.002665821 0.6911718 0.2184287 0.6888908 0.9204581 0.3908322 -0.002664928 0.7297114 0.1383896 0.669604 0.9204589 0.3908304 -0.002663228 0.7545772 0.05565312 0.6538471 0.9204577 0.3908332 -0.002660821 0.822013 -0.01710224 0.5692119 0.92046 0.3908278 -0.002661941 0.8376772 -0.1237704 0.5319566 0.9204541 0.3908416 -0.002666249 0.8533362 -0.1879145 0.4863183 0.9204624 0.390822 -0.002659481 0.8758988 -0.2053123 0.4366326 0.9204606 0.3908264 -0.002661022 0.9086618 -0.3053092 0.2848158 -0.2545582 0.5943116 -0.7628853 0.9205294 0.3906643 -0.002637352 0.928886 -0.3382128 0.1509399 0.9203982 0.3909733 -0.002663032 0.9342127 -0.3515247 0.06063867 0.9204538 0.3908424 -0.002663476 0.91686 -0.3069181 -0.2552822 0.9204685 0.3908076 -0.00266538 0.900583 -0.3045979 -0.3101134 0.9204571 0.3908346 -0.002660213 0.8913708 -0.2565196 -0.3737055 0.9204567 0.3908355 -0.002662001 0.8713667 -0.2045146 -0.4459752 0.9204625 0.3908218 -0.002670063 0.8416485 -0.1638937 -0.5145548 0.9204582 0.3908319 -0.002668484 0.723795 0.141304 -0.6753917 0.920457 0.3908349 -0.002657486 0.6958521 0.2374207 -0.6778062 0.6532528 0.2838794 0.7019068 0.5299606 0.5715937 0.6264362 0.4956351 0.6576521 0.5673091 0.4627724 0.7361769 0.4938474 0.4106831 0.8559531 0.3141396 0.392493 0.8939798 0.2162162 0.429824 0.8014265 -0.4158928 0.6544778 0.2713849 -0.7056975 0.9204613 0.3908245 -0.002672574 0.6549755 0.2718965 -0.7050386 0.920457 0.3908347 -0.002669381 0.6337961 0.3441569 -0.6927183 0.9204588 0.3908305 -0.002661931 0.5557928 0.6021139 -0.5731956 0.9204597 0.3908285 -0.002658377 0.4900049 0.6875673 -0.5358604 0.9204394 0.3908762 -0.002669052 0.3921009 0.8895708 -0.2343515 0.9204635 0.3908194 -0.002663981 0.4009589 0.9029303 -0.1547544 0.9203983 0.390973 -0.002663325 0.3956039 0.9161545 -0.06448568 0.9204677 0.3908097 -0.002661788 0.3776105 0.9258593 0.01395892 0.9204593 0.3908294 -0.002657169 0.4174132 0.8732537 0.2513847 0.9204495 0.3908525 -0.002656122 0.4078349 0.8601357 0.3063288 0.9204557 0.3908378 -0.002656974 0.436331 0.820262 0.3698452 0.9204628 0.3908209 -0.002678968 0.5282295 0.6123781 0.5881893 0.9204625 0.3908216 -0.002678194 0.5679473 0.5322368 0.6278215 0.9204588 0.3908305 -0.0026624 0.566519 0.4901472 0.6624288 0.9204571 0.3908346 -0.002648835 0.6076455 0.4240237 0.6715436 0.9204588 0.3908305 -0.002654816 0.6574393 0.3371893 0.6738523 0.3591272 -0.8436051 0.3991968 0.2289109 -0.5339963 0.8139089 0.2027845 -0.4681455 0.8600688 0.1885378 -0.4375021 0.87923 0.2371946 -0.5520325 0.799374 0.1885378 -0.4375021 0.87923 -0.3404279 0.7980506 -0.4972163 -0.127286 0.3029516 0.9444674 0.3248961 -0.7610563 0.5614586 -0.3875831 0.905067 0.1750229 -0.3866106 0.9094411 -0.1531311 0.9301293 0.3435665 -0.1296978 0.9301417 0.3435205 -0.129731 0.9301186 0.3436043 -0.1296743 0.9301134 0.3436233 -0.1296614 0.9301341 0.3435492 -0.129709 -0.3643043 -0.891368 -0.2697138 -0.9204641 -0.3908181 0.00266129 -0.3980031 -0.8639785 -0.3084389 -0.9204566 -0.3908358 0.002657928 -0.3936969 -0.8339552 -0.3866801 -0.9204568 -0.3908353 0.002656532 -0.4127035 -0.7814659 -0.4679603 -0.9204543 -0.3908412 0.0026572 -0.4620916 -0.7508814 -0.4718564 -0.4522393 -0.7043325 -0.5471704 -0.9204551 -0.3908392 0.002659392 -0.9204592 -0.3908296 0.002656595 -0.4685118 -0.6841409 -0.5589704 -0.9204555 -0.3908384 0.002652302 -0.4823901 -0.6161794 -0.6225935 -0.9204571 -0.3908347 0.002655173 0.2965442 -0.6895313 0.6607633 0.1103614 -0.2616867 0.9588224 -0.1928167 0.4498765 -0.872028 -0.1883649 0.4382627 -0.8788882 -0.1883617 0.4374102 -0.8793135 -0.3908879 0.9194116 -0.04346312 -0.3905891 0.9195996 -0.04215221 -0.3646814 0.8718617 0.3269016 -0.5569241 -0.4905842 -0.6701959 -0.920458 -0.3908324 0.002657085 -0.5683435 -0.417898 -0.7087644 -0.9204585 -0.3908312 0.002664635 -0.5943787 -0.3124544 -0.7410035 -0.920458 -0.3908326 0.002656012 -0.6638364 -0.2056151 -0.7190575 -0.9204599 -0.390828 0.002664053 -0.6960923 -0.1134765 -0.7089278 -0.9204575 -0.3908334 0.002670089 -0.7652428 0.01206204 -0.6436288 -0.9204575 -0.3908337 0.002657818 -0.06691894 0.1502785 -0.9863763 -0.3246944 0.7611244 -0.561483 -0.3819937 0.9045238 0.1895191 0.3400879 -0.7977312 0.497961 0.2567464 -0.5994628 0.7581066 -0.8154216 0.1578247 -0.5569371 -0.9204569 -0.390835 0.002663814 -0.848897 0.196681 -0.4906022 -0.9204568 -0.3908352 0.002661619 -0.8726047 0.3059741 -0.3807109 -0.9204558 -0.3908376 0.002667164 -0.8966863 0.3329131 -0.2917577 -0.9204658 -0.390814 0.002660563 0.9203348 0.3911295 -0.001246438 0.1580664 -0.6130485 -0.7740714 0.2341251 -0.5619625 -0.793337 0.9204586 0.3908309 -0.002656079 0.9204589 0.3908303 -0.002663085 0.286176 -0.6732278 -0.681812 0.2446013 -0.5898417 -0.7695824 0.9204584 0.3908315 -0.002658488 0.3322925 -0.7802924 -0.5298353 0.9204587 0.3908308 -0.002658272 0.3577038 -0.8385479 -0.4109567 0.9204594 0.3908292 -0.002666535 0.3783543 -0.8852789 -0.2704243 0.9204585 0.3908312 -0.002663309 0.3905153 -0.9130688 -0.1174866 0.9204579 0.3908326 -0.002659568 0.3932973 -0.9186112 0.03835 0.9204579 0.3908326 -0.002663169 0.3471881 -0.8182331 0.4582085 0.9204608 0.3908266 -0.002560502 0.007433245 -0.01073807 0.9999147 0.001407321 -0.001138136 0.9999984 -0.6481201 -0.2690838 0.7124144 0.0637008 -0.1432647 0.9876322 -0.6025853 -0.3782917 0.7026993 0.1233234 -0.2837373 0.9509387 -0.5595276 -0.4750883 0.6791318 0.1799441 -0.4171707 0.8908359 -0.5258532 -0.5834657 0.6189072 0.229544 -0.5400553 0.8097221 -0.4862718 -0.6558098 0.577454 0.2752204 -0.652037 0.7064711 -0.4475874 -0.7394844 0.5028204 0.3161907 -0.7451576 0.5871657 -0.4228737 -0.803517 0.4189729 0.3493058 -0.8201425 0.4531576 -0.3992137 -0.856874 0.3261831 0.3881059 -0.9216147 -0.0003111236 -0.3665763 -0.9303841 0.002684555 0.3828324 -0.9104176 -0.1567772 -0.3730931 -0.9210625 -0.1115589 -0.9105649 0.3410617 -0.233556 -0.9204531 -0.3908439 0.00266411 0.2270537 -0.5424193 -0.8088436 -0.4850876 -0.6588437 -0.5749913 0.1728466 -0.4194141 -0.8911879 -0.5248731 -0.5718932 -0.6304335 -0.006842641 0.0003309117 -0.9999765 -0.6472193 -0.2809248 -0.7086525 0.004539501 -0.1871688 -0.9823173 0.1225212 -0.1929663 -0.9735259 -0.001962446 -0.3970435 -0.9177977 0.118404 -0.3061623 -0.9445873 0.04648669 -0.5464352 -0.8362102 0.1576339 -0.3832411 -0.9100977 0.03657973 -0.8033708 -0.5943544 0.08142139 -0.7069007 -0.7026108 0.1414845 -0.5718771 -0.8080463 0.1711671 -0.5099585 -0.8429971 0.1977945 -0.4720309 -0.8591066 0.1074858 -0.538793 -0.8355531 0.1721937 -0.4117761 -0.8948686 -0.04701451 -0.5103668 -0.8586707 0.1338276 -0.3477601 -0.9279834 -0.09079124 -0.3689249 -0.9250142 0.1024633 -0.2448938 -0.9641205 -0.2583404 -0.2894664 -0.9216667 -0.3835011 -0.339754 -0.8587748 -0.5027912 -0.3821371 -0.775353 -0.1896848 -0.4749602 -0.8593209 -0.3513432 -0.4339885 -0.8295854 -0.1117687 -0.5172837 -0.8484841 -0.07341492 0.1767446 -0.9815149 -0.6054499 -0.5466682 -0.5784326 -0.445611 -0.6137679 -0.6517054 -0.3333076 -0.6632286 -0.6700999 -0.1830052 -0.6649341 -0.7241352 -0.1057738 -0.6764043 -0.7288959 0.004111062 -0.6751044 -0.7377107 -0.3249167 0.7618773 -0.5603322 -0.2565849 0.5995136 -0.7581211 -0.2976675 0.6967785 -0.6526054 -0.2095893 0.4885146 -0.8470099 -0.7864557 -0.5434075 -0.2935912 -0.6845149 -0.6399712 -0.3491078 -0.5570555 -0.7196189 -0.4145333 -0.4335745 -0.7757924 -0.4584314 -0.292817 -0.8132576 -0.5028621 -0.1871963 -0.8359189 -0.5159429 -0.08127523 -0.8530645 -0.5154371 -0.8930226 0.3575013 0.2733194 -0.9204634 -0.3908198 0.00266261 -0.8914139 -0.4318146 -0.1375403 -0.8937818 -0.4308911 -0.1244464 0.2925404 -0.6996064 -0.651898 0.3245345 -0.7606362 0.5622366 -0.8715333 0.2967297 0.3903604 -0.9204526 -0.3908452 0.002659453 -0.8937823 -0.4308931 -0.1244359 0.3353746 -0.7863263 0.5188592 -0.8466484 0.2466531 0.4715387 -0.920466 -0.3908135 0.002669081 0.3497269 -0.8206673 0.4518808 -0.8937813 -0.430895 -0.124437 -0.8937823 -0.4308932 -0.1244358 -0.8937829 -0.4308921 -0.1244352 0.3654465 -0.8578343 0.3613436 0.3749844 -0.8799185 0.2917707 -0.8336097 0.1741511 0.5241816 -0.9204562 -0.3908367 0.002655715 0.3907241 -0.9199955 0.0307065 0.3908902 -0.9194393 0.04284988 0.38665 -0.9103162 0.147737 0.3885582 -0.9137517 0.1186606 0.3328282 -0.7801819 0.5296617 0.3889683 -0.9147623 0.1091494 -0.7365177 -0.05864017 0.6738717 -0.9204611 -0.390825 0.002678589 -0.691926 -0.1172227 0.7123884 -0.9204593 -0.3908294 0.002670539 -0.1614371 0.373988 -0.9132749 -0.634008 -0.2091229 0.7445142 -0.9204582 -0.3908318 0.002668388 0.1249434 -0.3039256 -0.9444672 0.9204069 0.3909526 -0.002682611 -0.388338 0.9087068 -0.1531196 0.920404 0.3909594 -0.002683777 0.9204589 0.3908304 -0.002659654 0.9204856 0.3907676 -0.002648004 0.2878702 -0.6754179 -0.6789266 0.9203321 0.3911362 -0.001162722 0.9204344 0.3908899 -0.002373145 0.383169 -0.9037315 -0.1909211 0.2920441 -0.6890401 -0.6632752 0.3233909 -0.761877 -0.5612146 0.3521349 -0.8311086 -0.4304178 0.3724737 -0.8794678 -0.2963102 0.230474 -0.5474485 -0.8044761 0.1885837 -0.4492164 -0.8732931 0.1640399 -0.3933857 -0.9046207 0.1160002 -0.2812397 -0.9526008 -0.09734957 0.2223159 -0.9701024 0.05372549 -0.1300438 -0.9900516 0.1031564 -0.2473213 -0.9634267 0.295746 -0.7022129 -0.6476352 0.3275173 -0.7788785 -0.5348651 0.3536572 -0.8393367 -0.4128443 0.3725313 -0.8804159 -0.293408 0.06993387 -0.1740839 -0.9822444 0.1123105 -0.2716275 -0.9558268 -0.004811445 0.008557663 -0.9999518 -0.3863598 0.9095441 -0.1531523 -0.0613977 0.1405537 -0.9881675 -0.103178 0.2366673 -0.9660967 -0.3841644 0.9034373 -0.190312 -0.8937823 -0.4308945 -0.1244317 0.9204586 0.390831 -0.002658548 -0.3866186 0.9094381 -0.1531288 -0.3840263 0.9032644 -0.1914083 -0.332832 0.7802104 -0.5296175 0.9204588 0.3908303 -0.002682551 0.9204586 0.390831 -0.002662183 -0.3179855 0.7426676 -0.5893471 -0.3140864 0.7446675 -0.5889142 0.9204587 0.3908307 -0.002673626 -0.3330902 0.7778899 -0.5328585 0.9204586 0.3908311 -0.002656837 -0.3581105 0.8373373 -0.4130655 -0.1928167 0.4498765 -0.872028 -0.1847511 0.4301667 -0.8836422 -0.2504839 0.5846682 -0.7716352 -0.2793565 0.6247705 -0.729124 -0.2532011 0.5415829 -0.8016091 -0.2739025 0.6408412 -0.7171471 -0.2930087 0.6855819 -0.6664258 -0.3148601 0.7374464 -0.5975248 -0.3303543 0.7743769 -0.5396355 -0.06417592 0.1419525 -0.9877909 -0.6941103 -0.1722911 -0.6989469 -0.1254229 0.2817169 -0.9512648 -0.7337216 -0.07402698 -0.6754056 -0.3246363 0.760692 -0.5621022 -0.2841508 0.646323 -0.7081842 -0.8453572 0.1904713 -0.4990911 -0.3246743 0.7427797 -0.5855467 -0.8738349 0.2529598 -0.4152396 -0.352991 0.8183142 -0.4536069 -0.8952785 0.3073529 -0.3225068 -0.3756328 0.8739152 -0.3084998 -0.9109915 0.3505291 -0.2173106 -0.3887877 0.9080669 -0.1557518 -0.9229207 0.3692914 -0.1088179 -0.3929795 0.9195472 4.419566e-06 -0.9239386 0.3825394 0.001033532 -0.3883843 0.9081053 0.1565324 -0.921339 0.371281 0.1152597 -0.3740842 0.8743386 0.3091811 -0.9116516 0.3461843 0.2214672 -0.335332 0.7862297 -0.5190331 -0.3486832 0.8196125 -0.4545937 -0.2306879 0.5404061 0.8091628 -0.8080824 0.1097729 0.578751 -0.1783694 0.4172282 0.8911257 -0.7729017 0.02084295 0.6341834 -0.361945 0.8546398 -0.3722722 -0.3738704 0.8787504 -0.2966794 -0.3401276 0.7975823 -0.4981723 0.9204585 0.3908306 -0.002742625 -0.03821943 0.09862269 0.9943907 0.9204586 0.390831 -0.002641612 -0.08234692 0.2069905 0.9748712 0.9204586 0.3908311 -0.002669533 -0.134842 0.3323405 0.9334706 0.9204584 0.3908315 -0.002662748 -0.1889373 0.4587111 0.8682666 0.9204591 0.3908298 -0.002662915 -0.281237 0.6684973 0.688489 -0.3400806 0.7975542 -0.4982495 -0.3327712 0.7802072 -0.5296603 0.9204581 0.3908321 -0.002658835 -0.3588268 0.8588179 0.3656162 0.9204589 0.3908304 -0.00266231 -0.3784642 0.9029079 0.2037699 0.9204581 0.3908321 -0.002662494 -0.387325 0.921238 0.03605462 0.9204574 0.3908338 -0.002661954 -0.3857762 0.9138845 -0.1264586 0.9204578 0.390833 -0.002661804 -0.3749393 0.8865408 -0.271046 0.9204581 0.3908323 -0.002660882 -0.3560607 0.8427434 -0.403738 -0.3777039 0.888669 -0.2600138 -0.3590392 0.8431787 -0.4001756 0.9204587 0.3908307 -0.002666018 0.9204589 0.3908302 -0.002687205 0.9204586 0.390831 -0.002661162 0.9204585 0.3908313 -0.002659535 0.9204594 0.3908291 -0.002667217 0.9204587 0.3908307 -0.002661001 0.9204585 0.3908313 -0.002661274 0.9204578 0.390833 -0.002659324 0.9204577 0.3908332 -0.002665074 0.9204576 0.3908334 -0.002661232 0.9204578 0.3908329 -0.002660308 0.9204589 0.3908304 -0.002657991 0.9204578 0.3908328 -0.002662763 -0.04317067 0.1183259 0.9920359 -0.2826989 0.6776106 0.6789148 -0.3104732 0.7461274 0.5889824 -0.3443293 0.8207563 0.455847 -0.2966714 0.7018289 0.6476282 -0.2609594 0.6163192 0.7430013 -0.2896871 0.6900474 0.6632616 -0.3208201 0.7629669 0.5612093 0.9204585 0.3908314 -0.002658267 -0.3513089 0.8314561 0.4304217 -0.3726364 0.8793993 0.296309 -0.3832694 0.9038351 0.1902278 0.9204582 0.3908318 -0.002675245 0.9204584 0.3908314 -0.002660957 0.9204583 0.3908316 -0.002664221 0.9204583 0.3908318 -0.002660388 -0.3303132 0.7776847 0.5348829 -0.3562591 0.8382315 0.4128528 0.9204579 0.3908327 -0.002660445 0.9204584 0.3908315 -0.002657466 0.9204592 0.3908296 -0.002667449 0.9204589 0.3908304 -0.002664598 0.9204586 0.390831 -0.002656803 0.9204584 0.3908314 -0.002663762 0.9204586 0.3908311 -0.002659407 0.9204587 0.3908309 -0.002654784 -0.3732915 0.8800907 0.2934174 -0.3831816 0.9037247 0.1909282 -0.08946897 0.2153327 0.9724336 -0.03905939 0.09662132 0.9945545 0.05339786 -0.116371 0.9917694 0.1044879 -0.2388948 0.9654075 0.06334939 -0.1397808 0.9881539 0.007684657 -0.00725182 0.9999442 -0.05135597 0.1309389 0.9900594 -0.1015228 0.2478588 0.9634621 -0.1339419 0.3240761 0.9365011 0.09321421 -0.2151058 0.972132 -0.01634216 0.04127104 0.9990143 0.9204574 0.3908338 -0.002668675 0.5905678 0.3113647 -0.744501 0.9204587 0.3908307 -0.002664033 0.5646646 0.416841 -0.7123184 0.9204583 0.3908317 -0.002663349 0.5534651 0.4895951 -0.6737752 0.920459 0.3908301 -0.002664663 0.5093757 0.5267132 -0.6805216 0.9204588 0.3908305 -0.002660672 0.4791896 0.6152418 -0.6259831 0.9204579 0.3908327 -0.002661921 0.4656416 0.6833058 -0.5623798 0.9204561 0.390837 -0.002667018 0.4535521 0.721023 -0.5238476 0.920462 0.390823 -0.00265806 0.4104134 0.7807321 -0.4711881 -0.07186492 0.1732659 0.9822497 0.9204614 0.3908244 -0.002660027 0.3964629 0.8635002 -0.3117445 0.920449 0.3908536 -0.002663448 0.3627697 0.8909981 -0.2729843 0.9204539 0.3908421 -0.002661255 0.3708146 0.9285168 -0.01878746 0.9204683 0.3908082 -0.002660805 0.3477696 0.9354424 0.06327574 0.9204583 0.3908316 -0.002660492 0.3539234 0.9213417 0.1608347 0.9204521 0.3908463 -0.002661346 0.3868821 0.8919329 0.2340469 0.9204571 0.3908346 -0.002660949 0.3833613 0.876177 0.2921438 0.9204654 0.390815 -0.002665791 0.386202 0.8400481 0.3810081 0.9204567 0.3908355 -0.002661614 0.4105806 0.7837687 0.4659724 0.9204609 0.3908257 -0.002667308 0.4482826 0.7470481 0.4908787 0.2545569 -0.5943064 0.7628897 0.2078153 -0.4833516 0.8504022 0.92046 0.3908277 -0.002661902 0.5450801 0.5046167 0.6695145 0.9204585 0.3908311 -0.002670865 0.5652711 0.4215915 0.709034 0.9204569 0.390835 -0.002657129 0.609157 0.3343919 0.7191034 0.9204607 0.390826 -0.00267 0.6517084 0.2691916 0.7090924 0.9204587 0.3908308 -0.002666124 0.6378165 0.210213 0.7409457 0.9204611 0.3908253 -0.002646749 0.6955775 0.1182652 0.7086503 0.920458 0.3908325 -0.002663799 0.7399346 0.05960098 0.6700332 0.3328194 -0.7802361 0.5295875 0.3245625 -0.7605687 0.5623117 0.9204655 0.3908148 -0.00266121 0.9065208 -0.386627 0.1695277 0.9204384 0.3908785 -0.002660871 0.9190816 -0.3869866 0.07436694 0.9204614 0.3908246 -0.002657816 0.9093727 -0.3413864 -0.2376904 0.9204613 0.3908246 -0.002660876 0.8467959 -0.2498887 -0.4695662 0.920457 0.3908347 -0.002660039 0.8463346 -0.1974555 -0.4947011 0.9204569 0.3908351 -0.002659796 0.8124571 -0.1587515 -0.5609915 0.9204616 0.3908239 -0.002675704 0.7416614 -0.1030332 -0.6628141 0.9204632 0.39082 -0.00268074 0.7619443 -0.01301552 -0.6475118 0.9204604 0.3908268 -0.00266797 0.7383916 0.04034913 -0.673164 0.9204573 0.3908341 -0.002650042 0.692444 0.1124364 -0.7126565 0.9204589 0.3908303 -0.002654993 0.6601159 0.2045536 -0.7227758 0.178633 -0.4146029 0.8922974 0.1878726 -0.4364438 0.8798981 0.9204596 0.3908287 -0.002665808 0.7429025 0.06585014 -0.6661529 0.9204597 0.3908284 -0.002655176 0.7742931 0.03764004 -0.6317068 0.920456 0.3908371 -0.002658807 0.8045301 -0.04646662 -0.5920914 0.9204625 0.3908218 -0.002671902 0.8260139 -0.1208208 -0.5505483 0.1924744 -0.4452989 0.8744498 0.275387 -0.643125 0.7145294 0.92047 0.3908041 -0.002666296 0.9281774 -0.3339177 -0.1642732 0.9204436 0.3908664 -0.002662744 0.9302038 -0.35856 -0.07845748 0.9204677 0.3908096 -0.002661794 0.9283239 -0.3713491 -0.01773513 0.9204523 0.3908459 -0.00265966 0.9135659 -0.3350427 0.2305294 0.9204596 0.3908285 -0.002662539 0.9204563 0.3908364 -0.002662188 0.8989082 -0.2465526 0.362182 0.8856489 -0.3141312 0.3419761 0.9204586 0.390831 -0.002664916 0.7788374 0.0001366317 0.6272259 0.9204581 0.3908323 -0.002664363 0.4894255 0.6793763 0.5467271 0.9204562 0.3908366 -0.002657767 0.4691334 0.7204302 0.510778 0.9204616 0.390824 -0.002662187 0.4603136 0.7698706 0.4420527 0.9204591 0.3908299 -0.002659745 0.4051934 0.9000511 0.1603943 0.9204436 0.3908663 -0.002662527 0.388435 0.9184478 0.074645 0.920453 0.3908442 -0.002666976 0.4099686 0.865215 -0.2886671 0.9204591 0.3908298 -0.002661274 0.4361578 0.8234045 -0.3630034 0.9204635 0.3908196 -0.002657455 0.4582633 0.7719518 -0.4405511 0.9204633 0.3908199 -0.002653781 0.4550312 0.7434523 -0.4901278 0.9204544 0.3908408 -0.00266766 0.5379466 0.5589517 -0.6310202 0.92046 0.3908278 -0.002660533 0.560835 0.5029063 -0.6576849 0.9204613 0.3908248 -0.002647516 0.6030663 0.4275088 -0.6734592 -0.1928167 0.4498765 -0.872028 -0.2144161 0.4991313 -0.8395795 -0.3781543 0.8883962 -0.260291 -0.3594842 0.8434612 -0.3991797 0.3784583 -0.8904107 0.2528598 0.3160479 -0.7389017 0.595095 0.3400057 -0.797448 0.4984704 0.3724162 -0.8685778 -0.3269232 0.9301265 0.3435627 -0.1297277 0.3400815 -0.7975533 0.4982503 0.3491505 -0.8187085 -0.4558621 0.08566153 -0.2278616 -0.9699181 0.3690113 -0.8773166 -0.3068327 0.02689454 -0.07927719 -0.9964897 -0.09970185 0.2219018 0.9699583 -0.02120946 0.04362604 -0.9988228 0.3825721 -0.9000569 0.2086533 -0.2133288 0.4962971 -0.8415343 0.2112505 -0.4916107 0.844803 -0.3587486 0.8422572 -0.4023708 0.3183183 -0.7427975 -0.5890037 0.05030115 -0.1153166 -0.9920544 -0.1163301 0.259153 -0.958805 0.2976788 -0.6964843 0.6529142 -0.2977741 0.6977135 -0.651557 -0.9216322 0.3616519 0.1407197 -0.9204676 -0.3908099 0.002660519 -0.907768 0.343168 0.2412321 -0.9204545 -0.3908408 0.002657642 -0.8920201 0.3014893 0.3367556 -0.9204547 -0.3908402 0.002656655 -0.8712456 0.2516054 0.4214568 -0.9204563 -0.3908365 0.002656812 -0.7685424 0.02028156 0.6394773 -0.9204586 -0.390831 0.002657826 -0.7260924 -0.07975054 0.6829566 -0.9204575 -0.3908337 0.002659106 -0.6316679 -0.319245 0.7064547 -0.9204607 -0.390826 0.002664219 -0.5905696 -0.4080923 0.6961956 -0.9204576 -0.3908332 0.00266944 -0.4860046 -0.662789 0.5696581 -0.9204583 -0.3908317 0.00266601 -0.4677338 -0.7157174 0.5186267 -0.9204563 -0.3908364 0.002660969 -0.4420908 -0.7649427 0.4684212 -0.9204583 -0.3908317 0.002661566 -0.4169402 -0.8190257 0.3941545 -0.9204562 -0.3908367 0.002664556 -0.3945905 -0.8673883 0.3032095 -0.9204441 -0.3908652 0.002673064 0.3858403 -0.9171151 0.1001358 -0.3611746 -0.9299775 0.06851824 0.3779873 -0.9013511 0.2114046 -0.3581949 -0.9203877 0.1567895 0.3653895 -0.8735011 0.3216929 -0.3750742 -0.8949095 0.2417776 0.33328 -0.7938448 0.5086599 -0.3965125 -0.8427496 0.3640755 0.1715907 -0.4145507 0.8937026 -0.5196868 -0.559244 0.6458884 0.1169333 -0.3092908 0.9437509 -0.552736 -0.4962505 0.6694911 0.09199748 -0.2244902 0.970124 -0.5590506 -0.4429289 0.7009111 0.05031072 -0.1228863 0.9911447 -0.5985051 -0.3549172 0.7182099 0.001856109 -0.01401671 0.9999 -0.6464253 -0.2839774 0.7081604 -0.04360389 0.09714495 0.9943146 -0.6770144 -0.2122976 0.7046852 -0.1713458 0.3901581 0.9046642 -0.755578 -0.003338639 0.6550501 -0.1949798 0.4842109 0.8529494 -0.776505 0.08341574 0.6245653 -0.3118431 0.7157119 0.6249083 -0.854881 0.2391759 0.4604057 -0.3823616 0.8633551 0.3292683 -0.9110478 0.3382907 0.2356932 -0.3907954 0.9134913 0.113193 -0.9261071 0.368345 0.0815332 -0.5222837 -0.5683758 -0.6357426 -0.9204589 -0.3908303 0.002666325 -0.564971 -0.4684427 -0.6792416 -0.9204608 -0.3908257 0.002675034 -0.6106277 -0.3727274 -0.6987189 -0.9204581 -0.3908322 0.002669989 -0.6457103 -0.304932 -0.7000533 -0.9204597 -0.3908285 0.002664537 -0.6718387 -0.2342316 -0.7026865 -0.9204599 -0.390828 0.002660586 -0.8172274 0.1094097 -0.5658347 -0.9204577 -0.3908331 0.002660401 -0.8423265 0.1594749 -0.5148337 -0.9204571 -0.3908346 0.002672109 -0.913684 0.3520725 -0.2030431 -0.9204527 -0.3908449 0.002661132 -0.9224318 0.372466 -0.1019249 -0.9204676 -0.3908099 0.002660934 -0.926273 0.3768523 0.0008634733 -0.9204551 -0.3908393 0.002660683 -0.386993 0.8975362 -0.2113414 -0.9117752 0.3810724 -0.1531335 -0.376322 0.8688675 -0.3216379 -0.9054265 0.3513913 -0.2381743 -0.3569405 0.8375717 -0.4136027 -0.9024059 0.3234966 -0.2846288 -0.2916048 0.6481346 -0.7034829 -0.8515007 0.1899793 -0.4887274 -0.2576162 0.588779 -0.7661417 -0.8288946 0.1377848 -0.5421708 -0.05833202 0.1194808 -0.9911214 -0.6745273 -0.1856206 -0.7145333 -0.01369137 0.008986215 -0.9998659 -0.6567275 -0.2693452 -0.7043878 0.03473046 -0.1009158 -0.9942886 -0.6263781 -0.3411315 -0.7009135 0.07873371 -0.2037912 -0.9758433 -0.5692494 -0.4119994 -0.7114855 0.2636473 -0.6460986 -0.7162728 -0.4577491 -0.7305113 -0.5067731 0.3268278 -0.7828667 -0.5294368 -0.3987058 -0.8327181 -0.384206 0.3540593 -0.875376 -0.3291791 -0.39049 -0.8909024 -0.231971 0.3790125 -0.8990918 -0.2190512 -0.3727119 -0.9124538 -0.1688608 0.3854885 -0.9157349 -0.1132614 -0.3787391 -0.9222331 -0.07773574 0.3899068 -0.9208499 -0.002862591 -0.3745162 -0.9272202 0.000496305 -0.3721641 -0.9281625 0.002863398 -0.9204811 -0.390778 0.002659681 0.2585622 -0.6173551 -0.7429793 -0.387923 0.9169414 -0.09345667 -0.3851905 0.9065052 -0.1728485 0.299054 -0.6998845 0.6486357 -0.2584654 0.604853 -0.7532254 -0.3914543 0.9192989 0.04065759 0.3775693 -0.8868874 0.2662184 0.1614365 -0.3739903 0.9132741 0.06786682 -0.1499397 -0.9863631 -0.6068576 -0.3759452 -0.7002779 0.1184458 -0.2803302 -0.9525679 -0.5601544 -0.48083 -0.6745588 0.2909488 -0.6987485 -0.6535284 0.2509195 -0.5973292 -0.761733 -0.4488525 -0.7574088 -0.4741975 -0.4507031 -0.7041801 -0.5486321 0.3109711 -0.7466078 -0.5881103 -0.4255261 -0.8036693 -0.4159846 0.3437472 -0.8220278 -0.4539913 -0.3988424 -0.8598518 -0.3187156 0.3681 -0.876823 -0.3093281 -0.3850812 -0.8968188 -0.2177807 0.3837439 -0.9101457 0.1561265 -0.3746477 -0.9202993 0.1126425 0.3711973 -0.8753122 0.3099049 -0.3794339 -0.8984303 0.2210269 -0.6480409 -0.268143 0.712841 -0.9204608 -0.3908259 0.002663647 -0.6054324 -0.3333176 0.7227385 -0.9204576 -0.3908333 0.002653448 -0.5616088 -0.4205437 0.7125577 -0.9204595 -0.390829 0.002650639 -0.5416532 -0.5036212 0.673036 -0.9204615 -0.3908242 0.002649247 -0.5196268 -0.5576217 0.6473377 -0.9204577 -0.3908331 0.002660224 -0.4407831 -0.6055869 0.6625517 -0.9204597 -0.3908285 0.00265229 -0.4499175 -0.695153 0.5606573 -0.9204573 -0.390834 0.002669418 -0.408137 -0.783096 0.4692385 -0.9204604 -0.3908267 0.002658059 -0.3841393 -0.839483 0.3843246 -0.9204594 -0.3908291 0.0026576 -0.3473922 -0.9353618 0.06646039 -0.9204424 -0.3908691 0.002662256 -0.3710237 -0.9284945 -0.01547214 -0.9205547 -0.3906046 0.002665959 -0.3598308 -0.9300099 -0.07485561 -0.9204558 -0.3908377 0.002660765 -0.3511633 -0.9207419 -0.1700548 -0.9204497 -0.390852 0.002662418 -0.01076148 0.03640626 -0.9992791 -0.5129334 -0.5277287 -0.6770537 -0.9204605 -0.3908264 0.002660084 -0.2076017 0.4834363 -0.8504063 -0.8419079 -0.4620976 -0.27867 -0.7798409 -0.4575062 -0.4272426 -0.6987245 -0.445287 -0.5599139 -0.6056589 -0.4172752 -0.6775388 -0.04182408 -0.1752942 -0.9836273 -0.01397511 -0.2370402 -0.9713993 -0.1921847 -0.2618136 -0.94579 0.1810712 -0.1687671 -0.9688813 -0.05598306 -0.008487367 -0.9983956 0.3811462 -0.9078002 -0.1750038 -0.1037265 -0.02994165 -0.9941551 -0.2138888 -0.1991238 -0.9563479 -0.2856243 -0.05148673 -0.9569576 -0.21363 -0.0162101 -0.9767801 -0.325474 -0.1913497 -0.925987 -0.2856243 -0.05148673 -0.9569576 -0.5525419 -0.2699182 -0.7885694 -0.6530138 -0.317839 -0.6874237 -0.7385812 -0.3586581 -0.5708434 -0.8096066 -0.3920104 -0.436881 0.02561732 -0.1064631 -0.9939866 -0.86403 -0.4171531 -0.281843 -0.4392614 -0.2161483 -0.8719687 -0.2318107 0.08991041 -0.9685969 -0.06589604 0.1524603 -0.9861103 -0.162968 0.2651855 -0.9503252 -0.1181366 0.448587 -0.885897 -0.5879074 0.4187865 -0.6920858 -0.3143212 0.7362179 -0.5993208 -0.3025894 0.7069639 -0.6392509 -0.3228716 0.7570709 -0.5679768 -0.769442 0.188904 -0.6101428 -0.5876674 0.4190034 -0.6921584 -0.3438557 0.8080315 -0.478381 -0.8757165 -0.03374265 -0.4816452 -0.8432402 0.05484025 -0.5347322 -0.7691925 0.1892575 -0.6103479 -0.3597559 0.8435158 -0.3988193 -0.917086 -0.2247449 -0.3293067 -0.8762488 -0.0351268 -0.4805768 -0.3692481 0.8643624 -0.3413701 -0.9189267 -0.2473994 -0.3071926 -0.3767495 0.8853799 -0.2723274 -0.9118779 -0.3657172 -0.1863589 -0.8992459 -0.4056338 -0.1637623 -0.8885973 -0.4284092 -0.1638916 -0.5503102 0.3923593 -0.7370298 -0.5507443 0.3802298 -0.7430383 -0.5500258 0.3792744 -0.7440582 -0.733443 0.1744038 -0.6569968 -0.2268708 0.5291474 -0.8176385 -0.7335472 0.1745613 -0.6568385 -0.8256912 0.02691336 -0.5634801 -0.100402 0.24183 0.9651102 -0.8260926 0.02648761 -0.5629115 -0.8850448 -0.117261 -0.4504949 -0.885831 -0.1196183 -0.4483246 -0.9140491 -0.2735564 -0.2994681 -0.1995785 0.4881434 0.8496378 -0.4996852 0.2618669 -0.8256758 -0.6347436 0.1410315 -0.7597438 -0.6358071 0.1414366 -0.7587786 -0.7464979 0.01292576 -0.6652622 -0.7483235 0.01209472 -0.6632237 -0.8321489 -0.118145 -0.5418209 -0.8330566 -0.1184907 -0.5403487 -0.8511952 -0.217818 -0.4775165 -0.887357 -0.1901942 -0.4200282 -0.8974117 -0.3959659 -0.1945847 -0.4423957 0.1262495 -0.8878891 -0.4903948 0.003051562 -0.871495 -0.602657 0.08782057 -0.7931532 -0.616817 -0.009610182 -0.7870479 -0.6182755 -0.01025638 -0.7858945 -0.7564373 -0.145811 -0.6376063 -0.7569805 -0.1461521 -0.6368831 -0.835194 -0.2487371 -0.4904905 -0.8351889 -0.2489003 -0.4904164 -0.8908808 -0.3596401 -0.2774716 -0.8926944 -0.4081642 -0.1910461 -0.3516627 0.008451626 -0.9360886 -0.2260327 0.05454275 -0.9725916 -0.4588024 -0.06190754 -0.886379 -0.458607 -0.06196236 -0.8864763 -0.5987253 -0.1527474 -0.7862546 -0.5996251 -0.1533603 -0.7854492 -0.7176559 -0.2391843 -0.6540343 -0.718325 -0.239294 -0.6532592 -0.8078598 -0.3151773 -0.4980219 -0.2590705 0.6046444 -0.753185 -0.8084419 -0.3153917 -0.4969404 -0.7716248 -0.2558393 -0.5823586 -0.8891272 -0.4258729 -0.1675862 -0.004165703 0.4703331 -0.8824791 -0.5207342 0.292805 -0.8019359 -0.4993193 0.2621711 -0.8258005 -0.2825385 0.2599864 -0.9233521 -0.4423775 0.1265229 -0.8878593 -0.2424736 0.1603746 -0.9568106 -0.3249407 0.7616522 -0.5606242 -0.8937701 -0.4309142 -0.124451 -0.8937867 -0.4308857 -0.1244302 -0.8937784 -0.4308998 -0.1244409 -0.8937828 -0.4308924 -0.1244347 -0.386637 0.9094322 -0.1531173 -0.386607 0.9094428 -0.1531298 -0.8937864 -0.4308864 -0.1244298 -0.2990307 0.6998944 -0.6486359 -0.344967 0.821568 0.4538984 0.3304788 -0.7746376 0.5391849 0.2497288 -0.5832747 0.7729335 0.02361603 -0.03094738 0.999242 0.3247515 -0.761786 0.560552 -0.2970258 0.6947134 -0.6550946 -0.3245981 0.7605568 -0.5623073 0.08098609 -0.1735291 0.9814932 -0.3815593 0.8970097 -0.2231281 0.3592603 -0.8430841 0.4001764 -0.3771493 0.8870305 -0.2663367 0.3907241 -0.9199955 0.0307065 0.3906744 -0.9194312 0.04494108 -0.3838227 0.9040435 -0.1881106 -0.3909182 0.9194276 -0.04284803 -0.1204732 0.2793413 -0.9526042 -0.3867904 0.9093645 -0.1531323 -0.3868202 0.909356 -0.1531071 -0.3866125 0.9094409 -0.1531276 -0.3856704 0.9098149 -0.1532813 0.1865114 -0.4320781 0.8823389 0.1885378 -0.4375021 0.87923 0.1884515 -0.4380924 0.8789546 -0.06209057 0.143146 0.987752 -0.6885334 -0.1740969 0.7039972 -0.1216628 0.2837472 0.9511497 -0.7317276 -0.0677101 0.6782257 -0.2773469 0.6502537 0.7072827 -0.8418471 0.1906545 0.5049201 -0.3179255 0.7434576 0.5883827 -0.8717298 0.252782 0.4197481 -0.3504872 0.8190557 0.4542098 -0.8940705 0.3108944 0.3224633 -0.2353712 0.5387711 -0.8089043 -0.8124281 0.1043674 -0.5736446 -0.1833675 0.4154371 -0.890948 -0.7880199 0.02559106 -0.6151176 -0.6464863 -0.2815182 -0.709086 -0.920459 -0.3908302 0.002663586 -0.7418068 -0.04133893 -0.6693383 -0.9204583 -0.3908317 0.002662822 -0.7450964 0.1020576 -0.6591021 -0.9204608 -0.3908258 0.002664492 -0.8491619 0.2492562 -0.4656129 -0.9204584 -0.3908314 0.002660843 -0.9087947 0.3852061 -0.1603386 -0.9204526 -0.390845 0.002663087 -0.9146087 0.3994407 -0.06275373 -0.9204801 -0.3907804 0.002660532 -0.9255408 0.3781585 0.01924506 -0.9204614 -0.3908243 0.002659918 -0.9187258 0.3870127 0.078511 -0.9204562 -0.3908367 0.002663203 -0.9056028 0.3869524 0.1736417 -0.9204676 -0.3908097 0.002664301 -0.8965085 0.3143408 0.3121896 -0.9204594 -0.3908291 0.002662222 -0.8148493 0.1392347 0.5627027 -0.920456 -0.3908371 0.002653098 -0.7752921 0.08217292 0.6262346 -0.9204581 -0.3908323 0.002656429 -0.7325734 -0.001145987 0.680687 -0.9204596 -0.3908285 0.002671372 0.2990691 -0.7001289 0.648365 0.2983638 -0.6973635 0.6516619 0.06647987 -0.1504644 0.9863777 -0.03347692 0.07648127 0.9965089 -0.2227845 0.5127106 0.8291531 -0.273296 0.6251405 0.731101 -0.2969928 0.6977159 0.6519109 -0.3211068 0.7587947 0.5666754 -0.3902309 0.9196431 0.04445676 -0.388932 0.9153137 -0.1045595 -0.3790354 0.8901658 -0.2528579 -0.360232 0.844854 -0.3955434 -0.3407243 0.7978137 -0.4973935 -0.3594679 0.8432606 -0.3996178 -0.3774836 0.8886256 -0.2604816 -0.3402041 0.7976969 -0.4979366 -0.2129764 0.496808 -0.8413221 -0.1615951 0.3708825 -0.9145126 0.1516581 -0.3790496 -0.9128643 0.2100892 -0.5181011 -0.8291162 0.320156 -0.7591985 -0.5666726 0.3493007 -0.8197279 -0.4539111 0.3845662 -0.9034314 -0.1895272 0.3904345 -0.9195567 -0.04445698 0.3401934 -0.7981501 0.4972171 0.3595401 -0.8434468 0.3991596 0.3783202 -0.8882458 0.2605634 0.3908902 -0.9194393 0.04284988 0.3848492 -0.9037102 0.1876138 0.3908902 -0.9194393 0.04284988 0.390584 -0.919585 0.04251453 0.3907241 -0.9199955 0.0307065 0.388428 -0.9141702 0.1158302 0.3778181 -0.88854 0.2602888 0.2587985 -0.604752 0.7531921 0.2131231 -0.4965715 0.8414246 -0.3881284 0.9138959 -0.1189563 -0.3906784 0.9200973 -0.02813083 0.3783412 -0.8883994 0.2600087 0.3596151 -0.8451165 0.395544 0.1219803 -0.2787034 0.9525992 0.1590949 -0.3719375 0.9145224 -0.2986625 0.7000423 -0.6486459 -0.8381655 -0.5091028 0.1956861 -0.9204534 -0.3908431 0.002673118 -0.8641121 -0.4527853 0.2197628 -0.9204578 -0.3908329 0.002664609 -0.8931901 -0.3843601 0.2334067 -0.920458 -0.3908323 0.002675904 -0.9269669 -0.2956499 0.2309187 -0.9204607 -0.390826 0.002674657 -0.9353876 -0.2855677 0.2085693 -0.920471 -0.3908016 0.002708921 -0.9464109 -0.2551526 0.1979988 -0.9204688 -0.3908066 0.002701051 -0.9534934 -0.2547852 0.161043 -0.9204678 -0.3908092 0.002696079 -0.9597422 -0.2292026 0.1623607 -0.9204663 -0.3908126 0.002688085 -0.9729787 -0.195122 0.1234496 -0.9204592 -0.3908296 0.002653999 -0.9815105 -0.1671154 0.09332495 -0.9204624 -0.390822 0.002668597 -0.9851262 -0.1716317 -0.008303112 -0.9204617 -0.3908237 0.002661473 -0.9841768 -0.1706458 -0.0477074 -0.9204636 -0.3908192 0.002662164 -0.9413387 -0.3024114 0.1497625 -0.9029504 -0.4287824 0.02874429 -0.9074654 -0.4179834 0.04238484 -0.9300062 -0.3649796 0.04333981 -0.9332068 -0.3577946 0.03328687 -0.9346714 -0.3554065 0.008692604 -0.9153905 -0.3967583 0.06813955 -0.9236585 -0.3785848 0.05940164 -0.9364786 -0.3495806 -0.02830698 -0.8466128 -0.5233726 0.09658057 -0.8677556 -0.4755499 0.1444037 -0.8896685 -0.4271408 0.1613716 -0.9100942 -0.3761706 0.173851 -0.9275385 -0.3335684 0.1685365 -0.9424656 -0.2990489 0.1494267 -0.9585401 -0.2609297 0.1145274 -0.9667711 -0.2450676 0.07277029 -0.9719132 -0.2332097 0.03159036 -0.9691094 -0.2457852 -0.02041299 -0.8064181 -0.5757286 0.1350051 -0.9204541 -0.3908417 0.002668615 -0.9212421 -0.3889401 0.006208031 -0.9085221 -0.4177772 0.007048394 -0.9133373 -0.4054263 0.03800616 -0.9123253 -0.4094586 0.002470459 -0.9656699 -0.2177814 -0.1416084 -0.9204603 -0.390827 0.002658352 -0.9558018 -0.2646606 -0.1280536 -0.9204628 -0.3908211 0.002653948 -0.9567068 -0.2539225 -0.1422514 -0.9204628 -0.3908213 0.002645571 -0.9143064 -0.3346826 -0.2281038 -0.9204589 -0.3908304 0.00264162 -0.883136 -0.4111918 -0.2258144 -0.9204607 -0.3908262 0.00265081 -0.876441 -0.4243207 -0.2276029 -0.9204465 -0.3908599 0.002600817 -0.8576078 -0.4620952 -0.2257806 -0.9204579 -0.3908327 0.002652749 -0.8418438 -0.5041159 -0.1927851 -0.9204439 -0.3908661 0.002602656 -0.816715 -0.5647875 -0.1182866 -0.9204546 -0.3908405 0.002665455 -0.8097231 -0.5835313 -0.06196603 -0.920454 -0.390842 0.002655341 -0.8076379 -0.5895246 0.01347949 -0.9204531 -0.390844 0.00265802 -0.8060785 -0.5894401 0.05289514 -0.9204544 -0.3908409 0.002662438 -0.8293175 -0.5547189 0.06722651 -0.9204535 -0.3908431 0.002663458 -0.8207689 -0.56464 0.08671818 -0.9204531 -0.390844 0.002665777 -0.9141087 -0.4048783 0.02188461 -0.915083 -0.4007968 -0.04455403 -0.9052883 -0.4238934 -0.02770457 -0.9034727 -0.4286013 -0.00616267 -0.9004662 -0.43482 0.009601514 -0.9317051 -0.3607872 -0.04193045 -0.9216456 -0.3833797 -0.05991157 -0.9066371 -0.4191937 -0.04780957 -0.9650942 -0.2453428 -0.09165211 -0.9455005 -0.2943791 -0.139175 -0.9259784 -0.3437886 -0.1561198 -0.9035501 -0.3939125 -0.1686122 -0.8849854 -0.4360429 -0.1633015 -0.8704308 -0.4707058 -0.1441744 -0.8539894 -0.5086812 -0.1092955 -0.8468792 -0.5272483 -0.06931731 -0.8417309 -0.5393097 -0.02518068 -0.8396439 -0.5424126 0.02804784 -0.9767271 -0.1983455 -0.08162835 -0.9204631 -0.3908204 0.002653295 -0.9754004 -0.2115397 -0.06200789 -0.9204646 -0.3908171 0.002651695 -0.982048 -0.1884262 0.008792163 -0.9204647 -0.3908166 0.002665536 -0.9860177 -0.1623134 0.0377287 -0.9204642 -0.3908178 0.002663957 -0.9818866 -0.1771634 0.0671706 -0.9204605 -0.3908265 0.002659519 -0.9695591 -0.204178 0.1351532 -0.9204634 -0.3908197 0.002670376 -0.912861 -0.3354224 0.2327588 -0.920465 -0.3908158 0.002701301 -0.9080752 -0.3493629 0.2309652 -0.9204603 -0.3908269 0.002684551 -0.8906269 -0.4026075 0.2114023 -0.9204558 -0.3908377 0.002663422 -0.8746586 -0.4249167 0.233277 -0.9204595 -0.3908288 0.002675799 -0.8656309 -0.4622995 0.192256 -0.9204582 -0.3908319 0.00267055 -0.8535889 -0.4804849 0.2012965 -0.9204554 -0.3908384 0.002670463 -0.8464161 -0.5117002 0.1474542 -0.920456 -0.390837 0.002672614 -0.8535865 -0.503615 0.1332743 -0.9204566 -0.3908356 0.002673635 -0.826782 -0.5430788 0.1466185 -0.9204568 -0.3908352 0.002665378 -0.8874733 0.2738309 -0.3706855 -0.9204526 -0.3908451 0.002667351 -0.8708032 0.2457437 -0.4258073 -0.9204546 -0.3908404 0.002668456 -0.8531626 0.1968499 -0.4830774 -0.9204564 -0.390836 0.002673624 -0.8271642 0.1225883 -0.5484264 -0.9204554 -0.3908385 0.002669127 -0.7922669 0.04496024 -0.6085161 -0.9204554 -0.3908386 0.002668006 -0.6554643 -0.2704916 -0.7051247 -0.9204595 -0.3908289 0.00268076 -0.6224877 -0.3462737 -0.7018573 -0.9204561 -0.3908368 0.002659673 -0.591045 -0.4209755 -0.6880737 -0.9204595 -0.390829 0.002664469 -0.4318655 -0.7945495 -0.4268293 -0.9204572 -0.3908343 0.002654159 -0.4148899 -0.8339052 -0.3639623 -0.9204639 -0.3908184 0.002674406 -0.3999582 -0.8686911 -0.2922486 -0.9204625 -0.3908218 0.002664586 -0.3738782 -0.9274486 -0.00736138 -0.9204651 -0.3908157 0.002665929 -0.3801513 -0.9199762 0.0955446 -0.9204631 -0.3908204 0.002661762 -0.3880397 -0.9019352 0.1895737 -0.9204649 -0.3908162 0.002655056 -0.401766 -0.8706283 0.2838845 -0.9204639 -0.3908185 0.002652653 -0.4174375 -0.8279575 0.374476 -0.9204634 -0.3908197 0.002659063 -0.8176575 -0.5756938 -0.003589839 -0.9204558 -0.3908375 0.002661322 -0.801784 -0.5967271 -0.03254434 -0.9204554 -0.3908385 0.002664451 -0.8023277 -0.5903345 -0.08817839 -0.9204534 -0.3908434 0.002656875 -0.8209049 -0.5560694 -0.1300077 -0.9204512 -0.3908486 0.002645584 -0.8322148 -0.5317052 -0.1571885 -0.9204486 -0.3908548 0.002625348 -0.8463053 -0.509399 -0.1558204 -0.9204501 -0.3908513 0.002631571 -0.8561032 -0.4751077 -0.2033716 -0.9204609 -0.3908256 0.002664031 -0.8979905 -0.3761894 -0.2282421 -0.9204572 -0.3908346 0.002633352 -0.9092353 -0.361624 -0.2062018 -0.9204604 -0.3908268 0.002649268 -0.9269618 -0.3077072 -0.2146117 -0.9204616 -0.390824 0.00265402 -0.9347329 -0.3021407 -0.187044 -0.9204598 -0.3908283 0.002648027 -0.9394984 -0.2808801 -0.1960847 -0.9204625 -0.3908219 0.00265107 -0.9493501 -0.2499052 -0.1904779 -0.9204633 -0.39082 0.002645526 -0.9749754 -0.1802998 -0.1300573 -0.9204624 -0.3908221 0.002658218 -0.4835013 -0.6791447 0.552258 -0.9204631 -0.3908205 0.002647292 -0.5148002 -0.600021 0.6123362 -0.9204624 -0.3908222 0.002651864 -0.6119528 -0.3579295 0.7052661 -0.9204593 -0.3908295 0.002639697 -0.6463847 -0.2822773 0.7088768 -0.9204607 -0.3908261 0.002653341 -0.9209449 0.3606127 0.1477125 -0.9204542 -0.3908413 0.002659522 -0.9245508 0.3716534 0.08414073 -0.9204546 -0.3908404 0.002660586 -0.3750258 -0.9235276 -0.08032681 -0.9204625 -0.3908218 0.002658364 -0.3807877 -0.9133891 -0.1439478 -0.9204598 -0.3908283 0.002654534 -0.3887783 -0.8951615 -0.2180305 -0.9204626 -0.3908214 0.002668816 -0.4464889 -0.7558251 -0.4789322 -0.9204623 -0.3908223 0.002675959 -0.463129 -0.7113299 -0.5286978 -0.920455 -0.3908395 0.002649991 -0.4839259 -0.6606999 -0.5738392 -0.9204759 -0.39079 0.002713523 -0.514894 -0.602858 -0.609464 -0.9204396 -0.3908763 0.002585143 -0.5546736 -0.517455 -0.6515961 -0.9204644 -0.3908172 0.002685647 -0.685987 -0.1931744 -0.7015023 -0.9204574 -0.3908338 0.002675992 -0.7182482 -0.1277844 -0.6839523 -0.9204587 -0.3908307 0.002676474 -0.7568695 -0.03733543 -0.6524988 -0.9204581 -0.3908321 0.002671612 -0.2809354 0.7379353 -0.6136178 -0.8673695 0.235198 -0.4385796 -0.09670871 0.3057307 -0.9471939 -0.7475289 -0.07614216 -0.6598507 -0.06992913 0.2045086 -0.9763637 -0.7122652 -0.1397266 -0.6878625 -0.02155135 0.1200605 -0.9925326 -0.682263 -0.2068254 -0.7012421 0.03363507 0.007387951 -0.9994069 -0.6488728 -0.2822863 -0.7065965 -0.9068095 0.3149806 -0.2801495 -0.9204536 -0.3908427 0.00266631 -0.9194585 0.3465651 -0.1857113 -0.9204539 -0.3908421 0.002663113 -0.9264114 0.365157 -0.09177276 -0.9204549 -0.3908397 0.002661956 -0.9268862 0.3751798 0.01104564 -0.9204561 -0.3908369 0.002660875 -0.9130176 0.3423643 0.2217781 -0.9204533 -0.3908435 0.00265347 -0.9014581 0.3159291 0.2959088 -0.9204543 -0.3908411 0.00266261 -0.886306 0.2814333 0.367773 -0.9204526 -0.3908453 0.002647515 -0.869545 0.2419074 0.4305489 -0.9204623 -0.3908223 0.002676931 -0.851499 0.2047611 0.482724 -0.9204482 -0.3908559 0.002617706 -0.8308476 0.1619116 0.5324255 -0.920455 -0.3908396 0.002651362 -0.8086739 0.111754 0.5775444 -0.9204945 -0.3907456 0.002796445 -0.7883683 0.04948633 0.61321 -0.920463 -0.3908206 0.002684837 -0.7543035 -0.03832558 0.6554063 -0.9204592 -0.3908295 0.002667444 -0.7100018 -0.1314807 0.6918166 -0.9204587 -0.3908307 0.002660349 -0.6780357 -0.2059355 0.7055907 -0.9204587 -0.3908307 0.00265718 -0.5874136 -0.4265888 0.6877262 -0.9204592 -0.3908298 0.002638945 -0.5492825 -0.5172709 0.6562923 -0.9204603 -0.3908271 0.002646373 -0.4483749 -0.7495512 0.486963 -0.9204626 -0.3908218 0.002646764 -0.4258093 -0.7963319 0.4295836 -0.9204617 -0.3908239 0.002653494 0.3105087 -0.6341279 0.7081428 -0.4633071 -0.7293793 0.5033412 0.2660448 -0.5537935 0.7890075 -0.4768682 -0.6827436 0.5535863 0.2347412 -0.4871733 0.8411651 -0.5076999 -0.627187 0.5906583 0.2055172 -0.3874012 0.8987119 -0.541717 -0.5579693 0.6286597 0.03356659 0.02116152 0.9992124 -0.6502945 -0.2693379 0.7103338 -0.01904121 0.1382426 0.9902153 -0.6851872 -0.1941175 0.7020234 -0.06078856 0.2114297 0.975501 -0.7191668 -0.1234978 0.6837744 -0.09534139 0.3188433 0.943 -0.7475196 -0.07808065 0.6596346 -0.1175192 0.4546238 0.8828966 -0.7826423 -0.0004569644 0.6224716 -0.1799429 0.5102593 0.8409851 -0.7970905 0.07891015 0.5986818 -0.2085492 0.583153 0.7851368 -0.822215 0.1375203 0.552314 -0.2438287 0.6721482 0.6991169 -0.8450985 0.1922854 0.4988335 -0.2823523 0.7450584 0.6042889 -0.867735 0.2408464 0.4347746 -0.3149067 0.7915945 0.5236525 -0.8853341 0.2789452 0.3719853 -0.3190952 0.8370734 -0.4443944 -0.9033284 0.2962061 -0.3102576 -0.3038035 0.7915593 -0.5302239 -0.002367027 0.07493451 -0.9971856 0.05867975 -0.07186495 -0.9956868 0.1774168 -0.353966 -0.9182763 0.2145347 -0.4750305 -0.8534172 0.3612636 -0.7770811 -0.5153965 0.4069302 -0.8857213 -0.2233956 0.416167 -0.9064499 -0.07178879 0.4167824 -0.904885 0.08646139 0.4088933 -0.8801603 0.2410893 0.3894967 -0.834316 0.3901398 0.3611353 -0.7672163 0.530057 0.3828203 -0.8100345 0.4441765 -0.4127287 -0.855021 0.313997 0.4023923 -0.8537904 0.3303369 -0.404417 -0.8834751 0.2364711 0.3971701 -0.8879013 0.232136 -0.3968344 -0.9052166 0.1520042 0.4168776 -0.8980928 0.1401514 -0.3802224 -0.9196677 0.09819508 0.4238429 -0.9056202 0.01446385 -0.3819892 -0.9238991 0.02224206 0.4138266 -0.9038195 -0.108894 -0.3723092 -0.9258185 -0.0651614 0.4057399 -0.8929185 -0.1951197 -0.3793115 -0.9136095 -0.1464252 0.4030406 -0.860784 -0.3108202 -0.3881194 -0.8943444 -0.2225116 0.3821317 -0.8185248 -0.4289436 -0.399632 -0.8671197 -0.2973175 0.3482925 -0.7774524 -0.5236985 -0.4160996 -0.8314674 -0.3681346 0.3371479 -0.7217602 -0.6044779 -0.4314513 -0.7925003 -0.4310371 0.3109911 -0.6436139 -0.699318 -0.4511043 -0.7425931 -0.4950358 0.2708747 -0.5567095 -0.7853034 -0.4746943 -0.688268 -0.5485913 0.2380401 -0.4856265 -0.8411324 -0.4996805 -0.6295537 -0.5949634 0.2411397 -0.4021332 -0.8832556 -0.5469284 -0.5640647 -0.6186278 0.1585718 -0.2919932 -0.9431834 -0.5785917 -0.4849779 -0.6557653 0.1051198 -0.1926054 -0.9756295 -0.5916349 -0.4330891 -0.6800014 0.0813811 -0.1117725 -0.9903959 -0.6189323 -0.3596171 -0.6982825 -0.1403885 0.4150486 -0.8989025 -0.7807698 -0.003591052 -0.6248085 -0.1915066 0.5055141 -0.841297 -0.8067849 0.06897686 -0.5868052 -0.2174242 0.5744377 -0.7891439 -0.8251427 0.1298774 -0.5497921 -0.2439485 0.6624071 -0.708312 -0.849099 0.1720789 -0.4994195 0.2309148 -0.4625996 0.8559673 0.1760608 -0.3325471 0.9265069 -0.06497525 0.2312095 0.9707319 -0.1269551 0.3753901 0.9181311 -0.2702371 0.7167904 0.6427935 -0.3339811 0.8649861 0.3745072 -0.3535472 0.9084051 0.2231694 -0.3626661 0.9291639 0.07160802 -0.3315879 0.8588748 -0.3903633 -0.3163361 0.7861447 -0.5309501 -0.8860288 0.2746753 -0.3735056 -0.3362694 0.8818468 -0.3305589 -0.9177335 0.3219761 -0.2325867 -0.3639285 0.9020313 -0.2321543 -0.927765 0.3425357 -0.1480589 -0.3573088 0.9233884 -0.1403005 -0.9262731 0.3648391 -0.09439567 -0.357273 0.9338846 -0.01468381 -0.9301056 0.366825 -0.01852176 -0.3621149 0.9257648 0.1087765 -0.9243798 0.3751941 0.06892989 -0.3596652 0.9124889 0.1949486 -0.9200654 0.3618398 0.150172 -0.3378557 0.8884873 0.3105542 -0.9119631 0.3422547 0.2262411 -0.3213875 0.8442818 0.4288336 -0.9000662 0.3151074 0.3009786 0.07627938 -0.09682709 0.9923739 -0.619187 -0.3457801 0.7050132 0.1033488 -0.1903198 0.9762671 -0.5918256 -0.4139942 0.6916295 0.1574516 -0.2799433 0.9470168 -0.5707047 -0.4835706 0.6636683 0.3388159 -0.713339 0.6134748 -0.4309328 -0.7865075 0.4423831 0.3485393 -0.7724717 0.5308558 -0.415793 -0.8275005 0.3773049 0.3885347 -0.8418245 -0.3746629 0.3250678 -0.6934825 -0.6429719 0.2799755 -0.5914252 -0.7561944 0.1164679 -0.2093417 -0.9708817 -0.06247473 0.2177624 -0.9740002 -0.1215352 0.355697 -0.9266654 -0.1765757 0.4856448 -0.8561368 -0.2255415 0.6017976 -0.7661401 -0.269077 0.7053695 -0.6557831 -0.3502967 0.9050449 -0.2412177 -0.3620359 0.928131 -0.08661936 -0.3056881 0.8006521 0.5152777 -0.2274276 0.6137537 0.7560311 -0.188594 0.4860209 0.8533557 -0.006067053 0.09421196 0.9955337 0.05714461 -0.05166343 0.9970283 0.1180554 -0.1941625 0.9738398 0.2799708 -0.5786973 0.7659803 0.3237718 -0.6821139 0.6556618 0.9749022 0.1892004 0.1173412 0.9204633 0.39082 -0.002657345 0.9833278 0.1738956 0.05316775 0.9204647 0.3908167 -0.002663822 0.9854507 0.1685066 -0.02218924 0.9204683 0.390808 -0.002670003 0.9770583 0.1784425 -0.1162553 0.9204643 0.3908176 -0.002670463 0.9712681 0.2016389 -0.1264118 0.9204804 0.3907793 -0.002709553 0.9641314 0.213727 -0.1573893 0.9204658 0.390814 -0.002676391 0.9554224 0.2502767 -0.1566192 0.9204648 0.3908162 -0.002674372 0.9508989 0.249879 -0.1826244 0.92047 0.3908041 -0.002683336 0.9330536 0.2885129 -0.2148749 0.9204616 0.390824 -0.002672227 0.9171661 0.3176315 -0.2406586 0.920462 0.390823 -0.00267455 0.8822588 0.4123153 -0.2271904 0.9204577 0.3908332 -0.002662148 0.8656679 0.4479193 -0.2235786 0.9204577 0.390833 -0.002667809 0.9598623 0.2594715 -0.1064839 0.9312924 0.3624749 0.03614363 0.9360579 0.3510886 0.02307556 0.9339571 0.3557331 -0.03432176 0.9298028 0.3657602 -0.04106391 0.920452 0.3886724 -0.04125379 0.9442203 0.3293076 -0.002146009 0.9403958 0.3394281 -0.0210802 0.9064484 0.4198072 -0.04596898 0.9488672 0.2841459 0.1375213 0.9659929 0.2457184 0.08049982 0.9714618 0.2357802 0.02587931 0.9729219 0.2291747 -0.03003352 0.968293 0.2382176 -0.07524027 0.9594121 0.2594044 -0.1106242 0.9438784 0.2952248 -0.1481074 0.9280455 0.335666 -0.1614306 0.9114791 0.3746127 -0.1699153 0.8938517 0.421858 -0.1518718 0.9514641 0.2363882 0.1970702 0.9204628 0.3908212 -0.002644921 0.9217374 0.3877817 -0.00505913 0.9296802 0.3680172 0.01606269 0.8756558 -0.2341421 -0.4223795 0.8324642 0.5294503 -0.1633578 0.9204544 0.3908407 -0.00267403 0.848287 0.5162014 -0.1180904 0.9204563 0.3908364 -0.002670923 0.8391859 0.528857 -0.1267966 0.9204538 0.3908423 -0.002668383 0.8027496 0.5956896 -0.02733061 0.9204525 0.3908455 -0.00266065 0.8083535 0.5861624 0.05457295 0.9204537 0.3908427 -0.002659401 0.8073375 0.5859959 0.06938953 0.9204583 0.3908317 -0.002669565 0.8075081 0.5793001 0.111095 0.9204415 0.3908714 -0.002624144 0.8241202 0.5455781 0.1522185 0.9204447 0.390864 -0.002633184 0.8566433 0.4713826 0.2096681 0.9204574 0.3908338 -0.002654574 0.8803371 0.4183303 0.2236212 0.9204594 0.3908292 -0.002650474 0.9104888 0.3489041 0.221982 0.9204586 0.390831 -0.002648807 0.9245683 0.3122241 0.2183795 0.9204614 0.3908245 -0.002650321 0.9355716 0.3061319 0.1760368 0.9204611 0.3908252 -0.002647856 0.9400621 0.2855565 0.1863887 0.9204617 0.3908238 -0.002644787 0.9283179 0.3716351 0.01064363 0.9015246 0.4325166 0.01352079 0.9092152 0.4147061 0.03669596 0.9180096 0.3945915 0.0394451 0.9241624 0.3793824 0.04464227 0.9003577 0.4341264 -0.02983748 0.8940033 0.4480478 -0.003357969 0.9006009 0.4333162 0.03398571 0.8625034 0.4853625 -0.1432171 0.8472553 0.5242213 -0.08573477 0.8441901 0.535139 -0.03113456 0.8407228 0.5408985 0.02477869 0.8442326 0.5313858 0.07000333 0.8534827 0.5103556 0.1053778 0.8686501 0.4743818 0.1428595 0.8857994 0.4361972 0.1584025 0.9035954 0.3945761 0.1668085 0.923908 0.3452727 0.1648662 0.8573468 0.4777012 -0.1917239 0.9204558 0.3908375 -0.002674973 0.8691337 0.4601574 -0.181278 0.9204578 0.3908327 -0.002676246 0.893095 0.3965568 -0.2124242 0.9204566 0.3908358 -0.002667792 0.8972736 0.3699948 -0.24084 0.9204596 0.3908286 -0.002682603 0.9112721 0.3424002 -0.2287907 0.9204604 0.3908266 -0.002678324 0.9384113 0.2770085 -0.2065201 0.9204531 0.3908439 -0.002656057 0.981971 0.1737012 -0.07457077 0.9204597 0.3908283 -0.002655998 0.9828664 0.1743567 -0.05977709 0.9204661 0.3908134 -0.002669388 0.9820132 0.1887995 -0.002181099 0.9204606 0.3908264 -0.002655369 0.9862306 0.1638868 0.02214324 0.9204637 0.390819 -0.002663899 0.9776367 0.2002694 0.06417654 0.9204623 0.3908224 -0.002655368 0.9784495 0.1883717 0.08457366 0.9204613 0.3908247 -0.002653382 0.963927 0.2367865 0.1215599 0.9204636 0.3908194 -0.002657309 0.9611029 0.252058 0.1129066 0.9204606 0.3908263 -0.002650911 0.9598536 0.2317808 0.1579836 0.9204649 0.3908164 -0.002646174 0.4816784 0.6754788 -0.5583137 0.920463 0.3908209 -0.002646388 0.4575247 0.7210582 -0.5203327 0.9204617 0.3908238 -0.002646842 0.4399286 0.7696485 -0.4627137 0.9204599 0.390828 -0.002651194 0.4225478 0.8238666 -0.3777528 0.9204641 0.3908182 -0.00265662 0.4010887 0.8699799 -0.2868148 0.9204617 0.3908238 -0.002654089 0.375974 0.9243247 0.06532581 0.9204628 0.3908211 -0.002661053 0.3801001 0.9131638 0.1471593 0.9204586 0.3908311 -0.002654863 0.3892714 0.8928829 0.2263357 0.9204614 0.3908244 -0.002666183 0.5086278 0.6148856 0.602672 0.9204571 0.3908346 -0.002658402 0.534856 0.5532068 0.6386636 0.9204613 0.3908245 -0.002672132 0.5645384 0.4839212 0.6686678 0.9204585 0.3908313 -0.002664887 0.6775704 0.216774 0.7027854 0.9204593 0.3908293 -0.002675189 0.7200947 0.1248209 0.6825565 0.9204575 0.3908336 -0.002665757 0.7562082 0.04085105 0.6530546 0.9204568 0.3908352 -0.002671056 0.7918444 -0.04216972 0.6092652 0.9204561 0.3908367 -0.002677591 0.8232187 -0.1214522 0.5545812 0.9204549 0.3908397 -0.002668037 0.9066024 0.3676013 0.2072231 0.9204604 0.3908269 -0.002656742 0.890529 0.3891118 0.2356908 0.920459 0.3908301 -0.002649484 0.8666817 0.439784 0.2354844 0.9204541 0.3908417 -0.00264565 0.8520464 0.483213 0.2013011 0.9204594 0.3908291 -0.002656711 0.8410694 0.5109905 0.1774572 0.9204528 0.3908448 -0.002647488 0.8443779 0.5139061 0.1514149 0.9204546 0.3908405 -0.002650984 0.8202237 0.5590513 0.1212219 0.9204656 0.3908143 -0.002680878 0.805722 0.5920491 0.01702672 0.920449 0.3908538 -0.002652734 0.8178625 0.5754057 -0.003015741 0.9204541 0.3908416 -0.002666981 0.8077544 0.5866233 -0.05836066 0.9204519 0.3908468 -0.002658813 0.822719 0.5641983 -0.06938063 0.9204549 0.3908398 -0.002667369 0.8146398 0.5729835 -0.08973243 0.9204574 0.3908339 -0.002671534 0.8126176 0.5697718 -0.1225263 0.9204518 0.390847 -0.002664942 0.8297104 0.5201629 -0.2025124 0.9204548 0.3908399 -0.00266745 0.8880254 -0.2674612 0.3739992 0.9204535 0.390843 -0.002667375 0.905944 -0.3149 0.2830256 0.9204568 0.3908351 -0.002669239 0.9260785 -0.3770738 0.01392776 0.9204528 0.3908446 -0.002663489 0.925851 -0.3715204 -0.06908382 0.920455 0.3908394 -0.002662345 0.6774703 0.2091453 -0.7051895 0.9204601 0.3908275 -0.002651436 0.6511061 0.268003 -0.7100952 0.9204577 0.3908331 -0.002646979 0.648468 0.2838036 0.7063602 0.92046 0.3908276 -0.002683526 0.6243779 0.3436344 0.7014754 0.9204567 0.3908354 -0.002672132 0.594783 0.4133357 0.689483 0.9204597 0.3908283 -0.002670961 0.4849575 0.6658161 0.5670143 0.9204648 0.3908162 -0.002673137 0.4615351 0.7150698 0.5250339 0.9204511 0.3908489 -0.002642747 0.4410149 0.7613001 0.4753189 0.9204675 0.39081 -0.002675573 0.4297316 0.8024359 0.414038 0.9204668 0.3908117 -0.002673853 0.4120253 0.8512857 0.3248812 0.920466 0.3908134 -0.002675459 0.3719216 0.9280958 -0.01768074 0.9204665 0.3908123 -0.002664196 0.3793834 0.9206631 -0.09191126 0.9204635 0.3908195 -0.002662465 0.387475 0.9014288 -0.1931044 0.9204633 0.39082 -0.002659838 -0.3015697 0.6249481 -0.7200663 0.4538768 0.7320695 -0.5080061 -0.4121917 0.8846964 -0.217739 0.3924257 0.9069466 -0.1531336 -0.4054086 0.9072962 -0.1116127 0.3776599 0.922632 -0.07825057 -0.417977 0.9083524 -0.01382401 0.374369 0.9272722 -0.003764883 -0.4213674 0.9000002 0.111576 0.3746161 0.9238221 0.07883894 0.5166626 0.5977287 -0.6130091 0.9204617 0.3908238 -0.002646257 0.5513704 0.5143463 -0.6568398 0.9204618 0.3908236 -0.002650059 0.5865462 0.4300014 -0.6863399 0.9204605 0.3908267 -0.002651681 0.6230959 0.3354981 -0.7065355 0.9204594 0.3908291 -0.002655113 0.7071036 0.1394475 -0.6932235 0.920457 0.3908348 -0.002648583 0.7369811 0.06872241 -0.6724107 0.9204574 0.3908338 -0.002653304 0.7663622 -0.0006894571 -0.6424084 0.9204574 0.3908339 -0.002653551 0.7926895 -0.06228472 -0.6064355 0.9204554 0.3908387 -0.002654856 0.8130347 -0.1147423 -0.5707967 0.9204501 0.3908511 -0.002643217 0.8324875 -0.1655119 -0.5287442 0.9204782 0.3907847 -0.002702179 0.8517042 -0.2124236 -0.4790368 0.920411 0.3909438 -0.002555358 0.8737074 -0.2490658 -0.4178536 0.9204509 0.3908493 -0.002648096 0.8969989 -0.2955388 -0.3287093 0.9204562 0.3908366 -0.002654348 0.9117822 -0.3402237 -0.2300022 0.9204604 0.3908267 -0.002664138 0.9203016 -0.3609216 -0.1509322 0.9204558 0.3908377 -0.002663031 0.9262855 -0.366366 0.08815369 0.9204529 0.3908443 -0.002661937 0.9186729 -0.3467228 0.1892705 0.9204527 0.390845 -0.002661699 0.861547 -0.2170245 0.4589522 0.920456 0.3908371 -0.002670236 0.8390524 -0.1705987 0.5166113 0.9204558 0.3908376 -0.002670261 0.2725621 -0.7299907 0.6267563 0.8722693 -0.2273668 0.4329557 0.3090029 -0.7914499 0.527375 0.8844564 -0.2711296 0.3797706 0.3285897 -0.8310291 0.4487978 0.9024132 -0.2961917 0.3129233 0.3354878 -0.8785223 0.3400683 0.9178591 -0.321797 0.2323388 0.3542006 -0.9285132 -0.1113786 0.9244925 -0.3721429 -0.08260317 0.3476112 -0.9069391 -0.2379663 0.9201003 -0.3556332 -0.1641353 0.3472024 -0.8816176 -0.3196887 0.9130241 -0.3298019 -0.2400368 0.3203844 -0.8450845 -0.4280023 0.9088701 -0.2995535 -0.2902117 0.2610621 -0.7901747 -0.5545003 0.8925154 -0.2565552 -0.370939 0.2741143 -0.7305617 -0.6254126 0.8635015 -0.23424 -0.4466507 0.2468116 -0.672891 -0.6973534 0.8428055 -0.1855535 -0.5052216 0.2068834 -0.5859869 -0.7834658 0.8190273 -0.1311767 -0.5585579 0.1727269 -0.4886706 -0.8551997 0.7932933 -0.06678516 -0.6051657 0.1497075 -0.4048957 -0.9020239 0.7682257 -0.00473294 -0.6401616 -0.2434267 0.4789469 -0.8434176 0.5095103 0.6250942 -0.5913176 -0.2714794 0.5542858 -0.7868076 -0.4176267 0.9079259 0.03547401 -0.4091004 0.8917643 0.1933734 -0.3646015 0.7920659 0.4895889 -0.3219261 0.7257326 0.6080098 -0.1906163 0.3779817 0.9059775 -0.07098259 0.09975743 0.9924767 -0.01118453 -0.04121428 0.9990877 0.04965205 -0.1862054 0.9812554 0.1065152 -0.3261432 0.9393004 0.1626594 -0.4577224 0.8740893 0.2142262 -0.5786058 0.7869704 0.1797114 -0.5059779 0.8436173 0.8064542 -0.06636676 0.5875603 0.1362626 -0.4069414 0.9032338 0.7806998 0.003235063 0.6248979 0.1157869 -0.3127634 0.9427473 0.7501361 0.07895002 0.6565537 0.06779997 -0.2358103 0.9694311 0.7210829 0.1224288 0.6819462 0.01591364 -0.1231382 0.9922619 0.6944652 0.1927079 0.6932401 -0.02486709 -0.006529847 0.9996694 0.653046 0.2689711 0.7079446 -0.05608549 0.07484835 0.9956165 0.6222735 0.3452988 0.7025272 -0.111918 0.1796101 0.9773508 0.5921732 0.417108 0.6894576 -0.1576625 0.29324 0.942949 0.5616494 0.4883213 0.6679014 -0.1829381 0.3907876 0.902119 0.5332327 0.5573467 0.6364178 -0.2274604 0.4654314 0.8553568 0.5058267 0.6184285 0.601403 -0.2740813 0.55747 0.7836496 0.4772102 0.6815188 0.5547996 -0.3090997 0.6464176 0.6975684 0.4541662 0.7363606 0.5015039 -0.3323151 0.7058451 0.6255792 0.4334361 0.7848548 0.4428726 -0.3845063 0.7377595 0.5548566 0.4371685 0.8210705 0.3670516 -0.383406 0.8183378 0.4281625 0.4172525 0.8625269 0.286265 -0.391457 0.8628449 0.3197814 0.3977695 0.8865239 0.2363361 -0.4099794 0.8804456 0.2381856 0.3838744 0.9093488 0.1603908 -0.4006189 0.8508692 -0.3398913 0.4045662 0.883474 -0.2362198 -0.3719119 0.8126586 -0.4486285 0.4120494 0.8543348 -0.316745 -0.3574243 0.7708911 -0.5272331 0.4174354 0.8238285 -0.3834766 -0.3390078 0.7017753 -0.6265662 0.4400618 0.7846103 -0.4367291 0.3277664 -0.8446456 0.4232528 0.3488847 -0.8957757 0.2754366 0.3409284 -0.8768701 -0.3389199 0.3143068 -0.8134271 -0.489436 0.1889715 -0.5268676 -0.8286738 0.0779044 -0.2657162 -0.9608984 0.0175917 -0.1224323 -0.9923209 -0.04232592 0.0184922 -0.9989327 -0.2206648 0.4331054 -0.8739146 -0.2592282 0.560314 -0.7866695 0.4790363 0.6774358 -0.5582159 -0.2025705 0.3787823 -0.9030444 0.5414852 0.5581507 -0.6286983 -0.1491709 0.2985749 -0.9426564 0.5745346 0.4835179 -0.6603941 -0.1273479 0.2105212 -0.9692592 0.5855153 0.4323686 -0.6857327 -0.08242801 0.09490358 -0.992068 0.617557 0.3643796 -0.69703 -0.02687364 -0.01543773 -0.9995196 0.643603 0.2815901 -0.7116756 0.01000347 -0.09444355 -0.99548 0.6772036 0.2064489 -0.7062394 0.0467438 -0.2072724 -0.9771659 0.7080034 0.1349405 -0.6931971 0.09695304 -0.3190408 -0.9427688 0.7381465 0.06358363 -0.6716374 0.3633193 -0.9315591 0.01402709 0.9271289 -0.3747426 1.331051e-05 0.3717922 -0.9215699 0.1117115 0.9264292 -0.369026 0.07448921 0.3513209 -0.9105507 0.2178787 0.9258342 -0.347174 0.1493361 0.2437951 -0.6495074 0.7202111 0.8443915 -0.180877 0.5042683 0.2270934 -0.573952 0.7867704 0.8227916 -0.1247006 0.5544941 -0.132439 0.2425433 0.9610581 -0.24379 0.5035907 0.8288322 -0.2914666 0.6184406 0.7297797 -0.3923084 0.8550792 0.3390187 -0.4159385 0.9012956 -0.1210846 -0.4034601 0.8725876 -0.2753378 -0.3821166 0.8215932 -0.4230502 -0.3526165 0.7513101 -0.5578482 -0.31484 0.6609309 -0.6812093 -0.1652475 0.3012033 -0.9391325 -0.1043218 0.1629781 -0.9810989 0.1351587 -0.4015351 -0.9058155 0.2388716 -0.6407438 -0.7296491 0.2958173 -0.736835 -0.6079197 0.3564651 -0.9141042 -0.1932515 0.3629536 -0.9311401 -0.03525271 0.3602093 -0.9249587 0.1212465 0.2984056 -0.7743276 0.5580061 0.2602454 -0.6841295 0.681351 -0.271468 0.7200579 -0.6386092 -0.9303031 -0.366581 -0.01243304 -0.2986446 0.7833872 -0.5450834 -0.9302934 -0.3666055 -0.01243302 -0.3262285 0.8467125 -0.4203011 -0.9303004 -0.3665877 -0.01243128 -0.3476453 0.8975108 -0.2713248 -0.9302947 -0.3666023 -0.0124317 -0.3607293 0.9263258 -0.1086043 -0.9302926 -0.3666075 -0.01243427 0.8615726 0.4752783 -0.1783345 -0.132241 0.3135874 0.9403059 -0.930297 -0.3665964 -0.01243175 -0.07438932 0.1637053 0.9837006 -0.9302979 -0.3665942 -0.01242774 0.9303087 0.3665677 0.01240212 -0.02499706 0.03864045 0.9989405 0.9302968 0.3665969 0.01243255 -0.075814 0.1682472 0.9828251 0.9302879 0.3666189 0.01244704 -0.2641606 0.659239 0.7040051 0.9303121 0.3665588 0.01240855 0.9303119 0.3665593 0.01240885 -0.2986135 0.7509487 0.5889872 0.7703822 0.5703172 -0.285043 0.9302978 0.3665943 0.01243045 -0.3628533 0.9315094 0.02505451 0.9302972 0.3665958 0.01243178 -0.3589675 0.9251012 -0.1238148 0.9302959 0.3665991 0.01243267 -0.3474339 0.8993084 -0.2655826 0.9302984 0.3665927 0.01243871 -0.3018105 0.7972707 -0.5227521 0.9302954 0.3666007 0.01242357 -0.2833984 0.737873 -0.6125592 0.6783494 0.6311777 -0.3761073 0.9303027 0.366581 0.0124631 -0.2661133 0.6984772 -0.6643142 0.9302962 0.3665982 0.01243612 -0.1846983 0.5077784 -0.8414556 -0.3119333 0.8149503 -0.4884196 0.9302974 0.3665954 0.01243396 -0.1051543 0.3111193 -0.9445355 0.9302989 0.3665918 0.01242865 0.009085241 0.02394171 -0.9996721 0.9303012 0.366586 0.0124242 0.1758024 -0.402066 -0.8985747 0.9302978 0.3665943 0.01243086 0.2245846 -0.528616 -0.8186128 0.9302945 0.3666026 0.01243721 0.2659089 -0.644116 -0.7172218 0.9303027 0.3665821 0.01242514 0.3003284 -0.7410914 -0.6004884 0.9302997 0.3665896 0.01242941 0.3302611 -0.8199599 -0.4675398 0.9303018 0.3665844 0.0124267 0.3517886 -0.8778134 -0.3250975 0.5433003 0.703596 -0.4580148 0.9302833 0.3666304 0.01245601 0.3890775 -0.9169534 -0.08840381 0.3883031 -0.915665 -0.103819 0.8396145 0.5372568 -0.08001663 0.3615162 -0.9096823 -0.2044118 -0.930294 -0.3666037 -0.01243745 0.3508268 -0.8645684 -0.3597804 -0.9303093 -0.3665656 -0.01241681 0.3266732 -0.7961595 -0.5093276 -0.9302885 -0.3666174 -0.01244981 0.2934286 -0.7056461 -0.6449522 -0.9302967 -0.3665971 -0.01243324 0.1451075 -0.3316396 -0.9321797 -0.9302996 -0.3665901 -0.01242484 0.02692524 -0.02912962 -0.9992129 -0.9302976 -0.3665952 -0.01242504 -0.03398732 0.1255084 -0.9915102 -0.9302967 -0.366597 -0.01243594 -0.09387574 0.2767228 -0.9563534 -0.9302971 -0.3665964 -0.01242595 -0.2445857 0.6525296 -0.7172049 -0.9302982 -0.3665934 -0.01243263 0.407111 0.7465506 -0.5262346 -0.9302981 -0.3665936 -0.01243263 -0.9011641 -0.4292146 -0.0606473 -0.9303069 -0.3665718 -0.01242027 -0.9059191 -0.4190242 -0.06106838 -0.9303202 -0.3665414 -0.01232154 -0.9243394 -0.3789734 -0.0444502 -0.930291 -0.3666095 -0.01249733 -0.9299595 -0.3665209 -0.02894485 -0.9314746 -0.3618669 -0.03751576 -0.93277 -0.358012 -0.04204165 -0.9350097 -0.3517622 -0.04494751 0.2515172 0.7620951 -0.5966156 -0.0585516 0.1238914 0.9905668 -0.930284 -0.3666277 -0.01248453 0.01095967 -0.05371157 0.9984963 -0.9302978 -0.3665941 -0.01244405 -0.01697458 0.0170432 0.9997107 -0.9302979 -0.366594 -0.01243418 -0.1871387 0.4537456 0.87126 -0.9302991 -0.3665912 -0.01243043 -0.2375681 0.582248 0.7775273 -0.9302982 -0.3665932 -0.01243334 -0.280504 0.694564 0.662494 -0.9302997 -0.3665896 -0.01242808 -0.3155165 0.7877163 0.5291053 -0.9302849 -0.3666264 -0.01245456 -0.3416355 0.8591005 0.3810925 -0.9303056 -0.366575 -0.01241996 -0.3581384 0.9067634 0.222524 -0.9302991 -0.3665913 -0.01242961 -0.3645643 0.9293855 0.05775266 -0.930297 -0.3665964 -0.01243172 0.6569699 0.7017336 -0.2756092 -0.2027348 0.5518338 -0.8089363 -0.9302974 -0.3665956 -0.01242897 -0.1502912 0.4214021 -0.8943337 -0.9302991 -0.3665907 -0.01244033 0.5821209 0.7412101 -0.3342796 0.0871824 -0.1829381 -0.9792512 -0.9302978 -0.3665946 -0.01242478 0.1991025 -0.4711343 -0.8592966 -0.9302957 -0.3665995 -0.01243624 0.2501573 -0.5978358 -0.7615863 -0.9302998 -0.3665893 -0.01242908 0.3456796 -0.9325127 -0.1045258 -0.9304432 -0.3662342 -0.01216226 0.3079543 -0.9357334 -0.1719511 -0.9301152 -0.3670464 -0.01275019 -0.9300028 -0.3673335 -0.01268096 -0.9302729 -0.3666564 -0.01246381 -0.02636537 -0.8081232 -0.5884231 -0.9293227 -0.3690095 -0.01383255 -0.9306274 -0.36578 -0.01172862 -0.9302455 -0.3667244 -0.01250894 -0.2047766 -0.5184134 -0.8302494 -0.9302897 -0.3666145 -0.0124434 -0.4562842 -0.05743119 -0.8879788 -0.9303792 -0.3663913 -0.01232422 -0.4923507 0.02668612 -0.8699877 -0.9302788 -0.3666419 -0.01245644 -0.5005674 0.1562888 -0.8514729 -0.93023 -0.3667633 -0.01251938 -0.5133853 0.2588834 -0.8181778 -0.9303667 -0.3664223 -0.01234889 -0.06984609 0.7119444 -0.6987536 0.3982384 0.7996038 -0.4494885 -0.9302985 -0.3665928 -0.01242379 -0.9303018 -0.366584 -0.0124358 -0.930296 -0.366599 -0.01243334 -0.9302947 -0.3666021 -0.01243615 -0.9302944 -0.3666029 -0.01243741 -0.9302962 -0.3665981 -0.01243863 -0.9302972 -0.3665954 -0.01244297 -0.930296 -0.3665987 -0.01243619 -0.9302973 -0.3665957 -0.01243233 -0.9302987 -0.366592 -0.01243217 -0.9302856 -0.3666251 -0.0124374 -0.9303037 -0.3665797 -0.01242258 -0.9302875 -0.3666198 -0.01245039 -0.9306184 -0.3657944 -0.01199252 -0.9303091 -0.3665661 -0.01241779 0.3060952 0.8130866 -0.4951726 -0.930297 -0.3665966 -0.0124273 -0.9302975 -0.3665957 -0.01241434 -0.9302984 -0.3665929 -0.01243369 0.230354 0.8176274 -0.5276575 0.9302809 0.366636 0.0124651 -0.1951907 0.4710494 0.8602401 -0.01184394 0.004736444 0.9999186 -0.9302963 -0.3665977 -0.01244899 -0.1045981 0.2406071 0.9649702 -0.9303147 -0.3665536 -0.01237047 -0.1498125 0.3553241 0.9226597 -0.9302892 -0.3666148 -0.01247592 -0.1939396 0.4675072 0.8624525 -0.9302919 -0.3666091 -0.01243981 -0.2349134 0.5724634 0.785558 -0.9302934 -0.3666054 -0.01243563 -0.2713796 0.6668282 0.6940413 -0.930348 -0.3664701 -0.01233801 0.8352657 0.5301451 -0.1458679 -0.3220233 0.8001145 0.5060808 0.154441 0.8165973 -0.5561625 0.930297 0.3665965 0.01243294 0.9302979 0.3665942 0.01243355 -0.09609064 0.2571313 -0.9615873 0.9303029 0.3665818 0.01242264 0.2017017 -0.46755 -0.8606471 0.07377109 0.8096407 -0.5822713 0.9302982 0.366593 0.01243859 0.1903702 -0.4387571 -0.8782092 0.9302652 0.3666766 0.01244751 0.1641204 -0.3699993 -0.9144206 0.9302993 0.3665905 0.0124326 0.01245226 0.02079064 -0.9997063 0.9303064 0.366573 0.01241937 -0.04721388 0.1718679 -0.9839879 0.9302899 0.3666145 0.01243207 -0.1010165 0.3066911 -0.9464334 0.9302761 0.3666489 0.01244674 -0.1424113 0.409471 -0.9011396 0.9302953 0.3666007 0.01243231 -0.1806021 0.5035841 -0.8448585 0.9303009 0.3665866 0.01242689 -0.2232362 0.6077451 -0.7621099 0.9303095 0.3665652 0.01241698 -0.2643284 0.7070928 -0.6558584 0.9303063 0.3665731 0.01242321 -0.2995118 0.7902749 -0.5345636 0.9302888 0.3666166 0.01244738 -0.3277281 0.8548282 -0.4023221 0.9302939 0.3666042 0.01243719 -0.3587358 0.9168278 0.1753154 0.9303121 0.3665588 0.01240855 0.9302933 0.3666055 0.01243964 -0.3464414 0.8812103 0.3216315 0.9303121 0.3665588 0.01240855 -0.3262428 0.8254835 0.4605894 0.9303027 0.3665822 0.0124242 -0.2236906 0.5524977 0.8029376 0.9302947 0.366602 0.01243852 -0.1786777 0.4324817 0.8837612 0.9302996 0.3665899 0.01242956 -0.1294594 0.3039638 0.9438465 0.9302962 0.3665984 0.01243145 -0.02083095 0.0295581 0.999346 0.930279 0.3666398 0.01249827 -0.08597886 0.1915484 0.97771 0.9303046 0.3665774 0.01242817 -0.1424531 0.3355673 0.9311829 0.9303278 0.3665203 0.0123729 -0.2407905 0.5890755 0.7713689 0.9302929 0.3666069 0.01243376 -0.2774903 0.6844519 0.6741845 0.9302896 0.3666151 0.01243808 0.9189384 0.3941897 -0.01291458 -0.3030641 0.7506362 0.5871094 0.9234587 0.3834277 -0.01439633 0.9127297 0.4041799 -0.05969235 0.9302966 0.3665991 0.0123838 -0.01413393 0.7957036 -0.6055212 0.9292459 0.3689468 -0.01950265 0.9302721 0.366659 0.01244862 0.930312 0.3665586 0.01242673 0.9303036 0.3665798 0.0124261 0.9302559 0.3667076 0.01222709 -0.07371276 0.2374851 -0.9685903 0.9302686 0.3666733 0.01229034 -0.1185848 0.3496349 -0.9293509 0.9306535 0.3656257 0.01421006 -0.151971 0.4328365 -0.8885704 0.9306641 0.3655967 0.0142632 0.9303532 0.3664517 0.01249423 -0.181955 0.5068729 -0.8425985 0.9303214 0.3665334 0.01246248 -0.2572976 0.6898533 -0.6766834 0.9293257 0.3690964 0.01102837 -0.3264942 0.8532778 -0.4065937 0.9303086 0.3665673 0.01242057 0.09968493 -0.202649 -0.9741644 0.04200443 -0.05452855 -0.9976283 0.9302801 0.366639 0.01243709 0.1231728 -0.2634293 -0.9567829 0.1912679 -0.4992498 0.8450836 0.93037 0.366399 0.01278419 0.1710528 -0.448587 0.8772176 0.9303091 0.3665638 0.01249133 -0.1254021 0.3016435 0.9451378 -0.2417478 0.6026606 0.7604987 0.9303022 0.3665826 0.01244817 -0.2549515 0.6374826 0.7270596 0.9302923 0.3666098 0.01238783 -0.2797498 0.7031379 0.6537103 0.9302964 0.3665979 0.01243688 -0.3224383 0.8176201 0.4770021 0.9303047 0.3665754 0.01247515 -0.3558025 0.9097953 0.2137221 0.930298 0.3665936 0.01244145 -0.3620202 0.9294313 0.07140574 0.9302924 0.3666088 0.01241223 -0.3606686 0.9296118 -0.07576301 0.9302883 0.36662 0.01238861 -0.3507896 0.9081467 -0.2285088 0.9303152 0.3665479 0.0125026 -0.3323508 0.8644222 -0.3772496 0.9302803 0.3666406 0.01237965 -0.3060173 0.7999575 -0.5161603 0.9302737 0.3666582 0.01235535 -0.1977433 0.5338384 -0.82214 -0.2899207 0.7604292 -0.5811139 0.9302925 0.3666083 0.01241728 -0.2394713 0.6382663 -0.7316212 0.9293557 0.3690194 0.01107169 -0.3009041 0.7931674 -0.5294735 0.9300758 0.3671678 0.01211254 -0.2799575 0.7439851 -0.6067206 0.9302754 0.3666523 0.0123961 -0.221469 0.6034053 -0.7660637 0.9303105 0.36656 0.01249437 -0.03424045 0.1388016 -0.9897281 0.9302583 0.366701 0.01224145 0.005185132 0.03881055 -0.9992331 0.930305 0.3665751 0.01246412 0.02889881 -0.02206933 -0.9993387 0.07595042 -0.1420462 -0.9869419 0.09134856 -0.1811213 -0.9792091 0.1239437 -0.2652847 -0.9561705 0.1609817 -0.3620091 -0.918169 0.9329571 -0.006449645 -0.3599297 -0.8032469 -0.02730762 -0.5950199 0.3004844 -0.7228846 -0.6222114 0.3246314 -0.7870403 -0.5245779 0.3459048 -0.8447247 -0.4083993 0.3611863 -0.8883394 -0.2835447 0.3702563 -0.9161692 -0.153441 0.3731369 -0.9276352 -0.01617844 0.930295 0.3666021 0.01241186 0.9302801 0.3666421 0.01234504 0.9302956 0.3666004 0.01241846 0.9303023 0.3665823 0.01245483 0.9302968 0.3665969 0.01242838 0.9302999 0.3665889 0.01244101 -0.2130377 -0.728536 -0.6510379 0.9303116 0.3665571 0.01250131 0.9302952 0.3666014 0.01242045 -0.3418188 0.8706213 0.3538057 0.9302976 0.3665947 0.01244033 -0.3018597 0.762084 0.5728078 0.9025546 0.416914 -0.1076002 0.930233 0.3667549 0.01254687 -0.3539984 0.9049732 0.2360266 0.9302914 0.3666096 0.01245985 -0.359617 0.9216524 0.1457139 0.9303378 0.366495 0.01236931 -0.3621373 0.930423 0.05629852 0.9301957 0.3668486 0.01257304 -0.3612747 0.9309678 -0.05272192 0.8493758 0.5271115 -0.02672311 0.9302899 0.3666142 0.01243819 0.563626 -0.7308124 -0.3850182 0.1781627 -0.4813616 0.8582243 0.9302703 0.366663 0.01246446 0.2028222 0.5729911 -0.7940682 0.59999 -0.6961986 -0.394106 0.9303102 0.3665638 0.01240701 0.2971077 0.4685514 -0.8319775 0.9302965 0.3665978 0.01242947 0.3507191 0.3879742 -0.8523334 0.9302644 0.3666778 0.01246791 0.5190439 -0.6068731 -0.6019123 0.9303038 0.3665796 0.01241728 0.9298973 0.3675973 0.01278135 0.503735 -0.7084816 -0.4942721 0.9303001 0.3665887 0.0124276 0.3682476 -0.911433 -0.1835309 0.9302974 0.3665956 0.012431 0.1227309 -0.2654934 -0.956269 0.9302963 0.366598 0.0124372 0.06669315 -0.1222985 -0.99025 0.9302974 0.3665952 0.01243834 -0.04867446 0.1696226 -0.9843063 0.9302971 0.3665963 0.0124289 -0.1591751 0.4449673 -0.8812874 0.9302735 0.3666546 0.01247265 -0.3195032 0.8334517 -0.4508614 0.9302519 0.3667086 0.01250153 -0.3356767 0.8725698 -0.3548846 0.9303232 0.3665312 0.01239184 -0.3499631 0.9063016 -0.2369458 0.9303309 0.3665124 0.01237342 -0.3573324 0.9229755 -0.1429331 0.9303321 0.3665088 0.01238931 -0.3409261 0.868106 0.3607788 0.9305261 0.3660266 0.01207071 -0.3220769 0.8165274 0.4791132 0.9291449 0.3694293 0.01454954 -0.3049569 0.7705856 0.559642 0.9304586 0.3661948 0.01217418 -0.2877655 0.7249048 0.6258627 0.9303073 0.3665706 0.01242517 -0.2654546 0.6657953 0.6973166 0.9302667 0.3666712 0.01249212 -0.1117522 0.2675264 0.9570481 -0.2522973 0.6310133 0.7335995 0.9302708 0.3666612 0.01247887 -0.08961261 0.2111187 0.973344 0.9302898 0.3666141 0.01244726 0.02649117 -0.08398658 0.9961147 0.9303068 0.3665717 0.01242499 0.07219503 -0.1992104 0.9772938 0.9302924 0.3666073 0.01245374 0.1205726 -0.3212514 0.9392868 0.9302807 0.3666364 0.01247452 0.1669539 -0.4379681 0.8833518 0.9302992 0.3665908 0.01243675 0.9302962 0.3665981 0.01243782 0.9303007 0.3665874 0.01242518 0.9302959 0.3665991 0.01243644 0.9303025 0.3665828 0.01242126 0.9302998 0.3665895 0.01242565 0.9303116 0.3665599 0.01241271 0.9302986 0.3665923 0.01243224 0.9302404 0.3667371 0.01251763 0.9305326 0.3660101 0.01207259 0.9303591 0.3664419 0.01234056 0.930329 0.3665168 0.01238494 0.9299998 0.3673339 0.01289211 0.9303253 0.3665261 0.01238881 0.9302592 0.3666901 0.01249738 0.4194713 -0.8964153 -0.1431201 0.930954 0.3649614 0.01130835 0.9298973 0.3675973 0.01278135 0.930381 0.3663856 0.01236481 0.5593665 -0.4702895 -0.6825957 0.9303552 0.3664502 0.01238578 0.5686972 -0.3759987 -0.7315794 0.9302449 0.3667269 0.01247961 0.5453185 -0.2489562 -0.8004052 0.9303269 0.3665211 0.01241244 0.5336639 -0.09483548 -0.8403625 0.9302568 0.3666972 0.01246628 0.5048831 0.02932299 -0.8626895 0.9303388 0.366491 0.01241161 0.4434437 0.1526621 -0.8832055 0.9303241 0.3665278 0.01242587 0.3906406 0.2721959 -0.8793801 0.2691197 -0.5484461 -0.7916953 0.3030396 -0.6509593 -0.6960021 0.3300754 -0.7440586 -0.5808847 0.3511563 -0.8154992 -0.4600547 0.3674151 -0.8717995 -0.3239935 0.3709146 -0.9243067 -0.08988644 0.3744846 -0.9165501 -0.1403465 0.7542304 0.6391985 -0.1502058 0.9301157 0.3670456 0.01274324 0.4291272 -0.8745745 -0.2257636 0.9303851 0.3663778 0.0122828 0.9298973 0.3675973 0.01278135 0.4695283 -0.8025586 -0.3680256 -0.4324977 -0.4607979 -0.774991 0.4944637 -0.2406461 -0.8352216 -0.5391706 -0.6525439 -0.5324298 0.3691213 0.1865985 -0.9104562 0.2119631 0.4791408 -0.8517604 0.3922691 -0.909453 -0.1379135 0.4711234 -0.6258092 -0.6216153 0.2679246 0.07492779 -0.9605218 0.16085 0.6098983 -0.7759842 0.09743465 0.4331789 -0.8960259 0.4073409 -0.847294 -0.3408317 0.3921969 -0.664824 -0.6357599 0.3328664 -0.4022307 -0.8528836 0.1801802 -0.1383095 -0.9738612 0.06121139 0.208562 -0.9760917 -0.0401794 0.4488197 -0.8927186 0.1103413 -0.3520448 -0.9294564 0.1557172 -0.4577216 -0.8753531 0.2462692 -0.6742659 -0.6962162 0.3167735 -0.8298541 -0.4593438 0.3667145 -0.9216903 -0.1265203 0.3699761 -0.9213858 -0.1190208 0.3711785 -0.9095157 -0.1871033 0.2142771 -0.4123015 -0.8854902 -0.6306827 -0.01256525 -0.7759391 0.1760988 -0.3438506 -0.9223643 0.09988222 -0.1470634 -0.9840711 -0.4979794 -0.1483388 -0.8544075 0.06044875 -0.06235236 -0.9962219 0.006829892 0.08761293 -0.9961312 -0.04213702 0.2290237 -0.9725084 -0.09605623 0.3582816 -0.928659 -0.1336753 0.4494326 -0.8832561 0.623164 0.7318709 -0.2757384 -0.256363 0.7976174 0.5459712 -0.391679 -0.1688579 -0.9044747 -0.9303281 -0.3665189 -0.01239399 -0.3487775 -0.2725371 -0.8967038 -0.9302947 -0.3666021 -0.01243841 -0.3208967 -0.3561861 -0.8775857 -0.9301679 -0.3669177 -0.01261277 -0.2820271 -0.4223304 -0.861451 -0.9302505 -0.3667123 -0.01249775 -0.150772 -0.6618123 -0.7343516 -0.9304717 -0.3661612 -0.01218528 -0.9296184 -0.3682562 -0.01403484 -0.9306888 -0.3656193 -0.01187104 -0.9296334 -0.3682529 -0.01309751 -0.9307669 -0.3654286 -0.01161484 0.1978409 -0.9183938 -0.342654 -0.9302283 -0.3667666 -0.01255362 0.3242584 -0.9322456 -0.1605446 0.3641136 -0.9278379 -0.08085927 0.3590432 -0.9138939 -0.1894357 0.3411147 -0.8810218 -0.3277826 0.2842637 -0.7584591 -0.5864588 0.1999857 -0.5718172 -0.7956323 0.6345112 0.5299752 -0.5626028 0.08812378 -0.3040168 -0.9485821 0.0348241 -0.1715084 -0.984567 -0.3979583 -0.2302411 -0.8880418 0.009092976 -0.07671561 -0.9970116 -0.04190086 0.07140775 -0.9965667 -0.09533108 0.2110903 -0.9728067 -0.1439985 0.3370496 -0.9304096 -0.1862144 0.4278153 -0.8844763 0.550379 0.7660231 -0.3321018 -0.255872 0.7966264 0.5476458 0.3624981 -0.9259438 -0.1059394 -0.1381116 0.1135331 -0.9838879 -0.2336792 0.3475564 -0.9080741 0.2589461 -0.8247838 -0.5026715 0.123224 -0.6450353 -0.7541521 -0.04567912 -0.3181593 -0.9469362 -0.2333008 -0.04299692 -0.9714535 -0.1451962 -0.4832701 -0.863347 -0.3510602 -0.1574919 -0.923013 -0.4370664 0.1997966 -0.8769574 0.4736327 0.7924285 -0.3843555 -0.2540488 0.7929687 0.5537688 -0.0344419 -0.3371107 -0.9408348 -0.1270031 -0.06768321 -0.9895904 -0.2065041 0.170928 -0.9634001 -0.2384092 0.3855026 -0.8913747 -0.5916408 0.4867688 -0.6426642 -0.8054702 0.2664214 -0.5293746 -0.9335632 0.0196851 -0.3578719 -0.9589155 -0.08331383 -0.2711823 -0.8665285 0.1480656 -0.4766601 -0.9384854 -0.3429258 -0.04058432 -0.9364464 -0.3484522 -0.04061144 -0.9246001 -0.3795976 -0.03194377 -0.8702526 -0.4815611 -0.1037273 -0.7984221 -0.5636941 -0.2115921 -0.7105371 -0.6327703 -0.3077966 -0.6038637 -0.6985423 -0.3839107 -0.341141 -0.7740086 -0.5334168 -0.2099579 -0.7832431 -0.5851906 -0.2410088 -0.3279463 -0.9134363 0.02612996 -0.8324891 -0.5534249 0.0588182 -0.8095305 -0.584124 0.03972511 -0.8223296 -0.567623 -0.08464035 -0.2933858 -0.9522399 0.165472 -0.782817 -0.5998471 0.369659 0.8154428 -0.4454272 -0.2511041 0.7871758 0.5632947 -0.5492149 0.3669622 -0.7508008 -0.4357067 0.2785596 -0.8558997 -0.2722825 -0.4033617 -0.8735912 -0.1312266 -0.7151831 -0.6865077 -0.7043425 0.3839143 -0.5970858 0.3620503 -0.6786449 -0.6390311 -0.6379729 0.009118855 -0.7700048 -0.5149901 -0.1344349 -0.8465887 -0.4154929 -0.3107897 -0.854854 -0.3421854 -0.6969528 -0.630211 -0.7164823 0.2254559 -0.6601688 -0.5173026 -0.7353865 -0.4377268 -0.84651 0.09242324 -0.5242889 -0.798644 -0.06695026 -0.598068 -0.744422 -0.2946832 -0.5991642 -0.6418842 -0.4416268 -0.6268576 -0.5671613 -0.6011445 -0.562986 0.8986797 -0.1589003 -0.4088098 -0.9153056 -0.1725203 -0.3639402 -0.8703421 -0.2652206 -0.414925 -0.8005689 -0.489558 -0.3455754 -0.789164 -0.5433694 -0.2863039 -0.9423182 -0.2911134 -0.1651952 -0.8879801 -0.422344 -0.1819806 -0.009248683 0.2627976 -0.9648066 -0.9611553 -0.2431807 -0.1305512 -0.9224694 -0.3804598 -0.06557806 -0.9303378 -0.3664946 -0.01238297 -0.8767753 -0.4672805 -0.1136399 -0.3216923 0.7993322 0.5075255 -0.9693817 -0.1345449 -0.2054186 -0.3139911 0.7790672 0.5426453 -0.9635927 -0.2374911 -0.1228295 -0.2984915 0.7379546 0.6052486 -0.9416775 -0.3339864 -0.04118895 -0.9360174 -0.3508777 -0.02750206 -0.9533357 -0.2936188 -0.070278 -0.9631713 -0.1730954 -0.2057643 -0.8791576 0.1486919 -0.452739 -0.4702838 0.5822672 -0.6631727 -0.3629638 0.6489675 -0.6686542 -0.2905805 0.701072 -0.6511996 -0.3194191 0.7929821 0.5187975 -0.2831099 0.7102908 -0.6444655 -0.3188809 0.7915308 0.5213386 -0.4446311 0.6315247 -0.6352006 -0.3223428 0.8009316 0.5045827 -0.5520956 0.562175 -0.6157514 -0.324623 0.807204 0.4929926 -0.6525301 0.4821532 -0.5845791 0.2414419 0.8266784 -0.5082407 -0.2465071 0.7783141 0.5774612 0.4846763 0.4306089 -0.7613573 -0.3831507 0.3793513 -0.8421925 0.05907823 -0.9131554 -0.4033075 0.04471576 -0.9147331 -0.4015768 -0.5222216 0.289007 -0.8023463 -0.9305096 -0.3660653 -0.01217001 -0.3204996 0.2604785 -0.910731 0.1123755 0.8214123 -0.5591544 -0.239917 0.7657747 0.5966816 0.03260296 -0.9159471 -0.3999724 -0.9302985 -0.3665925 -0.01243275 0.0504395 -0.9140985 -0.4023428 -0.4795566 0.3241796 -0.8154343 -0.2748273 0.426368 -0.861789 0.06731854 -0.9120935 -0.4044177 -0.1954267 0.4582184 -0.8670895 0.09841476 -0.9031573 -0.4178774 0.4606546 -0.7834632 -0.4171123 -0.1726181 0.4674518 -0.8670016 0.554691 -0.7322186 -0.3951882 -0.1503715 0.476102 -0.8664383 0.5814005 -0.7126633 -0.392536 -0.07615685 0.5024922 -0.8612211 0.5881338 -0.7063664 -0.3938847 0.03116298 0.5349205 -0.8443275 0.1388096 0.5609195 -0.8161503 0.5951272 -0.7002658 -0.3942733 0.3706499 -0.8272235 -0.4222793 0.178236 -0.4813951 0.8581903 0.1782117 -0.4814511 0.858164 0.1782311 -0.4814354 0.8581688 0.2754747 -0.8511462 -0.4468376 0.1248114 -0.895373 -0.4274685 0.1198475 -0.8980254 -0.4233048 0.1049631 -0.9044577 -0.4134476 0.1027587 -0.905232 -0.4123053 0.05118729 -0.9139656 -0.4025504 0.04935085 -0.9141887 -0.402273 0.04285863 -0.9149252 -0.4013416 0.03814328 -0.915443 -0.4006359 0.04005905 -0.9152531 -0.4008829 -0.146607 0.7650129 -0.6271057 -0.2084911 0.7054875 0.6773617 -0.1805437 -0.5477555 -0.8169259 0.03104378 -0.9160828 -0.3997858 0.03510617 -0.9157214 -0.4002772 0.03883421 -0.9153747 -0.4007257 0.04050653 -0.9151975 -0.4009649 0.04519928 -0.9146771 -0.4016501 0.04805258 -0.9143755 -0.4020054 -0.9302986 -0.3665922 -0.01243837 -0.9303017 -0.3665842 -0.01243893 -0.9302982 -0.3665935 -0.01243106 -0.9302979 -0.3665942 -0.01242849 -0.9302974 -0.3665955 -0.01243138 -0.9302956 -0.3665999 -0.0124346 -0.9303 -0.3665887 -0.01243094 -0.9302937 -0.3666044 -0.01244315 -0.9303012 -0.3665862 -0.01242282 -0.9302971 -0.366596 -0.01243284 -0.9302922 -0.3666084 -0.01243527 -0.9302964 -0.366598 -0.01243056 -0.9303002 -0.3665884 -0.01243063 -0.930294 -0.366604 -0.01243353 -0.9302953 -0.3666008 -0.01242944 -0.1896278 0.7472411 -0.6369238 -0.9302965 -0.3665975 -0.01243467 -0.9302976 -0.3665951 -0.01242522 -0.9302974 -0.3665955 -0.01242861 -0.9303057 -0.3665749 -0.01241919 -0.9302924 -0.3666077 -0.01244612 -0.9302949 -0.3666015 -0.01243802 -0.9303033 -0.3665807 -0.01242292 -0.930296 -0.3665989 -0.01243273 -0.9302978 -0.3665945 -0.01242859 -0.9302984 -0.366593 -0.01242707 -0.9302964 -0.366598 -0.01243223 -0.9303023 -0.3665826 -0.01243877 -0.1034267 0.7745039 -0.6240566 -0.3238303 0.805019 0.4970698 -0.9608963 -0.04481636 -0.2732579 -0.323676 0.8045408 0.4979437 -0.9340429 0.06603685 -0.3510028 -0.323471 0.8039079 0.4990978 -0.8843116 0.1859312 -0.4282786 -0.3237011 0.8045761 0.4978705 -0.8169469 0.2980149 -0.4937457 -0.3244106 0.806602 0.4941164 -0.737675 0.3978431 -0.5454874 0.3849358 -0.2331957 -0.8929973 -0.3193836 0.7928861 0.5189661 -0.3533435 0.6794731 -0.6430121 -0.1402622 0.7585876 -0.636295 -0.3249029 0.8086573 0.4904197 0.004217639 0.7896571 -0.6135339 -0.3230533 0.8024248 0.5017479 0.1445544 0.8027463 -0.5785347 -0.3238288 0.8050194 0.49707 0.2447989 0.8015556 -0.5455109 -0.3234363 0.8037231 0.4994177 0.3495119 0.7900449 -0.5036571 -0.323719 0.8046364 0.4977612 0.4402242 0.7712663 -0.4597293 -0.3236485 0.8044156 0.4981638 0.6979856 0.6558973 -0.2874279 -0.3236744 0.8044953 0.4980182 -0.1663517 0.7513624 -0.6385778 0.6776038 0.6625954 -0.3190931 -0.3727151 -0.7697489 -0.5182376 0.8868779 0.4563824 -0.07185135 -0.3163871 0.7852115 0.5322989 0.7734832 0.5957057 -0.2164682 -0.3236113 0.8043215 0.4983398 0.6096892 0.7080233 -0.3563453 -0.3237263 0.8046467 0.4977399 0.5220617 0.74597 -0.4134977 -0.3236212 0.8043278 0.4983233 0.9303059 0.3665744 0.01241625 0.930298 0.3665938 0.01243345 -0.05748112 0.2043682 -0.977205 -0.01533272 0.106075 -0.9942399 0.04207106 -0.03932312 -0.9983405 0.2015727 -0.4572264 -0.8662058 0.2441032 -0.5796691 -0.7774299 0.2794985 -0.6884559 -0.66926 0.3192189 -0.7696689 -0.5529097 0.3516403 -0.8412654 -0.4106356 0.368274 -0.9077161 0.2010617 0.3517167 -0.8674457 0.3518997 0.9302991 0.3665909 0.01243331 0.3290307 -0.8349329 0.4411642 0.3411239 -0.8675347 0.3619641 0.9302995 0.3665902 0.01243065 0.3495294 -0.8965568 0.2720572 0.9302953 0.3666007 0.01243424 0.3596535 -0.9249782 0.1227381 0.9302978 0.3665943 0.01242991 0.3641396 -0.9305398 -0.03870424 0.9302959 0.3665991 0.01243662 0.3589556 -0.9118643 -0.1991341 0.9302913 0.3666105 0.01244663 0.3463608 -0.8705484 -0.3495422 0.9303051 0.3665763 0.01242181 0.3280005 -0.8148469 -0.4779541 0.930231 0.3667603 0.01253586 0.3123562 -0.7376389 -0.5986005 0.9302995 0.36659 0.0124315 0.2858763 -0.6615053 -0.6933149 0.930292 0.3666089 0.01244106 0.2453224 -0.570138 -0.7840661 0.9302995 0.3665901 0.01242818 0.1597403 -0.3473288 -0.9240377 0.9302976 0.3665948 0.01243216 0.1213285 -0.2401706 -0.9631186 0.9302964 0.3665979 0.01242984 0.05477426 -0.1087621 -0.9925576 0.9302967 0.3665973 0.01243148 -0.004078239 0.03641509 -0.9993284 0.9302974 0.3665953 0.01243268 -0.06293688 0.1857494 -0.9805795 0.1896366 -0.4368635 -0.8793112 0.9302938 0.3666043 0.01243881 0.3290307 -0.8349329 0.4411642 0.1988265 -0.4609924 -0.8648433 0.1988555 -0.4610269 -0.8648183 0.3408243 -0.8394484 0.423279 0.3290307 -0.8349329 0.4411642 0.207028 -0.4817846 -0.8514829 0.502005 0.7724761 -0.3889365 0.5021995 -0.5366676 -0.6780734 0.4933514 -0.3939172 -0.7755215 0.6928728 -0.0874647 -0.7157354 0.9022922 0.3414747 -0.2631801 0.9216388 0.3587214 -0.1479892 0.9289423 0.3702237 -0.0007513042 0.9196023 0.39253 -0.01587009 0.9240598 0.3822393 -0.002573559 0.8973097 0.4392887 -0.04313649 0.7624874 0.5948664 -0.2544543 0.5516147 0.709398 -0.4387206 0.4202109 0.7485909 -0.5128689 0.2694554 0.7561487 -0.5963497 0.1004678 0.8007522 -0.5905101 -0.8791879 -0.2166693 -0.424362 0.9273789 0.3723631 0.03625132 0.8685232 0.4849617 -0.1023699 0.8281389 0.5327699 -0.1741901 0.8106394 0.5026485 -0.3003468 0.8437122 0.3884202 -0.3705125 0.5957128 0.6053624 -0.527885 0.6662266 0.4339161 -0.6065137 0.7269858 0.2731358 -0.6299909 -0.6860082 0.3871273 -0.6160562 0.3602085 0.5659457 -0.7415897 0.4299538 0.3620883 -0.8270622 0.5213589 0.1520267 -0.8396861 0.5853417 -0.06335272 -0.8083078 0.2070923 0.5749724 -0.7915298 0.6660452 -0.08670133 -0.7408554 0.6920458 -0.05027803 -0.7201005 -0.04567081 0.78152 -0.6222063 0.02113641 0.6394197 -0.7685673 0.1383248 0.2294918 -0.9634312 0.2226215 -0.1392831 -0.9649041 0.3094117 -0.32676 -0.8930243 -0.0454077 0.5112927 -0.8582062 -0.07426213 -0.1082516 -0.9913459 0.3527712 -0.5179463 -0.7792843 0.8447378 0.2793371 -0.4564963 0.8153645 0.2193383 -0.5357905 0.7088651 0.06970537 -0.7018913 0.3362553 -0.7537859 -0.56457 -0.03555232 -0.7764978 -0.6291162 0.9508143 0.2654788 -0.1596032 0.7378474 0.6444284 -0.2007317 0.7956257 0.5900799 -0.13706 0.7918785 0.2215135 -0.5690872 0.8218174 0.4223568 -0.3824015 0.8828943 0.4694359 -0.01130015 0.7400589 -0.310338 -0.59666 -0.1456323 0.5779367 0.8029822 -0.2729016 0.7143763 -0.6443534 -0.2315 0.7328784 -0.6397633 -0.01547863 0.8011715 -0.5982345 -0.2287695 0.7445793 0.6271095 0.9302894 0.3666154 0.01243704 0.9302777 0.3666445 0.01245791 0.9302948 0.3666017 0.0124424 0.9302976 0.3665946 0.01244331 0.9303082 0.3665683 0.01242676 0.9303013 0.3665853 0.01243541 0.9302967 0.3665968 0.01244148 0.9302604 0.3666877 0.01247938 0.9302712 0.3666608 0.01246369 0.9303645 0.366426 0.01240643 0.9302345 0.3667544 0.0124476 0.9302658 0.3666739 0.01248233 0.930295 0.3666012 0.0124379 0.9303064 0.3665729 0.01242047 0.9302611 0.3666854 0.0124958 0.930341 0.3664873 0.01235708 0.9303174 0.3665458 0.01239648 0.9303002 0.3665885 0.01242496 0.9302976 0.366595 0.01243146 0.9302936 0.3666047 0.01244057 0.9302949 0.3666014 0.01244432 0.9302977 0.3665946 0.01243071 0.9302971 0.3665962 0.01242922 0.1912679 -0.4992498 0.8450836 0.1918539 -0.5007169 0.8440822 0.9302877 0.3666217 0.01238194 0.6437078 -0.04384239 -0.7640144 0.9302977 0.3665949 0.01242591 -0.1037841 0.2465165 0.9635655 0.9303023 0.3665821 0.01245565 -0.05937433 0.1334786 0.9892715 0.9302752 0.3666569 0.0122804 -0.01377019 0.0178087 0.9997466 0.9302804 0.3666423 0.01231691 0.03295632 -0.1005162 0.9943895 0.9302706 0.3666697 0.0122491 0.0806605 -0.2211388 0.971901 0.9303639 0.3664155 0.01275338 0.127246 -0.3385292 0.9323124 0.9302929 0.3666065 0.01244372 0.1912679 -0.4992498 0.8450836 0.1890965 -0.4935692 0.8489005 0.9303019 0.3665844 0.01242111 -0.01129482 0.01161351 0.9998688 0.9303281 0.3665192 0.01238168 -0.04769364 0.1043506 0.9933963 0.363563 -0.9112067 0.1937119 0.3687754 -0.9212592 0.1236377 0.2767755 -0.6609685 -0.697507 0.2520987 -0.5977394 -0.7610216 0.2259573 -0.5303915 -0.8170851 0.2056322 -0.4783232 -0.8537695 0.2968928 -0.7140699 -0.6340023 0.3277527 -0.7959199 -0.5090085 0.3503339 -0.8836766 0.3104542 0.930295 0.3666021 0.01241186 0.930295 0.3666021 0.01241186 0.6941977 0.6877516 -0.2123376 0.820853 0.5670336 -0.0683617 -0.3192167 0.79485 0.5160564 -0.9864198 -0.1152426 -0.1170261 -0.9861629 -0.08838194 -0.1402545 -0.9797077 -0.01490181 -0.1998766 -0.9589229 0.07995758 -0.2721646 -0.8941672 0.2318264 -0.3830425 -0.8390534 0.3178127 -0.4415704 0.9302991 0.3665909 0.01243678 0.9302823 0.3666363 0.01235511 -0.5636625 0.5752187 -0.5927968 0.9303491 0.3664543 0.01271813 0.9302676 0.3666763 0.01227529 0.1782355 -0.4814238 0.8581743 0.9303465 0.3664615 0.01270362 0.9303202 0.3665331 0.01255834 0.9305004 0.3660419 0.01350244 0.1782297 -0.4813875 0.8581959 0.1782294 -0.4814404 0.8581663 0.4970542 -0.7663297 -0.4070329 0.1783201 -0.481501 0.8581135 0.9302923 0.3666082 0.01243704 0.9303664 0.366424 0.01232402 0.1781892 -0.4813795 0.8582088 0.930294 0.3666046 0.01241242 0.9302892 0.3666178 0.01238735 0.9302753 0.3666553 0.01231523 0.9303143 0.3665494 0.01252249 0.9303143 0.3665495 0.01252034 0.9302768 0.3666513 0.01232386 0.9303086 0.3665648 0.01249564 0.9302987 0.3665918 0.0124408 0.9302714 0.3666659 0.01229985 0.9302843 0.366631 0.0123669 0.9303768 0.3663793 0.01285176 0.9312929 0.3638383 0.01775436 0.9302764 0.3666476 0.01246572 0.9302716 0.3666596 0.01247307 0.9302931 0.3666059 0.01244154 0.9303226 0.3665326 0.01239797 0.9302924 0.3666078 0.01244032 0.9302788 0.3666417 0.01245946 0.930306 0.3665738 0.01242307 0.9303083 0.3665684 0.01241703 0.9303617 0.3664357 0.01233183 0.9303165 0.366548 0.01240184 -0.3791495 0.6739277 -0.6340877 -0.4865798 0.6212712 -0.6142168 0.9302781 0.3666437 0.01245365 0.2212968 0.5478277 -0.8067915 -0.6360029 0.5236674 -0.5668093 0.3295535 -0.8519693 -0.4068696 -0.1726093 0.4674237 -0.8670185 -0.1726195 0.4674726 -0.8669901 0.218583 -0.8805781 -0.4204804 -0.7199993 0.4519768 -0.5266099 0.3293422 -0.9170473 -0.224851 0.1504376 -0.5467654 -0.8236602 0.1034507 -0.4286523 -0.8975272 0.03938441 -0.2621671 -0.9642185 -0.1182203 0.1912815 -0.9743897 -0.2100805 0.321793 -0.9232093 -0.1598012 0.4250588 -0.8909481 -0.2724989 0.4640877 -0.8428327 -0.3165618 0.5603438 -0.765378 -0.2958561 0.6723387 -0.6785498 -0.3524376 0.5490298 -0.7578615 -0.7836913 0.3865254 -0.4862366 0.1090177 -0.4997651 -0.8592729 0.1590762 -0.6648519 -0.7298402 -0.9303159 0.158568 -0.3307091 -0.5024182 -0.7656774 -0.4016392 -0.4889632 -0.5701085 -0.6602206 0.005491691 -0.6432994 -0.765595 0.2765329 0.3766351 -0.8841242 0.04524409 0.1321915 -0.9901911 0.1051476 -0.03966684 -0.9936652 -0.6665462 -0.2656085 -0.6965402 -0.8653254 -0.414668 -0.2815359 -0.4298266 0.1024594 -0.8970792 -0.2045313 -0.1071002 -0.9729833 -0.01659981 -0.7804978 -0.6249381 -0.4896362 0.3987384 -0.7754122 -0.06516479 0.03433476 -0.9972836 -0.4746648 0.2731185 -0.8367196 -0.2506816 0.137998 -0.9581833 -0.4132018 0.5894139 -0.6941582 -0.01888268 -0.1356364 -0.9905787 0.1771086 -0.6804708 -0.7110499 -0.6905769 0.2008956 -0.6947982 0.2037378 -0.7535988 -0.6249638 -0.5015295 0.5519091 -0.6662315 0.09717369 0.4015481 -0.9106681 -0.5934332 0.4820112 -0.6445946 -0.7661086 -0.5054624 -0.3969702 -0.3255739 0.6958604 -0.6401405 -0.2735254 0.7141541 -0.6443352 -0.3710584 0.7736767 0.5135563 -0.2729021 0.7143841 -0.6443445 -0.3202082 0.7951184 0.5150276 -0.252504 0.7230518 -0.6429913 -0.3245002 0.8073185 0.4928859 -0.2729017 0.7143769 -0.6443526 -0.242995 0.7256005 -0.6437836 0.0942925 -0.9078611 -0.4085304 0.1011826 -0.9057484 -0.4115602 0.1083379 -0.9032048 -0.4153118 0.1113151 -0.9020065 -0.4171248 0.1151929 -0.9002782 -0.4197974 0.1285194 -0.8932647 -0.4307679 0.1782672 -0.4813772 0.8581939 0.1517902 -0.8911319 -0.4276022 0.1782535 -0.4814044 0.8581815 0.07836766 -0.9105182 -0.4059744 0.0587764 -0.913133 -0.4034024 0.07027746 -0.9116747 -0.4048584 -0.6489711 -0.6570587 -0.3835497 -0.9474122 0.08387187 -0.3088294 -0.893196 0.2106095 -0.3972966 -0.7152468 0.4441272 -0.5396046 0.9101309 0.4133395 0.02849838 0.359529 -0.9041061 0.2309351 0.3704827 -0.9261332 0.0708507 0.3724891 -0.924372 -0.08239061 0.3661644 -0.9017094 -0.2298778 0.3509693 -0.8587889 -0.3732322 -0.6103079 0.5341126 -0.5850197 -0.521329 0.5950674 -0.6116461 0.2625839 -0.6246255 -0.7354541 0.2304971 -0.5417307 -0.808331 0.3772241 -0.9249844 0.04588943 0.3770996 -0.9195752 -0.110351 0.367894 -0.8916118 -0.2639742 0.1417894 -0.3215129 -0.9362293 0.09673613 -0.1909319 -0.976825 -0.2293974 0.701303 -0.6749451 -0.1559487 0.643184 -0.7496628 0.2348135 0.08456698 -0.9683548 0.7893825 -0.08989357 -0.6072845 0.8321369 -0.2022095 -0.5163909 0.8603857 -0.104069 -0.4989049 0.3284461 -0.677723 -0.6578865 0.2340826 -0.339844 -0.9108849 -0.2179578 0.6663917 -0.7130333 -0.9423635 -0.2563644 -0.2150079 0.4888363 -0.6166836 -0.6170417 0.742505 -0.4273164 -0.5158362 0.8325912 -0.2950953 -0.4687329 -0.2951146 0.706291 -0.6434752 -0.9327561 -0.3262091 -0.1534719 -0.953309 -0.104077 -0.2834959 -0.9206132 0.02642541 -0.3895806 -0.7945055 0.2732432 -0.542309 0.1745759 -0.1776865 -0.9684786 -0.2253681 -0.8051714 -0.548551 -0.1001506 0.06490352 -0.9928532 -0.360037 0.6802894 -0.6384197 -0.4419838 0.6408685 -0.6276447 -0.8151935 0.3316303 -0.4748483 0.4226291 -0.6754549 -0.6042726 -0.7213518 -0.3960879 -0.5681249 0.6384208 -0.5497906 -0.538655 -0.9762307 -0.04467237 -0.21208 0.2278593 -0.7885115 -0.5712528 -0.979674 -0.1623842 -0.1177722 -0.973551 -0.2162869 -0.07361013 0.01006723 0.7329213 -0.6802389 0.1156259 0.7567314 -0.6434192 0.7538949 -0.07307999 -0.652918 0.3190642 -0.5174375 -0.7940129 0.4277077 -0.08257114 -0.9001379 0.687999 0.2697111 -0.6737309 -0.9361252 -0.3465686 -0.0596641 -0.8969086 -0.3709081 -0.2407948 -0.7665703 -0.5673337 -0.3008364 0.01991061 -0.7035933 -0.7103239 0.3000323 -0.7744274 -0.5569945 0.5596288 -0.3338921 -0.7585062 0.4219274 -0.4938534 -0.7603197 0.8903848 0.1402245 -0.4330727 0.9385668 0.2273476 -0.2596255 0.05131105 0.1265477 -0.9906325 -0.103063 0.5568299 -0.8242078 0.9578082 0.0952069 -0.271181 0.3964037 0.6156972 -0.6810147 0.9184767 0.3951665 0.01561668 0.4856598 0.2387798 -0.8409035 0.4691531 0.1109219 -0.8761231 -0.07251534 0.4254883 -0.9020539 0.5910464 -0.5178956 -0.618424</float_array>
          <technique_common>
            <accessor count="7981" source="#normals-array-array" stride="3">
              <param type="float" name="X"/>
              <param type="float" name="Y"/>
              <param type="float" name="Z"/>
            </accessor>
          </technique_common>
        </source>
        <vertices id="verts-array-vertices">
          <input semantic="POSITION" source="#verts-array"/>
        </vertices>
        <triangles count="9882" material="material0">
          <input offset="0" semantic="VERTEX" source="#verts-array-vertices"/>
          <input offset="1" semantic="NORMAL" source="#normals-array"/>
          <p>60 60 0 0 2 2 60 60 138 138 0 0 138 138 60 60 139 139 60 60 4 4 139 139 139 139 4 4 20 20 4 4 6 6 20 20 20 20 6 6 19 19 6 6 8 8 19 19 19 19 8 8 10 10 19 19 10 10 140 140 140 140 10 10 12 12 140 140 12 12 141 141 141 141 12 12 14 14 141 141 14 14 142 142 16 16 142 142 14 14 143 143 142 142 16 16 58 58 143 143 16 16 58 58 144 144 143 143 144 144 58 58 145 145 58 58 56 56 145 145 145 145 56 56 146 146 56 56 54 54 146 146 146 146 54 54 147 147 54 54 52 52 147 147 147 147 52 52 50 50 147 147 50 50 18 18 18 18 50 50 48 48 18 18 48 48 17 17 17 17 48 48 46 46 17 17 46 46 148 148 46 46 207 207 148 148 46 46 123 123 207 207 29 29 245 245 156 156 29 29 149 149 245 245 149 149 29 29 150 150 29 29 73 73 150 150 150 150 73 73 151 151 73 73 71 71 151 151 151 151 71 71 28 28 71 71 69 69 28 28 28 28 69 69 31 31 28 28 31 31 152 152 152 152 31 31 67 67 152 152 67 67 27 27 27 27 67 67 65 65 27 27 65 65 26 26 63 63 26 26 65 65 25 25 26 26 63 63 61 61 25 25 63 63 61 61 153 153 25 25 153 153 61 61 24 24 61 61 33 33 24 24 24 24 33 33 23 23 33 33 36 36 23 23 23 23 36 36 154 154 36 36 38 38 154 154 154 154 38 38 40 40 154 154 40 40 22 22 22 22 40 40 42 42 22 22 42 42 155 155 155 155 42 42 44 44 155 155 44 44 21 21 2 2 21 21 44 44 0 0 21 21 2 2 157 157 76 76 30 30 78 78 30 30 76 76 30 30 78 78 171 171 30 30 171 171 74 74 74 74 171 171 72 72 169 169 72 72 171 171 72 72 169 169 70 70 80 80 70 70 169 169 70 70 80 80 167 167 70 70 167 167 32 32 32 32 167 167 68 68 167 167 82 82 68 68 68 68 82 82 66 66 84 84 66 66 82 82 66 66 84 84 64 64 86 86 64 64 84 84 64 64 86 86 62 62 165 165 62 62 86 86 62 62 165 165 34 34 88 88 34 34 165 165 34 34 88 88 35 35 88 88 89 89 35 35 35 35 89 89 162 162 35 35 162 162 37 37 37 37 162 162 91 91 37 37 91 91 39 39 39 39 91 91 93 93 39 39 93 93 41 41 41 41 93 93 95 95 41 41 95 95 43 43 97 97 43 43 95 95 43 43 97 97 1 1 99 99 1 1 97 97 1 1 99 99 59 59 193 193 59 59 99 99 59 59 193 193 3 3 191 191 3 3 193 193 3 3 191 191 5 5 101 101 5 5 191 191 5 5 101 101 7 7 103 103 7 7 101 101 7 7 103 103 9 9 103 103 105 105 9 9 9 9 105 105 189 189 9 9 189 189 11 11 11 11 189 189 107 107 11 11 107 107 13 13 13 13 107 107 109 109 13 13 109 109 15 15 15 15 109 109 187 187 15 15 187 187 57 57 57 57 187 187 55 55 111 111 55 55 187 187 55 55 111 111 53 53 185 185 53 53 111 111 53 53 185 185 51 51 113 113 51 51 185 185 51 51 113 113 49 49 115 115 49 49 113 113 49 49 115 115 47 47 183 183 47 47 115 115 47 47 183 183 45 45 117 117 45 45 183 183 117 117 122 122 45 45 117 117 368 368 122 122 125 125 207 207 123 123 125 125 121 121 207 207 125 125 195 195 121 121 127 127 195 195 125 125 195 195 127 127 196 196 221 221 196 196 127 127 221 221 197 197 196 196 219 219 197 197 221 221 197 197 219 219 120 120 217 217 120 120 219 219 120 120 217 217 198 198 215 215 198 198 217 217 198 198 215 215 199 199 213 213 199 199 215 215 199 199 213 213 200 200 129 129 200 200 213 213 200 200 129 129 119 119 119 119 129 129 201 201 129 129 131 131 201 201 201 201 131 131 202 202 131 131 211 211 202 202 202 202 211 211 203 203 211 211 133 133 203 203 203 203 133 133 204 204 133 133 135 135 204 204 209 209 204 204 135 135 204 204 209 209 205 205 137 137 205 205 209 209 137 137 206 206 205 205 237 237 206 206 137 137 239 239 206 206 237 237 243 243 206 206 239 239 156 156 244 244 158 158 245 245 244 244 156 156 161 161 157 157 159 159 76 76 157 157 161 161 279 279 75 75 268 268 279 279 77 77 75 75 77 77 279 279 170 170 279 279 278 278 170 170 170 170 278 278 168 168 278 278 172 172 168 168 168 168 172 172 79 79 172 172 173 173 79 79 277 277 79 79 173 173 79 79 277 277 166 166 276 276 166 166 277 277 166 166 276 276 81 81 174 174 81 81 276 276 81 81 174 174 83 83 275 275 83 83 174 174 83 83 275 275 85 85 175 175 85 85 275 275 85 85 175 175 164 164 175 175 274 274 164 164 164 164 274 274 87 87 273 273 87 87 274 274 273 273 90 90 87 87 90 90 273 273 163 163 273 273 272 272 163 163 163 163 272 272 271 271 163 163 271 271 92 92 92 92 271 271 270 270 92 92 270 270 94 94 176 176 94 94 270 270 94 94 176 176 96 96 269 269 96 96 176 176 98 98 96 96 269 269 269 269 100 100 98 98 295 295 100 100 269 269 100 100 295 295 194 194 295 295 177 177 194 194 194 194 177 177 192 192 177 177 294 294 192 192 192 192 294 294 102 102 294 294 178 178 102 102 178 178 104 104 102 102 293 293 104 104 178 178 104 104 293 293 106 106 106 106 293 293 179 179 106 106 179 179 190 190 190 190 179 179 292 292 190 190 292 292 108 108 180 180 108 108 292 292 108 108 180 180 110 110 291 291 110 110 180 180 110 110 291 291 188 188 290 290 188 188 291 291 188 188 290 290 112 112 290 290 181 181 112 112 112 112 181 181 186 186 181 181 182 182 186 186 186 186 182 182 289 289 186 186 289 289 114 114 114 114 289 289 288 288 114 114 288 288 116 116 288 288 184 184 116 116 287 287 184 184 288 288 184 184 287 287 118 118 286 286 118 118 287 287 369 369 118 118 286 286 124 124 368 368 222 222 122 122 368 368 124 124 124 124 222 222 224 224 124 124 224 224 126 126 126 126 224 224 226 226 126 126 226 226 220 220 220 220 226 226 366 366 220 220 366 366 218 218 366 366 364 364 218 218 364 364 216 216 218 218 362 362 216 216 364 364 216 216 362 362 214 214 360 360 214 214 362 362 214 214 360 360 212 212 228 228 212 212 360 360 212 212 228 228 128 128 358 358 128 128 228 228 358 358 130 130 128 128 130 130 358 358 210 210 358 358 356 356 210 210 210 210 356 356 230 230 210 210 230 230 132 132 230 230 134 134 132 132 232 232 134 134 230 230 134 134 232 232 208 208 208 208 232 232 234 234 208 208 234 234 136 136 354 354 136 136 234 234 236 236 136 136 354 354 651 651 236 236 354 354 238 238 236 236 651 651 241 241 243 243 239 239 242 242 243 243 241 241 256 256 158 158 244 244 256 256 254 254 158 158 257 257 254 254 256 256 254 254 257 257 260 260 258 258 260 260 257 257 260 260 258 258 252 252 259 259 252 252 258 258 252 252 259 259 250 250 611 611 250 250 259 259 250 250 611 611 248 248 611 611 246 246 248 248 610 610 246 246 611 611 246 246 610 610 431 431 609 609 431 431 610 610 431 431 609 609 615 615 615 615 609 609 417 417 609 609 612 612 417 417 249 249 263 263 265 265 249 249 265 265 251 251 265 265 253 253 251 251 267 267 253 253 265 265 253 253 267 267 261 261 621 621 261 261 267 267 261 261 621 621 255 255 161 161 255 255 621 621 159 159 255 255 161 161 268 268 160 160 624 624 75 75 160 160 268 268 274 274 272 272 273 273 175 175 272 272 274 274 175 175 271 271 272 272 275 275 271 271 175 175 275 275 270 270 271 271 275 275 707 707 270 270 275 275 319 319 707 707 275 275 317 317 319 319 174 174 317 317 275 275 174 174 315 315 317 317 174 174 313 313 315 315 276 276 313 313 174 174 276 276 311 311 313 313 277 277 311 311 276 276 277 277 709 709 311 311 173 173 709 709 277 277 173 173 309 309 709 709 173 173 307 307 309 309 172 172 307 307 173 173 172 172 305 305 307 307 172 172 303 303 305 305 278 278 303 303 172 172 278 278 301 301 303 303 279 279 301 301 278 278 279 279 299 299 301 301 268 268 299 299 279 279 268 268 297 297 299 299 268 268 743 743 297 297 268 268 353 353 743 743 624 624 351 351 353 353 345 345 288 288 342 342 345 345 287 287 288 288 751 751 287 287 345 345 751 751 286 286 287 287 347 347 286 286 751 751 349 349 286 286 347 347 349 349 370 370 286 286 349 349 371 371 370 370 349 349 285 285 371 371 372 372 285 285 349 349 349 349 749 749 372 372 749 749 373 373 372 372 749 749 284 284 373 373 749 749 374 374 284 284 747 747 374 374 749 749 747 747 283 283 374 374 747 747 282 282 283 283 747 747 375 375 282 282 747 747 376 376 375 375 747 747 281 281 376 376 624 624 281 281 747 747 353 353 268 268 624 624 624 624 745 745 351 351 747 747 745 745 624 624 280 280 281 281 624 624 704 704 270 270 707 707 702 702 270 270 704 704 700 700 270 270 702 702 700 700 176 176 270 270 698 698 176 176 700 700 698 698 269 269 176 176 320 320 269 269 698 698 320 320 295 295 269 269 696 696 295 295 320 320 322 322 295 295 696 696 322 322 177 177 295 295 694 694 177 177 322 322 694 694 294 294 177 177 692 692 294 294 694 694 692 692 178 178 294 294 690 690 178 178 692 692 690 690 293 293 178 178 324 324 293 293 690 690 324 324 179 179 293 293 326 326 179 179 324 324 326 326 292 292 179 179 758 758 292 292 326 326 328 328 292 292 758 758 328 328 180 180 292 292 330 330 180 180 328 328 330 330 291 291 180 180 332 332 291 291 330 330 334 334 291 291 332 332 334 334 290 290 291 291 756 756 290 290 334 334 756 756 181 181 290 290 754 754 181 181 756 756 336 336 181 181 754 754 336 336 182 182 181 181 338 338 182 182 336 336 752 752 182 182 338 338 752 752 289 289 182 182 340 340 289 289 752 752 342 342 289 289 340 340 288 288 289 289 342 342 286 286 223 223 369 369 370 370 223 223 286 286 370 370 225 225 223 223 225 225 370 370 227 227 370 370 371 371 227 227 371 371 367 367 227 227 285 285 367 367 371 371 372 372 367 367 285 285 372 372 365 365 367 367 365 365 372 372 363 363 373 373 363 363 372 372 363 363 373 373 361 361 284 284 361 361 373 373 361 361 284 284 229 229 374 374 229 229 284 284 229 229 374 374 283 283 229 229 283 283 359 359 359 359 283 283 357 357 357 357 283 283 231 231 282 282 231 231 283 283 231 231 282 282 233 233 282 282 375 375 233 233 376 376 233 233 375 375 233 233 376 376 235 235 281 281 235 235 376 376 281 281 355 355 235 235 652 652 355 355 281 281 651 651 240 240 238 238 653 653 240 240 651 651 778 778 785 785 784 784 778 778 784 784 780 780 780 780 784 784 771 771 784 784 783 783 771 771 771 771 783 783 773 773 782 782 773 773 783 783 782 782 775 775 773 773 775 775 782 782 761 761 782 782 377 377 761 761 761 761 377 377 763 763 377 377 378 378 763 763 763 763 378 378 765 765 378 378 379 379 765 765 765 765 379 379 241 241 379 379 242 242 241 241 589 589 680 680 678 678 662 662 578 578 580 580 445 445 419 419 415 415 541 541 716 716 714 714 729 729 722 722 731 731 731 731 722 722 558 558 633 633 476 476 478 478 500 500 607 607 498 498 633 633 486 486 490 490 451 451 453 453 631 631 494 494 603 603 492 492 492 492 603 603 388 388 439 439 423 423 428 428 439 439 428 428 424 424 388 388 603 603 602 602 741 741 568 568 712 712 388 388 602 602 386 386 741 741 712 712 710 710 633 633 482 482 535 535 445 445 430 430 419 419 633 633 535 535 484 484 733 733 560 560 549 549 631 631 459 459 520 520 631 631 629 629 451 451 498 498 607 607 606 606 549 549 560 560 720 720 541 541 714 714 539 539 539 539 714 714 568 568 731 731 558 558 733 733 496 496 604 604 494 494 386 386 602 602 384 384 733 733 558 558 560 560 384 384 602 602 778 778 498 498 606 606 394 394 394 394 606 606 381 381 418 418 435 435 417 417 656 656 574 574 658 658 399 399 598 598 465 465 449 449 430 430 447 447 658 658 574 574 576 576 465 465 598 598 397 397 437 437 417 417 435 435 418 418 425 425 614 614 418 418 426 426 425 425 418 418 613 613 426 426 417 417 613 613 418 418 612 612 613 613 417 417 417 417 437 437 615 615 437 437 433 433 615 615 615 615 433 433 431 431 432 432 488 488 247 247 626 626 247 247 488 488 247 247 626 626 249 249 626 626 263 263 249 249 620 620 624 624 160 160 624 624 620 620 619 619 266 266 619 619 620 620 266 266 618 618 619 619 618 618 266 266 617 617 264 264 617 617 266 266 617 617 264 264 616 616 262 262 616 616 264 264 616 616 262 262 625 625 633 633 635 635 636 636 623 623 636 636 635 635 637 637 636 636 623 623 777 777 637 637 623 623 638 638 637 637 777 777 513 513 638 638 777 777 640 640 639 639 511 511 510 510 640 640 511 511 647 647 640 640 510 510 509 509 647 647 510 510 641 641 647 647 509 509 280 280 641 641 509 509 648 648 641 641 280 280 633 633 636 636 631 631 631 631 636 636 642 642 637 637 642 642 636 636 643 643 642 642 637 637 638 638 643 643 637 637 644 644 643 643 638 638 640 640 645 645 639 639 646 646 645 645 640 640 647 647 646 646 640 640 648 648 647 647 641 641 624 624 648 648 280 280 642 642 627 627 629 629 631 631 642 642 629 629 627 627 642 642 487 487 643 643 487 487 642 642 487 487 643 643 625 625 644 644 625 625 643 643 650 650 645 645 617 617 646 646 617 617 645 645 617 617 646 646 618 618 647 647 618 618 646 646 618 618 647 647 619 619 648 648 619 619 647 647 619 619 648 648 624 624 649 649 638 638 513 513 512 512 649 649 513 513 639 639 649 649 512 512 511 511 639 639 512 512 649 649 644 644 638 638 650 650 644 644 649 649 639 639 650 650 649 649 645 645 650 650 639 639 625 625 644 644 616 616 650 650 616 616 644 644 616 616 650 650 617 617 280 280 652 652 281 281 654 654 652 652 280 280 325 325 689 689 711 711 691 691 689 689 325 325 689 689 691 691 571 571 693 693 571 571 691 691 693 693 573 573 571 571 573 573 693 693 575 575 695 695 575 575 693 693 695 695 577 577 575 575 577 577 695 695 579 579 695 695 323 323 579 579 579 579 323 323 581 581 697 697 581 581 323 323 697 697 687 687 581 581 687 687 697 697 583 583 321 321 583 583 697 697 321 321 585 585 583 583 585 585 321 321 685 685 321 321 699 699 685 685 685 685 699 699 683 683 701 701 683 683 699 699 701 701 681 681 683 683 681 681 701 701 703 703 681 681 703 703 679 679 703 703 677 677 679 679 705 705 677 677 703 703 677 677 705 705 674 674 706 706 674 674 705 705 674 674 706 706 318 318 674 674 318 318 586 586 318 318 672 672 586 586 316 316 672 672 318 318 672 672 316 316 588 588 316 316 314 314 588 588 314 314 670 670 588 588 670 670 314 314 312 312 670 670 312 312 590 590 590 590 312 312 310 310 590 590 310 310 667 667 310 310 665 665 667 667 665 665 310 310 708 708 665 665 708 708 663 663 708 708 661 661 663 663 308 308 661 661 708 708 661 661 308 308 592 592 306 306 592 592 308 308 592 592 306 306 304 304 592 592 304 304 659 659 304 304 657 657 659 659 302 302 657 657 304 304 657 657 302 302 655 655 300 300 655 655 302 302 300 300 594 594 655 655 594 594 300 300 298 298 594 594 298 298 596 596 296 296 596 596 298 298 536 536 596 596 296 296 296 296 740 740 536 536 742 742 740 740 296 296 740 740 742 742 738 738 352 352 738 738 742 742 352 352 538 538 738 738 538 538 352 352 540 540 350 350 540 540 352 352 350 350 542 542 540 540 542 542 350 350 544 544 350 350 744 744 544 544 544 544 744 744 736 736 746 746 736 736 744 744 746 746 734 734 736 736 734 734 746 746 546 546 748 748 546 546 746 746 748 748 548 548 546 546 548 548 748 748 732 732 748 748 348 348 732 732 732 732 348 348 730 730 346 346 730 730 348 348 346 346 728 728 730 730 728 728 346 346 750 750 728 728 750 750 550 550 750 750 726 726 550 550 344 344 726 726 750 750 726 726 344 344 553 553 343 343 553 553 344 344 553 553 343 343 341 341 553 553 341 341 555 555 341 341 557 557 555 555 753 753 557 557 341 341 557 557 753 753 725 725 753 753 339 339 725 725 339 339 723 723 725 725 723 723 339 339 337 337 723 723 337 337 559 559 559 559 337 337 755 755 559 559 755 755 561 561 755 755 721 721 561 561 721 721 755 755 757 757 721 721 757 757 563 563 757 757 565 565 563 563 335 335 565 565 757 757 565 565 335 335 719 719 333 333 719 719 335 335 719 719 333 333 331 331 719 719 331 331 567 567 331 331 717 717 567 567 329 329 717 717 331 331 717 717 329 329 715 715 759 759 715 715 329 329 759 759 569 569 715 715 569 569 759 759 327 327 569 569 327 327 713 713 325 325 713 713 327 327 711 711 713 713 325 325 240 240 653 653 766 766 240 240 766 766 764 764 764 764 766 766 768 768 764 764 768 768 762 762 762 762 768 768 505 505 762 762 505 505 760 760 501 501 760 760 505 505 774 774 760 760 501 501 776 776 774 774 501 501 776 776 772 772 774 774 772 772 776 776 770 770 776 776 622 622 770 770 780 780 384 384 778 778 778 778 599 599 785 785 778 778 600 600 599 599 778 778 601 601 600 600 778 778 781 781 601 601 778 778 602 602 781 781 543 543 716 716 541 541 591 591 684 684 682 682 549 549 720 720 547 547 547 547 720 720 562 562 631 631 520 520 522 522 441 441 429 429 407 407 543 543 718 718 566 566 407 407 429 429 423 423 662 662 686 686 664 664 543 543 566 566 716 716 631 631 518 518 457 457 513 513 506 506 512 512 664 664 686 686 582 582 666 666 584 584 668 668 631 631 457 457 459 459 631 631 463 463 525 525 506 506 513 513 502 502 633 633 490 490 508 508 668 668 584 584 684 684 727 727 552 552 554 554 631 631 525 525 527 527 767 767 654 654 280 280 727 727 554 554 556 556 443 443 421 421 409 409 409 409 421 421 422 422 409 409 422 422 441 441 441 441 422 422 429 429 390 390 382 382 496 496 671 671 680 680 589 589 407 407 423 423 405 405 447 447 430 430 445 445 539 539 568 568 739 739 739 739 568 568 741 741 415 415 419 419 420 420 436 436 452 452 630 630 436 436 630 630 438 438 439 439 424 424 403 403 526 526 524 524 401 401 401 401 524 524 404 404 464 464 404 404 524 524 404 404 464 464 440 440 462 462 440 440 464 464 440 440 462 462 406 406 403 403 424 424 402 402 523 523 406 406 462 462 406 406 523 523 408 408 521 521 408 408 523 523 408 408 521 521 442 442 460 460 442 442 521 521 442 442 460 460 410 410 458 458 410 410 460 460 410 410 458 458 444 444 519 519 444 444 458 458 519 519 412 412 444 444 412 412 519 519 414 414 456 456 414 414 519 519 414 414 456 456 416 416 517 517 416 416 456 456 397 397 598 598 380 380 517 517 446 446 416 416 446 446 517 517 515 515 446 446 515 515 448 448 454 454 448 448 515 515 448 448 454 454 450 450 450 450 454 454 436 436 436 436 454 454 452 452 401 401 400 400 526 526 526 526 400 400 467 467 735 735 564 564 737 737 400 400 466 466 467 467 392 392 605 605 390 390 397 397 380 380 504 504 467 467 466 466 470 470 471 471 470 470 466 466 471 471 466 466 398 398 528 528 471 471 398 398 503 503 528 528 398 398 473 473 528 528 503 503 395 395 473 473 503 503 530 530 473 473 395 395 499 499 530 530 395 395 475 475 530 530 499 499 660 660 576 576 578 578 658 658 576 576 660 660 737 737 564 564 718 718 497 497 475 475 499 499 477 477 475 475 497 497 393 393 477 477 497 497 532 532 477 477 393 393 391 391 532 532 393 393 532 532 391 391 479 479 481 481 479 479 391 391 389 389 481 481 391 391 534 534 481 481 389 389 495 495 534 534 389 389 534 534 495 495 483 483 485 485 483 483 495 495 493 493 485 485 495 495 491 491 485 485 493 493 485 485 491 491 489 489 741 741 710 710 537 537 387 387 489 489 491 491 489 489 387 387 507 507 507 507 387 387 385 385 507 507 385 385 632 632 632 632 385 385 383 383 537 537 710 710 688 688 727 727 556 556 551 551 551 551 556 556 729 729 396 396 608 608 607 607 396 396 607 607 500 500 402 402 669 669 399 399 537 537 688 688 597 597 597 597 688 688 570 570 494 494 604 604 603 603 737 737 718 718 545 545 402 402 424 424 427 427 633 633 484 484 486 486 545 545 718 718 543 543 669 669 598 598 399 399 402 402 427 427 669 669 633 633 533 533 480 480 443 443 420 420 421 421 633 633 480 480 482 482 662 662 580 580 686 686 729 729 556 556 724 724 729 729 724 724 722 722 390 390 605 605 382 382 668 668 684 684 591 591 394 394 381 381 392 392 392 392 381 381 605 605 547 547 562 562 735 735 735 735 562 562 564 564 504 504 380 380 396 396 396 396 380 380 608 608 415 415 420 420 413 413 405 405 423 423 439 439 418 418 430 430 449 449 418 418 449 449 435 435 413 413 420 420 411 411 496 496 382 382 604 604 597 597 570 570 595 595 595 595 570 570 656 656 587 587 678 678 676 676 587 587 676 676 675 675 634 634 779 779 770 770 634 634 770 770 622 622 634 634 632 632 383 383 779 779 634 634 383 383 589 589 678 678 673 673 673 673 678 678 587 587 660 660 578 578 593 593 593 593 578 578 662 662 591 591 682 682 671 671 671 671 682 682 680 680 664 664 582 582 666 666 666 666 582 582 584 584 633 633 478 478 533 533 631 631 469 469 633 633 633 633 469 469 472 472 631 631 453 453 514 514 631 631 514 514 516 516 631 631 516 516 455 455 631 631 455 455 518 518 631 631 522 522 461 461 631 631 461 461 463 463 631 631 527 527 468 468 468 468 469 469 631 631 633 633 474 474 531 531 633 633 531 531 476 476 633 633 472 472 529 529 633 633 529 529 474 474 777 777 502 502 513 513 628 628 488 488 432 432 434 434 628 628 432 432 628 628 434 434 630 630 769 769 511 511 506 506 511 511 512 512 506 506 630 630 434 434 438 438 510 510 769 769 509 509 511 511 769 769 510 510 509 509 767 767 280 280 767 767 509 509 769 769 656 656 570 570 572 572 656 656 572 572 574 574 411 411 420 420 443 443 138 138 787 787 786 786 138 138 786 786 0 0 0 0 786 786 788 788 0 0 788 788 21 21 21 21 788 788 789 789 21 21 789 789 155 155 155 155 789 789 790 790 155 155 790 790 22 22 22 22 790 790 791 791 22 22 791 791 154 154 154 154 791 791 792 792 154 154 792 792 23 23 23 23 792 792 793 793 23 23 793 793 24 24 24 24 793 793 794 794 24 24 794 794 153 153 153 153 794 794 795 795 153 153 795 795 25 25 25 25 795 795 796 796 25 25 796 796 26 26 26 26 796 796 797 797 26 26 797 797 27 27 27 27 797 797 798 798 27 27 798 798 152 152 152 152 798 798 799 799 152 152 799 799 28 28 28 28 799 799 800 800 28 28 800 800 151 151 151 151 800 800 801 801 151 151 801 801 150 150 150 150 801 801 802 802 150 150 802 802 149 149 149 149 802 802 803 803 149 149 803 803 245 245 245 245 803 803 804 804 245 245 804 804 244 244 244 244 804 804 805 805 244 244 805 805 256 256 256 256 805 805 806 806 256 256 806 806 257 257 257 257 806 806 807 807 257 257 807 807 258 258 258 258 807 807 808 808 258 258 808 808 259 259 259 259 808 808 809 809 259 259 809 809 611 611 611 611 809 809 810 810 611 611 810 810 610 610 610 610 810 810 811 811 610 610 811 811 609 609 609 609 811 811 812 812 609 609 812 812 612 612 612 612 812 812 813 813 612 612 813 813 613 613 613 613 813 813 814 814 613 613 814 814 426 426 426 426 814 814 815 815 426 426 815 815 425 425 425 425 815 815 816 816 425 425 816 816 614 614 614 614 816 816 817 817 614 614 817 817 418 418 418 418 817 817 818 818 418 418 818 818 430 430 430 430 818 818 819 819 430 430 819 819 419 419 419 419 819 819 820 820 419 419 820 820 420 420 420 420 820 820 821 821 420 420 821 821 421 421 421 421 821 821 822 822 421 421 822 822 422 422 422 422 822 822 823 823 422 422 823 823 429 429 429 429 823 823 824 824 429 429 824 824 423 423 423 423 824 824 825 825 423 423 825 825 428 428 428 428 825 825 826 826 428 428 826 826 424 424 424 424 826 826 827 827 424 424 827 827 427 427 427 427 827 827 828 828 427 427 828 828 669 669 669 669 828 828 829 829 669 669 829 829 598 598 598 598 829 829 830 830 598 598 830 830 380 380 380 380 830 830 831 831 380 380 831 831 608 608 608 608 831 831 832 832 608 608 832 832 607 607 607 607 832 832 833 833 607 607 833 833 606 606 606 606 833 833 834 834 606 606 834 834 381 381 381 381 834 834 835 835 381 381 835 835 605 605 605 605 835 835 836 836 605 605 836 836 382 382 382 382 836 836 837 837 382 382 837 837 604 604 604 604 837 837 838 838 604 604 838 838 603 603 603 603 838 838 839 839 603 603 839 839 602 602 602 602 839 839 840 840 602 602 840 840 781 781 781 781 840 840 841 841 781 781 841 841 601 601 601 601 841 841 842 842 601 601 842 842 600 600 600 600 842 842 843 843 600 600 843 843 599 599 599 599 843 843 844 844 599 599 844 844 785 785 785 785 844 844 845 845 785 785 845 845 784 784 784 784 845 845 846 846 784 784 846 846 783 783 783 783 846 846 847 847 783 783 847 847 782 782 782 782 847 847 848 848 782 782 848 848 377 377 377 377 848 848 849 849 377 377 849 849 378 378 378 378 849 849 850 850 378 378 850 850 379 379 379 379 850 850 851 851 379 379 851 851 242 242 242 242 851 851 852 852 242 242 852 852 243 243 243 243 852 852 853 853 243 243 853 853 206 206 206 206 853 853 854 854 206 206 854 854 205 205 205 205 854 854 855 855 205 205 855 855 204 204 204 204 855 855 856 856 204 204 856 856 203 203 203 203 856 856 857 857 203 203 857 857 202 202 202 202 857 857 858 858 202 202 858 858 201 201 201 201 858 858 859 859 201 201 859 859 119 119 119 119 859 859 860 860 119 119 860 860 200 200 200 200 860 860 861 861 200 200 861 861 199 199 199 199 861 861 862 862 199 199 862 862 198 198 198 198 862 862 863 863 198 198 863 863 120 120 120 120 863 863 864 864 120 120 864 864 197 197 197 197 864 864 865 865 197 197 865 865 196 196 196 196 865 865 866 866 196 196 866 866 195 195 195 195 866 866 867 867 195 195 867 867 121 121 121 121 867 867 868 868 121 121 868 868 207 207 207 207 868 868 869 869 207 207 869 869 148 148 148 148 869 869 870 870 148 148 870 870 17 17 17 17 870 870 871 871 17 17 871 871 18 18 18 18 871 871 872 872 18 18 872 872 147 147 147 147 872 872 873 873 147 147 873 873 146 146 146 146 873 873 874 874 146 146 874 874 145 145 145 145 874 874 875 875 145 145 875 875 144 144 144 144 875 875 876 876 144 144 876 876 143 143 143 143 876 876 877 877 143 143 877 877 142 142 142 142 877 877 878 878 142 142 878 878 141 141 141 141 878 878 879 879 141 141 879 879 140 140 140 140 879 879 880 880 140 140 880 880 19 19 19 19 880 880 881 881 19 19 881 881 20 20 20 20 881 881 882 882 20 20 882 882 139 139 139 139 882 882 787 787 139 139 787 787 138 138 3200 3200 2377 2377 3188 3188 3444 3444 954 954 957 957 3443 3443 954 954 3444 3444 3442 3442 954 954 3443 3443 3441 3441 954 954 3442 3442 958 958 954 954 3441 3441 3502 3502 954 954 958 958 952 952 954 954 3502 3502 957 957 3445 3445 3444 3444 957 957 3446 3446 3445 3445 3556 3556 970 970 3434 3434 3556 3556 967 967 970 970 3556 3556 964 964 967 967 3556 3556 953 953 964 964 3556 3556 956 956 953 953 972 972 956 956 3556 3556 955 955 971 971 962 962 3554 3554 962 962 971 971 973 973 962 962 3554 3554 974 974 962 962 973 973 3552 3552 962 962 974 974 975 975 962 962 3552 3552 3518 3518 962 962 975 975 3518 3518 959 959 962 962 3518 3518 3535 3535 959 959 977 977 961 961 3536 3536 982 982 960 960 976 976 3533 3533 982 982 976 976 3531 3531 982 982 3533 3533 3531 3531 979 979 982 982 3531 3531 984 984 979 979 3529 3529 981 981 985 985 987 987 981 981 3529 3529 3635 3635 981 981 987 987 3633 3633 981 981 3635 3635 3632 3632 981 981 3633 3633 3631 3631 981 981 3632 3632 3630 3630 981 981 3631 3631 3630 3630 883 883 980 980 988 988 883 883 3630 3630 883 883 988 988 884 884 988 988 989 989 884 884 989 989 995 995 884 884 989 989 3670 3670 995 995 989 989 3672 3672 3670 3670 989 989 993 993 3672 3672 989 989 3675 3675 993 993 989 989 991 991 3675 3675 989 989 3626 3626 991 991 886 886 3759 3759 1005 1005 885 885 1000 1000 3759 3759 885 885 3719 3719 1000 1000 885 885 999 999 3719 3719 885 885 998 998 999 999 885 885 997 997 998 998 885 885 996 996 997 997 1001 1001 1005 1005 3759 3759 3716 3716 1005 1005 1001 1001 3390 3390 1996 1996 3407 3407 3391 3391 1010 1010 1997 1997 1010 1010 3391 3391 3813 3813 1002 1002 3814 3814 3392 3392 3815 3815 1003 1003 1009 1009 1003 1003 3388 3388 1009 1009 1004 1004 1009 1009 3388 3388 1009 1009 1004 1004 1008 1008 1012 1012 1008 1008 1004 1004 1008 1008 1012 1012 3816 3816 1012 1012 890 890 3816 3816 889 889 3816 3816 890 890 3816 3816 889 889 1007 1007 888 888 1007 1007 889 889 1007 1007 888 888 1006 1006 887 887 1006 1006 888 888 887 887 3817 3817 1006 1006 3817 3817 887 887 3716 3716 887 887 1005 1005 3716 3716 3901 3901 1029 1029 950 950 1029 1029 3901 3901 3920 3920 3919 3919 1028 1028 3920 3920 3919 3919 951 951 1027 1027 1036 1036 951 951 3919 3919 951 951 1036 1036 1023 1023 1037 1037 1023 1023 1036 1036 1038 1038 1023 1023 1037 1037 1023 1023 1038 1038 1022 1022 1039 1039 1022 1022 1038 1038 1022 1022 1039 1039 891 891 1039 1039 892 892 891 891 1040 1040 892 892 1039 1039 892 892 1040 1040 1021 1021 1041 1041 1021 1021 1040 1040 1021 1021 1041 1041 893 893 1042 1042 893 893 1041 1041 893 893 1042 1042 894 894 3446 3446 894 894 1042 1042 957 957 894 894 3446 3446 2106 2106 4169 4169 1886 1886 1409 1409 2912 2912 1197 1197 2057 2057 2059 2059 2754 2754 3734 3734 3736 3736 2185 2185 4161 4161 3874 3874 3943 3943 3801 3801 3787 3787 906 906 4155 4155 2094 2094 3738 3738 2376 2376 2377 2377 3200 3200 1310 1310 1798 1798 4040 4040 3959 3959 4003 4003 2497 2497 2390 2390 3000 3000 4135 4135 4135 4135 3000 3000 2861 2861 2861 2861 3000 3000 2041 2041 2985 2985 2988 2988 1696 1696 1860 1860 1879 1879 3747 3747 2824 2824 2826 2826 2782 2782 4181 4181 1408 1408 903 903 1544 1544 3973 3973 3934 3934 3934 3934 3973 3973 3899 3899 2215 2215 2004 2004 2145 2145 2145 2145 2004 2004 2026 2026 4152 4152 3542 3542 3412 3412 2055 2055 2968 2968 2869 2869 3747 3747 1879 1879 2174 2174 3904 3904 4156 4156 1080 1080 3572 3572 3493 3493 1557 1557 2158 2158 2205 2205 2691 2691 2691 2691 2205 2205 2692 2692 2205 2205 2155 2155 2692 2692 4153 4153 2615 2615 3384 3384 3733 3733 2212 2212 2599 2599 2599 2599 2212 2212 3974 3974 4014 4014 3787 3787 4010 4010 2686 2686 2158 2158 2691 2691 2738 2738 2159 2159 2737 2737 2737 2737 2159 2159 2044 2044 2451 2451 2454 2454 3820 3820 899 899 1081 1081 4110 4110 3749 3749 2208 2208 1958 1958 3956 3956 4109 4109 3824 3824 2213 2213 2253 2253 3418 3418 1314 1314 3896 3896 4198 4198 2284 2284 2450 2450 1300 1300 4060 4060 4054 4054 4069 4069 2046 2046 2234 2234 2229 2229 4011 4011 4021 4021 2078 2078 4028 4028 2213 2213 3418 3418 2159 2159 2158 2158 2037 2037 2037 2037 2158 2158 2686 2686 4082 4082 3044 3044 4084 4084 4082 4082 3741 3741 3044 3044 1077 1077 1068 1068 4194 4194 1960 1960 4111 4111 3756 3756 3994 3994 4160 4160 3932 3932 4178 4178 4194 4194 4177 4177 2938 2938 2208 2208 3749 3749 2314 2314 2213 2213 3640 3640 4174 4174 2967 2967 4173 4173 1193 1193 1924 1924 2212 2212 2744 2744 2541 2541 2741 2741 2541 2541 2744 2744 2540 2540 2882 2882 1065 1065 3571 3571 4016 4016 4004 4004 4012 4012 1268 1268 1848 1848 3893 3893 3476 3476 2620 2620 2169 2169 2455 2455 2277 2277 3821 3821 3821 3821 2277 2277 3414 3414 2538 2538 2536 2536 2355 2355 2330 2330 4103 4103 4038 4038 4110 4110 1081 1081 1186 1186 2185 2185 3052 3052 4155 4155 3052 3052 2094 2094 4155 4155 4038 4038 2070 2070 4116 4116 3491 3491 900 900 1323 1323 1096 1096 1013 1013 1721 1721 1721 1721 1013 1013 1720 1720 3948 3948 3669 3669 1420 1420 1379 1379 1982 1982 2976 2976 2509 2509 4152 4152 2504 2504 3387 3387 3956 3956 3824 3824 3756 3756 4133 4133 4156 4156 2894 2894 4167 4167 2893 2893 4156 4156 4133 4133 3843 3843 1195 1195 3470 3470 3958 3958 4130 4130 1613 1613 4154 4154 1697 1697 2621 2621 3707 3707 1424 1424 3792 3792 4102 4102 3707 3707 2621 2621 1195 1195 3863 3863 1080 1080 1848 1848 2455 2455 3459 3459 2277 2277 4163 4163 4103 4103 4162 4162 2479 2479 3931 3931 2079 2079 2621 2621 3470 3470 1195 1195 3882 3882 4030 4030 3880 3880 2761 2761 2665 2665 2759 2759 1068 1068 1929 1929 4177 4177 2975 2975 3969 3969 4138 4138 2980 2980 2512 2512 3451 3451 2091 2091 3898 3898 1528 1528 1874 1874 1322 1322 1871 1871 4103 4103 4163 4163 2156 2156 895 895 2478 2478 2285 2285 2308 2308 4071 4071 1531 1531 2504 2504 4152 4152 3412 3412 2046 2046 2229 2229 2045 2045 896 896 2999 2999 3940 3940 4116 4116 3594 3594 2239 2239 2999 2999 3994 3994 3940 3940 1893 1893 4022 4022 2630 2630 2630 2630 4022 4022 3873 3873 1913 1913 1014 1014 2449 2449 2581 2581 2579 2579 2556 2556 2556 2556 2579 2579 2550 2550 1870 1870 4145 4145 1869 1869 3873 3873 4022 4022 2916 2916 4125 4125 1510 1510 1925 1925 2585 2585 2581 2581 2557 2557 2557 2557 2581 2581 2556 2556 4036 4036 1385 1385 3460 3460 3460 3460 1385 1385 2710 2710 1583 1583 1407 1407 3597 3597 2205 2205 2220 2220 2155 2155 2155 2155 2220 2220 2154 2154 2220 2220 2216 2216 2154 2154 1378 1378 2447 2447 938 938 2984 2984 1986 1986 2983 2983 2321 2321 4096 4096 3394 3394 2177 2177 4045 4045 1325 1325 2708 2708 2707 2707 2704 2704 3956 3956 4106 4106 4109 4109 4106 4106 4104 4104 4109 4109 3566 3566 2704 2704 2707 2707 938 938 2446 2446 1821 1821 2388 2388 1052 1052 3965 3965 3472 3472 2597 2597 4149 4149 1065 1065 4172 4172 3900 3900 4173 4173 4175 4175 3866 3866 3724 3724 3730 3730 3944 3944 3659 3659 1898 1898 3403 3403 3370 3370 3389 3389 1297 1297 1442 1442 3385 3385 1380 1380 2621 2621 2600 2600 3470 3470 2521 2521 2178 2178 2496 2496 3063 3063 3976 3976 2508 2508 3893 3893 1848 1848 1080 1080 4129 4129 1047 1047 4051 4051 2479 2479 2079 2079 1616 1616 3890 3890 2509 2509 2504 2504 1322 1322 4145 4145 1872 1872 2305 2305 3459 3459 2455 2455 2426 2426 1470 1470 1797 1797 1797 1797 1470 1470 1173 1173 2651 2651 2180 2180 1828 1828 1049 1049 4006 4006 2584 2584 1615 1615 1541 1541 3452 3452 2730 2730 3339 3339 3331 3331 2730 2730 2725 2725 3339 3339 3771 3771 3906 3906 3710 3710 3056 3056 2373 2373 3035 3035 3499 3499 3841 3841 1616 1616 1538 1538 3461 3461 1838 1838 1035 1035 4157 4157 3042 3042 906 906 3787 3787 4014 4014 1072 1072 2424 2424 1077 1077 3638 3638 2181 2181 4128 4128 1880 1880 2513 2513 4044 4044 3418 3418 3887 3887 4149 4149 3889 3889 2998 2998 4158 4158 2283 2283 1301 1301 2806 2806 1528 1528 3898 3898 1078 1078 2809 2809 3746 3746 2808 2808 4149 4149 3887 3887 3472 3472 3059 3059 2420 2420 1961 1961 1016 1016 4127 4127 1925 1925 1316 1316 1830 1830 3417 3417 3738 3738 3757 3757 4155 4155 3460 3460 2710 2710 2278 2278 3070 3070 2815 2815 1064 1064 3070 3070 1064 1064 2827 2827 3590 3590 4127 4127 1016 1016 4166 4166 3961 3961 3861 3861 1097 1097 1805 1805 1734 1734 1120 1120 1097 1097 1734 1734 1736 1736 1097 1097 1120 1120 1736 1736 1803 1803 1097 1097 1297 1297 3389 3389 1296 1296 1099 1099 1803 1803 1736 1736 1738 1738 1099 1099 1736 1736 1101 1101 1099 1099 1738 1738 1740 1740 1101 1101 1738 1738 1118 1118 1101 1101 1740 1740 1118 1118 1103 1103 1101 1101 1116 1116 1103 1103 1118 1118 1103 1103 1116 1116 1801 1801 2332 2332 4041 4041 1858 1858 3961 3961 1369 1369 3861 3861 1114 1114 1801 1801 1116 1116 1105 1105 1801 1801 1114 1114 4069 4069 4054 4054 1385 1385 1112 1112 1105 1105 1114 1114 1105 1105 1112 1112 1800 1800 1110 1110 1800 1800 1112 1112 1800 1800 1110 1110 1107 1107 1800 1800 1107 1107 1796 1796 1808 1808 1121 1121 1807 1807 1807 1807 1121 1121 1135 1135 1135 1135 1121 1121 1136 1136 1121 1121 1122 1122 1136 1136 1136 1136 1122 1122 1137 1137 1137 1137 1122 1122 1704 1704 1122 1122 1123 1123 1704 1704 1704 1704 1123 1123 1703 1703 2649 2649 3511 3511 4152 4152 1703 1703 1123 1123 1702 1702 1123 1123 1124 1124 1702 1702 1702 1702 1124 1124 1701 1701 1701 1701 1124 1124 1138 1138 1061 1061 1375 1375 1031 1031 1417 1417 1841 1841 2430 2430 1138 1138 1125 1125 1139 1139 1139 1139 1125 1125 1700 1700 1215 1215 1126 1126 1808 1808 1808 1808 1126 1126 1121 1121 1126 1126 1127 1127 1121 1121 1121 1121 1127 1127 1122 1122 3186 3186 2378 2378 3172 3172 1127 1127 1128 1128 1122 1122 1122 1122 1128 1128 1123 1123 2155 2155 2154 2154 2036 2036 1128 1128 1129 1129 1123 1123 1123 1123 1129 1129 1124 1124 1129 1129 1130 1130 1124 1124 1124 1124 1130 1130 1138 1138 1130 1130 1131 1131 1138 1138 1138 1138 1131 1131 1125 1125 1131 1131 1132 1132 1125 1125 1125 1125 1132 1132 1700 1700 1132 1132 1133 1133 1700 1700 1700 1700 1133 1133 1699 1699 1649 1649 1699 1699 1133 1133 3030 3030 1699 1699 1649 1649 1126 1126 1215 1215 1216 1216 1148 1148 1126 1126 1216 1216 1126 1126 1148 1148 1127 1127 1147 1147 1127 1127 1148 1148 2378 2378 3186 3186 2766 2766 1145 1145 1127 1127 1147 1147 1127 1127 1145 1145 1128 1128 1143 1143 1128 1128 1145 1145 1218 1218 1128 1128 1143 1143 1128 1128 1218 1218 1129 1129 1129 1129 1218 1218 1220 1220 1141 1141 1129 1129 1220 1220 1129 1129 1141 1141 1130 1130 1222 1222 1130 1130 1141 1141 1130 1130 1222 1222 1131 1131 1224 1224 1131 1131 1222 1222 1131 1131 1224 1224 1132 1132 1132 1132 1224 1224 1226 1226 1228 1228 1132 1132 1226 1226 1132 1132 1228 1228 1133 1133 1133 1133 1228 1228 1230 1230 1233 1233 1133 1133 1230 1230 1649 1649 1133 1133 1652 1652 1133 1133 1233 1233 1234 1234 1133 1133 1234 1234 1236 1236 1133 1133 1237 1237 1652 1652 1216 1216 1162 1162 1148 1148 1162 1162 1149 1149 1148 1148 1148 1148 1149 1149 1146 1146 1146 1146 1149 1149 1144 1144 1149 1149 1163 1163 1144 1144 1144 1144 1163 1163 1142 1142 1556 1556 1558 1558 1172 1172 1902 1902 3927 3927 3827 3827 1142 1142 1163 1163 1217 1217 1163 1163 1150 1150 1217 1217 1217 1217 1150 1150 1219 1219 1219 1219 1150 1150 1140 1140 1150 1150 1164 1164 1140 1140 1174 1174 1152 1152 1162 1162 1162 1162 1152 1152 1149 1149 1152 1152 1175 1175 1149 1149 1149 1149 1175 1175 1163 1163 1175 1175 1153 1153 1163 1163 1163 1163 1153 1153 1150 1150 1153 1153 1176 1176 1150 1150 1150 1150 1176 1176 1164 1164 1176 1176 1177 1177 1164 1164 1164 1164 1177 1177 1151 1151 1182 1182 1155 1155 1174 1174 1174 1174 1155 1155 1152 1152 1155 1155 1183 1183 1152 1152 1152 1152 1183 1183 1175 1175 1183 1183 1156 1156 1175 1175 1175 1175 1156 1156 1153 1153 1156 1156 1184 1184 1153 1153 1153 1153 1184 1184 1176 1176 1184 1184 1185 1185 1176 1176 1176 1176 1185 1185 1177 1177 1182 1182 1154 1154 1155 1155 1154 1154 1190 1190 1155 1155 1155 1155 1190 1190 1183 1183 1190 1190 1157 1157 1183 1183 1183 1183 1157 1157 1156 1156 1157 1157 1191 1191 1156 1156 1156 1156 1191 1191 1184 1184 1191 1191 1192 1192 1184 1184 1184 1184 1192 1192 1185 1185 1200 1200 1158 1158 1190 1190 1190 1190 1158 1158 1157 1157 1158 1158 1201 1201 1157 1157 1157 1157 1201 1201 1191 1191 1201 1201 1202 1202 1191 1191 1191 1191 1202 1202 1192 1192 4081 4081 2672 2672 3740 3740 1208 1208 1160 1160 1200 1200 1200 1200 1160 1160 1158 1158 1160 1160 1209 1209 1158 1158 1158 1158 1209 1209 1201 1201 2597 2597 3472 3472 3734 3734 1204 1204 1161 1161 1159 1159 1161 1161 1212 1212 1159 1159 1070 1070 3959 3959 3052 3052 1051 1051 3926 3926 1903 1903 1208 1208 1249 1249 1160 1160 1251 1251 1160 1160 1249 1249 1160 1160 1251 1251 1209 1209 1253 1253 1209 1209 1251 1251 3730 3730 1830 1830 1316 1316 1259 1259 1161 1161 1239 1239 1161 1161 1259 1259 1212 1212 1261 1261 1212 1212 1259 1259 1809 1809 1162 1162 1215 1215 2137 2137 1551 1551 1553 1553 1977 1977 3958 3958 3491 3491 1215 1215 1162 1162 1216 1216 1140 1140 1164 1164 1221 1221 3763 3763 3947 3947 4148 4148 1372 1372 4148 4148 3947 3947 2751 2751 2537 2537 2715 2715 1164 1164 1151 1151 1221 1221 1221 1221 1151 1151 1223 1223 1151 1151 1165 1165 1223 1223 1223 1223 1165 1165 1225 1225 1225 1225 1165 1165 1227 1227 1165 1165 1170 1170 1227 1227 1227 1227 1170 1170 1229 1229 2536 2536 2394 2394 2354 2354 1229 1229 1170 1170 1231 1231 1170 1170 1235 1235 1232 1232 4179 4179 1968 1968 4194 4194 1214 1214 1174 1174 1809 1809 1809 1809 1174 1174 1162 1162 1177 1177 1178 1178 1151 1151 1151 1151 1178 1178 1165 1165 1178 1178 1179 1179 1165 1165 1165 1165 1179 1179 1170 1170 2354 2354 2394 2394 2353 2353 1179 1179 1180 1180 1170 1170 1170 1170 1180 1180 1235 1235 1309 1309 4174 4174 2603 2603 1180 1180 1181 1181 1235 1235 1235 1235 1181 1181 1651 1651 3386 3386 3823 3823 2168 2168 1810 1810 1182 1182 1214 1214 1214 1214 1182 1182 1174 1174 1185 1185 1187 1187 1177 1177 1177 1177 1187 1187 1178 1178 1187 1187 1188 1188 1178 1178 1178 1178 1188 1188 1179 1179 1188 1188 1189 1189 1179 1179 1179 1179 1189 1189 1180 1180 3929 3929 1299 1299 3788 3788 1180 1180 1189 1189 1181 1181 4133 4133 3389 3389 3843 3843 1502 1502 3599 3599 2963 2963 1810 1810 1154 1154 1182 1182 1192 1192 1194 1194 1185 1185 1185 1185 1194 1194 1187 1187 1194 1194 1196 1196 1187 1187 1187 1187 1196 1196 1188 1188 2761 2761 2594 2594 2576 2576 3710 3710 3905 3905 3706 3706 3734 3734 2185 2185 3927 3927 1188 1188 1196 1196 1189 1189 1196 1196 1198 1198 1189 1189 1299 1299 3820 3820 3788 3788 1073 1073 1977 1977 3769 3769 2515 2515 1986 1986 4046 4046 1302 1302 1020 1020 2405 2405 3779 3779 3906 3906 3770 3770 1181 1181 1189 1189 1198 1198 1199 1199 1154 1154 1810 1810 1811 1811 1199 1199 1810 1810 1199 1199 1200 1200 1154 1154 1154 1154 1200 1200 1190 1190 1202 1202 1203 1203 1192 1192 1192 1192 1203 1203 1194 1194 1203 1203 1204 1204 1194 1194 1194 1194 1204 1204 1196 1196 1204 1204 1159 1159 1196 1196 3966 3966 1051 1051 1903 1903 1159 1159 1205 1205 1196 1196 4031 4031 1925 1925 2415 2415 1134 1134 1296 1296 1906 1906 1196 1196 1205 1205 1198 1198 1205 1205 1206 1206 1198 1198 3404 3404 1551 1551 2137 2137 2005 2005 3054 3054 4090 4090 1207 1207 1199 1199 1811 1811 3055 3055 4090 4090 3054 3054 1207 1207 1208 1208 1199 1199 1199 1199 1208 1208 1200 1200 1209 1209 1210 1210 1201 1201 1201 1201 1210 1210 1202 1202 3740 3740 2672 2672 3003 3003 1210 1210 1211 1211 1202 1202 1202 1202 1211 1211 1203 1203 1203 1203 1211 1211 1204 1204 1211 1211 1161 1161 1204 1204 3888 3888 2511 2511 2165 2165 1159 1159 1212 1212 1205 1205 1212 1212 1213 1213 1205 1205 3396 3396 3585 3585 2426 2426 2168 2168 3823 3823 4199 4199 1205 1205 1213 1213 1206 1206 4037 4037 3428 3428 4030 4030 3063 3063 2508 2508 1515 1515 1515 1515 2508 2508 3638 3638 1242 1242 1207 1207 1812 1812 1207 1207 1242 1242 1208 1208 1249 1249 1208 1208 1242 1242 1209 1209 1253 1253 1210 1210 1255 1255 1210 1210 1253 1253 1210 1210 1255 1255 1211 1211 4146 4146 3766 3766 2511 2511 1241 1241 1211 1211 1255 1255 1257 1257 1211 1211 1241 1241 1211 1211 1257 1257 1161 1161 2280 2280 2711 2711 2458 2458 1239 1239 1161 1161 1257 1257 1534 1534 1172 1172 1558 1558 1263 1263 1212 1212 1261 1261 1212 1212 1263 1263 1213 1213 1265 1265 1213 1213 1263 1263 3832 3832 1902 1902 4196 4196 1248 1248 1213 1213 1265 1265 1206 1206 1213 1213 1243 1243 1213 1213 1248 1248 1243 1243 1246 1246 1244 1244 1248 1248 1248 1248 1244 1244 1243 1243 1243 1243 1244 1244 1206 1206 1206 1206 1244 1244 1198 1198 1198 1198 1244 1244 1277 1277 1198 1198 1277 1277 1181 1181 1181 1181 1277 1277 1651 1651 1930 1930 1907 1907 1247 1247 1264 1264 1930 1930 1247 1247 2508 2508 1862 1862 1071 1071 1266 1266 1930 1930 1264 1264 1262 1262 1266 1266 1264 1264 1266 1266 1262 1262 1889 1889 1260 1260 1889 1889 1262 1262 1885 1885 1889 1889 1260 1260 1258 1258 1885 1885 1260 1260 1875 1875 1885 1885 1258 1258 2511 2511 3766 3766 3904 3904 1238 1238 1875 1875 1258 1258 1875 1875 1238 1238 1928 1928 1256 1256 1928 1928 1238 1238 1928 1928 1256 1256 1926 1926 1068 1068 4177 4177 4194 4194 1867 1867 1071 1071 1862 1862 1240 1240 1926 1926 1256 1256 1926 1926 1240 1240 1854 1854 1254 1254 1854 1854 1240 1240 1254 1254 1850 1850 1854 1854 1922 1922 1850 1850 1254 1254 1252 1252 1922 1922 1254 1254 1824 1824 1922 1922 1252 1252 1250 1250 1824 1824 1252 1252 1825 1825 1824 1824 1250 1250 2169 2169 2620 2620 2813 2813 1249 1249 1825 1825 1250 1250 1825 1825 1249 1249 1833 1833 1242 1242 1833 1833 1249 1249 1242 1242 1834 1834 1833 1833 1834 1834 1242 1242 1269 1269 1269 1269 1242 1242 1812 1812 1269 1269 1812 1812 1813 1813 1664 1664 1666 1666 1598 1598 1598 1598 1666 1666 1270 1270 1668 1668 1270 1270 1666 1666 1270 1270 1668 1668 1271 1271 1285 1285 1271 1271 1668 1668 1271 1271 1285 1285 1272 1272 1670 1670 1272 1272 1285 1285 1272 1272 1670 1670 1273 1273 1273 1273 1670 1670 1672 1672 1674 1674 1273 1273 1672 1672 1273 1273 1674 1674 1274 1274 1283 1283 1274 1274 1674 1674 1274 1274 1283 1283 1275 1275 1275 1275 1283 1283 1281 1281 1279 1279 1275 1275 1281 1281 1275 1275 1279 1279 1276 1276 1277 1277 1276 1276 1279 1279 4138 4138 3969 3969 1050 1050 1276 1276 1277 1277 1244 1244 1598 1598 1270 1270 3018 3018 3018 3018 1270 1270 1288 1288 1270 1270 1271 1271 1288 1288 1288 1288 1271 1271 1290 1290 1271 1271 1272 1272 1290 1290 1399 1399 2976 2976 4139 4139 1290 1290 1272 1272 1954 1954 1954 1954 1272 1272 1952 1952 1272 1272 1273 1273 1952 1952 1952 1952 1273 1273 1950 1950 3932 3932 3874 3874 4161 4161 1273 1273 1274 1274 1950 1950 1950 1950 1274 1274 1948 1948 1948 1948 1274 1274 1946 1946 1274 1274 1275 1275 1946 1946 1946 1946 1275 1275 1292 1292 1275 1275 1276 1276 1292 1292 1292 1292 1276 1276 1294 1294 1276 1276 1244 1244 1294 1294 4011 4011 2078 2078 4015 4015 1294 1294 1244 1244 1246 1246 3997 3997 1515 1515 4141 4141 1869 1869 4145 4145 2181 2181 1614 1614 2446 2446 2883 2883 1614 1614 2883 2883 1046 1046 4185 4185 3998 3998 2822 2822 2754 2754 2059 2059 2585 2585 1597 1597 3931 3931 4169 4169 4196 4196 3764 3764 4120 4120 2051 2051 2958 2958 2050 2050 2741 2741 2542 2542 3319 3319 2542 2542 2741 2741 2541 2541 1077 1077 4194 4194 4193 4193 2305 2305 4035 4035 3459 3459 1544 1544 938 938 3973 3973 3384 3384 1982 1982 1379 1379 4120 4120 3764 3764 3483 3483 2808 2808 3746 3746 4048 4048 1828 1828 2180 2180 4129 4129 4113 4113 4143 4143 4140 4140 4105 4105 4132 4132 1932 1932 898 898 3733 3733 2599 2599 1341 1341 1014 1014 2204 2204 3853 3853 4165 4165 3890 3890 1303 1303 2777 2777 1298 1298 3832 3832 3964 3964 1902 1902 2523 2523 4137 4137 2648 2648 2786 2786 2141 2141 2191 2191 4165 4165 2509 2509 3890 3890 3834 3834 1305 1305 1391 1391 2239 2239 1967 1967 1929 1929 2522 2522 2938 2938 3749 3749 2197 2197 3864 3864 2935 2935 3156 3156 2769 2769 2770 2770 4088 4088 4129 4129 4051 4051 2519 2519 2902 2902 4106 4106 3156 3156 2770 2770 3152 3152 3834 3834 3585 3585 1428 1428 2808 2808 4002 4002 2807 2807 4076 4076 1019 1019 4070 4070 2287 2287 2405 2405 1522 1522 1460 1460 3576 3576 3984 3984 4086 4086 3842 3842 4021 4021 2779 2779 3088 3088 3086 3086 2779 2779 2058 2058 3088 3088 3084 3084 3086 3086 3088 3088 3084 3084 3100 3100 3086 3086 2668 2668 3100 3100 3084 3084 2668 2668 3099 3099 3100 3100 3104 3104 3099 3099 2668 2668 3099 3099 3104 3104 908 908 3104 3104 2671 2671 908 908 3107 3107 908 908 2671 2671 908 908 3107 3107 909 909 909 909 3107 3107 3109 3109 909 909 3109 3109 910 910 3109 3109 911 911 910 910 3111 3111 911 911 3109 3109 911 911 3111 3111 3094 3094 3111 3111 3113 3113 3094 3094 3094 3094 3113 3113 3115 3115 3094 3094 3115 3115 3093 3093 2678 2678 3093 3093 3115 3115 3093 3093 2678 2678 912 912 2678 2678 2680 2680 912 912 912 912 2680 2680 3091 3091 2680 2680 2682 2682 3091 3091 2682 2682 3120 3120 3091 3091 3091 3091 3120 3120 913 913 3120 3120 2685 2685 913 913 3141 3141 2685 2685 3143 3143 913 913 2685 2685 3141 3141 3145 3145 3141 3141 3143 3143 3141 3141 3145 3145 914 914 2560 2560 914 914 3145 3145 914 914 2560 2560 3138 3138 3149 3149 3138 3138 2560 2560 3138 3138 3149 3149 3137 3137 2562 2562 3137 3137 3149 3149 3137 3137 2562 2562 915 915 2564 2564 915 915 2562 2562 915 915 2564 2564 3136 3136 2566 2566 3136 3136 2564 2564 3136 3136 2566 2566 3135 3135 2568 2568 3135 3135 2566 2566 3135 3135 2568 2568 3134 3134 2570 2570 3134 3134 2568 2568 3134 3134 2570 2570 3133 3133 2572 2572 3133 3133 2570 2570 2572 2572 916 916 3133 3133 916 916 2572 2572 917 917 2572 2572 3161 3161 917 917 917 917 3161 3161 3130 3130 3161 3161 2574 2574 3130 3130 3130 3130 2574 2574 918 918 2574 2574 3165 3165 918 918 918 918 3165 3165 3128 3128 3167 3167 3128 3128 3165 3165 3167 3167 919 919 3128 3128 919 919 3167 3167 920 920 3167 3167 2578 2578 920 920 2396 2396 920 920 2578 2578 3170 3170 920 920 2396 2396 2396 2396 3230 3230 3170 3170 3174 3174 3230 3230 2396 2396 3230 3230 3174 3174 3229 3229 3178 3178 3229 3229 3174 3174 3178 3178 3228 3228 3229 3229 3227 3227 3177 3177 3226 3226 3177 3177 3180 3180 3226 3226 3180 3180 921 921 3226 3226 921 921 3180 3180 3223 3223 3180 3180 3182 3182 3223 3223 3223 3223 3182 3182 3184 3184 3223 3223 3184 3184 922 922 922 922 3184 3184 2349 2349 922 922 2349 2349 3220 3220 3220 3220 2349 2349 2351 2351 3220 3220 2351 2351 3219 3219 3219 3219 2351 2351 3189 3189 3219 3219 3189 3189 923 923 923 923 3189 3189 3191 3191 923 923 3191 3191 924 924 924 924 3191 3191 3193 3193 924 924 3193 3193 3214 3214 3214 3214 3193 3193 3195 3195 3214 3214 3195 3195 925 925 925 925 3195 3195 3197 3197 925 925 3197 3197 926 926 3197 3197 927 927 926 926 2357 2357 927 927 3197 3197 927 927 2357 2357 3207 3207 3207 3207 2357 2357 2359 2359 3207 3207 2359 2359 3206 3206 3237 3237 3206 3206 2359 2359 3205 3205 3206 3206 3237 3237 3237 3237 928 928 3205 3205 3257 3257 928 928 3237 3237 3257 3257 929 929 928 928 3259 3259 929 929 3257 3257 929 929 3259 3259 930 930 2146 2146 930 930 3259 3259 930 930 2146 2146 3248 3248 3248 3248 2146 2146 2148 2148 3248 3248 2148 2148 3247 3247 2150 2150 3247 3247 2148 2148 3247 3247 2150 2150 3246 3246 2152 2152 3246 3246 2150 2150 3246 3246 2152 2152 3245 3245 3269 3269 3245 3245 2152 2152 3245 3245 3269 3269 931 931 3271 3271 931 931 3269 3269 931 931 3271 3271 3274 3274 3271 3271 3275 3275 3274 3274 3275 3275 3273 3273 3274 3274 2042 2042 3273 3273 3275 3275 3310 3310 2020 2020 3333 3333 3311 3311 2020 2020 3310 3310 2021 2021 3312 3312 3303 3303 3313 3313 3303 3303 3312 3312 3314 3314 3303 3303 3313 3313 3303 3303 3314 3314 2016 2016 3315 3315 2016 2016 3314 3314 3315 3315 2014 2014 2016 2016 2014 2014 3315 3315 3297 3297 3315 3315 937 937 3297 3297 3297 3297 937 937 3295 3295 3295 3295 937 937 3293 3293 937 937 3318 3318 3293 3293 3293 3293 3318 3318 2012 2012 3318 3318 936 936 2012 2012 2012 2012 936 936 2010 2010 936 936 3321 3321 2010 2010 2010 2010 3321 3321 3287 3287 3321 3321 935 935 3287 3287 3287 3287 935 935 3285 3285 934 934 3285 3285 935 935 3285 3285 934 934 3283 3283 933 933 3283 3283 934 934 932 932 3283 3283 933 933 3283 3283 932 932 3281 3281 3328 3328 3281 3281 932 932 3273 3273 3281 3281 3328 3328 2042 2042 3281 3281 3273 3273 3310 3310 3333 3333 939 939 3333 3333 3335 3335 939 939 940 940 3336 3336 3330 3330 3336 3336 3342 3342 3330 3330 3344 3344 3330 3330 3342 3342 3344 3344 3379 3379 3330 3330 3346 3346 3379 3379 3344 3344 3379 3379 3346 3346 941 941 3348 3348 941 941 3346 3346 3348 3348 942 942 941 941 3350 3350 942 942 3348 3348 942 942 3350 3350 943 943 3352 3352 943 943 3350 3350 943 943 3352 3352 944 944 2029 2029 944 944 3352 3352 944 944 2029 2029 945 945 2031 2031 945 945 2029 2029 945 945 2031 2031 946 946 2033 2033 946 946 2031 2031 946 946 2033 2033 2035 2035 946 946 2035 2035 3373 3373 3358 3358 3373 3373 2035 2035 3360 3360 3373 3373 3358 3358 3373 3373 3360 3360 3372 3372 1999 1999 3372 3372 3360 3360 3372 3372 1999 1999 947 947 3363 3363 947 947 1999 1999 947 947 3363 3363 948 948 3365 3365 948 948 3363 3363 948 948 3365 3365 3369 3369 3365 3365 3383 3383 3369 3369 3365 3365 3367 3367 3383 3383 3383 3383 3381 3381 3065 3065 3383 3383 3367 3367 3381 3381 1980 1980 3407 3407 1996 1996 1980 1980 3406 3406 3407 3407 1980 1980 3405 3405 3406 3406 3405 3405 1980 1980 3409 3409 3405 3405 3409 3409 3398 3398 3410 3410 3398 3398 3409 3409 3410 3410 3399 3399 3398 3398 3410 3410 949 949 3399 3399 3410 3410 3902 3902 949 949 3918 3918 3445 3445 3446 3446 3447 3447 3445 3445 3918 3918 3469 3469 3445 3445 3447 3447 3917 3917 3469 3469 3448 3448 3453 3453 3469 3469 3917 3917 3471 3471 3469 3469 3453 3453 2831 2831 1416 1416 4026 4026 3951 3951 3471 3471 3454 3454 3473 3473 3471 3471 3951 3951 3456 3456 3473 3473 3951 3951 4026 4026 1416 1416 2429 2429 3971 3971 3473 3473 3457 3457 3475 3475 3473 3473 3971 3971 1534 1534 1558 1558 3494 3494 3915 3915 3474 3474 3972 3972 3914 3914 3474 3474 3915 3915 3993 3993 3474 3474 3914 3914 3912 3912 3474 3474 3993 3993 1468 1468 3475 3475 3913 3913 2284 2284 2476 2476 2450 2450 4047 4047 3802 3802 907 907 3444 3444 3445 3445 3478 3478 3469 3469 3478 3478 3445 3445 2180 2180 4029 4029 4129 4129 3888 3888 2648 2648 1076 1076 3479 3479 3478 3478 3469 3469 3471 3471 3479 3479 3469 3469 2967 2967 4141 4141 1471 1471 3473 3473 3479 3479 3471 3471 3480 3480 3479 3479 3473 3473 3475 3475 3480 3480 3473 3473 1080 1080 4156 4156 3893 3893 3481 3481 3480 3480 3475 3475 1468 1468 3481 3481 3475 3475 1472 1472 3481 3481 1468 1468 3444 3444 3478 3478 3443 3443 3443 3443 3478 3478 3482 3482 4129 4129 4029 4029 1047 1047 4104 4104 1035 1035 3042 3042 3479 3479 3482 3482 3478 3478 3484 3484 3482 3482 3479 3479 1893 1893 897 897 4022 4022 3480 3480 3484 3484 3479 3479 3485 3485 3484 3484 3480 3480 3481 3481 3485 3485 3480 3480 3486 3486 3485 3485 3481 3481 4008 4008 4000 4000 2799 2799 1472 1472 3486 3486 3481 3481 1481 1481 3486 3486 1472 1472 3443 3443 3482 3482 3442 3442 3442 3442 3482 3482 3441 3441 4157 4157 3878 3878 3042 3042 3488 3488 3441 3441 3482 3482 3484 3484 3488 3488 3482 3482 3490 3490 3488 3488 3484 3484 897 897 3842 3842 4022 4022 3571 3571 1065 1065 3900 3900 3485 3485 3490 3490 3484 3484 3492 3492 3490 3490 3485 3485 3486 3486 3492 3492 3485 3485 3495 3495 3492 3492 3486 3486 1988 1988 1963 1963 1326 1326 4116 4116 2070 2070 3594 3594 1481 1481 3495 3495 3486 3486 3464 3464 3495 3495 1481 1481 2643 2643 3904 3904 1080 1080 3488 3488 958 958 3441 3441 3502 3502 958 958 3488 3488 3490 3490 3502 3502 3488 3488 3497 3497 3502 3502 3490 3490 4170 4170 2937 2937 1893 1893 3492 3492 3497 3497 3490 3490 3498 3498 3497 3497 3492 3492 3495 3495 3498 3498 3492 3492 3500 3500 3498 3498 3495 3495 1323 1323 1887 1887 2649 2649 899 899 901 901 1081 1081 3465 3465 3500 3500 3464 3464 3500 3500 3495 3495 3464 3464 2648 2648 3888 3888 2610 2610 2165 2165 2610 2610 3888 3888 3497 3497 3503 3503 3502 3502 2882 2882 3571 3571 2197 2197 3505 3505 3503 3503 3497 3497 2937 2937 897 897 1893 1893 3498 3498 3505 3505 3497 3497 3509 3509 3505 3505 3498 3498 3500 3500 3509 3509 3498 3498 3510 3510 3509 3509 3500 3500 4166 4166 3861 3861 2892 2892 3466 3466 3510 3510 3465 3465 3510 3510 3500 3500 3465 3465 3502 3502 963 963 952 952 3603 3603 2724 2724 2722 2722 2722 2722 2724 2724 2549 2549 963 963 3502 3502 965 965 3503 3503 965 965 3502 3502 966 966 3504 3504 968 968 3503 3503 3432 3432 969 969 3505 3505 3432 3432 3503 3503 3433 3433 3505 3505 3429 3429 3899 3899 2690 2690 2253 2253 3429 3429 3505 3505 3559 3559 3509 3509 3559 3559 3505 3505 3560 3560 3508 3508 3564 3564 3564 3564 3508 3508 3422 3422 4140 4140 4143 4143 1960 1960 3510 3510 3424 3424 3509 3509 3423 3423 3512 3512 3567 3567 4118 4118 2179 2179 2804 2804 3466 3466 3512 3512 3510 3510 3467 3467 3512 3512 3466 3466 3567 3567 3512 3512 3569 3569 3467 3467 3569 3569 3512 3512 1490 1490 3569 3569 3467 3467 3520 3520 986 986 3528 3528 3520 3520 3646 3646 986 986 3520 3520 3601 3601 3646 3646 3520 3520 3604 3604 3601 3601 3520 3520 3607 3607 3604 3604 3757 3757 3738 3738 2775 2775 3550 3550 3607 3607 3520 3520 3548 3548 3607 3607 3550 3550 3546 3546 3607 3607 3548 3548 3544 3544 3607 3607 3546 3546 2159 2159 2209 2209 2158 2158 4079 4079 4052 4052 4067 4067 3541 3541 3607 3607 3544 3544 3526 3526 3607 3607 3541 3541 3530 3530 3527 3527 983 983 3532 3532 3527 3527 3530 3530 978 978 3527 3527 3532 3532 3537 3537 3527 3527 978 978 3519 3519 3527 3527 3537 3537 3430 3430 3556 3556 3435 3435 3561 3561 3577 3577 3430 3430 3430 3430 3577 3577 3556 3556 2213 2213 3899 3899 2253 2253 3556 3556 3577 3577 972 972 2292 2292 2427 2427 1310 1310 3565 3565 3577 3577 3562 3562 3461 3461 3382 3382 1014 1014 2094 2094 2497 2497 1295 1295 972 972 3577 3577 3578 3578 1310 1310 2427 2427 1798 1798 972 972 3578 3578 3555 3555 3425 3425 3579 3579 3565 3565 3565 3565 3579 3579 3577 3577 3578 3578 3577 3577 3579 3579 2161 2161 2966 2966 1840 1840 3555 3555 3578 3578 3582 3582 973 973 3555 3555 3582 3582 973 973 3582 3582 3583 3583 973 973 3583 3583 974 974 974 974 3583 3583 3552 3552 3549 3549 3552 3552 3583 3583 3552 3552 3549 3549 975 975 975 975 3549 3549 3518 3518 2997 2997 3414 3414 3077 3077 3578 3578 3579 3579 3586 3586 3582 3582 3578 3578 3586 3586 3583 3583 3582 3582 3587 3587 3419 3419 4037 4037 3055 3055 1298 1298 3789 3789 1303 1303 3789 3789 2996 2996 1303 1303 900 900 1887 1887 1323 1323 2589 2589 2587 2587 2558 2558 3570 3570 3588 3588 3568 3568 3588 3588 3426 3426 3568 3568 3426 3426 3588 3588 3579 3579 3586 3586 3579 3579 3588 3588 3884 3884 4037 4037 3882 3882 2622 2622 2837 2837 3506 3506 3256 3256 2137 2137 1305 1305 2137 2137 1553 1553 1305 1305 3875 3875 3916 3916 1604 1604 3740 3740 2005 2005 4090 4090 3549 3549 3583 3583 3545 3545 3549 3549 3545 3545 3547 3547 2901 2901 2953 2953 2934 2934 1490 1490 3588 3588 3570 3570 2524 2524 2775 2775 4142 4142 2550 2550 2548 2548 2364 2364 3586 3586 3588 3588 3592 3592 3593 3593 3586 3586 3592 3592 3582 3582 3586 3586 3593 3593 3587 3587 3582 3582 3593 3593 3583 3583 3587 3587 3595 3595 3596 3596 3583 3583 3595 3595 3545 3545 3583 3583 3596 3596 1521 1521 4102 4102 3792 3792 2655 2655 2474 2474 4124 4124 2953 2953 2901 2901 2517 2517 1906 1906 4126 4126 3589 3589 2576 2576 2575 2575 2548 2548 2548 2548 2575 2575 2547 2547 3880 3880 4030 4030 3875 3875 4023 4023 1828 1828 1956 1956 3587 3587 3593 3593 1505 1505 3573 3573 3587 3587 1505 1505 3595 3595 3587 3587 3573 3573 4007 4007 4089 4089 2262 2262 2773 2773 2195 2195 2226 2226 2773 2773 2226 2226 2373 2373 3545 3545 3596 3596 1512 1512 1513 1513 3545 3545 1512 1512 3545 3545 1513 1513 3543 3543 1513 1513 3540 3540 3543 3543 1513 1513 3525 3525 3540 3540 4149 4149 2597 2597 1888 1888 989 989 3624 3624 3626 3626 3807 3807 3644 3644 4151 4151 3624 3624 989 989 3681 3681 1859 1859 3746 3746 2810 2810 2292 2292 3397 3397 2427 2427 3631 3631 3641 3641 3630 3630 3630 3630 3641 3641 3642 3642 3630 3630 3642 3642 988 988 3643 3643 988 988 3642 3642 989 989 988 988 3643 3643 3683 3683 989 989 3643 3643 3681 3681 989 989 3683 3683 3892 3892 1166 1166 2986 2986 3421 3421 2091 2091 1074 1074 987 987 3647 3647 3635 3635 2935 2935 3864 3864 4157 4157 3557 3557 2610 2610 2165 2165 3649 3649 3633 3633 3634 3634 3633 3633 3649 3649 3632 3632 2361 2361 2356 2356 2224 2224 3632 3632 3649 3649 3641 3641 3632 3632 3641 3641 3631 3631 2866 2866 2963 2963 2052 2052 2253 2253 2690 2690 1070 1070 4150 4150 3418 3418 1888 1888 2999 2999 4160 4160 3994 3994 3683 3683 3643 3643 3620 3620 3994 3994 2330 2330 1011 1011 3634 3634 3648 3648 3650 3650 3649 3649 3634 3634 3650 3650 2831 2831 1707 1707 1416 1416 1707 1707 2164 2164 1416 1416 1840 1840 1315 1315 2502 2502 2502 2502 1315 1315 1613 1613 3641 3641 3649 3649 3653 3653 3654 3654 3641 3641 3653 3653 3642 3642 3641 3641 3654 3654 3655 3655 3642 3642 3654 3654 3643 3643 3642 3642 3655 3655 3620 3620 3643 3643 3655 3655 2888 2888 903 903 2887 2887 899 899 4147 4147 901 901 903 903 3645 3645 2887 2887 4001 4001 4049 4049 4063 4063 3650 3650 3648 3648 3602 3602 1525 1525 2403 2403 1018 1018 4121 4121 3637 3637 2482 2482 2224 2224 2356 2356 2222 2222 2877 2877 1614 1614 1046 1046 2714 2714 3326 3326 2383 2383 4015 4015 2078 2078 907 907 2456 2456 2081 2081 1393 1393 2497 2497 1616 1616 3841 3841 2364 2364 2548 2548 2363 2363 3620 3620 3655 3655 3661 3661 3889 3889 901 901 4147 4147 3620 3620 3661 3661 3686 3686 2739 2739 2545 2545 2735 2735 2739 2739 2544 2544 2545 2545 3609 3609 3663 3663 3605 3605 3606 3606 3662 3662 3602 3602 3664 3664 3602 3602 3662 3662 3650 3650 3602 3602 3664 3664 2812 2812 3598 3598 4181 4181 3649 3649 3650 3650 3666 3666 3653 3653 3649 3649 3666 3666 3654 3654 3653 3653 3667 3667 3668 3668 3654 3654 3667 3667 3655 3655 3654 3654 3668 3668 3661 3661 3655 3655 3668 3668 3686 3686 3661 3661 3617 3617 1368 1368 1543 1543 3860 3860 1197 1197 3851 3851 1378 1378 4090 4090 3055 3055 4037 4037 4121 4121 1400 1400 3637 3637 3650 3650 3664 3664 3610 3610 3611 3611 3650 3650 3610 3610 3666 3666 3650 3650 3611 3611 3653 3653 3666 3666 1324 1324 3614 3614 3653 3653 1324 1324 3667 3667 3653 3653 3614 3614 4066 4066 3802 3802 4047 4047 3835 3835 4066 4066 4047 4047 4022 4022 4084 4084 2916 2916 2916 2916 4084 4084 3044 3044 3616 3616 3661 3661 3668 3668 3617 3617 3661 3661 3616 3616 996 996 3671 3671 3723 3723 3671 3671 3673 3673 3723 3723 994 994 3723 3723 3673 3673 4162 4162 2607 2607 4163 4163 3677 3677 3723 3723 994 994 992 992 3723 3723 3676 3676 3725 3725 3723 3723 992 992 3627 3627 3725 3725 992 992 3625 3625 3725 3725 3627 3627 3682 3682 3725 3725 3625 3625 3726 3726 3725 3725 3682 3682 3684 3684 3726 3726 3682 3682 3727 3727 3726 3726 3684 3684 3621 3621 3727 3727 3684 3684 2165 2165 2511 2511 3557 3557 3687 3687 3727 3727 3621 3621 3728 3728 3727 3727 3687 3687 3618 3618 3728 3728 3687 3687 3616 3616 3728 3728 3618 3618 996 996 3723 3723 997 997 3723 3723 998 998 997 997 998 998 3723 3723 999 999 4160 4160 2999 2999 4159 4159 3729 3729 999 999 3723 3723 2106 2106 2909 2909 4169 4169 3725 3725 3729 3729 3723 3723 3731 3731 3729 3729 3725 3725 4000 4000 4170 4170 2407 2407 3732 3732 3731 3731 3725 3725 3726 3726 3732 3732 3725 3725 3727 3727 3732 3732 3726 3726 3735 3735 3732 3732 3727 3727 3728 3728 3735 3735 3727 3727 3126 3126 2191 2191 2192 2192 1329 1329 3735 3735 3728 3728 1330 1330 3735 3735 1329 1329 1541 1541 907 907 2078 2078 2725 2725 2549 2549 2724 2724 3729 3729 3719 3719 999 999 3737 3737 3719 3719 3729 3729 3731 3731 3737 3737 3729 3729 3739 3739 3737 3737 3731 3731 2407 2407 4170 4170 3468 3468 2799 2799 4000 4000 2933 2933 3732 3732 3739 3739 3731 3731 3742 3742 3739 3739 3732 3732 3735 3735 3742 3742 3732 3732 3743 3743 3742 3742 3735 3735 3126 3126 2192 2192 2193 2193 2968 2968 2930 2930 2963 2963 1330 1330 3743 3743 3735 3735 1331 1331 3743 3743 1330 1330 3660 3660 1904 1904 3515 3515 3737 3737 1000 1000 3719 3719 3748 3748 1000 1000 3737 3737 3739 3739 3748 3748 3737 3737 3750 3750 3748 3748 3739 3739 2933 2933 4000 4000 2407 2407 4027 4027 4000 4000 2311 2311 3742 3742 3750 3750 3739 3739 3751 3751 3750 3750 3742 3742 3743 3743 3751 3751 3742 3742 3752 3752 3751 3751 3743 3743 2930 2930 1502 1502 2963 2963 1865 1865 2987 2987 2390 2390 1331 1331 3752 3752 3743 3743 1345 1345 3752 3752 1331 1331 1538 1538 3416 3416 2425 2425 3748 3748 3759 3759 1000 1000 3753 3753 3759 3759 3748 3748 3750 3750 3753 3753 3748 3748 3754 3754 3753 3753 3750 3750 2311 2311 4000 4000 4008 4008 4022 4022 3842 3842 4084 4084 3751 3751 3754 3754 3750 3750 3755 3755 3754 3754 3751 3751 3752 3752 3755 3755 3751 3751 3758 3758 3755 3755 3752 3752 2881 2881 2196 2196 2832 2832 1510 1510 1322 1322 1925 1925 1345 1345 3758 3758 3752 3752 1349 1349 3758 3758 1345 1345 2428 2428 1015 1015 1171 1171 2994 2994 2597 2597 3061 3061 2764 2764 2765 2765 3209 3209 3760 3760 3759 3759 3753 3753 3754 3754 3760 3760 3753 3753 3906 3906 2008 2008 3905 3905 3761 3761 3760 3760 3754 3754 3755 3755 3761 3761 3754 3754 3765 3765 3761 3761 3755 3755 3758 3758 3765 3765 3755 3755 3767 3767 3765 3765 3758 3758 2420 2420 4116 4116 2239 2239 3758 3758 1349 1349 3767 3767 3696 3696 3767 3767 1349 1349 2623 2623 3838 3838 3416 3416 3759 3759 3715 3715 1001 1001 3759 3759 3713 3713 3715 3715 2765 2765 2764 2764 2373 2373 3713 3713 3759 3759 3712 3712 3760 3760 3712 3712 3759 3759 3712 3712 3760 3760 3709 3709 3416 3416 3838 3838 3660 3660 2071 2071 2587 2587 2066 2066 3708 3708 3760 3760 3833 3833 3761 3761 3833 3833 3760 3760 3833 3833 3761 3761 3705 3705 3704 3704 3762 3762 3782 3782 3765 3765 3781 3781 3761 3761 3781 3781 3765 3765 3783 3783 3783 3783 3765 3765 3870 3870 3767 3767 3870 3870 3765 3765 3870 3870 3767 3767 3699 3699 1904 1904 3660 3660 3838 3838 3698 3698 3767 3767 3786 3786 3767 3767 3696 3696 3786 3786 3817 3817 3715 3715 3713 3713 2449 2449 3660 3660 3515 3515 3818 3818 3817 3817 3713 3713 3712 3712 3818 3818 3713 3713 3817 3817 3818 3818 1006 1006 1007 1007 1006 1006 3818 3818 3822 3822 3816 3816 1007 1007 3816 3816 3822 3822 1008 1008 1009 1009 1008 1008 3822 3822 1009 1009 3825 3825 3815 3815 3826 3826 1010 1010 3813 3813 1994 1994 1010 1010 3826 3826 1010 1010 1994 1994 1997 1997 3153 3153 2771 2771 2382 2382 3818 3818 3712 3712 3709 3709 3516 3516 3916 3916 3431 3431 1186 1186 1193 1193 3733 3733 1171 1171 1893 1893 2630 2630 1007 1007 3818 3818 3829 3829 3822 3822 1007 1007 3829 3829 2698 2698 3575 3575 3368 3368 3575 3575 2698 2698 2699 2699 1009 1009 3822 3822 3830 3830 3825 3825 1009 1009 3830 3830 3150 3150 2373 2373 2764 2764 2764 2764 3147 3147 3150 3150 1993 1993 1994 1994 3826 3826 1298 1298 4180 4180 1527 1527 3708 3708 3833 3833 3818 3818 3829 3829 3818 3818 3833 3833 2355 2355 2354 2354 2220 2220 1074 1074 2091 2091 1528 1528 2220 2220 2354 2354 2216 2216 3830 3830 3822 3822 3829 3829 3566 3566 3378 3378 2706 2706 2704 2704 3566 3566 2706 2706 3825 3825 3830 3830 3836 3836 3946 3946 2322 2322 3651 3651 1992 1992 3825 3825 3840 3840 2777 2777 4180 4180 1298 1298 2405 2405 2991 2991 902 902 2991 2991 1969 1969 902 902 3965 3965 3869 3869 2388 2388 3869 3869 3001 3001 2388 2388 4120 4120 3483 3483 2781 2781 2406 2406 2904 2904 2106 2106 4067 4067 4057 4057 4013 4013 1421 1421 4126 4126 3389 3389 3078 3078 2457 2457 3868 3868 1538 1538 2425 2425 3461 3461 3202 3202 2376 2376 3200 3200 3844 3844 3825 3825 3836 3836 3840 3840 3825 3825 3844 3844 3450 3450 4043 4043 2606 2606 1326 1326 1963 1963 1524 1524 3705 3705 3845 3845 3833 3833 3846 3846 3833 3833 3845 3845 3829 3829 3833 3833 3846 3846 2310 2310 2480 2480 2180 2180 2902 2902 2935 2935 1035 1035 3830 3830 3829 3829 3847 3847 1550 1550 1900 1900 1908 1908 3836 3836 3830 3830 3847 3847 2375 2375 2376 2376 3202 3202 1070 1070 2654 2654 3959 3959 1471 1471 4173 4173 2967 2967 3782 3782 3845 3845 3704 3704 3898 3898 1375 1375 1044 1044 2420 2420 2239 2239 1961 1961 3878 3878 3866 3866 1460 1460 3847 3847 3829 3829 3846 3846 1552 1552 1900 1900 1550 1550 2794 2794 2172 2172 2140 2140 2794 2794 2140 2140 2188 2188 3854 3854 3836 3836 3847 3847 1977 1977 3491 3491 2938 2938 3844 3844 3836 3836 3854 3854 3855 3855 3844 3844 3854 3854 3782 3782 3856 3856 3845 3845 3421 3421 899 899 4110 4110 2997 2997 3077 3077 4033 4033 4033 4033 3077 3077 1903 1903 3869 3869 2460 2460 3001 3001 2460 2460 3401 3401 3001 3001 1011 1011 2330 2330 4038 4038 1301 1301 3930 3930 2805 2805 3326 3326 2755 2755 2383 2383 3834 3834 1391 1391 4032 4032 4045 4045 1987 1987 1325 1325 1706 1706 2834 2834 2838 2838 3783 3783 3856 3856 3781 3781 3846 3846 3845 3845 3856 3856 3865 3865 3846 3846 3856 3856 3847 3847 3846 3846 3865 3865 3867 3867 3847 3847 3865 3865 4088 4088 4000 4000 4027 4027 3452 3452 2078 2078 2971 2971 3854 3854 3847 3847 3867 3867 3421 3421 1074 1074 4094 4094 3011 3011 3421 3421 4094 4094 2430 2430 1841 1841 2503 2503 2383 2383 2755 2755 2382 2382 3855 3855 3854 3854 3806 3806 3783 3783 3870 3870 3856 3856 2971 2971 2078 2078 4021 4021 3865 3865 3856 3856 3871 3871 1193 1193 1011 1011 1924 1924 2904 2904 2909 2909 2106 2106 1903 1903 3078 3078 3966 3966 2649 2649 4190 4190 3511 3511 3895 3895 1052 1052 4019 4019 1403 1403 2623 2623 1267 1267 1431 1431 2179 2179 2510 2510 3854 3854 3867 3867 3872 3872 2594 2594 2593 2593 2575 2575 3805 3805 3854 3854 3872 3872 1299 1299 2451 2451 3820 3820 3856 3856 3870 3870 3871 3871 1988 1988 1166 1166 1963 1963 3999 3999 1337 1337 4122 4122 3800 3800 3867 3867 3865 3865 3872 3872 3867 3867 3800 3800 1418 1418 3872 3872 1405 1405 2388 2388 3001 3001 3886 3886 1696 1696 3706 3706 3905 3905 3805 3805 3872 3872 1425 1425 3786 3786 3877 3877 3698 3698 3699 3699 3877 3877 3870 3870 3879 3879 3870 3870 3877 3877 3871 3871 3870 3870 3879 3879 3584 3584 4032 4032 1555 1555 3796 3796 3871 3871 3795 3795 3797 3797 3871 3871 3796 3796 2964 2964 2428 2428 2916 2916 3865 3865 3871 3871 3797 3797 3798 3798 3865 3865 3797 3797 3872 3872 3800 3800 1405 1405 3786 3786 3696 3696 1359 1359 3786 3786 1359 1359 3877 3877 1359 1359 3790 3790 3877 3877 1367 1367 3877 3877 3790 3790 2446 2446 1614 1614 1821 1821 3871 3871 3879 3879 3795 3795 2599 2599 3974 3974 1375 1375 3769 3769 1977 1977 3780 3780 3952 3952 1925 1925 1422 1422 1422 1422 1925 1925 4127 4127 3736 3736 3734 3734 3744 3744 4030 4030 2007 2007 3916 3916 1902 1902 3827 3827 3837 3837 3153 3153 2382 2382 2755 2755 1314 1314 4198 4198 1612 1612 4143 4143 4111 4111 1960 1960 3572 3572 1306 1306 3493 3493 4065 4065 2176 2176 4058 4058 1305 1305 1553 1553 1391 1391 4030 4030 3916 3916 3875 3875 3901 3901 3921 3921 3920 3920 3925 3925 3920 3920 3921 3921 3920 3920 3925 3925 3919 3919 3919 3919 3925 3925 1036 1036 1037 1037 1036 1036 3925 3925 1073 1073 1195 1195 1977 1977 3933 3933 1039 1039 1038 1038 1039 1039 3933 3933 1040 1040 1040 1040 3933 3933 3935 3935 1040 1040 3935 3935 1041 1041 1041 1041 3935 3935 1042 1042 3918 3918 1042 1042 3935 3935 1042 1042 3918 3918 3446 3446 2714 2714 3324 3324 3326 3326 3925 3925 3921 3921 3936 3936 2453 2453 4034 4034 2304 2304 3941 3941 1037 1037 3925 3925 1195 1195 3958 3958 1977 1977 3308 3308 2720 2720 2730 2730 1038 1038 1037 1037 3941 3941 3942 3942 1038 1038 3941 3941 2802 2802 2832 2832 2171 2171 3933 3933 1038 1038 3942 3942 1441 1441 2501 2501 3932 3932 2501 2501 3874 3874 3932 3932 2209 2209 2225 2225 2158 2158 2808 2808 4048 4048 4002 4002 3078 3078 3868 3868 3966 3966 4010 4010 3787 3787 4020 4020 3448 3448 3918 3918 3935 3935 2607 2607 2817 2817 4163 4163 3895 3895 4019 4019 4197 4197 2308 2308 1531 1531 1909 1909 3925 3925 3936 3936 3949 3949 4193 4193 4194 4194 4191 4191 3483 3483 3764 3764 3489 3489 2655 2655 3470 3470 2600 2600 3308 3308 2546 2546 2720 2720 3942 3942 3941 3941 3945 3945 2967 2967 4174 4174 1309 1309 3987 3987 2479 2479 4003 4003 1880 1880 4044 4044 2175 2175 1417 1417 2162 2162 1841 1841 3448 3448 3935 3935 3917 3917 4163 4163 2817 2817 1965 1965 2281 2281 1014 1014 1913 1913 3324 3324 2714 2714 2537 2537 2388 2388 3862 3862 1052 1052 3941 3941 3925 3925 3949 3949 2929 2929 3640 3640 1546 1546 2582 2582 1307 1307 2202 2202 1515 1515 3638 3638 4128 4128 2286 2286 1014 1014 2281 2281 2958 2958 3848 3848 2954 2954 4099 4099 1267 1267 1538 1538 2597 2597 3734 3734 2182 2182 2804 2804 2179 2179 1431 1431 3935 3935 3933 3933 3951 3951 3453 3453 3935 3935 3951 3951 3917 3917 3935 3935 3453 3453 1612 1612 4198 4198 2187 2187 3955 3955 3936 3936 3953 3953 3949 3949 3936 3936 3955 3955 2539 2539 2538 2538 2356 2356 2508 2508 1071 1071 3638 3638 3957 3957 3941 3941 3949 3949 3945 3945 3941 3941 3957 3957 4141 4141 4128 4128 1471 1471 4091 4091 3885 3885 2964 2964 2802 2802 2171 2171 3105 3105 3960 3960 3942 3942 3945 3945 3933 3933 3942 3942 3960 3960 1296 1296 1134 1134 2645 2645 3951 3951 3933 3933 3960 3960 3843 3843 3389 3389 3370 3370 2177 2177 1325 1325 4059 4059 3957 3957 3949 3949 3955 3955 4161 4161 3994 3994 3932 3932 2725 2725 2721 2721 2549 2549 1860 1860 4042 4042 1879 1879 2173 2173 3976 3976 3063 3063 2424 2424 1068 1068 1077 1077 3638 3638 1071 1071 2181 2181 1578 1578 3597 3597 2018 2018 2916 2916 2428 2428 3873 3873 2874 2874 1614 1614 2877 2877 3887 3887 1070 1070 3052 3052 2557 2557 2556 2556 2370 2370 3945 3945 3957 3957 3975 3975 3866 3866 4125 4125 3576 3576 4124 4124 3470 3470 2655 2655 3255 3255 1427 1427 3886 3886 3456 3456 3960 3960 3970 3970 3951 3951 3960 3960 3456 3456 4065 4065 4068 4068 4034 4034 4108 4108 1172 1172 1469 1469 1527 1527 1707 1707 2837 2837 3736 3736 3052 3052 2185 2185 3975 3975 3957 3957 3955 3955 4005 4005 3494 3494 1308 1308 1431 1431 2510 2510 1065 1065 1961 1961 1929 1929 1068 1068 3960 3960 3945 3945 3975 3975 2775 2775 3963 3963 4188 4188 3979 3979 3953 3953 3978 3978 3955 3955 3953 3953 3979 3979 4185 4185 1338 1338 3998 3998 1044 1044 1375 1375 1061 1061 896 896 3940 3940 1193 1193 4109 4109 4171 4171 4114 4114 3960 3960 3975 3975 3980 3980 1707 1707 1527 1527 2164 2164 3970 3970 3960 3960 3980 3980 3964 3964 3734 3734 3927 3927 3979 3979 3978 3978 3908 3908 2510 2510 2173 2173 3063 3063 4191 4191 1968 1968 2992 2992 3982 3982 3979 3979 3981 3981 3955 3955 3979 3979 3982 3982 1965 1965 2156 2156 4163 4163 3035 3035 2373 2373 3036 3036 3983 3983 3955 3955 3982 3982 3415 3415 2457 2457 3078 3078 3975 3975 3955 3955 3983 3983 2998 2998 4009 4009 1441 1441 1066 1066 4039 4039 3996 3996 4009 4009 2501 2501 1441 1441 2518 2518 4107 4107 2915 2915 2988 2988 1866 1866 1696 1696 4109 4109 3042 3042 4171 4171 3973 3973 1412 1412 3899 3899 4056 4056 1017 1017 4074 4074 3900 3900 2603 2603 4174 4174 3059 3059 1961 1961 2424 2424 3983 3983 3982 3982 3909 3909 2314 2314 1197 1197 1544 1544 4104 4104 3042 3042 4109 4109 3989 3989 3983 3983 3910 3910 3975 3975 3983 3983 3988 3988 3990 3990 3975 3975 3988 3988 1578 1578 2018 2018 2201 2201 3992 3992 3975 3975 3990 3990 3980 3980 3975 3975 3992 3992 3993 3993 3980 3980 3992 3992 3914 3914 3980 3980 3993 3993 3915 3915 3980 3980 3914 3914 3972 3972 3980 3980 3915 3915 3992 3992 3990 3990 1459 1459 2081 2081 2106 2106 1886 1886 3911 3911 3993 3993 3992 3992 1465 1465 3993 3993 3911 3911 3913 3913 3993 3993 1465 1465 3874 3874 1382 1382 3943 3943 3040 3040 2373 2373 2848 2848 3968 3968 3996 3996 4006 4006 2637 2637 2966 2966 2776 2776 4197 4197 4019 4019 2293 2293 3764 3764 1902 1902 3837 3837 4188 4188 3963 3963 3501 3501 1397 1397 1197 1197 2912 2912 1344 1344 1366 1366 1332 1332 1332 1332 1366 1366 1364 1364 1620 1620 1332 1332 1364 1364 3973 3973 1821 1821 1412 1412 1332 1332 1620 1620 1621 1621 1362 1362 1332 1332 1621 1621 1332 1332 1362 1362 1334 1334 1622 1622 1333 1333 1363 1363 1624 1624 1335 1335 1623 1623 1335 1335 1624 1624 1336 1336 1625 1625 1336 1336 1624 1624 1336 1336 1625 1625 1360 1360 1336 1336 1361 1361 1339 1339 1358 1358 1339 1339 1361 1361 1626 1626 1339 1339 1358 1358 1339 1339 1626 1626 1342 1342 1629 1629 1342 1342 1627 1627 2114 2114 1521 1521 3792 3792 1342 1342 1629 1629 2801 2801 1344 1344 1332 1332 1602 1602 1602 1602 1332 1332 1346 1346 1346 1346 1332 1332 1348 1348 1347 1347 1332 1332 1350 1350 1332 1332 1334 1334 1350 1350 1350 1350 1334 1334 1352 1352 1335 1335 1336 1336 1351 1351 1351 1351 1336 1336 1353 1353 1353 1353 1336 1336 1499 1499 4133 4133 1421 1421 3389 3389 1499 1499 1336 1336 1498 1498 1336 1336 1339 1339 1498 1498 1497 1497 1340 1340 1355 1355 4186 4186 2173 2173 2510 2510 1354 1354 1339 1339 1356 1356 1339 1339 1342 1342 1356 1356 1356 1356 1342 1342 1357 1357 1357 1357 1342 1342 1496 1496 1342 1342 2814 2814 1496 1496 2839 2839 1371 1371 1440 1440 2839 2839 1440 1440 1494 1494 3763 3763 4148 4148 3963 3963 1372 1372 3828 3828 1628 1628 4028 4028 2994 2994 3640 3640 1435 1435 1373 1373 1436 1436 1436 1436 1373 1373 1438 1438 1373 1373 1374 1374 1438 1438 1438 1438 1374 1374 2839 2839 1374 1374 1493 1493 2839 2839 2839 2839 1493 1493 1371 1371 4179 4179 4194 4194 4178 4178 2062 2062 2594 2594 2761 2761 3900 3900 4172 4172 2603 2603 2900 2900 1377 1377 1432 1432 3976 3976 1862 1862 2508 2508 1433 1433 1381 1381 2842 2842 1381 1381 2841 2841 2842 2842 3322 3322 2715 2715 2718 2718 2587 2587 2586 2586 2558 2558 1434 1434 1383 1383 2840 2840 3062 3062 2182 2182 3924 3924 1383 1383 1384 1384 2840 2840 2840 2840 1384 1384 1435 1435 1384 1384 1373 1373 1435 1435 2381 2381 2330 2330 1382 1382 2330 2330 2381 2381 4103 4103 3470 3470 4123 4123 3958 3958 2006 2006 4030 4030 3428 3428 2914 2914 2930 2930 2968 2968 3924 3924 2182 2182 3832 3832 3452 3452 1541 1541 2078 2078 3850 3850 1388 1388 1376 1376 1388 1388 1389 1389 1376 1376 1376 1376 1389 1389 1432 1432 1389 1389 1390 1390 1432 1432 1432 1432 1390 1390 1433 1433 1390 1390 1381 1381 1433 1433 4012 4012 4004 4004 905 905 1381 1381 1392 1392 2841 2841 3711 3711 1195 1195 1073 1073 2841 2841 1392 1392 1434 1434 1392 1392 1383 1383 1434 1434 4152 4152 4007 4007 3542 3542 2044 2044 3721 3721 3623 3623 2044 2044 3623 3623 2737 2737 1384 1384 1394 1394 1373 1373 1394 1394 1395 1395 1373 1373 1373 1373 1395 1395 1374 1374 1374 1374 1395 1395 1493 1493 2832 2832 2196 2196 2061 2061 1446 1446 1493 1493 1395 1395 1048 1048 1072 1072 2995 2995 3834 3834 1428 1428 3256 3256 1604 1604 3916 3916 3779 3779 3916 3916 3906 3906 3779 3779 1396 1396 1389 1389 1388 1388 2370 2370 2369 2369 2234 2234 3599 3599 3848 3848 2958 2958 3940 3940 3994 3994 1011 1011 1390 1390 1402 1402 1381 1381 1381 1381 1402 1402 1392 1392 2502 2502 1613 1613 4130 4130 1402 1402 1404 1404 1392 1392 1392 1392 1404 1404 1383 1383 3967 3967 1322 1322 1874 1874 1383 1383 1404 1404 1384 1384 1404 1404 1394 1394 1384 1384 1394 1394 1406 1406 1395 1395 1486 1486 1395 1395 1406 1406 1446 1446 1395 1395 1489 1489 1486 1486 1489 1489 1395 1395 1396 1396 1410 1410 1389 1389 1410 1410 1411 1411 1389 1389 1389 1389 1411 1411 1390 1390 4175 4175 4173 4173 1471 1471 4051 4051 1047 1047 2937 2937 1411 1411 1402 1402 1390 1390 3002 3002 3402 3402 2136 2136 1402 1402 1413 1413 1404 1404 2007 2007 4030 4030 2006 2006 4095 4095 4182 4182 3393 3393 1413 1413 1414 1414 1404 1404 2610 2610 3557 3557 3863 3863 1404 1404 1414 1414 1394 1394 1414 1414 1415 1415 1394 1394 1394 1394 1415 1415 1406 1406 2406 2406 2106 2106 2081 2081 1487 1487 1406 1406 1415 1415 2394 2394 2001 2001 2371 2371 2496 2496 1420 1420 2521 2521 1399 1399 4139 4139 3636 3636 1419 1419 1411 1411 1410 1410 2224 2224 2222 2222 2205 2205 4092 4092 3724 3724 2173 2173 1411 1411 1426 1426 1402 1402 1048 1048 2424 2424 1072 1072 2216 2216 2215 2215 2154 2154 1402 1402 1426 1426 1413 1413 2960 2960 1077 1077 4193 4193 1426 1426 1414 1414 1413 1413 4057 4057 4067 4067 4052 4052 2689 2689 3863 3863 3557 3557 3659 3659 2308 2308 1898 1898 1487 1487 1415 1415 1483 1483 1476 1476 1483 1483 1415 1415 2918 2918 1419 1419 3859 3859 1419 1419 2918 2918 1411 1411 1456 1456 1411 1411 2918 2918 2920 2920 1411 1411 1456 1456 1411 1411 2920 2920 1426 1426 2922 2922 1426 1426 2920 2920 1454 1454 1426 1426 2922 2922 2154 2154 2215 2215 2145 2145 1452 1452 1426 1426 1454 1454 1450 1450 1426 1426 1452 1452 1450 1450 1414 1414 1426 1426 2161 2161 2776 2776 2966 2966 1448 1448 1414 1414 1450 1450 1414 1414 1448 1448 1415 1415 2924 2924 1415 1415 1448 1448 2619 2619 2019 2019 2812 2812 1480 1480 1415 1415 2924 2924 1415 1415 1480 1480 1475 1475 1457 1457 1494 1494 1439 1439 1370 1370 1457 1457 1439 1439 2861 2861 2954 2954 4135 4135 1491 1491 1457 1457 1370 1370 1337 1337 1401 1401 4122 4122 1458 1458 1492 1492 1462 1462 1445 1445 1462 1462 1492 1492 2654 2654 4003 4003 3959 3959 1379 1379 2976 2976 1399 1399 1488 1488 1461 1461 1444 1444 1461 1461 1488 1488 1463 1463 1485 1485 1463 1463 1488 1488 1464 1464 1484 1484 1466 1466 1482 1482 1466 1466 1484 1484 1474 1474 1466 1466 1482 1482 2497 2497 3841 3841 1295 1295 4162 4162 4103 4103 2381 2381 1887 1887 4190 4190 2649 2649 1600 1600 1473 1473 1501 1501 1473 1473 1478 1478 1501 1501 1496 1496 2814 2814 1495 1495 1457 1457 1496 1496 1495 1495 1494 1494 1457 1457 1495 1495 1496 1496 1457 1457 1357 1357 1357 1357 1457 1457 1356 1356 4089 4089 1341 1341 2204 2204 1356 1356 1457 1457 1354 1354 1458 1458 1462 1462 1355 1355 1355 1355 1462 1462 1497 1497 1498 1498 1461 1461 1499 1499 1499 1499 1461 1461 1353 1353 1461 1461 1463 1463 1353 1353 1353 1353 1463 1463 1351 1351 1464 1464 1466 1466 1352 1352 1352 1352 1466 1466 1350 1350 3738 3738 3763 3763 3963 3963 1350 1350 1466 1466 1347 1347 1467 1467 1473 1473 1348 1348 1348 1348 1473 1473 1346 1346 1600 1600 1346 1346 1473 1473 1600 1600 1602 1602 1346 1346 1586 1586 2800 2800 1588 1588 1588 1588 2800 2800 1590 1590 3665 3665 3948 3948 2474 2474 2958 2958 2954 2954 2050 2050 1632 1632 1504 1504 1586 1586 1586 1586 1504 1504 2800 2800 1504 1504 1506 1506 2800 2800 2800 2800 1506 1506 1591 1591 1506 1506 1507 1507 1591 1591 1320 1320 4131 4131 1443 1443 1591 1591 1507 1507 2797 2797 1821 1821 2456 2456 1412 1412 3794 3794 1521 1521 2114 2114 1635 1635 1504 1504 1631 1631 2935 2935 4157 4157 1035 1035 1424 1424 4102 4102 899 899 2604 2604 3843 3843 3370 3370 3995 3995 3494 3494 4005 4005 1471 1471 4128 4128 4175 4175 1507 1507 1511 1511 2797 2797 4102 4102 1521 1521 4147 4147 2797 2797 1511 1511 1508 1508 1511 1511 1514 1514 1508 1508 1508 1508 1514 1514 1594 1594 1514 1514 1596 1596 1594 1594 1887 1887 2331 2331 4190 4190 1321 1321 4125 4125 3952 3952 3738 3738 2094 2094 3763 3763 1696 1696 3905 3905 2985 2985 2613 2613 1310 1310 4040 4040 1062 1062 2793 2793 1549 1549 1638 1638 1516 1516 1635 1635 1635 1635 1516 1516 1504 1504 1516 1516 1517 1517 1504 1504 1504 1504 1517 1517 1506 1506 1517 1517 1518 1518 1506 1506 1506 1506 1518 1518 1507 1507 1518 1518 1519 1519 1507 1507 1507 1507 1519 1519 1511 1511 3428 3428 4037 4037 3419 3419 2823 2823 2782 2782 4185 4185 1519 1519 1514 1514 1511 1511 2622 2622 1527 1527 2837 2837 3418 3418 2253 2253 3887 3887 1514 1514 1520 1520 1596 1596 1520 1520 1523 1523 1596 1596 1596 1596 1523 1523 2796 2796 2693 2693 2673 2673 2674 2674 2796 2796 1523 1523 2795 2795 1523 1523 2936 2936 2795 2795 2795 2795 2936 2936 2793 2793 1045 1045 2793 2793 2936 2936 2793 2793 1045 1045 1549 1549 1642 1642 1516 1516 1637 1637 2070 2070 2156 2156 2227 2227 4000 4000 4051 4051 4170 4170 1884 1884 1925 1925 3967 3967 1298 1298 1527 1527 2622 2622 2953 2953 2968 2968 2056 2056 2056 2056 2968 2968 2055 2055 2869 2869 2968 2968 2866 2866 2689 2689 3904 3904 2643 2643 2184 2184 2314 2314 2929 2929 1080 1080 3863 3863 2643 2643 1519 1519 1520 1520 1514 1514 1540 1540 1020 1020 1302 1302 2480 2480 1615 1615 4029 4029 2693 2693 2674 2674 2154 2154 1523 1523 1529 1529 2936 2936 1079 1079 2936 2936 1529 1529 1584 1584 1530 1530 1644 1644 1645 1645 1530 1530 1642 1642 1642 1642 1530 1530 1516 1516 1530 1530 1533 1533 1516 1516 1516 1516 1533 1533 1517 1517 1918 1918 2204 2204 1014 1014 1517 1517 1533 1533 1518 1518 1533 1533 1536 1536 1518 1518 1518 1518 1536 1536 1519 1519 2712 2712 1327 1327 3657 3657 1536 1536 1537 1537 1519 1519 1519 1519 1537 1537 1520 1520 3876 3876 4165 4165 3853 3853 3940 3940 1011 1011 1193 1193 1537 1537 1539 1539 1520 1520 2024 2024 2371 2371 2001 2001 1520 1520 1539 1539 1523 1523 2415 2415 1925 1925 1884 1884 1539 1539 1529 1529 1523 1523 1382 1382 2330 2330 3943 3943 1579 1579 1530 1530 1584 1584 1614 1614 2406 2406 2456 2456 2822 2822 3999 3999 1861 1861 1920 1920 2204 2204 1918 1918 2995 2995 1072 1072 2959 2959 3316 3316 2544 2544 2739 2739 1924 1924 4116 4116 2420 2420 1539 1539 1075 1075 1529 1529 1076 1076 3849 3849 3888 3888 3020 3020 1577 1577 1580 1580 1579 1579 1577 1577 1530 1530 3005 3005 1530 1530 1577 1577 1530 1530 3005 3005 1533 1533 1575 1575 1533 1533 3005 3005 3999 3999 4122 4122 2483 2483 1533 1533 1575 1575 3007 3007 1573 1573 1533 1533 3007 3007 1533 1533 1573 1573 1536 1536 1571 1571 1536 1536 1573 1573 3125 3125 2194 2194 2195 2195 3009 3009 1536 1536 1571 1571 1536 1536 3009 3009 1537 1537 1569 1569 1537 1537 3009 3009 1387 1387 4075 4075 2306 2306 1567 1567 1537 1537 1569 1569 1537 1537 1567 1567 1539 1539 1565 1565 1539 1539 1567 1567 1563 1563 1539 1539 1565 1565 1539 1539 1563 1563 1075 1075 1560 1560 1075 1075 1563 1563 3849 3849 2511 2511 3888 3888 3022 3022 1617 1617 3018 3018 3018 3018 1617 1617 1598 1598 1598 1598 1617 1617 1365 1365 1598 1598 1365 1365 1343 1343 1343 1343 1601 1601 1598 1598 1598 1598 1601 1601 1664 1664 1664 1664 1601 1601 1599 1599 1664 1664 1599 1599 1500 1500 1664 1664 1500 1500 1477 1477 2801 2801 1629 1629 1630 1630 4065 4065 4058 4058 4068 4068 1627 1627 1630 1630 1629 1629 1630 1630 1627 1627 1603 1603 1358 1358 1603 1603 1626 1626 2166 2166 1050 1050 3477 3477 1361 1361 1603 1603 1358 1358 1603 1603 1361 1361 1607 1607 1625 1625 1606 1606 1360 1360 1624 1624 1606 1606 1625 1625 1606 1606 1624 1624 1609 1609 1623 1623 1609 1609 1624 1624 1608 1608 1622 1622 1610 1610 1363 1363 1610 1610 1622 1622 1621 1621 1611 1611 1362 1362 1611 1611 1621 1621 1581 1581 1620 1620 1581 1581 1621 1621 1581 1581 1620 1620 1618 1618 1618 1618 1620 1620 1364 1364 1618 1618 1364 1364 1366 1366 4078 4078 3802 3802 4066 4066 1590 1590 1630 1630 1589 1589 1630 1630 1603 1603 1589 1589 1589 1589 1603 1603 1587 1587 3849 3849 2168 2168 2511 2511 1587 1587 1603 1603 1634 1634 1634 1634 1603 1603 1607 1607 1633 1633 1606 1606 1636 1636 3472 3472 3887 3887 3745 3745 1636 1636 1606 1606 1639 1639 1639 1639 1606 1606 1609 1609 1640 1640 1608 1608 1643 1643 1643 1643 1608 1608 1610 1610 1643 1643 1610 1610 1646 1646 1647 1647 1611 1611 1585 1585 1585 1585 1611 1611 1581 1581 1521 1521 3794 3794 2998 2998 3794 3794 4009 4009 2998 2998 1582 1582 1619 1619 3021 3021 1278 1278 1650 1650 1652 1652 1652 1652 1650 1650 1649 1649 1650 1650 3029 3029 1649 1649 1649 1649 3029 3029 3030 3030 1653 1653 2926 2926 2927 2927 1663 1663 1653 1653 2927 2927 1653 1653 1663 1663 1654 1654 1662 1662 1654 1654 1663 1663 1654 1654 1662 1662 1655 1655 1661 1661 1655 1655 1662 1662 1655 1655 1661 1661 1656 1656 3121 3121 1656 1656 1661 1661 1656 1656 3121 3121 1657 1657 1660 1660 1657 1657 3121 3121 1657 1657 1660 1660 1658 1658 1658 1658 1660 1660 3122 3122 3123 3123 1658 1658 3122 3122 1658 1658 3123 3123 1659 1659 3029 3029 1659 1659 3123 3123 1659 1659 3029 3029 1650 1650 2926 2926 1653 1653 1665 1665 1665 1665 1653 1653 1667 1667 1667 1667 1653 1653 1669 1669 1653 1653 1654 1654 1669 1669 1669 1669 1654 1654 1286 1286 1654 1654 1655 1655 1286 1286 1286 1286 1655 1655 1671 1671 1655 1655 1656 1656 1671 1671 1671 1671 1656 1656 1673 1673 1673 1673 1656 1656 1675 1675 1656 1656 1657 1657 1675 1675 1675 1675 1657 1657 1284 1284 1657 1657 1658 1658 1284 1284 1284 1284 1658 1658 1282 1282 1282 1282 1658 1658 1280 1280 1658 1658 1659 1659 1280 1280 1280 1280 1659 1659 1278 1278 1659 1659 1650 1650 1278 1278 1677 1677 1676 1676 1698 1698 1886 1886 4169 4169 3931 3931 1678 1678 1695 1695 1679 1679 2200 2200 1306 1306 3572 3572 2824 2824 2782 2782 2823 2823 4175 4175 2853 2853 3866 3866 3866 3866 2853 2853 4125 4125 1302 1302 2405 2405 2287 2287 4042 4042 3451 3451 2512 2512 2179 2179 4186 4186 2510 2510 1886 1886 3931 3931 2479 2479 1682 1682 1694 1694 1683 1683 3858 3858 1197 1197 2314 2314 2994 2994 4150 4150 2597 2597 1888 1888 2597 2597 4150 4150 1693 1693 1685 1685 3151 3151 1698 1698 1676 1676 3033 3033 3033 3033 1676 1676 3032 3032 3032 3032 1676 1676 1686 1686 3470 3470 4124 4124 4123 4123 1676 1676 1677 1677 1686 1686 1686 1686 1677 1677 1687 1687 1677 1677 1678 1678 1687 1687 1687 1687 1678 1678 1688 1688 1678 1678 1679 1679 1688 1688 1688 1688 1679 1679 1689 1689 1679 1679 1680 1680 1689 1689 1689 1689 1680 1680 1690 1690 1680 1680 1681 1681 1690 1690 1690 1690 1681 1681 1691 1691 1681 1681 1682 1682 1691 1691 3038 3038 2373 2373 3039 3039 1682 1682 1683 1683 1691 1691 1691 1691 1683 1683 1692 1692 1683 1683 1684 1684 1692 1692 3070 3070 2803 2803 1430 1430 1684 1684 1685 1685 1692 1692 1692 1692 1685 1685 1693 1693 1807 1807 1693 1693 3151 3151 3032 3032 1686 1686 3031 3031 3031 3031 1686 1686 3030 3030 3030 3030 1686 1686 1699 1699 1686 1686 1687 1687 1699 1699 1699 1699 1687 1687 1700 1700 1687 1687 1688 1688 1700 1700 1700 1700 1688 1688 1139 1139 1688 1688 1689 1689 1139 1139 1139 1139 1689 1689 1138 1138 1138 1138 1689 1689 1701 1701 1689 1689 1690 1690 1701 1701 1701 1701 1690 1690 1702 1702 1690 1690 1691 1691 1702 1702 1702 1702 1691 1691 1703 1703 3039 3039 2373 2373 3040 3040 1703 1703 1691 1691 1704 1704 1691 1691 1692 1692 1704 1704 1704 1704 1692 1692 1137 1137 3070 3070 1430 1430 2815 2815 1137 1137 1692 1692 1136 1136 1692 1692 1693 1693 1136 1136 1136 1136 1693 1693 1135 1135 1135 1135 1693 1693 1807 1807 1790 1790 1732 1732 3146 3146 3146 3146 1732 1732 3139 3139 1734 1734 3139 3139 1732 1732 3139 3139 1734 1734 1805 1805 3307 3307 1742 1742 1082 1082 1082 1082 1742 1742 1730 1730 1730 1730 1742 1742 1060 1060 3307 3307 1082 1082 1083 1083 3307 3307 1083 1083 1744 1744 1744 1744 1083 1083 1729 1729 1744 1744 1729 1729 3302 3302 3302 3302 1729 1729 1084 1084 3302 3302 1084 1084 1746 1746 1746 1746 1084 1084 1748 1748 1748 1748 1084 1084 1085 1085 1748 1748 1085 1085 3300 3300 3300 3300 1085 1085 1728 1728 3300 3300 1728 1728 3292 3292 3292 3292 1728 1728 1750 1750 1750 1750 1728 1728 1086 1086 1750 1750 1086 1086 3290 3290 3290 3290 1086 1086 1752 1752 1752 1752 1086 1086 1087 1087 1752 1752 1087 1087 1754 1754 1754 1754 1087 1087 1727 1727 1754 1754 1727 1727 3280 3280 3280 3280 1727 1727 3278 3278 3278 3278 1727 1727 1726 1726 3278 3278 1726 1726 1756 1756 1756 1756 1726 1726 1725 1725 1756 1756 1725 1725 1758 1758 1758 1758 1725 1725 1088 1088 1758 1758 1088 1088 3268 3268 3268 3268 1088 1088 1760 1760 1760 1760 1088 1088 1724 1724 1760 1760 1724 1724 1762 1762 1762 1762 1724 1724 1089 1089 1762 1762 1089 1089 1764 1764 1764 1764 1089 1089 3266 3266 3266 3266 1089 1089 1090 1090 3266 3266 1090 1090 1766 1766 1766 1766 1090 1090 3264 3264 3264 3264 1090 1090 1091 1091 3264 3264 1091 1091 3262 3262 3262 3262 1091 1091 1723 1723 3262 3262 1723 1723 1768 1768 1768 1768 1723 1723 1092 1092 1768 1768 1092 1092 1770 1770 1770 1770 1092 1092 1094 1094 1770 1770 1094 1094 3254 3254 3254 3254 1094 1094 3252 3252 3251 3251 1093 1093 1722 1722 3251 3251 1722 1722 3244 3244 3244 3244 1722 1722 1095 1095 3244 3244 1095 1095 1772 1772 1772 1772 1095 1095 1096 1096 1109 1109 1111 1111 1108 1108 1108 1108 1111 1111 1742 1742 1742 1742 1111 1111 1060 1060 1060 1060 1111 1111 1113 1113 1060 1060 1113 1113 1059 1059 1705 1705 1059 1059 1113 1113 1113 1113 1115 1115 1705 1705 1705 1705 1115 1115 1708 1708 1708 1708 1115 1115 1117 1117 1708 1708 1117 1117 1058 1058 1058 1058 1117 1117 1739 1739 1058 1058 1739 1739 1057 1057 1057 1057 1739 1739 1737 1737 1057 1057 1737 1737 1034 1034 1034 1034 1737 1737 1735 1735 1034 1034 1735 1735 1710 1710 1710 1710 1735 1735 1056 1056 1056 1056 1735 1735 1119 1119 1056 1056 1119 1119 1711 1711 1711 1711 1119 1119 1733 1733 1711 1711 1733 1733 1712 1712 1712 1712 1733 1733 1731 1731 1712 1712 1731 1731 1713 1713 1713 1713 1731 1731 1789 1789 1713 1713 1789 1789 1055 1055 1055 1055 1789 1789 1787 1787 1055 1055 1787 1787 1714 1714 1714 1714 1787 1787 3210 3210 1714 1714 3210 3210 1054 1054 1054 1054 3210 3210 1785 1785 1054 1054 1785 1785 1783 1783 1054 1054 1783 1783 1715 1715 1715 1715 1783 1783 1781 1781 1715 1715 1781 1781 1716 1716 1716 1716 1781 1781 3212 3212 1716 1716 3212 3212 3215 3215 1716 1716 3215 3215 1717 1717 1717 1717 3215 3215 3217 3217 1717 1717 3217 3217 1779 1779 1717 1717 1779 1779 1053 1053 1053 1053 1779 1779 1777 1777 1053 1053 1777 1777 1718 1718 1718 1718 1777 1777 3221 3221 1718 1718 3221 3221 3224 3224 1718 1718 3224 3224 1719 1719 1719 1719 3224 3224 1775 1775 1719 1719 1775 1775 1720 1720 1720 1720 1775 1775 3231 3231 4115 4115 2313 2313 1896 1896 1720 1720 3231 3231 3233 3233 1720 1720 3233 3233 1721 1721 1721 1721 3233 3233 1096 1096 1096 1096 3233 3233 1772 1772 1772 1772 3233 3233 3242 3242 3242 3242 3233 3233 3235 3235 3242 3242 3235 3235 1774 1774 1774 1774 3235 3235 3239 3239 1792 1792 1796 1796 1107 1107 1741 1741 1792 1792 1107 1107 1741 1741 1794 1794 1792 1792 3306 3306 1794 1794 1741 1741 3306 3306 3332 3332 1794 1794 1799 1799 1795 1795 1936 1936 1799 1799 1936 1936 1818 1818 1799 1799 1818 1818 1817 1817 1799 1799 1817 1817 1911 1911 1799 1799 1911 1911 1912 1912 1799 1799 1912 1912 1816 1816 1799 1799 1816 1816 1914 1914 1799 1799 1914 1914 1915 1915 1799 1799 1915 1915 1916 1916 1799 1799 1916 1916 1815 1815 1799 1799 1815 1815 1917 1917 1799 1799 1917 1917 1919 1919 1814 1814 1799 1799 1919 1919 1799 1799 1814 1814 1106 1106 1106 1106 1814 1814 1813 1813 1106 1106 1813 1813 1812 1812 1207 1207 1106 1106 1812 1812 1106 1106 1207 1207 1802 1802 1802 1802 1207 1207 1811 1811 1802 1802 1811 1811 1104 1104 1810 1810 1104 1104 1811 1811 1104 1104 1810 1810 1102 1102 1214 1214 1102 1102 1810 1810 1102 1102 1214 1214 1100 1100 1809 1809 1100 1100 1214 1214 1100 1100 1809 1809 1804 1804 1809 1809 1215 1215 1804 1804 1808 1808 1804 1804 1215 1215 1804 1804 1808 1808 1098 1098 1807 1807 1098 1098 1808 1808 1098 1098 1807 1807 1806 1806 3539 3539 1826 1826 3355 3355 1960 1960 3756 3756 3904 3904 1819 1819 1820 1820 1934 1934 3003 3003 2005 2005 3740 3740 3904 3904 3756 3756 4156 4156 1934 1934 1820 1820 1826 1826 3378 3378 2709 2709 2700 2700 2706 2706 3378 3378 2700 2700 1835 1835 1820 1820 1819 1819 2705 2705 2708 2708 2683 2683 1820 1820 1822 1822 1826 1826 1826 1826 1822 1822 1827 1827 1835 1835 1836 1836 1820 1820 1820 1820 1836 1836 1822 1822 2691 2691 2676 2676 2686 2686 3943 3943 3994 3994 4161 4161 1836 1836 1837 1837 1822 1822 2686 2686 2676 2676 3721 3721 1822 1822 1823 1823 1827 1827 1827 1827 1823 1823 1829 1829 1822 1822 1837 1837 1823 1823 1837 1837 1839 1839 1823 1823 1824 1824 1825 1825 1832 1832 1832 1832 1825 1825 1833 1833 3105 3105 2171 2171 2172 2172 1051 1051 3896 3896 3926 3926 3580 3580 3860 3860 3946 3946 3860 3860 2322 2322 3946 3946 3355 3355 1826 1826 1827 1827 3355 3355 1827 1827 3354 3354 3994 3994 3943 3943 2330 2330 3354 3354 1827 1827 3353 3353 3353 3353 1827 1827 1829 1829 3353 3353 1829 1829 1935 1935 1935 1935 1829 1829 1936 1936 1936 1936 1829 1829 1818 1818 1818 1818 1829 1829 1817 1817 1817 1817 1829 1829 1831 1831 1817 1817 1831 1831 1911 1911 1911 1911 1831 1831 1912 1912 1912 1912 1831 1831 1816 1816 1816 1816 1831 1831 1914 1914 1914 1914 1831 1831 1915 1915 1831 1831 1832 1832 1915 1915 1915 1915 1832 1832 1916 1916 1916 1916 1832 1832 1815 1815 1832 1832 1833 1833 1815 1815 1815 1815 1833 1833 1917 1917 1833 1833 1834 1834 1917 1917 1917 1917 1834 1834 1919 1919 1269 1269 1919 1919 1834 1834 1919 1919 1269 1269 1814 1814 1813 1813 1814 1814 1269 1269 1823 1823 1839 1839 1829 1829 1829 1829 1839 1839 1831 1831 1839 1839 1842 1842 1831 1831 2909 2909 2910 2910 4189 4189 1842 1842 1843 1843 1831 1831 1831 1831 1843 1843 1832 1832 1843 1843 1824 1824 1832 1832 4090 4090 4037 4037 3884 3884 4180 4180 2164 2164 1527 1527 1835 1835 1844 1844 1836 1836 1844 1844 1846 1846 1836 1836 3821 3821 3414 3414 2997 2997 2909 2909 4189 4189 4169 4169 1836 1836 1846 1846 1837 1837 1846 1846 1847 1847 1837 1837 1044 1044 1061 1061 1548 1548 1837 1837 1847 1847 1839 1839 1847 1847 1849 1849 1839 1839 3542 3542 4007 4007 2262 2262 1839 1839 1849 1849 1842 1842 3807 3807 4189 4189 2910 2910 1849 1849 1850 1850 1842 1842 1842 1842 1850 1850 1843 1843 1922 1922 1843 1843 1850 1850 1922 1922 1824 1824 1843 1843 3105 3105 2172 2172 2794 2794 3431 3431 3916 3916 2007 2007 1851 1851 1846 1846 1844 1844 1460 1460 3866 3866 3576 3576 1846 1846 1852 1852 1847 1847 2579 2579 2576 2576 2550 2550 2550 2550 2576 2576 2548 2548 1847 1847 1853 1853 1849 1849 2430 2430 2503 2503 1320 1320 2064 2064 2591 2591 2593 2593 2591 2591 2064 2064 2589 2589 1849 1849 1854 1854 1850 1850 2179 2179 3950 3950 4186 4186 1855 1855 1856 1856 1851 1851 1851 1851 1856 1856 1846 1846 1393 1393 2081 2081 3987 3987 2690 2690 2654 2654 1070 1070 1856 1856 1857 1857 1846 1846 1846 1846 1857 1857 1852 1852 2556 2556 2550 2550 2369 2369 2369 2369 2550 2550 2364 2364 1852 1852 1853 1853 1847 1847 4033 4033 2776 2776 1304 1304 1320 1320 2503 2503 4131 4131 1853 1853 1863 1863 1849 1849 1849 1849 1863 1863 1854 1854 1326 1326 1524 1524 4054 4054 4060 4060 1326 1326 4054 4054 3950 3950 4092 4092 4186 4186 1864 1864 1856 1856 1855 1855 3377 3377 3376 3376 2703 2703 1857 1857 1873 1873 1852 1852 1852 1852 1873 1873 1853 1853 2548 2548 2547 2547 2363 2363 4033 4033 2637 2637 2776 2776 2594 2594 2062 2062 2593 2593 1873 1873 1875 1875 1853 1853 1853 1853 1875 1875 1863 1863 1928 1928 1863 1863 1875 1875 1863 1863 1928 1928 1926 1926 1854 1854 1863 1863 1926 1926 4185 4185 2785 2785 1338 1338 1876 1876 1878 1878 1864 1864 2091 2091 898 898 3898 3898 1864 1864 1878 1878 1856 1856 1840 1840 2966 2966 1315 1315 3887 3887 3052 3052 3744 3744 2169 2169 2813 2813 4095 4095 1878 1878 1881 1881 1856 1856 1856 1856 1881 1881 1857 1857 4057 4057 2381 2381 1382 1382 2696 2696 3377 3377 2703 2703 1881 1881 1883 1883 1857 1857 1857 1857 1883 1883 1873 1873 1304 1304 2997 2997 4033 4033 3393 3393 4182 4182 904 904 2049 2049 2370 2370 2048 2048 2064 2064 2593 2593 2062 2062 1883 1883 1885 1885 1873 1873 1873 1873 1885 1885 1875 1875 4138 4138 1050 1050 2166 2166 1981 1981 1067 1067 2975 2975 3747 3747 2174 2174 4050 4050 2208 2208 2649 2649 1958 1958 1861 1861 3962 3962 2821 2821 3521 3521 2452 2452 2475 2475 4151 4151 1407 1407 1583 1583 2173 2173 3724 3724 3976 3976 2000 2000 1925 1925 4031 4031 3956 3956 3387 3387 2931 2931 4151 4151 3644 3644 1407 1407 1883 1883 1889 1889 1885 1885 1876 1876 1892 1892 1878 1878 3000 3000 2390 2390 2038 2038 1892 1892 1894 1894 1878 1878 1878 1878 1894 1894 1881 1881 3396 3396 1428 1428 3585 3585 1821 1821 1614 1614 2456 2456 1894 1894 1895 1895 1881 1881 1881 1881 1895 1895 1883 1883 3003 3003 2672 2672 3720 3720 2048 2048 2370 2370 2746 2746 1895 1895 1889 1889 1883 1883 1612 1612 2187 2187 4153 4153 4153 4153 2187 2187 2615 2615 1861 1861 2483 2483 3962 3962 2853 2853 1510 1510 4125 4125 4091 4091 2964 2964 2916 2916 3487 3487 3950 3950 3489 3489 4172 4172 4141 4141 1309 1309 3974 3974 2212 2212 3059 3059 1901 1901 1895 1895 1894 1894 2522 2522 3749 3749 4165 4165 4118 4118 2781 2781 2179 2179 2781 2781 3950 3950 2179 2179 1895 1895 1266 1266 1889 1889 1905 1905 1901 1901 1892 1892 1892 1892 1901 1901 1894 1894 2892 2892 3861 3861 3581 3581 2379 2379 2380 2380 3162 3162 1907 1907 1895 1895 1901 1901 2812 2812 2019 2019 3598 3598 3003 3003 3720 3720 2027 2027 1907 1907 1930 1930 1895 1895 1895 1895 1930 1930 1266 1266 4039 4039 1535 1535 3996 3996 1267 1267 2623 2623 3416 3416 3773 3773 1944 1944 1905 1905 1905 1905 1944 1944 1901 1901 1901 1901 1944 1944 1907 1907 1944 1944 1245 1245 1907 1907 1907 1907 1245 1245 1247 1247 1937 1937 1955 1955 3017 3017 1287 1287 1937 1937 3017 3017 1937 1937 1287 1287 1938 1938 1289 1289 1938 1938 1287 1287 1938 1938 1289 1289 1939 1939 1939 1939 1289 1289 1953 1953 1951 1951 1939 1939 1953 1953 1939 1939 1951 1951 1940 1940 1949 1949 1940 1940 1951 1951 1940 1940 1949 1949 1941 1941 1941 1941 1949 1949 1947 1947 1945 1945 1941 1941 1947 1947 1941 1941 1945 1945 1942 1942 1291 1291 1942 1942 1945 1945 1942 1942 1291 1291 1943 1943 1293 1293 1943 1943 1291 1291 1943 1943 1293 1293 1944 1944 1944 1944 1293 1293 1245 1245 1955 1955 1937 1937 3812 3812 3812 3812 1937 1937 3785 3785 1937 1937 1938 1938 3785 3785 3785 3785 1938 1938 3784 3784 1938 1938 1939 1939 3784 3784 3784 3784 1939 1939 3778 3778 3778 3778 1939 1939 3777 3777 1939 1939 1940 1940 3777 3777 3777 3777 1940 1940 3776 3776 1940 1940 1941 1941 3776 3776 3776 3776 1941 1941 3775 3775 1941 1941 1942 1942 3775 3775 3775 3775 1942 1942 3774 3774 1942 1942 1943 1943 3774 3774 3774 3774 1943 1943 3773 3773 1943 1943 1944 1944 3773 3773 4191 4191 4194 4194 1968 1968 4136 4136 3849 3849 1076 1076 2477 2477 2453 2453 2304 2304 4130 4130 4154 4154 1442 1442 3501 3501 3724 3724 4188 4188 4029 4029 1615 1615 3452 3452 4187 4187 3857 3857 2932 2932 2932 2932 3857 3857 4115 4115 1033 1033 1025 1025 2942 2942 1393 1393 3987 3987 2654 2654 3361 3361 3603 3603 2722 2722 4197 4197 2293 2293 2186 2186 2186 2186 2293 2293 1311 1311 2777 2777 2163 2163 4180 4180 2204 2204 1921 1921 1923 1923 3169 3169 2379 2379 3162 3162 2426 2426 3585 3585 1470 1470 3976 3976 3944 3944 1862 1862 895 895 3522 3522 2478 2478 4002 4002 3522 3522 2807 2807 3730 3730 3724 3724 3501 3501 2843 2843 2373 2373 2836 2836 2786 2786 2191 2191 3126 3126 2178 2178 2331 2331 1887 1887 1929 1929 4164 4164 4177 4177 3964 3964 3927 3927 1902 1902 2619 2619 2582 2582 2019 2019 3476 3476 2584 2584 2620 2620 2515 2515 2983 2983 1986 1986 2379 2379 3169 3169 2758 2758 2836 2836 2373 2373 2835 2835 2524 2524 4092 4092 3837 3837 2582 2582 2202 2202 2019 2019 2751 2751 2715 2715 3322 3322 2094 2094 1295 1295 3763 3763 1542 1542 2170 2170 4096 4096 2810 2810 3746 3746 2809 2809 4199 4199 4140 4140 4146 4146 3420 3420 3059 3059 2424 2424 2379 2379 2758 2758 2767 2767 3042 3042 1460 1460 4171 4171 2370 2370 2556 2556 2369 2369 1320 1320 1443 1443 2784 2784 1648 1648 4148 4148 1641 1641 2835 2835 2373 2373 2833 2833 2902 2902 1035 1035 4106 4106 4146 4146 4140 4140 3766 3766 3576 3576 4125 4125 1321 1321 1309 1309 4141 4141 2967 2967 3489 3489 3764 3764 3487 3487 2953 2953 2517 2517 2968 2968 2833 2833 2373 2373 3150 3150 1896 1896 2313 2313 2183 2183 2040 2040 2988 2988 2009 2009 3042 3042 3878 3878 1460 1460 3461 3461 1014 1014 1341 1341 4056 4056 1526 1526 1017 1017 3900 3900 4174 4174 3864 3864 4089 4089 3461 3461 1341 1341 2517 2517 2914 2914 2968 2968 2081 2081 1886 1886 3987 3987 4142 4142 4092 4092 2524 2524 3764 3764 3837 3837 3487 3487 4172 4172 3997 3997 4141 4141 3823 3823 4113 4113 4199 4199 3384 3384 2615 2615 1982 1982 3209 3209 2374 2374 3204 3204 2765 2765 2374 2374 3209 3209 1011 1011 4038 4038 1924 1924 2701 2701 3371 3371 2695 2695 1927 1927 2204 2204 1923 1923 2363 2363 2547 2547 2361 2361 3371 3371 2701 2701 3374 3374 1532 1532 4072 4072 1540 1540 1081 1081 901 901 896 896 2369 2369 2364 2364 2229 2229 2229 2229 2364 2364 2228 2228 901 901 2999 2999 896 896 2036 2036 2675 2675 2155 2155 2155 2155 2675 2675 2692 2692 3204 3204 2375 2375 3202 3202 2374 2374 2375 2375 3204 3204 4026 4026 2429 2429 1318 1318 3944 3944 3730 3730 1316 1316 3417 3417 3944 3944 1316 1316 2593 2593 2591 2591 2539 2539 2539 2539 2591 2591 2538 2538 3575 3575 2699 2699 3371 3371 3862 3862 4019 4019 1052 1052 1964 1964 2403 2403 1525 1525 2166 2166 3477 3477 2505 2505 4108 4108 1469 1469 3584 3584 2988 2988 2985 2985 2009 2009 1542 1542 4096 4096 2321 2321 2821 2821 3962 3962 4168 4168 4188 4188 4092 4092 4142 4142 1375 1375 3420 3420 1031 1031 2605 2605 2332 2332 2811 2811 2041 2041 3000 3000 2038 2038 2308 2308 1909 1909 1898 1898 4114 4114 4171 4171 4144 4144 1981 1981 2613 2613 1067 1067 3963 3963 4148 4148 3730 3730 1387 1387 2306 2306 2712 2712 3926 3926 2965 2965 2637 2637 2965 2965 3926 3926 3896 3896 3415 3415 2279 2279 2457 2457 2309 2309 3461 3461 2425 2425 3824 3824 4109 4109 4114 4114 1323 1323 2649 2649 2208 2208 2712 2712 2306 2306 1327 1327 1337 1337 1442 1442 1401 1401 4055 4055 4073 4073 1386 1386 4181 4181 3598 3598 1408 1408 3837 3837 3827 3827 2524 2524 2355 2355 2536 2536 2354 2354 3188 3188 2766 2766 3186 3186 2494 2494 4123 4123 4124 4124 2929 2929 2314 2314 3640 3640 3827 3827 2775 2775 2524 2524 1066 1066 3996 3996 3968 3968 3491 3491 1323 1323 2938 2938 2477 2477 2304 2304 2451 2451 2451 2451 2304 2304 2454 2454 901 901 4158 4158 2999 2999 1442 1442 1380 1380 1401 1401 4159 4159 2999 2999 4158 4158 2707 2707 2708 2708 2705 2705 3393 3393 904 904 2889 2889 4042 4042 2512 2512 1879 1879 2775 2775 3738 3738 3963 3963 2938 2938 1323 1323 2208 2208 3958 3958 900 900 3491 3491 4155 4155 3757 3757 2185 2185 1924 1924 4038 4038 4116 4116 2182 2182 3734 3734 3964 3964 1957 1957 2651 2651 4023 4023 4023 4023 2651 2651 1828 1828 1412 1412 2456 2456 1393 1393 1921 1921 2204 2204 1920 1920 4147 4147 1521 1521 3889 3889 1521 1521 2998 2998 3889 3889 3062 3062 2597 2597 2182 2182 2783 2783 1442 1442 1337 1337 2622 2622 3788 3788 1298 1298 2460 2460 3658 3658 3401 3401 2793 2793 1062 1062 2792 2792 2793 2793 2792 2792 2790 2790 2793 2793 2790 2790 2789 2789 2793 2793 2789 2789 2788 2788 2793 2793 2788 2788 2795 2795 2787 2787 2795 2795 2788 2788 2795 2795 2787 2787 2605 2605 2795 2795 2605 2605 2796 2796 2796 2796 2605 2605 2811 2811 1596 1596 2796 2796 2811 2811 2333 2333 1596 1596 2811 2811 1595 1595 1596 1596 2333 2333 2810 2810 1595 1595 2333 2333 1595 1595 2810 2810 1593 1593 2809 2809 1593 1593 2810 2810 1593 1593 2809 2809 1509 1509 2808 2808 1509 1509 2809 2809 1509 1509 2808 2808 2797 2797 2807 2807 2797 2797 2808 2808 2797 2797 2807 2807 1591 1591 895 895 1591 1591 2807 2807 1591 1591 895 895 2798 2798 2282 2282 2798 2798 895 895 2798 2798 2282 2282 2800 2800 2806 2806 2800 2800 2282 2282 2800 2800 2806 2806 1590 1590 1590 1590 2806 2806 2805 2805 3928 3928 1590 1590 2805 2805 1590 1590 3928 3928 1630 1630 1630 1630 3928 3928 3507 3507 1630 1630 3507 3507 2801 2801 4005 4005 1308 1308 2583 2583 2814 2814 1342 1342 2838 2838 2838 2838 1342 1342 3507 3507 3507 3507 1342 1342 2801 2801 2900 2900 1432 1432 2898 2898 2898 2898 1432 1432 2818 2818 2818 2818 1432 1432 2897 2897 2897 2897 1432 1432 2819 2819 2819 2819 1432 1432 2820 2820 1433 1433 2820 2820 1432 1432 2820 2820 1433 1433 2895 2895 2896 2896 1433 1433 2821 2821 2842 2842 2821 2821 1433 1433 2821 2821 2842 2842 1861 1861 2841 2841 1861 1861 2842 2842 1434 1434 1861 1861 2841 2841 2822 2822 1861 1861 1434 1434 2840 2840 2822 2822 1434 1434 1186 1186 3733 3733 898 898 2822 2822 2840 2840 4185 4185 1435 1435 4185 4185 2840 2840 4185 4185 1435 1435 2823 2823 2823 2823 1435 1435 2824 2824 1436 1436 2824 2824 1435 1435 2824 2824 1436 1436 2825 2825 1437 1437 2825 2825 1436 1436 2825 2825 1437 1437 2829 2829 2839 2839 2829 2829 1437 1437 2829 2829 2839 2839 4025 4025 1494 1494 4025 4025 2839 2839 4025 4025 1494 1494 2830 2830 2834 2834 2830 2830 1494 1494 1495 1495 2834 2834 1494 1494 2834 2834 1495 1495 2814 2814 2834 2834 2814 2814 2838 2838 2893 2893 2847 2847 2894 2894 2845 2845 2892 2892 3581 3581 2844 2844 3580 3580 2850 2850 3946 3946 2850 2850 3580 3580 2849 2849 3946 3946 2852 2852 3651 3651 2852 2852 3946 3946 2851 2851 3652 3652 2856 2856 2891 2891 2856 2856 3652 3652 2890 2890 2855 2855 2891 2891 2855 2855 2890 2890 2858 2858 2888 2888 2857 2857 2889 2889 2857 2857 2888 2888 2860 2860 2887 2887 2860 2860 2888 2888 2189 2189 2859 2859 2911 2911 2859 2859 2887 2887 2911 2911 3808 3808 2911 2911 2887 2887 2895 2895 2846 2846 2820 2820 2820 2820 2846 2846 2865 2865 2844 2844 2850 2850 2863 2863 2862 2862 2849 2849 2868 2868 2849 2849 2852 2852 2868 2868 2851 2851 2856 2856 2867 2867 2867 2867 2856 2856 2903 2903 2905 2905 2855 2855 2906 2906 2855 2855 2858 2858 2906 2906 2906 2906 2858 2858 2907 2907 2908 2908 2857 2857 2190 2190 2857 2857 2860 2860 2190 2190 2820 2820 2865 2865 2819 2819 2885 2885 2819 2819 2865 2865 2884 2884 2864 2864 2872 2872 2862 2862 2868 2868 2871 2871 2871 2871 2868 2868 2875 2875 2873 2873 2867 2867 2112 2112 2112 2112 2867 2867 2903 2903 2819 2819 2885 2885 2897 2897 2884 2884 2872 2872 2879 2879 2871 2871 2875 2875 2878 2878 2897 2897 2885 2885 2818 2818 2818 2818 2885 2885 2898 2898 2735 2735 2546 2546 3308 3308 2735 2735 2545 2545 2546 2546 2883 2883 2880 2880 1046 1046 2899 2899 2886 2886 2445 2445 2448 2448 2900 2900 2898 2898 1396 1396 1388 1388 3852 3852 2917 2917 3857 3857 4187 4187 1665 1665 1479 1479 2926 2926 2926 2926 1479 1479 2923 2923 2926 2926 2923 2923 1447 1447 2926 2926 1447 1447 1449 1449 2926 2926 1449 1449 1451 1451 2926 2926 1451 1451 1453 1453 2926 2926 1453 1453 2921 2921 2926 2926 2921 2921 2919 2919 2926 2926 2919 2919 1455 1455 2926 2926 1455 1455 2917 2917 2926 2926 2917 2917 4187 4187 2926 2926 4187 4187 2932 2932 4115 4115 2926 2926 2932 2932 2926 2926 4115 4115 2927 2927 2927 2927 4115 4115 1896 1896 2927 2927 1896 1896 2183 2183 2927 2927 2183 2183 2928 2928 2927 2927 2928 2928 1545 1545 2927 2927 1545 1545 3639 3639 1043 1043 2936 2936 1079 1079 1030 1030 2791 2791 1063 1063 2792 2792 1032 1032 2939 2939 2792 2792 2939 2939 2790 2790 2940 2940 2943 2943 2789 2789 2790 2790 2940 2940 2789 2789 1026 1026 2944 2944 2941 2941 1026 1026 2945 2945 2944 2944 1048 1048 2946 2946 1024 1024 2995 2995 2948 2948 1048 1048 2959 2959 2948 2948 2995 2995 2789 2789 2943 2943 2788 2788 2788 2788 2943 2943 2949 2949 2944 2944 2945 2945 2951 2951 900 900 2178 2178 1887 1887 2950 2950 2947 2947 2955 2955 2959 2959 2957 2957 2948 2948 3652 3652 2321 2321 2891 2891 2321 2321 3394 3394 2891 2891 2788 2788 2949 2949 2787 2787 2787 2787 2949 2949 2961 2961 2544 2544 3316 3316 2543 2543 2962 2962 2950 2950 3450 3450 2950 2950 2955 2955 3450 3450 3449 3449 2956 2956 2969 2969 2957 2957 2959 2959 2970 2970 2970 2970 2959 2959 2972 2972 2959 2959 4183 4183 2972 2972 4192 4192 2974 2974 4184 4184 4192 4192 2977 2977 2974 2974 4191 4191 2978 2978 4193 4193 3891 3891 2978 2978 4191 4191 2787 2787 2961 2961 2605 2605 2606 2606 2962 2962 3450 3450 2587 2587 2071 2071 2586 2586 3449 3449 2969 2969 2979 2979 2979 2979 2969 2969 2982 2982 2970 2970 2972 2972 2981 2981 2983 2983 2973 2973 2984 2984 2984 2984 2973 2973 2986 2986 2974 2974 2977 2977 2986 2986 2986 2986 2977 2977 3892 3892 2989 2989 3891 3891 4191 4191 2992 2992 2989 2989 4191 4191 2991 2991 2992 2992 1969 1969 1423 1423 4100 4100 3812 3812 3812 3812 4100 4100 1955 1955 1955 1955 4100 4100 3014 3014 1955 1955 3014 3014 3012 3012 4097 4097 1955 1955 3012 3012 1955 1955 4097 4097 3017 3017 3017 3017 4097 4097 3010 3010 3017 3017 3010 3010 4093 4093 1559 1559 1562 1562 3016 3016 3016 3016 1562 1562 1564 1564 3016 3016 1564 1564 1566 1566 3016 3016 1566 1566 1568 1568 3016 3016 1568 1568 3008 3008 3016 3016 3008 3008 1570 1570 3016 3016 1570 1570 1572 1572 3016 3016 1572 1572 3006 3006 3016 3016 3006 3006 1574 1574 3016 3016 1574 1574 3004 3004 3016 3016 3004 3004 1576 1576 3016 3016 1576 1576 3019 3019 3057 3057 3024 3024 2773 2773 2773 2773 3024 3024 3025 3025 3026 3026 3025 3025 3024 3024 3023 3023 3026 3026 3024 3024 3026 3026 3023 3023 3058 3058 3026 3026 3058 3058 3124 3124 1698 1698 3124 3124 3058 3058 3124 3124 1698 1698 3027 3027 3033 3033 3027 3027 1698 1698 3027 3027 3033 3033 3032 3032 3027 3027 3032 3032 3028 3028 3031 3031 3028 3028 3032 3032 3028 3028 3031 3031 3029 3029 3029 3029 3031 3031 3030 3030 3056 3056 3024 3024 3057 3057 3056 3056 3041 3041 3024 3024 3041 3041 3056 3056 3035 3035 3707 3707 1195 1195 3711 3711 1614 1614 2874 2874 2406 2406 2332 2332 2605 2605 4041 4041 1031 1031 3420 3420 1024 1024 3125 3125 2195 2195 2773 2773 4110 4110 1186 1186 898 898 2843 2843 3040 3040 2848 2848 2836 2836 3040 3040 2843 2843 3040 3040 2836 2836 2835 2835 2833 2833 3040 3040 2835 2835 3047 3047 3040 3040 3150 3150 3040 3040 2833 2833 3150 3150 3974 3974 3059 3059 3420 3420 2474 2474 1420 1420 2494 2494 2621 2621 3656 3656 2600 2600 4124 4124 2474 2474 2494 2494 3035 3035 3036 3036 3041 3041 2643 2643 3863 3863 2689 2689 3041 3041 3036 3036 3045 3045 3036 3036 3037 3037 3045 3045 3045 3045 3037 3037 3043 3043 3037 3037 3038 3038 3043 3043 3038 3038 3039 3039 3043 3043 2052 2052 2958 2958 2051 2051 3039 3039 3040 3040 3043 3043 3043 3043 3040 3040 3047 3047 3151 3151 3047 3047 3150 3150 4098 4098 3421 3421 3011 3011 3024 3024 3041 3041 3023 3023 3023 3023 3041 3041 3048 3048 3048 3048 3041 3041 3049 3049 4039 4039 1797 1797 1535 1535 3749 3749 1958 1958 2509 2509 3041 3041 3045 3045 3049 3049 1903 1903 2637 2637 4033 4033 3045 3045 3043 3043 3046 3046 2992 2992 1968 1968 1969 1969 2234 2234 2369 2369 2229 2229 3043 3043 3047 3047 3046 3046 1583 1583 3597 3597 1578 1578 3468 3468 4170 4170 4024 4024 2024 2024 2002 2002 2371 2371 3023 3023 3048 3048 3058 3058 3049 3049 3045 3045 3050 3050 1903 1903 3926 3926 2637 2637 4106 4106 1035 1035 4104 4104 3045 3045 3046 3046 3050 3050 3050 3050 3046 3046 3051 3051 1797 1797 1173 1173 1535 1535 1024 1024 3420 3420 1048 1048 3046 3046 3047 3047 3051 3051 3051 3051 3047 3047 3053 3053 3999 3999 2483 2483 1861 1861 3151 3151 3053 3053 3047 3047 2154 2154 2145 2145 2693 2693 1698 1698 3058 3058 1677 1677 3058 3058 3048 3048 1677 1677 1677 1677 3048 3048 1678 1678 3048 3048 3049 3049 1678 1678 1678 1678 3049 3049 1695 1695 1695 1695 3049 3049 1679 1679 3049 3049 3050 3050 1679 1679 1679 1679 3050 3050 1680 1680 2828 2828 1065 1065 2882 2882 1680 1680 3050 3050 1681 1681 3050 3050 3051 3051 1681 1681 1681 1681 3051 3051 1682 1682 1682 1682 3051 3051 1694 1694 1694 1694 3051 3051 1683 1683 1683 1683 3051 3051 1684 1684 3051 3051 3053 3053 1684 1684 1684 1684 3053 3053 1685 1685 4050 4050 2174 2174 4064 4064 1685 1685 3053 3053 3151 3151 3070 3070 3129 3129 4119 4119 4119 4119 3129 3129 4195 4195 3131 3131 4195 4195 3129 3129 4195 4195 3131 3131 3831 3831 3923 3923 3831 3831 3131 3131 3067 3067 3923 3923 3131 3131 3923 3923 3067 3067 3060 3060 3132 3132 3060 3060 3067 3067 3060 3060 3132 3132 2993 2993 3064 3064 2993 2993 3132 3132 2993 2993 3064 3064 3639 3639 3639 3639 3064 3064 2927 2927 3132 3132 3071 3071 3064 3064 3064 3064 3071 3071 2927 2927 2927 2927 3071 3071 1663 1663 3071 3071 3072 3072 1663 1663 1663 1663 3072 3072 1662 1662 3072 3072 3073 3073 1662 1662 1662 1662 3073 3073 1661 1661 3073 3073 3074 3074 1661 1661 1661 1661 3074 3074 3121 3121 3121 3121 3074 3074 1660 1660 3074 3074 3075 3075 1660 1660 1660 1660 3075 3075 3122 3122 3075 3075 3076 3076 3122 3122 3122 3122 3076 3076 3123 3123 3028 3028 3123 3123 3076 3076 3028 3028 3029 3029 3123 3123 3067 3067 3079 3079 3132 3132 3132 3132 3079 3079 3071 3071 3079 3079 3080 3080 3071 3071 3071 3071 3080 3080 3072 3072 3080 3080 3081 3081 3072 3072 3072 3072 3081 3081 3073 3073 3081 3081 3082 3082 3073 3073 3073 3073 3082 3082 3074 3074 3082 3082 3085 3085 3074 3074 3074 3074 3085 3085 3075 3075 3085 3085 3089 3089 3075 3075 3075 3075 3089 3089 3076 3076 3027 3027 3076 3076 3089 3089 3028 3028 3076 3076 3027 3027 3131 3131 3090 3090 3067 3067 3067 3067 3090 3090 3079 3079 3090 3090 3092 3092 3079 3079 3079 3079 3092 3092 3080 3080 3092 3092 3095 3095 3080 3080 3080 3080 3095 3095 3081 3081 3095 3095 3096 3096 3081 3081 3081 3081 3096 3096 3082 3082 3096 3096 3097 3097 3082 3082 3082 3082 3097 3097 3085 3085 3097 3097 3098 3098 3085 3085 3085 3085 3098 3098 3089 3089 3124 3124 3089 3089 3098 3098 3027 3027 3089 3089 3124 3124 3129 3129 3101 3101 3131 3131 3131 3131 3101 3101 3090 3090 3101 3101 3102 3102 3090 3090 3090 3090 3102 3102 3092 3092 3102 3102 3105 3105 3092 3092 3092 3092 3105 3105 3095 3095 3105 3105 3116 3116 3095 3095 3095 3095 3116 3116 3096 3096 3116 3116 3117 3117 3096 3096 3096 3096 3117 3117 3097 3097 3117 3117 3118 3118 3097 3097 3097 3097 3118 3118 3098 3098 3026 3026 3098 3098 3118 3118 3124 3124 3098 3098 3026 3026 3101 3101 3129 3129 3070 3070 3127 3127 3101 3101 3070 3070 3101 3101 3127 3127 3102 3102 2802 2802 3102 3102 3127 3127 3102 3102 2802 2802 3105 3105 3116 3116 3105 3105 2794 2794 2786 2786 3116 3116 2794 2794 3116 3116 2786 2786 3117 3117 3126 3126 3117 3117 2786 2786 3117 3117 3126 3126 3118 3118 3125 3125 3118 3118 3126 3126 3026 3026 3118 3118 3025 3025 3118 3118 3125 3125 3025 3025 3125 3125 2773 2773 3025 3025 3140 3140 3150 3150 3147 3147 3140 3140 3151 3151 3150 3150 1806 1806 3151 3151 3140 3140 1806 1806 1807 1807 3151 3151 3146 3146 2763 2763 1790 1790 1790 1790 2763 2763 1788 1788 3211 3211 1788 1788 2763 2763 3208 3208 3211 3211 2763 2763 3211 3211 3208 3208 1786 1786 1784 1784 1786 1786 3208 3208 3203 3203 1784 1784 3208 3208 1784 1784 3203 3203 1782 1782 3213 3213 1782 1782 3203 3203 3201 3201 3213 3213 3203 3203 3213 3213 3201 3201 3216 3216 3199 3199 3216 3216 3201 3201 3199 3199 3218 3218 3216 3216 1780 1780 3218 3218 3199 3199 3187 3187 1780 1780 3199 3199 3187 3187 1778 1778 1780 1780 3222 3222 1778 1778 3187 3187 3185 3185 3222 3222 3187 3187 3222 3222 3185 3185 3225 3225 1776 1776 3225 3225 3185 3185 3171 3171 1776 1776 3185 3185 1776 1776 3171 3171 2757 2757 1776 1776 2757 2757 3232 3232 3232 3232 2757 2757 3234 3234 3168 3168 3234 3234 2757 2757 3234 3234 3168 3168 3236 3236 3240 3240 3236 3236 3168 3168 3163 3163 3240 3240 3168 3168 3240 3240 3163 3163 1773 1773 3241 3241 1773 1773 3163 3163 3159 3159 3241 3241 3163 3163 3241 3241 3159 3159 1771 1771 3157 3157 1771 1771 3159 3159 3157 3157 3243 3243 1771 1771 3243 3243 3157 3157 3249 3249 3154 3154 3249 3249 3157 3157 3155 3155 3253 3253 3250 3250 3253 3253 3155 3155 2756 2756 3253 3253 2756 2756 1769 1769 2756 2756 3327 3327 1769 1769 1769 1769 3327 3327 1767 1767 1767 1767 3327 3327 3261 3261 3325 3325 3261 3261 3327 3327 3261 3261 3325 3325 3263 3263 1765 1765 3263 3263 3325 3325 2752 2752 1765 1765 3325 3325 3265 3265 1765 1765 2752 2752 3323 3323 3265 3265 2752 2752 3323 3323 1763 1763 3265 3265 1763 1763 3323 3323 2750 2750 1763 1763 2750 2750 1761 1761 1759 1759 1761 1761 2750 2750 2748 2748 1759 1759 2750 2750 1759 1759 2748 2748 3267 3267 2745 2745 3267 3267 2748 2748 2745 2745 1757 1757 3267 3267 1757 1757 2745 2745 1755 1755 2742 2742 1755 1755 2745 2745 2742 2742 3277 3277 1755 1755 3279 3279 3277 3277 2742 2742 3320 3320 3279 3279 2742 2742 3279 3279 3320 3320 1753 1753 1751 1751 1753 1753 3320 3320 3317 3317 1751 1751 3320 3320 1751 1751 3317 3317 3289 3289 1749 1749 3289 3289 3317 3317 2740 2740 1749 1749 3317 3317 1749 1749 2740 2740 3291 3291 2736 2736 3291 3291 2740 2740 2736 2736 3299 3299 3291 3291 1747 1747 3299 3299 2736 2736 3309 3309 1747 1747 2736 2736 3309 3309 1745 1745 1747 1747 3301 3301 1745 1745 3309 3309 2731 2731 3301 3301 3309 3309 3301 3301 2731 2731 1743 1743 1743 1743 2731 2731 3332 3332 1743 1743 3332 3332 3306 3306 1791 1791 1936 1936 1795 1795 1791 1791 1935 1935 1936 1936 1791 1791 3329 3329 1935 1935 1793 1793 3329 3329 1791 1791 1793 1793 3340 3340 3329 3329 3331 3331 3340 3340 1793 1793 3331 3331 3339 3339 3340 3340 3340 3340 3339 3339 2725 2725 2724 2724 3340 3340 2725 2725 3329 3329 3340 3340 2724 2724 1935 1935 3329 3329 3353 3353 3353 3353 3329 3329 3354 3354 3354 3354 3329 3329 3355 3355 3355 3355 3329 3329 3539 3539 3603 3603 3329 3329 2724 2724 3534 3534 3538 3538 3329 3329 3329 3329 3538 3538 3356 3356 3329 3329 3356 3356 3539 3539 3329 3329 3603 3603 3534 3534 3934 3934 3899 3899 2213 2213 3640 3640 2213 2213 4028 4028 3368 3368 3575 3575 3438 3438 3371 3371 3438 3438 3575 3575 2891 2891 3394 3394 2890 2890 3906 3906 3905 3905 3710 3710 3987 3987 1886 1886 2479 2479 2061 2061 2196 2196 2876 2876 3744 3744 3052 3052 3736 3736 4066 4066 2602 2602 2207 2207 2826 2826 1319 1319 2782 2782 2186 2186 1311 1311 2614 2614 3411 3411 3377 3377 2709 2709 3378 3378 3411 3411 2709 2709 2185 2185 3757 3757 3927 3927 3378 3378 3566 3566 3400 3400 2707 2707 3400 3400 3566 3566 2602 2602 1541 1541 2207 2207 2705 2705 3400 3400 2707 2707 3612 3612 3400 3400 2705 2705 3603 3603 3361 3361 3534 3534 3534 3534 3361 3361 3436 3436 3361 3361 3368 3368 3436 3436 3436 3436 3368 3368 3437 3437 3368 3368 3438 3438 3437 3437 1072 1072 1077 1077 2959 2959 3438 3438 3371 3371 3439 3439 3371 3371 3374 3374 3439 3439 3439 3439 3374 3374 3408 3408 3374 3374 3375 3375 3408 3408 3319 3319 2543 2543 3316 3316 3375 3375 3376 3376 3408 3408 3408 3408 3376 3376 3411 3411 3376 3376 3377 3377 3411 3411 1375 1375 3974 3974 3420 3420 898 898 2599 2599 3898 3898 3411 3411 3378 3378 3413 3413 2050 2050 2954 2954 2861 2861 3378 3378 3400 3400 3413 3413 3413 3413 3400 3400 3427 3427 2603 2603 4172 4172 1309 1309 3613 3613 3400 3400 3612 3612 2424 2424 1961 1961 1068 1068 1522 1522 2405 2405 902 902 4051 4051 2937 2937 4170 4170 4028 4028 3418 3418 4150 4150 3411 3411 3413 3413 3462 3462 2050 2050 2861 2861 2041 2041 4190 4190 1538 1538 1838 1838 4142 4142 2775 2775 4188 4188 3427 3427 3400 3400 3455 3455 3613 3613 3455 3455 3400 3400 3534 3534 3436 3436 3538 3538 4020 4020 3787 3787 4085 4085 4085 4085 3787 3787 4083 4083 2380 2380 2768 2768 3158 3158 3162 3162 2380 2380 3158 3158 2229 2229 2228 2228 2209 2209 3439 3439 3408 3408 3440 3440 2543 2543 3319 3319 2542 2542 2694 2694 3361 3361 2722 2722 3408 3408 3411 3411 3440 3440 3440 3440 3411 3411 3462 3462 2692 2692 2675 2675 2676 2676 4144 4144 3984 3984 4112 4112 3462 3462 3413 3413 3463 3463 3413 3413 3427 3427 3463 3463 4037 4037 4030 4030 3882 3882 2954 2954 3848 3848 4135 4135 3636 3636 2167 2167 2507 2507 4057 4057 2334 2334 4013 4013 3563 3563 3455 3455 3613 3613 4036 4036 4069 4069 1385 1385 4038 4038 4103 4103 2070 2070 3499 3499 3828 3828 3841 3841 2982 2982 2514 2514 2979 2979 1961 1961 2239 2239 1929 1929 4001 4001 4063 4063 3521 3521 3521 3521 4063 4063 2452 2452 2613 2613 4040 4040 1067 1067 2692 2692 2676 2676 2691 2691 3463 3463 3427 3427 3513 3513 3427 3427 3455 3455 3513 3513 3864 3864 4174 4174 4157 4157 2870 2870 2953 2953 2056 2056 3563 3563 3514 3514 3455 3455 3558 3558 3514 3514 3563 3563 3538 3538 3436 3436 3356 3356 3436 3436 3437 3437 1826 1826 1826 1826 3437 3437 1934 1934 3437 3437 3438 3438 1934 1934 1934 1934 3438 3438 1819 1819 3438 3438 3439 3439 1819 1819 1819 1819 3439 3439 1835 1835 3439 3439 3440 3440 1835 1835 1835 1835 3440 3440 3517 3517 2044 2044 2159 2159 2037 2037 3440 3440 3462 3462 3517 3517 4165 4165 3749 3749 2509 2509 3959 3959 2497 2497 2094 2094 2925 2925 4106 4106 3956 3956 1605 1605 4165 4165 3876 3876 4152 4152 3511 3511 4007 4007 4158 4158 901 901 3889 3889 3513 3513 3455 3455 3524 3524 3455 3455 3514 3514 3524 3524 2989 2989 1167 1167 3891 3891 4150 4150 2994 2994 4028 4028 3436 3436 1826 1826 3356 3356 1427 1427 4018 4018 3862 3862 4018 4018 1427 1427 3397 3397 1368 1368 2506 2506 1543 1543 4148 4148 1372 1372 1641 1641 1628 1628 1641 1641 1372 1372 3517 3517 3462 3462 3551 3551 3462 3462 3463 3463 3551 3551 3551 3551 3463 3463 3523 3523 3463 3463 3513 3513 3523 3523 3376 3376 3375 3375 2702 2702 3523 3523 3513 3513 1864 1864 3513 3513 3524 3524 1864 1864 3070 3070 2827 2827 3127 3127 3127 3127 2827 2827 2881 2881 3558 3558 3524 3524 3514 3514 3615 3615 3524 3524 3558 3558 3356 3356 1826 1826 3539 3539 1556 1556 1172 1172 4108 4108 2453 2453 4065 4065 4034 4034 2111 2111 2406 2406 2874 2874 1835 1835 3517 3517 1933 1933 1933 1933 3517 3517 1845 1845 1845 1845 3517 3517 3551 3551 4159 4159 1441 1441 4160 4160 1888 1888 3418 3418 4149 4149 3551 3551 3523 3523 1851 1851 1851 1851 3523 3523 1855 1855 2703 2703 3376 3376 2702 2702 1855 1855 3523 3523 1864 1864 4083 4083 3787 3787 4081 4081 4081 4081 3787 3787 2672 2672 1864 1864 3524 3524 3553 3553 3553 3553 3524 3524 1877 1877 1877 1877 3524 3524 1890 1890 1897 1897 1891 1891 3524 3524 3615 3615 1897 1897 3524 3524 3615 3615 1905 1905 1897 1897 1905 1905 3615 3615 3773 3773 3773 3773 3615 3615 3619 3619 3622 3622 3619 3619 3615 3615 3558 3558 3622 3622 3615 3615 3772 3772 3622 3622 3558 3558 3563 3563 3772 3772 3558 3558 3768 3768 3772 3772 3563 3563 3613 3613 3768 3768 3563 3563 3722 3722 3768 3768 3613 3613 3612 3612 3722 3722 3613 3613 3722 3722 3612 3612 3623 3623 3623 3623 3612 3612 2705 2705 3804 3804 3628 3628 3803 3803 3803 3803 3628 3628 3787 3787 3787 3787 3628 3628 2672 2672 2672 2672 3628 3628 3720 3720 3628 3628 3629 3629 3720 3720 3720 3720 3629 3629 2673 2673 2673 2673 3674 3674 2674 2674 2674 2674 3674 3674 2675 2675 3674 3674 3678 3678 2675 2675 2675 2675 3678 3678 2676 2676 3678 3678 3679 3679 2676 2676 2676 2676 3679 3679 3721 3721 3722 3722 3721 3721 3679 3679 3722 3722 3623 3623 3721 3721 3809 3809 3680 3680 3804 3804 3804 3804 3680 3680 3628 3628 3680 3680 3685 3685 3628 3628 3628 3628 3685 3685 3629 3629 3685 3685 3688 3688 3629 3629 3629 3629 3688 3688 2673 2673 3688 3688 3689 3689 2673 2673 2673 2673 3689 3689 3674 3674 3689 3689 3690 3690 3674 3674 3674 3674 3690 3690 3678 3678 3690 3690 3691 3691 3678 3678 3678 3678 3691 3691 3679 3679 3768 3768 3679 3679 3691 3691 3722 3722 3679 3679 3768 3768 3810 3810 3692 3692 3809 3809 3809 3809 3692 3692 3680 3680 3692 3692 3693 3693 3680 3680 3680 3680 3693 3693 3685 3685 3693 3693 3694 3694 3685 3685 3685 3685 3694 3694 3688 3688 3694 3694 3695 3695 3688 3688 3688 3688 3695 3695 3689 3689 3695 3695 3697 3697 3689 3689 3689 3689 3697 3697 3690 3690 3697 3697 3700 3700 3690 3690 3690 3690 3700 3700 3691 3691 3772 3772 3691 3691 3700 3700 3768 3768 3691 3691 3772 3772 3811 3811 3701 3701 3810 3810 3810 3810 3701 3701 3692 3692 3701 3701 3702 3702 3692 3692 3692 3692 3702 3702 3693 3693 3702 3702 3703 3703 3693 3693 3693 3693 3703 3703 3694 3694 3703 3703 3714 3714 3694 3694 3694 3694 3714 3714 3695 3695 3714 3714 3717 3717 3695 3695 3695 3695 3717 3717 3697 3697 3717 3717 3718 3718 3697 3697 3697 3697 3718 3718 3700 3700 3622 3622 3700 3700 3718 3718 3772 3772 3700 3700 3622 3622 3812 3812 3785 3785 3811 3811 3811 3811 3785 3785 3701 3701 3784 3784 3701 3701 3785 3785 3701 3701 3784 3784 3702 3702 3778 3778 3702 3702 3784 3784 3702 3702 3778 3778 3703 3703 3777 3777 3703 3703 3778 3778 3703 3703 3777 3777 3714 3714 3714 3714 3777 3777 3776 3776 3775 3775 3714 3714 3776 3776 3714 3714 3775 3775 3717 3717 3774 3774 3717 3717 3775 3775 3717 3717 3774 3774 3718 3718 3773 3773 3718 3718 3774 3774 3622 3622 3718 3718 3619 3619 3718 3718 3773 3773 3619 3619 3812 3812 3811 3811 1423 1423 1423 1423 3811 3811 3791 3791 3810 3810 3791 3791 3811 3811 3810 3810 2113 2113 3791 3791 3793 3793 2113 2113 3810 3810 3809 3809 3793 3793 3810 3810 4061 4061 3793 3793 3809 3809 3804 3804 4061 4061 3809 3809 4061 4061 3804 3804 4077 4077 3803 3803 4077 4077 3804 3804 4077 4077 3803 3803 3801 3801 3801 3801 3803 3803 3787 3787 3065 3065 3381 3381 2072 2072 3065 3065 2072 2072 3066 3066 2067 2067 3066 3066 2072 2072 3066 3066 2067 2067 2772 2772 2065 2065 2772 2772 2067 2067 2772 2772 2065 2065 3068 3068 2063 2063 3068 3068 2065 2065 3068 3068 2063 2063 3069 3069 2762 2762 3069 3069 2063 2063 3069 3069 2762 2762 2774 2774 2762 2762 2760 2760 2774 2774 2774 2774 2760 2760 2778 2778 2060 2060 2778 2778 2760 2760 2778 2778 2060 2060 2779 2779 2060 2060 2058 2058 2779 2779 2734 2734 2737 2737 2683 2683 2734 2734 2738 2738 2737 2737 2733 2733 2738 2738 2734 2734 2738 2738 2733 2733 2045 2045 2045 2045 2733 2733 2732 2732 2045 2045 2732 2732 2046 2046 2046 2046 2732 2732 2743 2743 2732 2732 2713 2713 2743 2743 2743 2743 2713 2713 2729 2729 2743 2743 2729 2729 2047 2047 2728 2728 2047 2047 2729 2729 2047 2047 2728 2728 2746 2746 2746 2746 2728 2728 2048 2048 2728 2728 2727 2727 2048 2048 2048 2048 2727 2727 2049 2049 2727 2727 2726 2726 2049 2049 2049 2049 2726 2726 2053 2053 2726 2726 2716 2716 2053 2053 2053 2053 2716 2716 2054 2054 2717 2717 2054 2054 2716 2716 2054 2054 2717 2717 2723 2723 2054 2054 2723 2723 2753 2753 2719 2719 2753 2753 2723 2723 2753 2753 2719 2719 2754 2754 3087 3087 2754 2754 2719 2719 2057 2057 2754 2754 3087 3087 4147 4147 899 899 4102 4102 3963 3963 3730 3730 3501 3501 2722 2722 2664 2664 2694 2694 2664 2664 2697 2697 2694 2694 2663 2663 2697 2697 2664 2664 2697 2697 2663 2663 2698 2698 2662 2662 2698 2698 2663 2663 2698 2698 2662 2662 2699 2699 2253 2253 1070 1070 3887 3887 2699 2699 2662 2662 2695 2695 2661 2661 2695 2695 2662 2662 2695 2695 2661 2661 2701 2701 3827 3827 3757 3757 2775 2775 2701 2701 2661 2661 2702 2702 2660 2660 2702 2702 2661 2661 2702 2702 2660 2660 2703 2703 3874 3874 3458 3458 1382 1382 2703 2703 2660 2660 2696 2696 2659 2659 2696 2696 2660 2660 2696 2696 2659 2659 2700 2700 2937 2937 2971 2971 897 897 2700 2700 2659 2659 2706 2706 2658 2658 2706 2706 2659 2659 2706 2706 2658 2658 2704 2704 2708 2708 2704 2704 2658 2658 2059 2059 2666 2666 2585 2585 2585 2585 2666 2666 2581 2581 2683 2683 2708 2708 2734 2734 2552 2552 2657 2657 2551 2551 2551 2551 2657 2657 2664 2664 2663 2663 2664 2664 2657 2657 2662 2662 2663 2663 2656 2656 1956 1956 1828 1828 4088 4088 2262 2262 4089 4089 3985 3985 2653 2653 2661 2661 2662 2662 897 897 2971 2971 3842 3842 2660 2660 2661 2661 2653 2653 2652 2652 2660 2660 2653 2653 3458 3458 4057 4057 1382 1382 2659 2659 2660 2660 2652 2652 2650 2650 2659 2659 2652 2652 1441 1441 3932 3932 4160 4160 2658 2658 2659 2659 2650 2650 3929 3929 3788 3788 2622 2622 3506 3506 3929 3929 2622 2622 2733 2733 2708 2708 2658 2658 2734 2734 2708 2708 2733 2733 2553 2553 2657 2657 2552 2552 2663 2663 2657 2657 2647 2647 2963 2963 3599 3599 2958 2958 2656 2656 2663 2663 2647 2647 2646 2646 2656 2656 2647 2647 1828 1828 4129 4129 4088 4088 2964 2964 2669 2669 2428 2428 2662 2662 2656 2656 2646 2646 2644 2644 2662 2662 2646 2646 2653 2653 2662 2662 2644 2644 2168 2168 4146 4146 2511 2511 2971 2971 4021 4021 3842 3842 2642 2642 2653 2653 2644 2644 2652 2652 2653 2653 2642 2642 3885 3885 3034 3034 2964 2964 905 905 4004 4004 2207 2207 2641 2641 2652 2652 2642 2642 2650 2650 2652 2652 2641 2641 4170 4170 1893 1893 4024 4024 2640 2640 2650 2650 2641 2641 2658 2658 2650 2650 2640 2640 2713 2713 2658 2658 2640 2640 2732 2732 2658 2658 2713 2713 2733 2733 2658 2658 2732 2732 4115 4115 3857 3857 2313 2313 2553 2553 2639 2639 2657 2657 2638 2638 2657 2657 2639 2639 2647 2647 2657 2657 2638 2638 3594 3594 4087 4087 1967 1967 2636 2636 2647 2647 2638 2638 2646 2646 2647 2647 2636 2636 3656 3656 2474 2474 2600 2600 2669 2669 1015 1015 2428 2428 2635 2635 2646 2646 2636 2636 2644 2644 2646 2646 2635 2635 3600 3600 2168 2168 3849 3849 2509 2509 1958 1958 4152 4152 2634 2634 2644 2644 2635 2635 2642 2642 2644 2644 2634 2634 2887 2887 3645 3645 3808 3808 3034 3034 2669 2669 2964 2964 2633 2633 2642 2642 2634 2634 2641 2641 2642 2642 2633 2633 4024 4024 1893 1893 1171 1171 2632 2632 2641 2641 2633 2633 2640 2640 2641 2641 2632 2632 2729 2729 2640 2640 2632 2632 2713 2713 2640 2640 2729 2729 2631 2631 2639 2639 2554 2554 2555 2555 2631 2631 2554 2554 1592 1592 4169 4169 4189 4189 2629 2629 2639 2639 2631 2631 2638 2638 2639 2639 2629 2629 4157 4157 4174 4174 3878 3878 1197 1197 938 938 1544 1544 2628 2628 2638 2638 2629 2629 2636 2636 2638 2638 2628 2628 3571 3571 3864 3864 2197 2197 2600 2600 2474 2474 2655 2655 2627 2627 2636 2636 2628 2628 2635 2635 2636 2636 2627 2627 2510 2510 3063 3063 3997 3997 1442 1442 4154 4154 3385 3385 2626 2626 2635 2635 2627 2627 2634 2634 2635 2635 2626 2626 2625 2625 2634 2634 2626 2626 2633 2633 2634 2634 2625 2625 2632 2632 2633 2633 2625 2625 2728 2728 2632 2632 2727 2727 2729 2729 2632 2632 2728 2728 2540 2540 2744 2744 2747 2747 2555 2555 2624 2624 2631 2631 2629 2629 2631 2631 2624 2624 2547 2547 2539 2539 2361 2361 3860 3860 1543 1543 2322 2322 2602 2602 4066 4066 3835 3835 2848 2848 2373 2373 2843 2843 2889 2889 904 904 2888 2888 1868 1868 1071 1071 1867 1867 3997 3997 3063 3063 1515 1515 2449 2449 1014 1014 3382 3382 1929 1929 1967 1967 4164 4164 3837 3837 3950 3950 3487 3487 2168 2168 4199 4199 4146 4146 2632 2632 2625 2625 2618 2618 2726 2726 2632 2632 2618 2618 2727 2727 2632 2632 2726 2726 2688 2688 2617 2617 2624 2624 2505 2505 2170 2170 1542 1542 2616 2616 2624 2624 2617 2617 2629 2629 2624 2624 2616 2616 4158 4158 2998 2998 4159 4159 2331 2331 1538 1538 4190 4190 2612 2612 2629 2629 2616 2616 2628 2628 2629 2629 2612 2612 2505 2505 3477 3477 2170 2170 1295 1295 3841 3841 3828 3828 2611 2611 2628 2628 2612 2612 2627 2627 2628 2628 2611 2611 2925 2925 3956 3956 2931 2931 2609 2609 2627 2627 2611 2611 2626 2626 2627 2627 2609 2609 3380 3380 2586 2586 2071 2071 4003 4003 1616 1616 2497 2497 2608 2608 2626 2626 2609 2609 2625 2625 2626 2626 2608 2608 903 903 1408 1408 3645 3645 3950 3950 3837 3837 4092 4092 2618 2618 2625 2625 2608 2608 2726 2726 2618 2618 2716 2716 2687 2687 2617 2617 2688 2688 2794 2794 2188 2188 2786 2786 2786 2786 2188 2188 2141 2141 2998 2998 1441 1441 4159 4159 2047 2047 2234 2234 2743 2743 2806 2806 1301 1301 2805 2805 2743 2743 2234 2234 2046 2046 2363 2363 2361 2361 2225 2225 3995 3995 1534 1534 3494 3494 2225 2225 2361 2361 2224 2224 2356 2356 2355 2355 2222 2222 3789 3789 3819 3819 2996 2996 2222 2222 2355 2355 2220 2220 2717 2717 2618 2618 2608 2608 2716 2716 2618 2618 2717 2717 3967 3967 1925 1925 1322 1322 899 899 3421 3421 3015 3015 2598 2598 2617 2617 2687 2687 2616 2616 2617 2617 2598 2598 1597 1597 4169 4169 1592 1592 2612 2612 2616 2616 2598 2598 2596 2596 2612 2612 2598 2598 2611 2611 2612 2612 2596 2596 2459 2459 2712 2712 3657 3657 2609 2609 2611 2611 2596 2596 2595 2595 2609 2609 2596 2596 2608 2608 2609 2609 2595 2595 3984 3984 3576 3576 1321 1321 2719 2719 2608 2608 2595 2595 2723 2723 2608 2608 2719 2719 2717 2717 2608 2608 2723 2723 3142 3142 2684 2684 2687 2687 3119 3119 2687 2687 2684 2684 2681 2681 2687 2687 3119 3119 2679 2679 2687 2687 2681 2681 2598 2598 2687 2687 2679 2679 2963 2963 2958 2958 2052 2052 2677 2677 2598 2598 2679 2679 3114 3114 2598 2598 2677 2677 3112 3112 2598 2598 3114 3114 2596 2596 2598 2598 3112 3112 3110 3110 2596 2596 3112 3112 3108 3108 2596 2596 3110 3110 2595 2595 2596 2596 3108 3108 3106 3106 2595 2595 3108 3108 2670 2670 2595 2595 3106 3106 3103 3103 2595 2595 2670 2670 2965 2965 3896 3896 1314 1314 2667 2667 2595 2595 3103 3103 3083 3083 2595 2595 2667 2667 3087 3087 2595 2595 3083 3083 2719 2719 2595 2595 3087 3087 2714 2714 2383 2383 2384 2384 2535 2535 2714 2714 2384 2384 2385 2385 2535 2535 2384 2384 2714 2714 2535 2535 2537 2537 2534 2534 2537 2537 2535 2535 2537 2537 2534 2534 2715 2715 2533 2533 2715 2715 2534 2534 2715 2715 2533 2533 2718 2718 2532 2532 2718 2718 2533 2533 2718 2718 2532 2532 2540 2540 2531 2531 2540 2540 2532 2532 2540 2540 2531 2531 2541 2541 2530 2530 2541 2541 2531 2531 2541 2541 2530 2530 2542 2542 2529 2529 2542 2542 2530 2530 2542 2542 2529 2529 2543 2543 2528 2528 2543 2543 2529 2529 2543 2543 2528 2528 2544 2544 2527 2527 2544 2544 2528 2528 2544 2544 2527 2527 2545 2545 2526 2526 2545 2545 2527 2527 2545 2545 2526 2526 2546 2546 2525 2525 2546 2546 2526 2526 2546 2546 2525 2525 2720 2720 2520 2520 2720 2720 2525 2525 2720 2720 2520 2520 2721 2721 2516 2516 2721 2721 2520 2520 2721 2721 2516 2516 2549 2549 2664 2664 2549 2549 2516 2516 2722 2722 2549 2549 2664 2664 2592 2592 2535 2535 2385 2385 2045 2045 2229 2229 2738 2738 2738 2738 2229 2229 2159 2159 2353 2353 2235 2235 2215 2215 2215 2215 2235 2235 2003 2003 2053 2053 2557 2557 2049 2049 2049 2049 2557 2557 2370 2370 2665 2665 2761 2761 2579 2579 2579 2579 2761 2761 2576 2576 2154 2154 2674 2674 2036 2036 2036 2036 2674 2674 2675 2675 2709 2709 3377 3377 2696 2696 2700 2700 2709 2709 2696 2696 2730 2730 2721 2721 2725 2725 2730 2730 2720 2720 2721 2721 3172 3172 2767 2767 2758 2758 2767 2767 3172 3172 2378 2378 3036 3036 2373 2373 3037 3037 3037 3037 2373 2373 3038 3038 2773 2773 2373 2373 3057 3057 3057 3057 2373 2373 3056 3056 3070 3070 2780 2780 4117 4117 3070 3070 4117 4117 2803 2803 2664 2664 2516 2516 2551 2551 2386 2386 2500 2500 2592 2592 2592 2592 2500 2500 2535 2535 2499 2499 2535 2535 2500 2500 2534 2534 2535 2535 2499 2499 2498 2498 2534 2534 2499 2499 2533 2533 2534 2534 2498 2498 2493 2493 2533 2533 2498 2498 2532 2532 2533 2533 2493 2493 2492 2492 2532 2532 2493 2493 2531 2531 2532 2532 2492 2492 2491 2491 2531 2531 2492 2492 2530 2530 2531 2531 2491 2491 2490 2490 2530 2530 2491 2491 2529 2529 2530 2530 2490 2490 2489 2489 2529 2529 2490 2490 2528 2528 2529 2529 2489 2489 2488 2488 2528 2528 2489 2489 2527 2527 2528 2528 2488 2488 2487 2487 2527 2527 2488 2488 2526 2526 2527 2527 2487 2487 2486 2486 2526 2526 2487 2487 2525 2525 2526 2526 2486 2486 2485 2485 2525 2525 2486 2486 2520 2520 2525 2525 2485 2485 2484 2484 2520 2520 2485 2485 2516 2516 2520 2520 2484 2484 2552 2552 2516 2516 2484 2484 2551 2551 2516 2516 2552 2552 2590 2590 2500 2500 2386 2386 4078 4078 990 990 4062 4062 990 990 3395 3395 4009 4009 4009 4009 3395 3395 2501 2501 990 990 4066 4066 3395 3395 4066 4066 2207 2207 3395 3395 3458 3458 4017 4017 4057 4057 2686 2686 3721 3721 2037 2037 1868 1868 2181 2181 1071 1071 1065 1065 2510 2510 3997 3997 3395 3395 3591 3591 2501 2501 2501 2501 3591 3591 3874 3874 1709 1709 4148 4148 1648 1648 2182 2182 3964 3964 3832 3832 3591 3591 4004 4004 3458 3458 4004 4004 4017 4017 3458 3458 1882 1882 2607 2607 1962 1962 1869 1869 2181 2181 1868 1868 2207 2207 4004 4004 3395 3395 4089 4089 2204 2204 3985 3985 3873 3873 2428 2428 1171 1171 2387 2387 2473 2473 2590 2590 2590 2590 2473 2473 2500 2500 2472 2472 2500 2500 2473 2473 2499 2499 2500 2500 2472 2472 2471 2471 2499 2499 2472 2472 2498 2498 2499 2499 2471 2471 2470 2470 2498 2498 2471 2471 2493 2493 2498 2498 2470 2470 2469 2469 2493 2493 2470 2470 2492 2492 2493 2493 2469 2469 2468 2468 2492 2492 2469 2469 2491 2491 2492 2492 2468 2468 2467 2467 2491 2491 2468 2468 2490 2490 2491 2491 2467 2467 2466 2466 2490 2490 2467 2467 2489 2489 2490 2490 2466 2466 2465 2465 2489 2489 2466 2466 2488 2488 2489 2489 2465 2465 2464 2464 2488 2488 2465 2465 2487 2487 2488 2488 2464 2464 2463 2463 2487 2487 2464 2464 2486 2486 2487 2487 2463 2463 2462 2462 2486 2486 2463 2463 2485 2485 2486 2486 2462 2462 2461 2461 2485 2485 2462 2462 2484 2484 2485 2485 2461 2461 2553 2553 2484 2484 2461 2461 2552 2552 2484 2484 2553 2553 2588 2588 2473 2473 2387 2387 3897 3897 2952 2952 3468 3468 2986 2986 1988 1988 2984 2984 1169 1169 2990 2990 2404 2404 4012 4012 2480 2480 4016 4016 2480 2480 4012 4012 1615 1615 2310 2310 4067 4067 4013 4013 2334 2334 2310 2310 4013 4013 905 905 1615 1615 4012 4012 4128 4128 2181 2181 4145 4145 3899 3899 1412 1412 2690 2690 2207 2207 1615 1615 905 905 1615 1615 2207 2207 1541 1541 3927 3927 3757 3757 3827 3827 2829 2829 1317 1317 2825 2825 3468 3468 2952 2952 2407 2407 1171 1171 3897 3897 4024 4024 4091 4091 2916 2916 3044 3044 3835 3835 1541 1541 2602 2602 1541 1541 3835 3835 907 907 2553 2553 2461 2461 2639 2639 2389 2389 2444 2444 2588 2588 2588 2588 2444 2444 2473 2473 2443 2443 2473 2473 2444 2444 2472 2472 2473 2473 2443 2443 2442 2442 2472 2472 2443 2443 2471 2471 2472 2472 2442 2442 2441 2441 2471 2471 2442 2442 2470 2470 2471 2471 2441 2441 2440 2440 2470 2470 2441 2441 2469 2469 2470 2470 2440 2440 2439 2439 2469 2469 2440 2440 2468 2468 2469 2469 2439 2439 2438 2438 2468 2468 2439 2439 2467 2467 2468 2468 2438 2438 2437 2437 2467 2467 2438 2438 2466 2466 2467 2467 2437 2437 2436 2436 2466 2466 2437 2437 2465 2465 2466 2466 2436 2436 2435 2435 2465 2465 2436 2436 2464 2464 2465 2465 2435 2435 2434 2434 2464 2464 2435 2435 2463 2463 2464 2464 2434 2434 2433 2433 2463 2463 2434 2434 2462 2462 2463 2463 2433 2433 2432 2432 2462 2462 2433 2433 2461 2461 2462 2462 2432 2432 2554 2554 2461 2461 2432 2432 2639 2639 2461 2461 2554 2554 2391 2391 2444 2444 2389 2389 1848 1848 1268 1268 2104 2104 2604 2604 2104 2104 1268 1268 3986 3986 1296 1296 1966 1966 2645 2645 1966 1966 1296 1296 2390 2390 1313 1313 1865 1865 2601 2601 2610 2610 3665 3665 1268 1268 3843 3843 2604 2604 1403 1403 2104 2104 2623 2623 2104 2104 3986 3986 2623 2623 3886 3886 3002 3002 3255 3255 3370 3370 2104 2104 2604 2604 3858 3858 1409 1409 1197 1197 1296 1296 3986 3986 1297 1297 2523 2523 2648 2648 1312 1312 2781 2781 3489 3489 3950 3950 2331 2331 1267 1267 4099 4099 3893 3893 4156 4156 1268 1268 3002 3002 2136 2136 3255 3255 2623 2623 3986 3986 3838 3838 3986 3986 1966 1966 3838 3838 1312 1312 2648 2648 2601 2601 1078 1078 3898 3898 1044 1044 4112 4112 1321 1321 4134 4134 2554 2554 2432 2432 2555 2555 2392 2392 2444 2444 2391 2391 2442 2442 2443 2443 2423 2423 2441 2441 2442 2442 2423 2423 2437 2437 2438 2438 2422 2422 2421 2421 2437 2437 2422 2422 2436 2436 2437 2437 2421 2421 2419 2419 2436 2436 2421 2421 2435 2435 2436 2436 2419 2419 2418 2418 2435 2435 2419 2419 2434 2434 2435 2435 2418 2418 2417 2417 2434 2434 2418 2418 2433 2433 2434 2434 2417 2417 2416 2416 2433 2433 2417 2417 2432 2432 2433 2433 2416 2416 2624 2624 2432 2432 2416 2416 2555 2555 2432 2432 2624 2624 2393 2393 2414 2414 2392 2392 2392 2392 2414 2414 2444 2444 2413 2413 2444 2444 2414 2414 2443 2443 2444 2444 2413 2413 2412 2412 2443 2443 2413 2413 2423 2423 2443 2443 2412 2412 2411 2411 2423 2423 2412 2412 2441 2441 2423 2423 2411 2411 2410 2410 2441 2441 2411 2411 2440 2440 2441 2441 2410 2410 2409 2409 2440 2440 2410 2410 2439 2439 2440 2440 2409 2409 2408 2408 2439 2439 2409 2409 2438 2438 2439 2439 2408 2408 2422 2422 2438 2438 2408 2408 4196 4196 1902 1902 3764 3764 4076 4076 4070 4070 2307 2307 2624 2624 2416 2416 2688 2688 2580 2580 2414 2414 2393 2393 2422 2422 2408 2408 2402 2402 2401 2401 2422 2422 2402 2402 2421 2421 2422 2422 2401 2401 2400 2400 2421 2421 2401 2401 2419 2419 2421 2421 2400 2400 2399 2399 2419 2419 2400 2400 2418 2418 2419 2419 2399 2399 2398 2398 2418 2418 2399 2399 2417 2417 2418 2418 2398 2398 2397 2397 2417 2417 2398 2398 2416 2416 2417 2417 2397 2397 2687 2687 2416 2416 2397 2397 2688 2688 2416 2416 2687 2687 2580 2580 2395 2395 2577 2577 2580 2580 2577 2577 2414 2414 3166 3166 2414 2414 2577 2577 2413 2413 2414 2414 3166 3166 3164 3164 2413 2413 3166 3166 2412 2412 2413 2413 3164 3164 2573 2573 2412 2412 3164 3164 2411 2411 2412 2412 2573 2573 3160 3160 2411 2411 2573 2573 2410 2410 2411 2411 3160 3160 2571 2571 2410 2410 3160 3160 2409 2409 2410 2410 2571 2571 2569 2569 2409 2409 2571 2571 2408 2408 2409 2409 2569 2569 2567 2567 2408 2408 2569 2569 2402 2402 2408 2408 2567 2567 2565 2565 2402 2402 2567 2567 2401 2401 2402 2402 2565 2565 2563 2563 2401 2401 2565 2565 2400 2400 2401 2401 2563 2563 2561 2561 2400 2400 2563 2563 2399 2399 2400 2400 2561 2561 3148 3148 2399 2399 2561 2561 2398 2398 2399 2399 3148 3148 2559 2559 2398 2398 3148 3148 2397 2397 2398 2398 2559 2559 3144 3144 2397 2397 2559 2559 3142 3142 2397 2397 3144 3144 2687 2687 2397 2397 3142 3142 2765 2765 2373 2373 2372 2372 2348 2348 2765 2765 2372 2372 2230 2230 2348 2348 2372 2372 2765 2765 2348 2348 2374 2374 2347 2347 2374 2374 2348 2348 2374 2374 2347 2347 2375 2375 2346 2346 2375 2375 2347 2347 2375 2375 2346 2346 2376 2376 2345 2345 2376 2376 2346 2346 2376 2376 2345 2345 2377 2377 2344 2344 2377 2377 2345 2345 2377 2377 2344 2344 2766 2766 2343 2343 2766 2766 2344 2344 2766 2766 2343 2343 2378 2378 2342 2342 2378 2378 2343 2343 2378 2378 2342 2342 2767 2767 2341 2341 2767 2767 2342 2342 2767 2767 2341 2341 2379 2379 2340 2340 2379 2379 2341 2341 2379 2379 2340 2340 2380 2380 2339 2339 2380 2380 2340 2340 2380 2380 2339 2339 2768 2768 2338 2338 2768 2768 2339 2339 2768 2768 2338 2338 2769 2769 2336 2336 2769 2769 2338 2338 2769 2769 2336 2336 2770 2770 2335 2335 2771 2771 2337 2337 2771 2771 2335 2335 2382 2382 2384 2384 2382 2382 2335 2335 2383 2383 2382 2382 2384 2384 2231 2231 2348 2348 2230 2230 2589 2589 2066 2066 2587 2587 2066 2066 2589 2589 2064 2064 2975 2975 1067 1067 3969 3969 2354 2354 2353 2353 2216 2216 2216 2216 2353 2353 2215 2215 2229 2229 2209 2209 2159 2159 3361 3361 2694 2694 3368 3368 3158 3158 2769 2769 3156 3156 3158 3158 2768 2768 2769 2769 2384 2384 2335 2335 2385 2385 2232 2232 2329 2329 2231 2231 2231 2231 2329 2329 2348 2348 2328 2328 2348 2348 2329 2329 2347 2347 2348 2348 2328 2328 2327 2327 2347 2347 2328 2328 2346 2346 2347 2347 2327 2327 2326 2326 2346 2346 2327 2327 2345 2345 2346 2346 2326 2326 2325 2325 2345 2345 2326 2326 2344 2344 2345 2345 2325 2325 2324 2324 2344 2344 2325 2325 2343 2343 2344 2344 2324 2324 2323 2323 2343 2343 2324 2324 2342 2342 2343 2343 2323 2323 2320 2320 2342 2342 2323 2323 2341 2341 2342 2342 2320 2320 2319 2319 2341 2341 2320 2320 2340 2340 2341 2341 2319 2319 2318 2318 2340 2340 2319 2319 2339 2339 2340 2340 2318 2318 2317 2317 2339 2339 2318 2318 2338 2338 2339 2339 2317 2317 2315 2315 2338 2338 2317 2317 2336 2336 2338 2338 2315 2315 2312 2312 2337 2337 2316 2316 2335 2335 2337 2337 2312 2312 2592 2592 2335 2335 2312 2312 2385 2385 2335 2335 2592 2592 2233 2233 2329 2329 2232 2232 1047 1047 2971 2971 2937 2937 1049 1049 2584 2584 3476 3476 2333 2333 1859 1859 2810 2810 2037 2037 3721 3721 2044 2044 2481 2481 3636 3636 2507 2507 4057 4057 4052 4052 2607 2607 4062 4062 990 990 3794 3794 3794 3794 990 990 4009 4009 3591 3591 3458 3458 3874 3874 3417 3417 4176 4176 3944 3944 4078 4078 4066 4066 990 990 4186 4186 4092 4092 2173 2173 3656 3656 3665 3665 2474 2474 3395 3395 4004 4004 3591 3591 1305 1305 3834 3834 3256 3256 2334 2334 4057 4057 4017 4017 2592 2592 2312 2312 2386 2386 2368 2368 2303 2303 2233 2233 2233 2233 2303 2303 2329 2329 2302 2302 2329 2329 2303 2303 2328 2328 2329 2329 2302 2302 2301 2301 2328 2328 2302 2302 2327 2327 2328 2328 2301 2301 2300 2300 2327 2327 2301 2301 2326 2326 2327 2327 2300 2300 2299 2299 2326 2326 2300 2300 2325 2325 2326 2326 2299 2299 2298 2298 2325 2325 2299 2299 2324 2324 2325 2325 2298 2298 2297 2297 2324 2324 2298 2298 2323 2323 2324 2324 2297 2297 2296 2296 2323 2323 2297 2297 2320 2320 2323 2323 2296 2296 2295 2295 2320 2320 2296 2296 2319 2319 2320 2320 2295 2295 2294 2294 2319 2319 2295 2295 2318 2318 2319 2319 2294 2294 2291 2291 2318 2318 2294 2294 2317 2317 2318 2318 2291 2291 2289 2289 2317 2317 2291 2291 2315 2315 2317 2317 2289 2289 2288 2288 2316 2316 2290 2290 2312 2312 2316 2316 2288 2288 2590 2590 2312 2312 2288 2288 2386 2386 2312 2312 2590 2590 2367 2367 2303 2303 2368 2368 2110 2110 2904 2904 2406 2406 3878 3878 4173 4173 3866 3866 2310 2310 2334 2334 2480 2480 2480 2480 2334 2334 4017 4017 2353 2353 2002 2002 2235 2235 2933 2933 4132 4132 4008 4008 2952 2952 2933 2933 2407 2407 1988 1988 2986 2986 1166 1166 3324 3324 2537 2537 2751 2751 4128 4128 4145 4145 1510 1510 4024 4024 3897 3897 3468 3468 3898 3898 2599 2599 1375 1375 1959 1959 4079 4079 2310 2310 1076 1076 2648 2648 4136 4136 2952 2952 4132 4132 2933 2933 2023 2023 2586 2586 3380 3380 3741 3741 4091 4091 3044 3044 4105 4105 4008 4008 4132 4132 2311 2311 4008 4008 4105 4105 4067 4067 2310 2310 4079 4079 2853 2853 4128 4128 1510 1510 1959 1959 2310 2310 1957 1957 1957 1957 2310 2310 2651 2651 2590 2590 2288 2288 2387 2387 2366 2366 2276 2276 2367 2367 2367 2367 2276 2276 2303 2303 2275 2275 2303 2303 2276 2276 2302 2302 2303 2303 2275 2275 2274 2274 2302 2302 2275 2275 2301 2301 2302 2302 2274 2274 2273 2273 2301 2301 2274 2274 2300 2300 2301 2301 2273 2273 2272 2272 2300 2300 2273 2273 2299 2299 2300 2300 2272 2272 2271 2271 2299 2299 2272 2272 2298 2298 2299 2299 2271 2271 2270 2270 2298 2298 2271 2271 2297 2297 2298 2298 2270 2270 2269 2269 2297 2297 2270 2270 2296 2296 2297 2297 2269 2269 2268 2268 2296 2296 2269 2269 2295 2295 2296 2296 2268 2268 2267 2267 2295 2295 2268 2268 2294 2294 2295 2295 2267 2267 2266 2266 2294 2294 2267 2267 2291 2291 2294 2294 2266 2266 2264 2264 2291 2291 2266 2266 2289 2289 2291 2291 2264 2264 2263 2263 2290 2290 2265 2265 2288 2288 2290 2290 2263 2263 2588 2588 2288 2288 2263 2263 2387 2387 2288 2288 2588 2588 2365 2365 2276 2276 2366 2366 4156 4156 3843 3843 1268 1268 938 938 1821 1821 3973 3973 1904 1904 1966 1966 2645 2645 3669 3669 1848 1848 1403 1403 1848 1848 2104 2104 1403 1403 4171 4171 3984 3984 4144 4144 3417 3417 1830 1830 4176 4176 2648 2648 2610 2610 2601 2601 2610 2610 3863 3863 3665 3665 3948 3948 3863 3863 3669 3669 3863 3863 1848 1848 3669 3669 2913 2913 4106 4106 2925 2925 2009 2009 3905 3905 2008 2008 1904 1904 3838 3838 1966 1966 1312 1312 2601 2601 3574 3574 3574 3574 2601 2601 3656 3656 2104 2104 3370 3370 3986 3986 1297 1297 3986 3986 3370 3370 3665 3665 3863 3863 3948 3948 1267 1267 3416 3416 1538 1538 3489 3489 2781 2781 3483 3483 2816 2816 1431 1431 1065 1065 2588 2588 2263 2263 2389 2389 2236 2236 2260 2260 2365 2365 2365 2365 2260 2260 2276 2276 2275 2275 2276 2276 2260 2260 2274 2274 2275 2275 2259 2259 2273 2273 2274 2274 2259 2259 2268 2268 2269 2269 2258 2258 2257 2257 2268 2268 2258 2258 2267 2267 2268 2268 2257 2257 2266 2266 2267 2267 2257 2257 2264 2264 2266 2266 2255 2255 2254 2254 2265 2265 2256 2256 2263 2263 2265 2265 2254 2254 2391 2391 2263 2263 2254 2254 2389 2389 2263 2263 2391 2391 2237 2237 2260 2260 2236 2236 2275 2275 2260 2260 2252 2252 2251 2251 2275 2275 2252 2252 2259 2259 2275 2275 2251 2251 2250 2250 2259 2259 2251 2251 2273 2273 2259 2259 2250 2250 2249 2249 2273 2273 2250 2250 2272 2272 2273 2273 2249 2249 2248 2248 2272 2272 2249 2249 2271 2271 2272 2272 2248 2248 2247 2247 2271 2271 2248 2248 2270 2270 2271 2271 2247 2247 2246 2246 2270 2270 2247 2247 2269 2269 2270 2270 2246 2246 2245 2245 2269 2269 2246 2246 2258 2258 2269 2269 2245 2245 2244 2244 2258 2258 2245 2245 2257 2257 2258 2258 2244 2244 2243 2243 2257 2257 2244 2244 2266 2266 2257 2257 2243 2243 2241 2241 2266 2266 2243 2243 2255 2255 2266 2266 2241 2241 2254 2254 2256 2256 2242 2242 2391 2391 2254 2254 2392 2392 2240 2240 2237 2237 2362 2362 3238 3238 2240 2240 2362 2362 2237 2237 2240 2240 2260 2260 2252 2252 2260 2260 2240 2240 2254 2254 2242 2242 2238 2238 2393 2393 2254 2254 2238 2238 2392 2392 2254 2254 2393 2393 3238 3238 2360 2360 2240 2240 2358 2358 2240 2240 2360 2360 2252 2252 2240 2240 2358 2358 3198 3198 2252 2252 2358 2358 2251 2251 2252 2252 3198 3198 3196 3196 2251 2251 3198 3198 2250 2250 2251 2251 3196 3196 3194 3194 2250 2250 3196 3196 2249 2249 2250 2250 3194 3194 3192 3192 2249 2249 3194 3194 2248 2248 2249 2249 3192 3192 3190 3190 2248 2248 3192 3192 2247 2247 2248 2248 3190 3190 2352 2352 2247 2247 3190 3190 2246 2246 2247 2247 2352 2352 2350 2350 2246 2246 2352 2352 2245 2245 2246 2246 2350 2350 3183 3183 2245 2245 2350 2350 2244 2244 2245 2245 3183 3183 3181 3181 2244 2244 3183 3183 2243 2243 2244 2244 3181 3181 3179 3179 2243 2243 3181 3181 2241 2241 2243 2243 3179 3179 3175 3175 2241 2241 3179 3179 2238 2238 2242 2242 3176 3176 3173 3173 2238 2238 3176 3176 2395 2395 2238 2238 3173 3173 2580 2580 2238 2238 2395 2395 2393 2393 2238 2238 2580 2580 2226 2226 2372 2372 2373 2373 2198 2198 2372 2372 2226 2226 2372 2372 2198 2198 2199 2199 2372 2372 2199 2199 2230 2230 2230 2230 2199 2199 2223 2223 2230 2230 2223 2223 2231 2231 2231 2231 2223 2223 2203 2203 2231 2231 2203 2203 2232 2232 2221 2221 2232 2232 2203 2203 2232 2232 2221 2221 2233 2233 2206 2206 2233 2233 2221 2221 2233 2233 2206 2206 2368 2368 2368 2368 2206 2206 2367 2367 2206 2206 2219 2219 2367 2367 2367 2367 2219 2219 2366 2366 2219 2219 2218 2218 2366 2366 2366 2366 2218 2218 2365 2365 2218 2218 2217 2217 2365 2365 2365 2365 2217 2217 2236 2236 2217 2217 2210 2210 2236 2236 2236 2236 2210 2210 2211 2211 2236 2236 2211 2211 2237 2237 2211 2211 2362 2362 2237 2237 2214 2214 2362 2362 2211 2211 2362 2362 2214 2214 3238 3238 2214 2214 3258 3258 3238 3238 2144 2144 2198 2198 2226 2226 2195 2195 2144 2144 2226 2226 3127 3127 2881 2881 2832 2832 2194 2194 2144 2144 2195 2195 2143 2143 2144 2144 2194 2194 2193 2193 2143 2143 2194 2194 2737 2737 3623 3623 2705 2705 2192 2192 2143 2143 2193 2193 2142 2142 2143 2143 2192 2192 2191 2191 2142 2142 2192 2192 2364 2364 2363 2363 2228 2228 2141 2141 2142 2142 2191 2191 2135 2135 2141 2141 2188 2188 2140 2140 2135 2135 2188 2188 3594 3594 2227 2227 4087 4087 2070 2070 2227 2227 3594 3594 2139 2139 2140 2140 2172 2172 2171 2171 2139 2139 2172 2172 2198 2198 2144 2144 2199 2199 2199 2199 2144 2144 2134 2134 3127 3127 2832 2832 2802 2802 2138 2138 2134 2134 2144 2144 2143 2143 2138 2138 2144 2144 2737 2737 2705 2705 2683 2683 2131 2131 2138 2138 2143 2143 2142 2142 2131 2131 2143 2143 2130 2130 2131 2131 2142 2142 2228 2228 2363 2363 2225 2225 2129 2129 2130 2130 2142 2142 2141 2141 2129 2129 2142 2142 2135 2135 2129 2129 2141 2141 4110 4110 898 898 2091 2091 4125 4125 1925 1925 3952 3952 2140 2140 2127 2127 2135 2135 2126 2126 2127 2127 2140 2140 2139 2139 2126 2126 2140 2140 2125 2125 2126 2126 2139 2139 2068 2068 2125 2125 2139 2139 2069 2069 2125 2125 2068 2068 2203 2203 2223 2223 2134 2134 2199 2199 2134 2134 2223 2223 2133 2133 2134 2134 2138 2138 2132 2132 2133 2133 2138 2138 2131 2131 2132 2132 2138 2138 3420 3420 2424 2424 1048 1048 2008 2008 3906 3906 3516 3516 2128 2128 2129 2129 2135 2135 2127 2127 2128 2128 2135 2135 2693 2693 2026 2026 2027 2027 2145 2145 2026 2026 2693 2693 2160 2160 2125 2125 2069 2069 2203 2203 2134 2134 2221 2221 2221 2221 2134 2134 2124 2124 2133 2133 2124 2124 2134 2134 2123 2123 2124 2124 2133 2133 2132 2132 2123 2123 2133 2133 2122 2122 2123 2123 2132 2132 2131 2131 2122 2122 2132 2132 2121 2121 2122 2122 2131 2131 2130 2130 2121 2121 2131 2131 2120 2120 2121 2121 2130 2130 2129 2129 2120 2120 2130 2130 2119 2119 2120 2120 2129 2129 2128 2128 2119 2119 2129 2129 2118 2118 2119 2119 2128 2128 2127 2127 2118 2118 2128 2128 2117 2117 2118 2118 2127 2127 2126 2126 2117 2117 2127 2127 2116 2116 2117 2117 2126 2126 2125 2125 2116 2116 2126 2126 2115 2115 2116 2116 2125 2125 2160 2160 2115 2115 2125 2125 2073 2073 2115 2115 2160 2160 2124 2124 2219 2219 2206 2206 2221 2221 2124 2124 2206 2206 3421 3421 4110 4110 2091 2091 4094 4094 1074 1074 1561 1561 2074 2074 2115 2115 2073 2073 2075 2075 2115 2115 2074 2074 2219 2219 2124 2124 2218 2218 2218 2218 2124 2124 2109 2109 2123 2123 2109 2109 2124 2124 2108 2108 2109 2109 2123 2123 2122 2122 2108 2108 2123 2123 2107 2107 2108 2108 2122 2122 2121 2121 2107 2107 2122 2122 2105 2105 2107 2107 2121 2121 2120 2120 2105 2105 2121 2121 2103 2103 2105 2105 2120 2120 2119 2119 2103 2103 2120 2120 2102 2102 2103 2103 2119 2119 2118 2118 2102 2102 2119 2119 2101 2101 2102 2102 2118 2118 2117 2117 2101 2101 2118 2118 2100 2100 2101 2101 2117 2117 2116 2116 2100 2100 2117 2117 2099 2099 2100 2100 2116 2116 2115 2115 2099 2099 2116 2116 2098 2098 2099 2099 2115 2115 2075 2075 2098 2098 2115 2115 2076 2076 2098 2098 2075 2075 2218 2218 2109 2109 2217 2217 2215 2215 2003 2003 2004 2004 3733 3733 1193 1193 2212 2212 2225 2225 2224 2224 2158 2158 2158 2158 2224 2224 2205 2205 3916 3916 3516 3516 3906 3906 2228 2228 2225 2225 2209 2209 2394 2394 2371 2371 2353 2353 2353 2353 2371 2371 2002 2002 2666 2666 2665 2665 2581 2581 2581 2581 2665 2665 2579 2579 2702 2702 3374 3374 2701 2701 3374 3374 2702 2702 3375 3375 3126 3126 2193 2193 3125 3125 3125 3125 2193 2193 2194 2194 4095 4095 2813 2813 4182 4182 2601 2601 3665 3665 3656 3656 4103 4103 2156 2156 2070 2070 2180 2180 2480 2480 4029 4029 2651 2651 2310 2310 2180 2180 2077 2077 2098 2098 2076 2076 2217 2217 2109 2109 2210 2210 2210 2210 2109 2109 2097 2097 2108 2108 2097 2097 2109 2109 2096 2096 2097 2097 2108 2108 2107 2107 2096 2096 2108 2108 2095 2095 2096 2096 2107 2107 2105 2105 2095 2095 2107 2107 2093 2093 2095 2095 2105 2105 2103 2103 2093 2093 2105 2105 2092 2092 2093 2093 2103 2103 2102 2102 2092 2092 2103 2103 2085 2085 2092 2092 2102 2102 2101 2101 2085 2085 2102 2102 2084 2084 2085 2085 2101 2101 2100 2100 2084 2084 2101 2101 2090 2090 2084 2084 2100 2100 2099 2099 2090 2090 2100 2100 2082 2082 2090 2090 2099 2099 2098 2098 2082 2082 2099 2099 2080 2080 2082 2082 2098 2098 2077 2077 2080 2080 2098 2098 2157 2157 2080 2080 2077 2077 2097 2097 2214 2214 2211 2211 2210 2210 2097 2097 2211 2211 2214 2214 2097 2097 2089 2089 2096 2096 2089 2089 2097 2097 3260 3260 2089 2089 2096 2096 2095 2095 3260 3260 2096 2096 2088 2088 3260 3260 2095 2095 2093 2093 2088 2088 2095 2095 2087 2087 2088 2088 2093 2093 2092 2092 2087 2087 2093 2093 2086 2086 2087 2087 2092 2092 2085 2085 2086 2086 2092 2092 2083 2083 2084 2084 2090 2090 2082 2082 2083 2083 2090 2090 3276 3276 2080 2080 2157 2157 2214 2214 2089 2089 3258 3258 3258 3258 2089 2089 3260 3260 3260 3260 2088 2088 2147 2147 2087 2087 2147 2147 2088 2088 2147 2147 2087 2087 2149 2149 2086 2086 2149 2149 2087 2087 2149 2149 2086 2086 2151 2151 2085 2085 2151 2151 2086 2086 2151 2151 2085 2085 2084 2084 2151 2151 2084 2084 2153 2153 2083 2083 2153 2153 2084 2084 2153 2153 2083 2083 3270 3270 2082 2082 3270 3270 2083 2083 3270 3270 2082 2082 3272 3272 2080 2080 3272 3272 2082 2082 3272 3272 2080 2080 3276 3276 2171 2171 2832 2832 2061 2061 2171 2171 2061 2061 2139 2139 2139 2139 2061 2061 2876 2876 2139 2139 2876 2876 2068 2068 2068 2068 2876 2876 2870 2870 2068 2068 2870 2870 2069 2069 2069 2069 2870 2870 2160 2160 2870 2870 2056 2056 2160 2160 2160 2160 2056 2056 2073 2073 2056 2056 2055 2055 2073 2073 2073 2073 2055 2055 2869 2869 2073 2073 2869 2869 2074 2074 2074 2074 2869 2869 2866 2866 2074 2074 2866 2866 2075 2075 2075 2075 2866 2866 2076 2076 2052 2052 2076 2076 2866 2866 2052 2052 2077 2077 2076 2076 2077 2077 2052 2052 2157 2157 2052 2052 2051 2051 2157 2157 2157 2157 2051 2051 2050 2050 2157 2157 2050 2050 2043 2043 2157 2157 2043 2043 3276 3276 2050 2050 3282 3282 2043 2043 2050 2050 3284 3284 3282 3282 2050 2050 3286 3286 3284 3284 2050 2050 3288 3288 3286 3286 2041 2041 3288 3288 2050 2050 2011 2011 3288 3288 2041 2041 2034 2034 2009 2009 3357 3357 2032 2032 2009 2009 2034 2034 2030 2030 2009 2009 2032 2032 2028 2028 2009 2009 2030 2030 3351 3351 2009 2009 2028 2028 3349 3349 2009 2009 3351 3351 3347 3347 2009 2009 3349 3349 3345 3345 2009 2009 3347 3347 3343 3343 2009 2009 3345 3345 3341 3341 2009 2009 3343 3343 3338 3338 2009 2009 3341 3341 2040 2040 2009 2009 3338 3338 3334 3334 2039 2039 3337 3337 2022 2022 2039 2039 3334 3334 2041 2041 2013 2013 2011 2011 2041 2041 3294 3294 2013 2013 2041 2041 3296 3296 3294 3294 2041 2041 3298 3298 3296 3296 2041 2041 2015 2015 3298 3298 2041 2041 2017 2017 2015 2015 2041 2041 3304 3304 2017 2017 2041 2041 2038 2038 3305 3305 3003 3003 2027 2027 2026 2026 3003 3003 2026 2026 2005 2005 2005 2005 2026 2026 2025 2025 2005 2005 2025 2025 3054 3054 2004 2004 3054 3054 2025 2025 3054 3054 2004 2004 3055 3055 3055 3055 2004 2004 3419 3419 2003 2003 3419 3419 2004 2004 3419 3419 2003 2003 3428 3428 2003 2003 2235 2235 3428 3428 3428 3428 2235 2235 2002 2002 3428 3428 2002 2002 2006 2006 2006 2006 2002 2002 2024 2024 2006 2006 2024 2024 2007 2007 2007 2007 2024 2024 3431 3431 2001 2001 3431 3431 2024 2024 3431 3431 2001 2001 3516 3516 2023 2023 3516 3516 2001 2001 3516 3516 2023 2023 2008 2008 3380 3380 2008 2008 2023 2023 3366 3366 2008 2008 3380 3380 3364 3364 2008 2008 3366 3366 3362 3362 2008 2008 3364 3364 1998 1998 2008 2008 3362 3362 3359 3359 2008 2008 1998 1998 3357 3357 2008 2008 3359 3359 2009 2009 2008 2008 3357 3357 2754 2754 2585 2585 2753 2753 1994 1994 1980 1980 1995 1995 1978 1978 1980 1980 1994 1994 1993 1993 1978 1978 1994 1994 1186 1186 896 896 1193 1193 3840 3840 1979 1979 1992 1992 3844 3844 1978 1978 3839 3839 1976 1976 1978 1978 3844 3844 3855 3855 1976 1976 3844 3844 2381 2381 2607 2607 4162 4162 3806 3806 1976 1976 3855 3855 1975 1975 1976 1976 3805 3805 1425 1425 1975 1975 3805 3805 2753 2753 2585 2585 2557 2557 3409 3409 1980 1980 1974 1974 1978 1978 1974 1974 1980 1980 1973 1973 1974 1974 1978 1978 2690 2690 1393 1393 2654 2654 3947 3947 1295 1295 1372 1372 1971 1971 1973 1973 1978 1978 1976 1976 1971 1971 1978 1978 3052 3052 3959 3959 2094 2094 2834 2834 1706 1706 2830 2830 1975 1975 1971 1971 1976 1976 1970 1970 1971 1971 1975 1975 1975 1975 1990 1990 1970 1970 3409 3409 1974 1974 3410 3410 3903 3903 1974 1974 3922 3922 1973 1973 3922 3922 1974 1974 3922 3922 1973 1973 1983 1983 1295 1295 3828 3828 1372 1372 1983 1983 1973 1973 3937 3937 1971 1971 3938 3938 1973 1973 3939 3939 1972 1972 1984 1984 2222 2222 2220 2220 2205 2205 1985 1985 1971 1971 3954 3954 3013 3013 3421 3421 4098 4098 3954 3954 1971 1971 1989 1989 1970 1970 1989 1989 1971 1971 1989 1989 1970 1970 1429 1429 1989 1989 1429 1429 3907 3907 1429 1429 3977 3977 3907 3907 2645 2645 3515 3515 1904 1904 2645 2645 2449 2449 3515 3515 1134 1134 2449 2449 2645 2645 1134 1134 1913 1913 2449 2449 1134 1134 1991 1991 1913 1913 1906 1906 1991 1991 1134 1134 3589 3589 1991 1991 1906 1906 3589 3589 1429 1429 1991 1991 1429 1429 3589 3589 3977 3977 1991 1991 2281 2281 1913 1913 1991 1991 2286 2286 2281 2281 1991 1991 1918 1918 2286 2286 1425 1425 1918 1918 1991 1991 3590 3590 1016 1016 3978 3978 1016 1016 2000 2000 3978 3978 2000 2000 4031 4031 3978 3978 4031 4031 2415 2415 3978 3978 2415 2415 1884 1884 3978 3978 1884 1884 3967 3967 3978 3978 3967 3967 3908 3908 3978 3978 3967 3967 3979 3979 3908 3908 1874 1874 3979 3979 3967 3967 1874 1874 3981 3981 3979 3979 1874 1874 3982 3982 3981 3981 1874 1874 3909 3909 3982 3982 1874 1874 3983 3983 3909 3909 1874 1874 3910 3910 3983 3983 1871 1871 3910 3910 1874 1874 1871 1871 3989 3989 3910 3910 1871 1871 3991 3991 3989 3989 3991 3991 1871 1871 1459 1459 1918 1918 1425 1425 1920 1920 1425 1425 1921 1921 1920 1920 1425 1425 1923 1923 1921 1921 1425 1425 1927 1927 1923 1923 1425 1425 1931 1931 1927 1927 1425 1425 1069 1069 1931 1931 1425 1425 1932 1932 1069 1069 3872 3872 1932 1932 1425 1425 1418 1418 1932 1932 3872 3872 1405 1405 1932 1932 1418 1418 3799 3799 1932 1932 1405 1405 3799 3799 4105 4105 1932 1932 3865 3865 4105 4105 3799 3799 3798 3798 4105 4105 3865 3865 3797 3797 4105 4105 3798 3798 3796 3796 4105 4105 3797 3797 3796 3796 2311 2311 4105 4105 3795 3795 2311 2311 3796 3796 3879 3879 2311 2311 3795 3795 3992 3992 1459 1459 1871 1871 3911 3911 3992 3992 1871 1871 1465 1465 3911 3911 1871 1871 1870 1870 1465 1465 1871 1871 1870 1870 3913 3913 1465 1465 3913 3913 1870 1870 1869 1869 2311 2311 3879 3879 3877 3877 2311 2311 3877 3877 1367 1367 2311 2311 1367 1367 3790 3790 2311 2311 3790 3790 1359 1359 2311 2311 1359 1359 4027 4027 1359 1359 3696 3696 4027 4027 4027 4027 3696 3696 1349 1349 3913 3913 1869 1869 1468 1468 1869 1869 1472 1472 1468 1468 1868 1868 1472 1472 1869 1869 4027 4027 1349 1349 4088 4088 4088 4088 1349 1349 1345 1345 1472 1472 1868 1868 1481 1481 1867 1867 1481 1481 1868 1868 4088 4088 1345 1345 1956 1956 1956 1956 1345 1345 1331 1331 1481 1481 1867 1867 3464 3464 1862 1862 3464 3464 1867 1867 1956 1956 1331 1331 4023 4023 4023 4023 1331 1331 1330 1330 3464 3464 1862 1862 3465 3465 3944 3944 3465 3465 1862 1862 3465 3465 3944 3944 3466 3466 4023 4023 1330 1330 1957 1957 1329 1329 1957 1957 1330 1330 1957 1957 1329 1329 1959 1959 4176 4176 3466 3466 3944 3944 4176 4176 3467 3467 3466 3466 1830 1830 3467 3467 4176 4176 3467 3467 1830 1830 1490 1490 3728 3728 1959 1959 1329 1329 3728 3728 4080 4080 1959 1959 4080 4080 3728 3728 3616 3616 1830 1830 1709 1709 1490 1490 1648 1648 1490 1490 1709 1709 1648 1648 3588 3588 1490 1490 1641 1641 3588 3588 1648 1648 1628 1628 3588 3588 1641 1641 4080 4080 3616 3616 4053 4053 3616 3616 1962 1962 4053 4053 3616 3616 1882 1882 1962 1962 3668 3668 1882 1882 3616 3616 3668 3668 2817 2817 1882 1882 2817 2817 3668 3668 1965 1965 3588 3588 1628 1628 3592 3592 3828 3828 3592 3592 1628 1628 3499 3499 3592 3592 3828 3828 3667 3667 1965 1965 3668 3668 3667 3667 2156 2156 1965 1965 2156 2156 3667 3667 2227 2227 3592 3592 3499 3499 3593 3593 3499 3499 1505 1505 3593 3593 1616 1616 1505 1505 3499 3499 3667 3667 3614 3614 2227 2227 1324 1324 2227 2227 3614 3614 1324 1324 4087 4087 2227 2227 4087 4087 1324 1324 1967 1967 1505 1505 1616 1616 3573 3573 1616 1616 3595 3595 3573 3573 1616 1616 3596 3596 3595 3595 2079 2079 3596 3596 1616 1616 3931 3931 3596 3596 2079 2079 1324 1324 3666 3666 1967 1967 3611 3611 1967 1967 3666 3666 3610 3610 1967 1967 3611 3611 3610 3610 4164 4164 1967 1967 4164 4164 3610 3610 4177 4177 3596 3596 3931 3931 1512 1512 3931 3931 1513 1513 1512 1512 1597 1597 1513 1513 3931 3931 1597 1597 3525 3525 1513 1513 1592 1592 3525 3525 1597 1597 1592 1592 4178 4178 3525 3525 4178 4178 1592 1592 4179 4179 3610 3610 3664 3664 4177 4177 3664 3664 3662 3662 4177 4177 3608 3608 4177 4177 3662 3662 4178 4178 3608 3608 3525 3525 4178 4178 4177 4177 3608 3608 4189 4189 4179 4179 1592 1592 4189 4189 1968 1968 4179 4179 3807 3807 1968 1968 4189 4189 3807 3807 1969 1969 1968 1968 3807 3807 902 902 1969 1969 4151 4151 902 902 3807 3807 1583 1583 902 902 4151 4151 902 902 1583 1583 1522 1522 1583 1583 2287 2287 1522 1522 1578 1578 2287 2287 1583 1583 1578 1578 1302 1302 2287 2287 2200 2200 1302 1302 1578 1578 2200 2200 1540 1540 1302 1302 3572 3572 1540 1540 2200 2200 3572 3572 1532 1532 1540 1540 3572 3572 1910 1910 1532 1532 1557 1557 1910 1910 3572 3572 1557 1557 1550 1550 1910 1910 1556 1556 1550 1550 1557 1557 4108 4108 1550 1550 1556 1556 4108 4108 1552 1552 1550 1550 4108 4108 1554 1554 1552 1552 1555 1555 1554 1554 4108 4108 4032 4032 1554 1554 1555 1555 1391 1391 1554 1554 4032 4032 1870 1870 1872 1872 4145 4145 2212 2212 2420 2420 3059 3059 4018 4018 3397 3397 2292 2292 4123 4123 2495 2495 2178 2178 3851 3851 1197 1197 1398 1398 3669 3669 1403 1403 1420 1420 1420 1420 1403 1403 1267 1267 1918 1918 1014 1014 2286 2286 3557 3557 2511 2511 2689 2689 2511 2511 3904 3904 2689 2689 3382 3382 3660 3660 2449 2449 3600 3600 1503 1503 2168 2168 3386 3386 2168 2168 1503 1503 2521 2521 1420 1420 2331 2331 1420 1420 1267 1267 2331 2331 4123 4123 2178 2178 900 900 2474 2474 3948 3948 1420 1420 3389 3389 4126 4126 1296 1296 2309 2309 3660 3660 3382 3382 2766 2766 3188 3188 2377 2377 3382 3382 3461 3461 2309 2309 3883 3883 3034 3034 3885 3885 2001 2001 2586 2586 2023 2023 3766 3766 1960 1960 3904 3904 1958 1958 2649 2649 4152 4152 3905 3905 2009 2009 2985 2985 1197 1197 1378 1378 938 938 3724 3724 3944 3944 3976 3976 2934 2934 2953 2953 2196 2196 1932 1932 4132 4132 1069 1069 3070 3070 4119 4119 2780 2780 3780 3780 2522 2522 1605 1605 4003 4003 2479 2479 1616 1616 3756 3756 4111 4111 4133 4133 4140 4140 1960 1960 3766 3766 3883 3883 3496 3496 3034 3034 3496 3496 2431 2431 3034 3034 4175 4175 4128 4128 2854 2854 3034 3034 2431 2431 2669 2669 2431 2431 2261 2261 2669 2669 2669 2669 2261 2261 1015 1015 2261 2261 3894 3894 1015 1015 1412 1412 1393 1393 2690 2690 1015 1015 1547 1547 3897 3897 3368 3368 2694 2694 2697 2697 4029 4029 3452 3452 1047 1047 1047 1047 3452 3452 2971 2971 4171 4171 1460 1460 3984 3984 1977 1977 2938 2938 2522 2522 3730 3730 4148 4148 1830 1830 2431 2431 3412 3412 2261 2261 4088 4088 4051 4051 4000 4000 2968 2968 2963 2963 2866 2866 3876 3876 3853 3853 3881 3881 4101 4101 899 899 3015 3015 3571 3571 3900 3900 3864 3864 3881 3881 3853 3853 3496 3496 3853 3853 3890 3890 3496 3496 2589 2589 2558 2558 2536 2536 2536 2536 2558 2558 2394 2394 2591 2591 2589 2589 2538 2538 2538 2538 2589 2589 2536 2536 1927 1927 4132 4132 2204 2204 1931 1931 4132 4132 1927 1927 3961 3961 2481 2481 1369 1369 4108 4108 3584 3584 1555 1555 4032 4032 3584 3584 3834 3834 3412 3412 3542 3542 3894 3894 3763 3763 1295 1295 3947 3947 2456 2456 2406 2406 2081 2081 3542 3542 2262 2262 3894 3894 3894 3894 2262 2262 1547 1547 2262 2262 3985 3985 1547 1547 4057 4057 2607 2607 2381 2381 2356 2356 2538 2538 2355 2355 2196 2196 2953 2953 2876 2876 2876 2876 2953 2953 2870 2870 1697 1697 3574 3574 2621 2621 3574 3574 3656 3656 2621 2621 2746 2746 2370 2370 2047 2047 2047 2047 2370 2370 2234 2234 1964 1964 1168 1168 2403 2403 2576 2576 2594 2594 2575 2575 2314 2314 1544 1544 2213 2213 2213 2213 1544 1544 3934 3934 2425 2425 3416 3416 2309 2309 3416 3416 3660 3660 2309 2309 3984 3984 1321 1321 4112 4112 4141 4141 1515 1515 4128 4128 1321 1321 3952 3952 4134 4134 4134 4134 3952 3952 1422 1422 4199 4199 4113 4113 4140 4140 2654 2654 3987 3987 4003 4003 3968 3968 4006 4006 1049 1049 2361 2361 2539 2539 2356 2356 2239 2239 3594 3594 1967 1967 2749 2749 2540 2540 2747 2747 3511 3511 4089 4089 4007 4007 4047 4047 907 907 3835 3835 3404 3404 1899 1899 1551 1551 1424 1424 899 899 4101 4101 1065 1065 3997 3997 4172 4172 2212 2212 1924 1924 2420 2420 3636 3636 4139 4139 2167 2167 1081 1081 896 896 1186 1186 895 895 2807 2807 3522 3522 1540 1540 4072 4072 1020 1020 3894 3894 1547 1547 1015 1015 2817 2817 2607 2607 1882 1882 3897 3897 1547 1547 2952 2952 1547 1547 3985 3985 2952 2952 2695 2695 3371 3371 2699 2699 3985 3985 4132 4132 2952 2952 1069 1069 4132 4132 1931 1931 1015 1015 3897 3897 1171 1171 3958 3958 4123 4123 900 900 1605 1605 2522 2522 4165 4165 4190 4190 1838 1838 3511 3511 3412 3412 3894 3894 2261 2261 3511 3511 1838 1838 4089 4089 1838 1838 3461 3461 4089 4089 3886 3886 1427 1427 3862 3862 1328 1328 2308 2308 3659 3659 2481 2481 2507 2507 1369 1369 2027 2027 3720 3720 2673 2673 3886 3886 3862 3862 2388 2388 1906 1906 1296 1296 4126 4126 2504 2504 3412 3412 2431 2431 3496 3496 3890 3890 2431 2431 3890 3890 2504 2504 2431 2431 2027 2027 2673 2673 2693 2693 3015 3015 3421 3421 3013 3013 2698 2698 3368 3368 2697 2697 3745 3745 3734 3734 3472 3472 3985 3985 2204 2204 4132 4132 4092 4092 4188 4188 3724 3724 2759 2759 2666 2666 2059 2059 2666 2666 2759 2759 2665 2665 2749 2749 2718 2718 2540 2540 3322 3322 2718 2718 2749 2749 2558 2558 2586 2586 2394 2394 2394 2394 2586 2586 2001 2001 2753 2753 2557 2557 2054 2054 2054 2054 2557 2557 2053 2053 4084 4084 3842 3842 4086 4086 2987 2987 2038 2038 2390 2390 3780 3780 1977 1977 2522 2522 2575 2575 2593 2593 2547 2547 2547 2547 2593 2593 2539 2539 1510 1510 4145 4145 1322 1322 1016 1016 1925 1925 2000 2000 4174 4174 4173 4173 3878 3878 2178 2178 2521 2521 2331 2331 1715 1715 4218 4218 4217 4217 1715 1715 4217 4217 1054 1054 1054 1054 4217 4217 4216 4216 1054 1054 4216 4216 1714 1714 1714 1714 4216 4216 4215 4215 1714 1714 4215 4215 1055 1055 1055 1055 4215 4215 4214 4214 1055 1055 4214 4214 1713 1713 1713 1713 4214 4214 4213 4213 1713 1713 4213 4213 1712 1712 1712 1712 4213 4213 4212 4212 1712 1712 4212 4212 1711 1711 1711 1711 4212 4212 4211 4211 1711 1711 4211 4211 1056 1056 1056 1056 4211 4211 4210 4210 1056 1056 4210 4210 1710 1710 1710 1710 4210 4210 4209 4209 1710 1710 4209 4209 1034 1034 1034 1034 4209 4209 4208 4208 1034 1034 4208 4208 1057 1057 1057 1057 4208 4208 4207 4207 1057 1057 4207 4207 1058 1058 1058 1058 4207 4207 4206 4206 1058 1058 4206 4206 1708 1708 1708 1708 4206 4206 4205 4205 1708 1708 4205 4205 1705 1705 1705 1705 4205 4205 4204 4204 1705 1705 4204 4204 1059 1059 1059 1059 4204 4204 4203 4203 1059 1059 4203 4203 1060 1060 1060 1060 4203 4203 4202 4202 1060 1060 4202 4202 1730 1730 1730 1730 4202 4202 4201 4201 1730 1730 4201 4201 1082 1082 1082 1082 4201 4201 4200 4200 1082 1082 4200 4200 1083 1083 1083 1083 4200 4200 4246 4246 1083 1083 4246 4246 1729 1729 1729 1729 4246 4246 4245 4245 1729 1729 4245 4245 1084 1084 1084 1084 4245 4245 4244 4244 1084 1084 4244 4244 1085 1085 1085 1085 4244 4244 4243 4243 1085 1085 4243 4243 1728 1728 1728 1728 4243 4243 4242 4242 1728 1728 4242 4242 1086 1086 1086 1086 4242 4242 4241 4241 1086 1086 4241 4241 1087 1087 1087 1087 4241 4241 4240 4240 1087 1087 4240 4240 1727 1727 1727 1727 4240 4240 4239 4239 1727 1727 4239 4239 1726 1726 1726 1726 4239 4239 4238 4238 1726 1726 4238 4238 1725 1725 1725 1725 4238 4238 4237 4237 1725 1725 4237 4237 1088 1088 1088 1088 4237 4237 4236 4236 1088 1088 4236 4236 1724 1724 1724 1724 4236 4236 4235 4235 1724 1724 4235 4235 1089 1089 1089 1089 4235 4235 4234 4234 1089 1089 4234 4234 1090 1090 1090 1090 4234 4234 4233 4233 1090 1090 4233 4233 1091 1091 1091 1091 4233 4233 4232 4232 1091 1091 4232 4232 1723 1723 1723 1723 4232 4232 4231 4231 1723 1723 4231 4231 1092 1092 1092 1092 4231 4231 4230 4230 1092 1092 4230 4230 1094 1094 1093 1093 4229 4229 4228 4228 1093 1093 4228 4228 1722 1722 1722 1722 4228 4228 4227 4227 1722 1722 4227 4227 1095 1095 1095 1095 4227 4227 4226 4226 1095 1095 4226 4226 1096 1096 1096 1096 4226 4226 4225 4225 1096 1096 4225 4225 1013 1013 1013 1013 4225 4225 4224 4224 1013 1013 4224 4224 1720 1720 1720 1720 4224 4224 4223 4223 1720 1720 4223 4223 1719 1719 1719 1719 4223 4223 4222 4222 1719 1719 4222 4222 1718 1718 1718 1718 4222 4222 4221 4221 1718 1718 4221 4221 1053 1053 1053 1053 4221 4221 4220 4220 1053 1053 4220 4220 1717 1717 1717 1717 4220 4220 4219 4219 1717 1717 4219 4219 1716 1716 1716 1716 4219 4219 4218 4218 1716 1716 4218 4218 1715 1715 4554 4554 4688 4688 4780 4780 4365 4365 4688 4688 4554 4554 4251 4251 4688 4688 4365 4365 4368 4368 4688 4688 4251 4251 4368 4368 4685 4685 4688 4688 4368 4368 4683 4683 4685 4685 4369 4369 4683 4683 4368 4368 4369 4369 4357 4357 4683 4683 4369 4369 4355 4355 4357 4357 4369 4369 4353 4353 4355 4355 4370 4370 4353 4353 4369 4369 4370 4370 4616 4616 4353 4353 4371 4371 4616 4616 4370 4370 4372 4372 4619 4619 4617 4617 4373 4373 4619 4619 4372 4372 4373 4373 4621 4621 4619 4619 4374 4374 4621 4621 4373 4373 4374 4374 4623 4623 4621 4621 4296 4296 4623 4623 4374 4374 4296 4296 4625 4625 4623 4623 4295 4295 4625 4625 4296 4296 4295 4295 4627 4627 4625 4625 4375 4375 4627 4627 4295 4295 4375 4375 4629 4629 4627 4627 4376 4376 4629 4629 4375 4375 4376 4376 4631 4631 4629 4629 4377 4377 4631 4631 4376 4376 4377 4377 4344 4344 4631 4631 4291 4291 4344 4344 4377 4377 4290 4290 4344 4344 4291 4291 4290 4290 4633 4633 4344 4344 4289 4289 4633 4633 4290 4290 4289 4289 4635 4635 4633 4633 4288 4288 4635 4635 4289 4289 4287 4287 4635 4635 4288 4288 4287 4287 4342 4342 4635 4635 4286 4286 4342 4342 4287 4287 4285 4285 4342 4342 4286 4286 4340 4340 4285 4285 4378 4378 4340 4340 4342 4342 4285 4285 4304 4304 4366 4366 4555 4555 4364 4364 4367 4367 4303 4303 4303 4303 4306 4306 4364 4364 4309 4309 4364 4364 4306 4306 4311 4311 4364 4364 4309 4309 4561 4561 4364 4364 4311 4311 4611 4611 4364 4364 4561 4561 4611 4611 4363 4363 4364 4364 4611 4611 4256 4256 4363 4363 4315 4315 4256 4256 4611 4611 4315 4315 4257 4257 4256 4256 4609 4609 4257 4257 4315 4315 4609 4609 4258 4258 4257 4257 4609 4609 4362 4362 4258 4258 4318 4318 4362 4362 4609 4609 4318 4318 4361 4361 4362 4362 4320 4320 4361 4361 4318 4318 4320 4320 4259 4259 4361 4361 4607 4607 4259 4259 4320 4320 4607 4607 4260 4260 4259 4259 4605 4605 4260 4260 4607 4607 4605 4605 4389 4389 4260 4260 4603 4603 4389 4389 4605 4605 4603 4603 4390 4390 4389 4389 4601 4601 4390 4390 4603 4603 4601 4601 4386 4386 4390 4390 4599 4599 4386 4386 4601 4601 4599 4599 4385 4385 4386 4386 4599 4599 4384 4384 4385 4385 4597 4597 4384 4384 4599 4599 4597 4597 4383 4383 4384 4384 4328 4328 4383 4383 4597 4597 4328 4328 4391 4391 4383 4383 4328 4328 4382 4382 4391 4391 4595 4595 4382 4382 4328 4328 4595 4595 4381 4381 4382 4382 4593 4593 4381 4381 4595 4595 4593 4593 4380 4380 4381 4381 4593 4593 4379 4379 4380 4380 4591 4591 4379 4379 4593 4593 4591 4591 4378 4378 4379 4379 4591 4591 4340 4340 4378 4378 4591 4591 4637 4637 4340 4340 4589 4589 4637 4637 4591 4591 4589 4589 4338 4338 4637 4637 4587 4587 4338 4338 4589 4589 4587 4587 4336 4336 4338 4338 4585 4585 4336 4336 4587 4587 4639 4639 4336 4336 4585 4585 4416 4416 4743 4743 4742 4742 4752 4752 4743 4743 4416 4416 4418 4418 4743 4743 4752 4752 4419 4419 4743 4743 4418 4418 4420 4420 4743 4743 4419 4419 4751 4751 4743 4743 4420 4420 4422 4422 4743 4743 4751 4751 4423 4423 4743 4743 4422 4422 4424 4424 4743 4743 4423 4423 4756 4756 4743 4743 4424 4424 4426 4426 4743 4743 4756 4756 4427 4427 4743 4743 4426 4426 4428 4428 4743 4743 4427 4427 4429 4429 4743 4743 4428 4428 4429 4429 4413 4413 4743 4743 4430 4430 4413 4413 4429 4429 4431 4431 4413 4413 4430 4430 4755 4755 4413 4413 4431 4431 4754 4754 4413 4413 4755 4755 4753 4753 4413 4413 4754 4754 4753 4753 4744 4744 4413 4413 4460 4460 4744 4744 4753 4753 4437 4437 4744 4744 4460 4460 4459 4459 4744 4744 4437 4437 4459 4459 4410 4410 4744 4744 4458 4458 4410 4410 4459 4459 4440 4440 4410 4410 4458 4458 4440 4440 4409 4409 4410 4410 4388 4388 4409 4409 4440 4440 4388 4388 4745 4745 4409 4409 4442 4442 4745 4745 4388 4388 4443 4443 4745 4745 4442 4442 4443 4443 4407 4407 4745 4745 4444 4444 4407 4407 4443 4443 4444 4444 4746 4746 4407 4407 4387 4387 4746 4746 4444 4444 4445 4445 4746 4746 4387 4387 4446 4446 4746 4746 4445 4445 4447 4447 4746 4746 4446 4446 4447 4447 4405 4405 4746 4746 4448 4448 4405 4405 4447 4447 4449 4449 4405 4405 4448 4448 4709 4709 4405 4405 4449 4449 4708 4708 4405 4405 4709 4709 4707 4707 4405 4405 4708 4708 4762 4762 4405 4405 4707 4707 4761 4761 4405 4405 4762 4762 4760 4760 4405 4405 4761 4761 4759 4759 4405 4405 4760 4760 4759 4759 4404 4404 4405 4405 4453 4453 4404 4404 4759 4759 4454 4454 4404 4404 4453 4453 4454 4454 4403 4403 4404 4404 4766 4766 4403 4403 4454 4454 4765 4765 4403 4403 4766 4766 4701 4701 4403 4403 4765 4765 4700 4700 4403 4403 4701 4701 4699 4699 4403 4403 4700 4700 4699 4699 4402 4402 4403 4403 4456 4456 4402 4402 4699 4699 4457 4457 4402 4402 4456 4456 4698 4698 4402 4402 4457 4457 4698 4698 4401 4401 4402 4402 4697 4697 4401 4401 4698 4698 4711 4711 4401 4401 4697 4697 4714 4714 4401 4401 4711 4711 4713 4713 4401 4401 4714 4714 4712 4712 4401 4401 4713 4713 4721 4721 4401 4401 4712 4712 4721 4721 4400 4400 4401 4401 4720 4720 4400 4400 4721 4721 4719 4719 4400 4400 4720 4720 4718 4718 4400 4400 4719 4719 4717 4717 4400 4400 4718 4718 4747 4747 4717 4717 4716 4716 4747 4747 4400 4400 4717 4717 4726 4726 4716 4716 4715 4715 4726 4726 4747 4747 4716 4716 4748 4748 4747 4747 4726 4726 5805 5805 4511 4511 5803 5803 4254 4254 4266 4266 4397 4397 4806 4806 4804 4804 4558 4558 4884 4884 4804 4804 4806 4806 4557 4557 4804 4804 4883 4883 4819 4819 4305 4305 4302 4302 4826 4826 4305 4305 4819 4819 4559 4559 4305 4305 4826 4826 4918 4918 4305 4305 4559 4559 4560 4560 4914 4914 4610 4610 4560 4560 4915 4915 4914 4914 4915 4915 4560 4560 4310 4310 4915 4915 4310 4310 4916 4916 4308 4308 4916 4916 4310 4310 4916 4916 4307 4307 4917 4917 4305 4305 4917 4917 4307 4307 4917 4917 4305 4305 4918 4918 4563 4563 4999 4999 5035 5035 4565 4565 4999 4999 4563 4563 4567 4567 4999 4999 4565 4565 4999 4999 4567 4567 4911 4911 4567 4567 4933 4933 4911 4911 4567 4567 4929 4929 4933 4933 4569 4569 4929 4929 4567 4567 4929 4929 4569 4569 4927 4927 4569 4569 4613 4613 4927 4927 4569 4569 4912 4912 4613 4613 4569 4569 4612 4612 4912 4912 4569 4569 4913 4913 4612 4612 4569 4569 4914 4914 4913 4913 4571 4571 4914 4914 4569 4569 4914 4914 4571 4571 4610 4610 4610 4610 4571 4571 4314 4314 4571 4571 4573 4573 4314 4314 4314 4314 4573 4573 4608 4608 4573 4573 4957 4957 4608 4608 4608 4608 4957 4957 4317 4317 4957 4957 4575 4575 4317 4317 4317 4317 4575 4575 4319 4319 4575 4575 4955 4955 4319 4319 4319 4319 4955 4955 4606 4606 4955 4955 4953 4953 4606 4606 4606 4606 4953 4953 4604 4604 4953 4953 4951 4951 4604 4604 4951 4951 4602 4602 4604 4604 4602 4602 4951 4951 4949 4949 4602 4602 4949 4949 4600 4600 4600 4600 4949 4949 4947 4947 4600 4600 4947 4947 4598 4598 4598 4598 4947 4947 4945 4945 4598 4598 4945 4945 4596 4596 4596 4596 4945 4945 4943 4943 4596 4596 4943 4943 4327 4327 4327 4327 4943 4943 4941 4941 4327 4327 4941 4941 4594 4594 4594 4594 4941 4941 4939 4939 4594 4594 4939 4939 4592 4592 4939 4939 4590 4590 4592 4592 4577 4577 4590 4590 4939 4939 4590 4590 4577 4577 4588 4588 4588 4588 4577 4577 4579 4579 4588 4588 4579 4579 4586 4586 4586 4586 4579 4579 4581 4581 4586 4586 4581 4581 4584 4584 4583 4583 4584 4584 4581 4581 4638 4638 4584 4584 4583 4583 4583 4583 4335 4335 4638 4638 4641 4641 4335 4335 4583 4583 4335 4335 4641 4641 4337 4337 4641 4641 4643 4643 4337 4337 4337 4337 4643 4643 4636 4636 4643 4643 5019 5019 4636 4636 4636 4636 5019 5019 4339 4339 5019 5019 4645 4645 4339 4339 4339 4339 4645 4645 4341 4341 4645 4645 4647 4647 4341 4341 4341 4341 4647 4647 4634 4634 4647 4647 4649 4649 4634 4634 4634 4634 4649 4649 4632 4632 4649 4649 5017 5017 4632 4632 4632 4632 5017 5017 4343 4343 5017 5017 5015 5015 4343 4343 4343 4343 5015 5015 4630 4630 5015 5015 5013 5013 4630 4630 4630 4630 5013 5013 4628 4628 5013 5013 4651 4651 4628 4628 4628 4628 4651 4651 4653 4653 4628 4628 4653 4653 4626 4626 4653 4653 4624 4624 4626 4626 4655 4655 4624 4624 4653 4653 4624 4624 4655 4655 4622 4622 4622 4622 4655 4655 5011 5011 4622 4622 5011 5011 4620 4620 4620 4620 5011 5011 4659 4659 4620 4620 4659 4659 4618 4618 5051 5051 4618 4618 4659 4659 4615 4615 4618 4618 5051 5051 4661 4661 5050 5050 4658 4658 5050 5050 4661 4661 5052 5052 5009 5009 5052 5052 4661 4661 5052 5052 5009 5009 5054 5054 5007 5007 5054 5054 5009 5009 5054 5054 5007 5007 5055 5055 4663 4663 5055 5055 5007 5007 5055 5055 4663 4663 5056 5056 5005 5005 5056 5056 4663 4663 5056 5056 5005 5005 5057 5057 4563 4563 5057 5057 5005 5005 5035 5035 5057 5057 4563 4563 4677 4677 4675 4675 4676 4676 4675 4675 4677 4677 4673 4673 4678 4678 4673 4673 4677 4677 4678 4678 4671 4671 4673 4673 4678 4678 4669 4669 4671 4671 4669 4669 4678 4678 4679 4679 4669 4669 4679 4679 4666 4666 4666 4666 4679 4679 4352 4352 4666 4666 4352 4352 5049 5049 4614 4614 5049 5049 4352 4352 5050 5050 5049 5049 4614 4614 4681 4681 4682 4682 4680 4680 4682 4682 4676 4676 4680 4680 4676 4676 4682 4682 4677 4677 4356 4356 4677 4677 4682 4682 4294 4294 5430 5430 4293 4293 4677 4677 4356 4356 4678 4678 4354 4354 4678 4678 4356 4356 4678 4678 4354 4354 4679 4679 4679 4679 4354 4354 4352 4352 4682 4682 4681 4681 4684 4684 5428 5428 4293 4293 5430 5430 4680 4680 4676 4676 4686 4686 4690 4690 4680 4680 4686 4686 4681 4681 4680 4680 4690 4690 4684 4684 4681 4681 4690 4690 4684 4684 4690 4690 4692 4692 4684 4684 4692 4692 4693 4693 4684 4684 4693 4693 4695 4695 4684 4684 4695 4695 4687 4687 4510 4510 5803 5803 4511 4511 4784 4784 4791 4791 4779 4779 4789 4789 4790 4790 4792 4792 5336 5336 4800 4800 5279 5279 5335 5335 4800 4800 5336 5336 4800 4800 5335 5335 4798 4798 4798 4798 5335 5335 5334 5334 4798 4798 5334 5334 4796 4796 4796 4796 5334 5334 5333 5333 4796 4796 5333 5333 4557 4557 5333 5333 4804 4804 4557 4557 5367 5367 4558 4558 4804 4804 5366 5366 4558 4558 5367 5367 4558 4558 5366 5366 4807 4807 5365 5365 4807 4807 5366 5366 4807 4807 5365 5365 4803 4803 5364 5364 4803 4803 5365 5365 4803 4803 5364 5364 4808 4808 5363 5363 4808 4808 5364 5364 4808 4808 5363 5363 4809 4809 5362 5362 4809 4809 5363 5363 4809 4809 5362 5362 4802 4802 5361 5361 4802 4802 5362 5362 4802 4802 5361 5361 4810 4810 4801 4801 4810 4810 5361 5361 4810 4810 4801 4801 4811 4811 4812 4812 4811 4811 4801 4801 4906 4906 4833 4833 4834 4834 4833 4833 4906 4906 4937 4937 4833 4833 4937 4937 4832 4832 4832 4832 4937 4937 4831 4831 4937 4937 4921 4921 4831 4831 4831 4831 4921 4921 4830 4830 4921 4921 4835 4835 4830 4830 4830 4830 4835 4835 4823 4823 4835 4835 4920 4920 4823 4823 4823 4823 4920 4920 4829 4829 4919 4919 4829 4829 4920 4920 4829 4829 4919 4919 4824 4824 4925 4925 4824 4824 4919 4919 4824 4824 4925 4925 4825 4825 4923 4923 4825 4825 4925 4925 4918 4918 4825 4825 4923 4923 4559 4559 4825 4825 4918 4918 4556 4556 4882 4882 4842 4842 5409 5409 4556 4556 4842 4842 5408 5408 4556 4556 5409 5409 4844 4844 4556 4556 5408 5408 4844 4844 4795 4795 4556 4556 4844 4844 4797 4797 4795 4795 4844 4844 4799 4799 4797 4797 4844 4844 5278 5278 4799 4799 5434 5434 5404 5404 5402 5402 5434 5434 4850 4850 5404 5404 5434 5434 5405 5405 4850 4850 5434 5434 5406 5406 5405 5405 5434 5434 4849 4849 5406 5406 5434 5434 4848 4848 4849 4849 5434 5434 4847 4847 4848 4848 5434 5434 4846 4846 4847 4847 5434 5434 4845 4845 4846 4846 5434 5434 4844 4844 4845 4845 5434 5434 5278 5278 4844 4844 4851 4851 5278 5278 5434 5434 4851 4851 5281 5281 5278 5278 4851 4851 5511 5511 5281 5281 4851 4851 5512 5512 5511 5511 5444 5444 5512 5512 4851 4851 5444 5444 5513 5513 5512 5512 5442 5442 5513 5513 5444 5444 5442 5442 5514 5514 5513 5513 5438 5438 5514 5514 5442 5442 5438 5438 4893 4893 5514 5514 5439 5439 5515 5515 4894 4894 4854 4854 5515 5515 5439 5439 4854 4854 5516 5516 5515 5515 4854 4854 5517 5517 5516 5516 5507 5507 5517 5517 4854 4854 5507 5507 5518 5518 5517 5517 5505 5505 5518 5518 5507 5507 5505 5505 5519 5519 5518 5518 5503 5503 5519 5519 5505 5505 5503 5503 5520 5520 5519 5519 5503 5503 5521 5521 5520 5520 5501 5501 5521 5521 5503 5503 5501 5501 5522 5522 5521 5521 5499 5499 5522 5522 5501 5501 5499 5499 4892 4892 5522 5522 5499 5499 4891 4891 4892 4892 5497 5497 4891 4891 5499 5499 5497 5497 4890 4890 4891 4891 5497 5497 5523 5523 4890 4890 4856 4856 5523 5523 5497 5497 4856 4856 4889 4889 5523 5523 4858 4858 4889 4889 4856 4856 4858 4858 4888 4888 4889 4889 4858 4858 4887 4887 4888 4888 5493 5493 4887 4887 4858 4858 5493 5493 4886 4886 4887 4887 5493 5493 4885 4885 4886 4886 4860 4860 5532 5532 4885 4885 4860 4860 4870 4870 5532 5532 4885 4885 5493 5493 4860 4860 4860 4860 4868 4868 4870 4870 5491 5491 4868 4868 4860 4860 5491 5491 4866 4866 4868 4868 5489 5489 4866 4866 5491 5491 5489 5489 4864 4864 4866 4866 5487 5487 4864 4864 5489 5489 5487 5487 4862 4862 4864 4864 5485 5485 4862 4862 5487 5487 5297 5297 4862 4862 5485 5485 4895 4895 5281 5281 5511 5511 4896 4896 5281 5281 4895 4895 4897 4897 5281 5281 4896 4896 4898 4898 4880 4880 5282 5282 5549 5549 4880 4880 4898 4898 5548 5548 4880 4880 5549 5549 5548 5548 5285 5285 4880 4880 5547 5547 5285 5285 5548 5548 5546 5546 5285 5285 5547 5547 5546 5546 5287 5287 5285 5285 5545 5545 5287 5287 5546 5546 5545 5545 5289 5289 5287 5287 5544 5544 5289 5289 5545 5545 5544 5544 5291 5291 5289 5289 5543 5543 5291 5291 5544 5544 5542 5542 5291 5291 5543 5543 5542 5542 5293 5293 5291 5291 4899 4899 5293 5293 5542 5542 4899 4899 4878 4878 5293 5293 4900 4900 4878 4878 4899 4899 4900 4900 4876 4876 4878 4878 5539 5539 4876 4876 4900 4900 5538 5538 4876 4876 5539 5539 5538 5538 5295 5295 4876 4876 5537 5537 5295 5295 5538 5538 5536 5536 5295 5295 5537 5537 5536 5536 4874 4874 5295 5295 4901 4901 4874 4874 5536 5536 4902 4902 4874 4874 4901 4901 4903 4903 4874 4874 4902 4902 4903 4903 4872 4872 4874 4874 4904 4904 4872 4872 4903 4903 5532 5532 4872 4872 4904 4904 4870 4870 4872 4872 5532 5532 4924 4924 4913 4913 4914 4914 4915 4915 4924 4924 4914 4914 4916 4916 4924 4924 4915 4915 4917 4917 4924 4924 4916 4916 4923 4923 4924 4924 4917 4917 4918 4918 4923 4923 4917 4917 4924 4924 4612 4612 4913 4913 4925 4925 4924 4924 4923 4923 4612 4612 4613 4613 4912 4912 4924 4924 4613 4613 4612 4612 4926 4926 4613 4613 4924 4924 4925 4925 4926 4926 4924 4924 4919 4919 4926 4926 4925 4925 5419 5419 5431 5431 4272 4272 4928 4928 4927 4927 4613 4613 4926 4926 4928 4928 4613 4613 4919 4919 4928 4928 4926 4926 4920 4920 4928 4928 4919 4919 4930 4930 4929 4929 4927 4927 4928 4928 4930 4930 4927 4927 4931 4931 4930 4930 4928 4928 4920 4920 4931 4931 4928 4928 4932 4932 4931 4931 4920 4920 4920 4920 4835 4835 4932 4932 4921 4921 4932 4932 4835 4835 4930 4930 4933 4933 4929 4929 4934 4934 4933 4933 4930 4930 4931 4931 4934 4934 4930 4930 4936 4936 4934 4934 4931 4931 4932 4932 4936 4936 4931 4931 4937 4937 4936 4936 4932 4932 4937 4937 4932 4932 4921 4921 5000 5000 4911 4911 4933 4933 4528 4528 5811 5811 4522 4522 4521 4521 4528 4528 4522 4522 5000 5000 4933 4933 5001 5001 5001 5001 4933 4933 5002 5002 4934 4934 5002 5002 4933 4933 5002 5002 4934 4934 5003 5003 5003 5003 4934 4934 4910 4910 4936 4936 4910 4910 4934 4934 4910 4910 4936 4936 4909 4909 4936 4936 4908 4908 4909 4909 4908 4908 4936 4936 4907 4907 4937 4937 4907 4907 4936 4936 5639 5639 4562 4562 4959 4959 5639 5639 4564 4564 4562 4562 4564 4564 5639 5639 5637 5637 4564 4564 5637 5637 4566 4566 5635 5635 4566 4566 5637 5637 4566 4566 5635 5635 4568 4568 5635 5635 5633 5633 4568 4568 4568 4568 5633 5633 4570 4570 5633 5633 5631 5631 4570 4570 5629 5629 4570 4570 5631 5631 4570 4570 5629 5629 4572 4572 5627 5627 4572 4572 5629 5629 4572 4572 5627 5627 4956 4956 5627 5627 5625 5625 4956 4956 4956 4956 5625 5625 4962 4962 4956 4956 4962 4962 4574 4574 4964 4964 4574 4574 4962 4962 4574 4574 4964 4964 4954 4954 4964 4964 5623 5623 4954 4954 4954 4954 5623 5623 4966 4966 4954 4954 4966 4966 4952 4952 4968 4968 4952 4952 4966 4966 4952 4952 4968 4968 4950 4950 4968 4968 4970 4970 4950 4950 4950 4950 4970 4970 5621 5621 4950 4950 5621 5621 4948 4948 5619 5619 4948 4948 5621 5621 4948 4948 5619 5619 4946 4946 5619 5619 4972 4972 4946 4946 4946 4946 4972 4972 4974 4974 4946 4946 4974 4974 4944 4944 4976 4976 4944 4944 4974 4974 4944 4944 4976 4976 4942 4942 4978 4978 4942 4942 4976 4976 4942 4942 4978 4978 4940 4940 4978 4978 4980 4980 4940 4940 4940 4940 4980 4980 4982 4982 4940 4940 4982 4982 4938 4938 4984 4984 4938 4938 4982 4982 4938 4938 4984 4984 4576 4576 4984 4984 4986 4986 4576 4576 4576 4576 4986 4986 5615 5615 4576 4576 5615 5615 4578 4578 5613 5613 4578 4578 5615 5615 4578 4578 5613 5613 4580 4580 5611 5611 4580 4580 5613 5613 5609 5609 4580 4580 5611 5611 4582 4582 4580 4580 5609 5609 4998 4998 4999 4999 5038 5038 5003 5003 5039 5039 4996 4996 5039 5039 5003 5003 4910 4910 5039 5039 4910 4910 5040 5040 5040 5040 4910 4910 4909 4909 5040 5040 4909 4909 4994 4994 4908 4908 4994 4994 4909 4909 4908 4908 4993 4993 4994 4994 4993 4993 4908 4908 4992 4992 4908 4908 4907 4907 4992 4992 4992 4992 4907 4907 4990 4990 5109 5109 4991 4991 4906 4906 4999 4999 4911 4911 5000 5000 5001 5001 4999 4999 5000 5000 4999 4999 4998 4998 5035 5035 5002 5002 5036 5036 5001 5001 5036 5036 5002 5002 4996 4996 5003 5003 4996 4996 5002 5002 5607 5607 4582 4582 5609 5609 5607 5607 4640 4640 4582 4582 4640 4640 5607 5607 5605 5605 4640 4640 5605 5605 4642 4642 5603 5603 4642 4642 5605 5605 4642 4642 5603 5603 5018 5018 5603 5603 5021 5021 5018 5018 5018 5018 5021 5021 4644 4644 5021 5021 5023 5023 4644 4644 5025 5025 4644 4644 5023 5023 4644 4644 5025 5025 4646 4646 5599 5599 4646 4646 5025 5025 4646 4646 5599 5599 4648 4648 5599 5599 5597 5597 4648 4648 4648 4648 5597 5597 5595 5595 4648 4648 5595 5595 5016 5016 5593 5593 5016 5016 5595 5595 5016 5016 5593 5593 5014 5014 5593 5593 5591 5591 5014 5014 5014 5014 5591 5591 5589 5589 5014 5014 5589 5589 5012 5012 5587 5587 5012 5012 5589 5589 5012 5012 5587 5587 4650 4650 5587 5587 5585 5585 4650 4650 4650 4650 5585 5585 5028 5028 4650 4650 5028 5028 4652 4652 5030 5030 4652 4652 5028 5028 4652 4652 5030 5030 4654 4654 5030 5030 5583 5583 4654 4654 4654 4654 5583 5583 5581 5581 4654 4654 5581 5581 5010 5010 5034 5034 5010 5010 5581 5581 5010 5010 5034 5034 4657 4657 5578 5578 4656 4656 5033 5033 4656 4656 5578 5578 4660 4660 5578 5578 5576 5576 4660 4660 4660 4660 5576 5576 5574 5574 4660 4660 5574 5574 5008 5008 5572 5572 5008 5008 5574 5574 5008 5008 5572 5572 5006 5006 5572 5572 5570 5570 5006 5006 5006 5006 5570 5570 5568 5568 5006 5006 5568 5568 4662 4662 5566 5566 4662 4662 5568 5568 4662 4662 5566 5566 5004 5004 5564 5564 5004 5004 5566 5566 4959 4959 5004 5004 5564 5564 4562 4562 5004 5004 4959 4959 4998 4998 5057 5057 5035 5035 5037 5037 5061 5061 4997 4997 5063 5063 5061 5061 5037 5037 4996 4996 5064 5064 5036 5036 5039 5039 5062 5062 4996 4996 5066 5066 5062 5062 5039 5039 5040 5040 5066 5066 5039 5039 4994 4994 5065 5065 5040 5040 5069 5069 5065 5065 4994 4994 4993 4993 5068 5068 4994 4994 4992 4992 5067 5067 4993 4993 5070 5070 5067 5067 4992 4992 4990 4990 5070 5070 4992 4992 5745 5745 4463 4463 5743 5743 4462 4462 5743 5743 4463 4463 5057 5057 5060 5060 5056 5056 5063 5063 5071 5071 5061 5061 5075 5075 5071 5071 5063 5063 5066 5066 5073 5073 5062 5062 5078 5078 5073 5073 5066 5066 5069 5069 5076 5076 5065 5065 5080 5080 5076 5076 5069 5069 5081 5081 5079 5079 5067 5067 5070 5070 5081 5081 5067 5067 5041 5041 5081 5081 5070 5070 5042 5042 5081 5081 5041 5041 5043 5043 5081 5081 5042 5042 4333 4333 4331 4331 4329 4329 5088 5088 5083 5083 5074 5074 4333 4333 4329 4329 4326 4326 5078 5078 5089 5089 5073 5073 4333 4333 4326 4326 4277 4277 4325 4325 4277 4277 4326 4326 5091 5091 5086 5086 5077 5077 4277 4277 4325 4325 4276 4276 4324 4324 4276 4276 4325 4325 5080 5080 5090 5090 5076 5076 5093 5093 5090 5090 5080 5080 4276 4276 4324 4324 4275 4275 4323 4323 4275 4275 4324 4324 5081 5081 5092 5092 5079 5079 5094 5094 5092 5092 5081 5081 5043 5043 5094 5094 5081 5081 5087 5087 5106 5106 5082 5082 5096 5096 5106 5106 5087 5087 4275 4275 4323 4323 4273 4273 4322 4322 4273 4273 4323 4323 5098 5098 5095 5095 5086 5086 5091 5091 5098 5098 5086 5086 4273 4273 4322 4322 4334 4334 4334 4334 4322 4322 5415 5415 5100 5100 5097 5097 5090 5090 5093 5093 5100 5100 5090 5090 5416 5416 4334 4334 5415 5415 5416 5416 4279 4279 4334 4334 5101 5101 5099 5099 5092 5092 5094 5094 5101 5101 5092 5092 5044 5044 5101 5101 5094 5094 5045 5045 5101 5101 5044 5044 4672 4672 5101 5101 5045 5045 5107 5107 5050 5050 5052 5052 5104 5104 5108 5108 5053 5053 5050 5050 5107 5107 5047 5047 4279 4279 5416 5416 4268 4268 5417 5417 4268 4268 5416 5416 5096 5096 5048 5048 5106 5106 5418 5418 4297 4297 4269 4269 5046 5046 5095 5095 5098 5098 5046 5046 5098 5098 4665 4665 4321 4321 4297 4297 5418 5418 5100 5100 4664 4664 5097 5097 4664 4664 5100 5100 4668 4668 4321 4321 4299 4299 4297 4297 5101 5101 4667 4667 5099 5099 4667 4667 5101 5101 4670 4670 4670 4670 5101 5101 4672 4672 5056 5056 5072 5072 5055 5055 5055 5055 5103 5103 5085 5085 4316 4316 4299 4299 4321 4321 5075 5075 5084 5084 5071 5071 4299 4299 4316 4316 4300 4300 5055 5055 5085 5085 5054 5054 5054 5054 5085 5085 5105 5105 4300 4300 4316 4316 4313 4313 4312 4312 4300 4300 4313 4313 4312 4312 4301 4301 4300 4300 5112 5112 4834 4834 5111 5111 5112 5112 4906 4906 4834 4834 5698 5698 4906 4906 5112 5112 5698 5698 5109 5109 4906 4906 5698 5698 4989 4989 5109 5109 5698 5698 5070 5070 4989 4989 5698 5698 5041 5041 5070 5070 5698 5698 5228 5228 5041 5041 5227 5227 5041 5041 5228 5228 5226 5226 5041 5041 5227 5227 5225 5225 5041 5041 5226 5226 5224 5224 5041 5041 5225 5225 5224 5224 5042 5042 5041 5041 5116 5116 5042 5042 5224 5224 5115 5115 5043 5043 5042 5042 5115 5115 5094 5094 5043 5043 5115 5115 5044 5044 5094 5094 5115 5115 5045 5045 5044 5044 4674 4674 5045 5045 5115 5115 4672 4672 5045 5045 4674 4674 5223 5223 4675 4675 5117 5117 4686 4686 4675 4675 5223 5223 4676 4676 4675 4675 4686 4686 5139 5139 5173 5173 5137 5137 5139 5139 5135 5135 5173 5173 5135 5135 5139 5139 5141 5141 5135 5135 5141 5141 5134 5134 5143 5143 5134 5134 5141 5141 5134 5134 5143 5143 5133 5133 5143 5143 5665 5665 5133 5133 5133 5133 5665 5665 5132 5132 5665 5665 5145 5145 5132 5132 5147 5147 5132 5132 5145 5145 5132 5132 5147 5147 5131 5131 5149 5149 5131 5131 5147 5147 5131 5131 5149 5149 5130 5130 5149 5149 5151 5151 5130 5130 5130 5130 5151 5151 5662 5662 5130 5130 5662 5662 5128 5128 5153 5153 5129 5129 5663 5663 5129 5129 5153 5153 4722 4722 5153 5153 5659 5659 4722 4722 4722 4722 5659 5659 5156 5156 4722 4722 5156 5156 5127 5127 5158 5158 5127 5127 5156 5156 5127 5127 5158 5158 5126 5126 5158 5158 5657 5657 5126 5126 5126 5126 5657 5657 5655 5655 5126 5126 5655 5655 4723 4723 5653 5653 4723 4723 5655 5655 4723 4723 5653 5653 5125 5125 5653 5653 5160 5160 5125 5125 5125 5125 5160 5160 5162 5162 5125 5125 5162 5162 5124 5124 5164 5164 5124 5124 5162 5162 5124 5124 5164 5164 5123 5123 5166 5166 5123 5123 5164 5164 5123 5123 5166 5166 4724 4724 5166 5166 5168 5168 4724 4724 4724 4724 5168 5168 5649 5649 4724 4724 5649 5649 4725 4725 5647 5647 4725 4725 5649 5649 4725 4725 5647 5647 5122 5122 5647 5647 5645 5645 5122 5122 5122 5122 5645 5645 5643 5643 5122 5122 5643 5643 5121 5121 5170 5170 5121 5121 5643 5643 5121 5121 5170 5170 5120 5120 5172 5172 5120 5120 5170 5170 5182 5182 5120 5120 5172 5172 5180 5180 5120 5120 5182 5182 5184 5184 5180 5180 5182 5182 5184 5184 4727 4727 5180 5180 4727 4727 5184 5184 5689 5689 4727 4727 5689 5689 4728 4728 5687 5687 4728 4728 5689 5689 4728 4728 5687 5687 4729 4729 5687 5687 5685 5685 4729 4729 4729 4729 5685 5685 4730 4730 5685 5685 5186 5186 4730 4730 5188 5188 4730 4730 5186 5186 4730 4730 5188 5188 4731 4731 5683 5683 4731 4731 5188 5188 4731 4731 5683 5683 5179 5179 5683 5683 5681 5681 5179 5179 5179 5179 5681 5681 5679 5679 5179 5179 5679 5679 4732 4732 5677 5677 4732 4732 5679 5679 4732 4732 5677 5677 4733 4733 5677 5677 5190 5190 4733 4733 4733 4733 5190 5190 5192 5192 4733 4733 5192 5192 4734 4734 5194 5194 4734 4734 5192 5192 4734 4734 5194 5194 4735 4735 5194 5194 5196 5196 4735 4735 4735 4735 5196 5196 5675 5675 4735 4735 5675 5675 4736 4736 5673 5673 4736 4736 5675 5675 4736 4736 5673 5673 5178 5178 5673 5673 5198 5198 5178 5178 5178 5178 5198 5198 5200 5200 5178 5178 5200 5200 5177 5177 5202 5202 5177 5177 5200 5200 5177 5177 5202 5202 4737 4737 5671 5671 4737 4737 5202 5202 4737 4737 5671 5671 5176 5176 5671 5671 5669 5669 5176 5176 5176 5176 5669 5669 5667 5667 5176 5176 5667 5667 5175 5175 5204 5204 5175 5175 5667 5667 5175 5175 5204 5204 5174 5174 5204 5204 5206 5206 5174 5174 5174 5174 5206 5206 5208 5208 5174 5174 5208 5208 4738 4738 5210 5210 4738 4738 5208 5208 4738 4738 5210 5210 4739 4739 5212 5212 4739 4739 5210 5210 5137 5137 4739 4739 5212 5212 5173 5173 4739 4739 5137 5137 4351 4351 4482 4482 4480 4480 5410 5410 4332 4332 5414 5414 4267 4267 4301 4301 4312 4312 5419 5419 4267 4267 4312 4312 4267 4267 5419 5419 4272 4272 5763 5763 4264 4264 4253 4253 5763 5763 4253 4253 5761 5761 4346 4346 5799 5799 4507 4507 4399 4399 5555 5555 4247 4247 4247 4247 5555 5555 5561 5561 4518 4518 4274 4274 4532 4532 4346 4346 5797 5797 5799 5799 4517 4517 4532 4532 4274 4274 5425 5425 5414 5414 5413 5413 4777 4777 4547 4547 4549 4549 5410 5410 5414 5414 5425 5425 5796 5796 4775 4775 4549 4549 5785 5785 4775 4775 5796 5796 5899 5899 5325 5325 5887 5887 5899 5899 5831 5831 5325 5325 5831 5831 5899 5899 5833 5833 5899 5899 5327 5327 5833 5833 5327 5327 5328 5328 5833 5833 5328 5328 5343 5343 5833 5833 5330 5330 5833 5833 5343 5343 5833 5833 5330 5330 5323 5323 5330 5330 5341 5341 5323 5323 5341 5341 5332 5332 5323 5323 5332 5332 5339 5339 5323 5323 5337 5337 5323 5323 5339 5339 5323 5323 5337 5337 5321 5321 5280 5280 5321 5321 5337 5337 5321 5321 5280 5280 5836 5836 5280 5280 5284 5284 5836 5836 5835 5835 5283 5283 4881 4881 5835 5835 4881 4881 5839 5839 5286 5286 5839 5839 4881 4881 5839 5839 5286 5286 5841 5841 5288 5288 5841 5841 5286 5286 5841 5841 5288 5288 5843 5843 5288 5288 5290 5290 5843 5843 5843 5843 5290 5290 5317 5317 5290 5290 5292 5292 5317 5317 5317 5317 5292 5292 5315 5315 5292 5292 5294 5294 5315 5315 5315 5315 5294 5294 5845 5845 5294 5294 4879 4879 5845 5845 5845 5845 4879 4879 5847 5847 4879 4879 4877 4877 5847 5847 5847 5847 4877 4877 5296 5296 5847 5847 5296 5296 5313 5313 5313 5313 5296 5296 4875 4875 5313 5313 4875 4875 5311 5311 5311 5311 4875 4875 4873 4873 5311 5311 4873 4873 5309 5309 4871 4871 5309 5309 4873 4873 5309 5309 4871 4871 5307 5307 4871 4871 4869 4869 5307 5307 5307 5307 4869 4869 4867 4867 5307 5307 4867 4867 5305 5305 5305 5305 4867 4867 4865 4865 5305 5305 4865 4865 5303 5303 5303 5303 4865 4865 4863 4863 5303 5303 4863 4863 5301 5301 5298 5298 5301 5301 4863 4863 5299 5299 5301 5301 5298 5298 5328 5328 5327 5327 5884 5884 5344 5344 5342 5342 5885 5885 5886 5886 5343 5343 5328 5328 5342 5342 5347 5347 5329 5329 5348 5348 5344 5344 5345 5345 5346 5346 5348 5348 5345 5345 5344 5344 5348 5348 5342 5342 5347 5347 5342 5342 5348 5348 5329 5329 5347 5347 5349 5349 5329 5329 5349 5349 5340 5340 5882 5882 5348 5348 5346 5346 4348 4348 4349 4349 4552 4552 5881 5881 5351 5351 5882 5882 5882 5882 5351 5351 5348 5348 5352 5352 5348 5348 5351 5351 5347 5347 5348 5348 5352 5352 5353 5353 5347 5347 5352 5352 5349 5349 5347 5347 5353 5353 5354 5354 5349 5349 5353 5353 5340 5340 5349 5349 5354 5354 5355 5355 5340 5340 5354 5354 5331 5331 5340 5340 5355 5355 5356 5356 5331 5331 5355 5355 5338 5338 5331 5331 5356 5356 4552 4552 4349 4349 5769 5769 5338 5338 5356 5356 5336 5336 5880 5880 5351 5351 5881 5881 5336 5336 5356 5356 5335 5335 5879 5879 5361 5361 5880 5880 5880 5880 5361 5361 5351 5351 5362 5362 5351 5351 5361 5361 5352 5352 5351 5351 5362 5362 5363 5363 5352 5352 5362 5362 5353 5353 5352 5352 5363 5363 5364 5364 5353 5353 5363 5363 5354 5354 5353 5353 5364 5364 5365 5365 5354 5354 5364 5364 5355 5355 5354 5354 5365 5365 5366 5366 5355 5355 5365 5365 5356 5356 5355 5355 5366 5366 5367 5367 5356 5356 5366 5366 5334 5334 5356 5356 5367 5367 5335 5335 5356 5356 5334 5334 5879 5879 4801 4801 5361 5361 5535 5535 5551 5551 4434 4434 5535 5535 4434 4434 4435 4435 5333 5333 5367 5367 4804 4804 5334 5334 5367 5367 5333 5333 4812 4812 5382 5382 5381 5381 4801 4801 5382 5382 4812 4812 4801 4801 5383 5383 5382 5382 5370 5370 5383 5383 4801 4801 5924 5924 5383 5383 5370 5370 5971 5971 5383 5383 5924 5924 5371 5371 5383 5383 5971 5971 5376 5376 5383 5383 5371 5371 5371 5371 5979 5979 5376 5376 5371 5371 5980 5980 5979 5979 5371 5371 5981 5981 5980 5980 5371 5371 5982 5982 5981 5981 5371 5371 5985 5985 5982 5982 5958 5958 5985 5985 5371 5371 5947 5947 5985 5985 5958 5958 5923 5923 5985 5985 5947 5947 5923 5923 5433 5433 5985 5985 5923 5923 5922 5922 5433 5433 6003 6003 5435 5435 5403 5403 5429 5429 5435 5435 6003 6003 6005 6005 5435 5435 5429 5429 6004 6004 5435 5435 6005 6005 6006 6006 5435 5435 6004 6004 4461 4461 5435 5435 6006 6006 5983 5983 5435 5435 4461 4461 5432 5432 5436 5436 5984 5984 5436 5436 5432 5432 5921 5921 5436 5436 5921 5921 4852 4852 5919 5919 4852 4852 5921 5921 5916 5916 4852 4852 5919 5919 5445 5445 4852 4852 5916 5916 5912 5912 5445 5445 5916 5916 5912 5912 5443 5443 5445 5445 5909 5909 5443 5443 5912 5912 5443 5443 5909 5909 5440 5440 5909 5909 5907 5907 5440 5440 5486 5486 5299 5299 5298 5298 5486 5486 6010 6010 5299 5299 5488 5488 6010 6010 5486 5486 6010 6010 5488 5488 6012 6012 5490 5490 6012 6012 5488 5488 6012 6012 5490 5490 5480 5480 5492 5492 5480 5480 5490 5490 5480 5480 5492 5492 5478 5478 4861 4861 5478 5478 5492 5492 5478 5478 4861 4861 6014 6014 5494 5494 6014 6014 4861 4861 6014 6014 5494 5494 6016 6016 5494 5494 4859 4859 6016 6016 6016 6016 4859 4859 4857 4857 6016 6016 4857 4857 6018 6018 5498 5498 6018 6018 4857 4857 6018 6018 5498 5498 5474 5474 5474 5474 5498 5498 5500 5500 5474 5474 5500 5500 5472 5472 5472 5472 5500 5500 5502 5502 5472 5472 5502 5502 5470 5470 5470 5470 5502 5502 5504 5504 5470 5470 5504 5504 5468 5468 5468 5468 5504 5504 5506 5506 5468 5468 5506 5506 5466 5466 5466 5466 5506 5506 5508 5508 5466 5466 5508 5508 5464 5464 4855 4855 5464 5464 5508 5508 5464 5464 4855 4855 5462 5462 5441 5441 5462 5462 4855 4855 5908 5908 5462 5462 5441 5441 5462 5462 5908 5908 5460 5460 5449 5449 5460 5460 5908 5908 5460 5460 5449 5449 6020 6020 5449 5449 5450 5450 6020 6020 5905 5905 6020 6020 5450 5450 6020 6020 5905 5905 6022 6022 5904 5904 6022 6022 5905 5905 6022 6022 5904 5904 5457 5457 5903 5903 5457 5457 5904 5904 5457 5457 5903 5903 5455 5455 5887 5887 5455 5455 5903 5903 5325 5325 5455 5455 5887 5887 4967 4967 5620 5620 4969 4969 4965 4965 5620 5620 4967 4967 4965 4965 5618 5618 5620 5620 5622 5622 5618 5618 4965 4965 5195 5195 5618 5618 5622 5622 5195 5195 4971 4971 5618 5618 5193 5193 4971 4971 5195 5195 5191 5191 4971 4971 5193 5193 5191 5191 4973 4973 4971 4971 5189 5189 4973 4973 5191 5191 5676 5676 4973 4973 5189 5189 5676 5676 4975 4975 4973 4973 5678 5678 4975 4975 5676 5676 5678 5678 4977 4977 4975 4975 5680 5680 4977 4977 5678 5678 5680 5680 4979 4979 4977 4977 5682 5682 4979 4979 5680 5680 5682 5682 4981 4981 4979 4979 5187 5187 4981 4981 5682 5682 5187 5187 4983 4983 4981 4981 5185 5185 4983 4983 5187 5187 5185 5185 4985 4985 4983 4983 5684 5684 4985 4985 5185 5185 5684 5684 5614 5614 4985 4985 5686 5686 5614 5614 5684 5684 5686 5686 5612 5612 5614 5614 5688 5688 5612 5612 5686 5686 5688 5688 5610 5610 5612 5612 5183 5183 5610 5610 5688 5688 5181 5181 5610 5610 5183 5183 5181 5181 5608 5608 5610 5610 5171 5171 5608 5608 5181 5181 5171 5171 5606 5606 5608 5608 5169 5169 5606 5606 5171 5171 5169 5169 5604 5604 5606 5606 5642 5642 5604 5604 5169 5169 5642 5642 5602 5602 5604 5604 5644 5644 5602 5602 5642 5642 5644 5644 5020 5020 5602 5602 5646 5646 5020 5020 5644 5644 5646 5646 5022 5022 5020 5020 5648 5648 5022 5022 5646 5646 5648 5648 5024 5024 5022 5022 5167 5167 5024 5024 5648 5648 5167 5167 5598 5598 5024 5024 5165 5165 5598 5598 5167 5167 5165 5165 5596 5596 5598 5598 5163 5163 5596 5596 5165 5165 5161 5161 5596 5596 5163 5163 5161 5161 5594 5594 5596 5596 5159 5159 5594 5594 5161 5161 5159 5159 5592 5592 5594 5594 5652 5652 5592 5592 5159 5159 5654 5654 5592 5592 5652 5652 5590 5590 5654 5654 5656 5656 5590 5590 5592 5592 5654 5654 5622 5622 5674 5674 5195 5195 5622 5622 5672 5672 5674 5674 4963 4963 5672 5672 5622 5622 4963 4963 5197 5197 5672 5672 4961 4961 5197 5197 4963 4963 4961 4961 5199 5199 5197 5197 4961 4961 5201 5201 5199 5199 5624 5624 5201 5201 4961 4961 5624 5624 5670 5670 5201 5201 5626 5626 5670 5670 5624 5624 5626 5626 5668 5668 5670 5670 5628 5628 5668 5668 5626 5626 5628 5628 5666 5666 5668 5668 5630 5630 5666 5666 5628 5628 5630 5630 5203 5203 5666 5666 5632 5632 5203 5203 5630 5630 5632 5632 5205 5205 5203 5203 5634 5634 5205 5205 5632 5632 5634 5634 5207 5207 5205 5205 5636 5636 5207 5207 5634 5634 5636 5636 5209 5209 5207 5207 5638 5638 5209 5209 5636 5636 5638 5638 5211 5211 5209 5209 4958 4958 5211 5211 5638 5638 4958 4958 5136 5136 5211 5211 4958 4958 5138 5138 5136 5136 5563 5563 5138 5138 4958 4958 5563 5563 5140 5140 5138 5138 5565 5565 5140 5140 5563 5563 5565 5565 5142 5142 5140 5140 5567 5567 5142 5142 5565 5565 5567 5567 5664 5664 5142 5142 5569 5569 5664 5664 5567 5567 5569 5569 5144 5144 5664 5664 5571 5571 5144 5144 5569 5569 5571 5571 5146 5146 5144 5144 5573 5573 5146 5146 5571 5571 5573 5573 5148 5148 5146 5146 5575 5575 5148 5148 5573 5573 5575 5575 5150 5150 5148 5148 5577 5577 5150 5150 5575 5575 5577 5577 5660 5660 5150 5150 5031 5031 5660 5660 5577 5577 5032 5032 5152 5152 5661 5661 5032 5032 5658 5658 5152 5152 5580 5580 5658 5658 5032 5032 5580 5580 5155 5155 5658 5658 5580 5580 5157 5157 5155 5155 5582 5582 5157 5157 5580 5580 5582 5582 5656 5656 5157 5157 5029 5029 5590 5590 5656 5656 5656 5656 5582 5582 5029 5029 5029 5029 5588 5588 5590 5590 5027 5027 5588 5588 5029 5029 5027 5027 5586 5586 5588 5588 5027 5027 5584 5584 5586 5586 4528 4528 4521 4521 5809 5809 4520 4520 5809 5809 4521 4521 4547 4547 4781 4781 5798 5798 4781 4781 4547 4547 4777 4777 5752 5752 4749 4749 5729 5729 5750 5750 4749 4749 5752 5752 4530 4530 4519 4519 4532 4532 4519 4519 4518 4518 4532 4532 4546 4546 5797 5797 4346 4346 5807 5807 4512 4512 5805 5805 4506 4506 4546 4546 4346 4346 5423 5423 5412 5412 5411 5411 5787 5787 4551 4551 5789 5789 5789 5789 4551 4551 4553 4553 4511 4511 5805 5805 4512 4512 5420 5420 4292 4292 5428 5428 5812 5812 4821 4821 4827 4827 4529 4529 4821 4821 5812 5812 4284 4284 5422 5422 5411 5411 5717 5717 5715 5715 4479 4479 5768 5768 5717 5717 4479 4479 5794 5794 5785 5785 5796 5796 5851 5851 5300 5300 5849 5849 5851 5851 5302 5302 5300 5300 5302 5302 5851 5851 5853 5853 5302 5302 5853 5853 5304 5304 5855 5855 5304 5304 5853 5853 5304 5304 5855 5855 5306 5306 5855 5855 5857 5857 5306 5306 5306 5306 5857 5857 5308 5308 5857 5857 5859 5859 5308 5308 5861 5861 5308 5308 5859 5859 5308 5308 5861 5861 5310 5310 4987 4987 5310 5310 5861 5861 5310 5310 4987 4987 5312 5312 4987 4987 5863 5863 5312 5312 5312 5312 5863 5863 5865 5865 5312 5312 5865 5865 5314 5314 5058 5058 5314 5314 5865 5865 5314 5314 5058 5058 5848 5848 5058 5058 5113 5113 5848 5848 5848 5848 5113 5113 5118 5118 5848 5848 5118 5118 5846 5846 5867 5867 5846 5846 5118 5118 5846 5846 5867 5867 5316 5316 5867 5867 5869 5869 5316 5316 5316 5316 5869 5869 5871 5871 5316 5316 5871 5871 5318 5318 5873 5873 5318 5318 5871 5871 5318 5318 5873 5873 5844 5844 5873 5873 5229 5229 5844 5844 5844 5844 5229 5229 5231 5231 5844 5844 5231 5231 5842 5842 5233 5233 5842 5842 5231 5231 5842 5842 5233 5233 5840 5840 5235 5235 5840 5840 5233 5233 5840 5840 5235 5235 5837 5837 5235 5235 5237 5237 5837 5837 5838 5838 5238 5238 5241 5241 5838 5838 5241 5241 5322 5322 5243 5243 5322 5322 5241 5241 5322 5322 5243 5243 5324 5324 5243 5243 5876 5876 5324 5324 5324 5324 5876 5876 5253 5253 5324 5324 5253 5253 5834 5834 5255 5255 5834 5834 5253 5253 5834 5834 5255 5255 5832 5832 5257 5257 5832 5832 5255 5255 6024 6024 5832 5832 5257 5257 5326 5326 5832 5832 6024 6024 5885 5885 5890 5890 5893 5893 5895 5895 5346 5346 5345 5345 5346 5346 5895 5895 5882 5882 5895 5895 5896 5896 5882 5882 5882 5882 5896 5896 5897 5897 5882 5882 5897 5897 5881 5881 5881 5881 5897 5897 5898 5898 5881 5881 5898 5898 5880 5880 5898 5898 5879 5879 5880 5880 5900 5900 5879 5879 5898 5898 5879 5879 5900 5900 4801 4801 5900 5900 5370 5370 4801 4801 5900 5900 5924 5924 5370 5370 5887 5887 5889 5889 5899 5899 5883 5883 5327 5327 5899 5899 5885 5885 5893 5893 5344 5344 5344 5344 5893 5893 5901 5901 5344 5344 5901 5901 5345 5345 5895 5895 5345 5345 5901 5901 5911 5911 5926 5926 5906 5906 5911 5911 5927 5927 5926 5926 5915 5915 5928 5928 5910 5910 5915 5915 5930 5930 5928 5928 5933 5933 5931 5931 5914 5914 5918 5918 5934 5934 5913 5913 5918 5918 5935 5935 5934 5934 5920 5920 5936 5936 5917 5917 5922 5922 5936 5936 5920 5920 5923 5923 5936 5936 5922 5922 5449 5449 5925 5925 5450 5450 5927 5927 5974 5974 5926 5926 5938 5938 5974 5974 5927 5927 5940 5940 5939 5939 5928 5928 5930 5930 5940 5940 5928 5928 5942 5942 5941 5941 5931 5931 5933 5933 5942 5942 5931 5931 5944 5944 5943 5943 5934 5934 5935 5935 5944 5944 5934 5934 5947 5947 5946 5946 5936 5936 5947 5947 5936 5936 5923 5923 5905 5905 5972 5972 5975 5975 5450 5450 5973 5973 5905 5905 5940 5940 5950 5950 5939 5939 5952 5952 5951 5951 5941 5941 5942 5942 5952 5952 5941 5941 5954 5954 5953 5953 5943 5943 5944 5944 5954 5954 5943 5943 5956 5956 5955 5955 5945 5945 5947 5947 5957 5957 5946 5946 5958 5958 5957 5957 5947 5947 5975 5975 5903 5903 5904 5904 5905 5905 5975 5975 5904 5904 5962 5962 5961 5961 5949 5949 5952 5952 5963 5963 5951 5951 5964 5964 5963 5963 5952 5952 5954 5954 5965 5965 5953 5953 5966 5966 5965 5965 5954 5954 5956 5956 5967 5967 5955 5955 5969 5969 5967 5967 5956 5956 5958 5958 5970 5970 5957 5957 5971 5971 5970 5970 5958 5958 5819 5819 4524 4524 5817 5817 5971 5971 5958 5958 5371 5371 5903 5903 5889 5889 5887 5887 5960 5960 5892 5892 5902 5902 5959 5959 5894 5894 5891 5891 5893 5893 5961 5961 5962 5962 5893 5893 5962 5962 5901 5901 5901 5901 5963 5963 5895 5895 5964 5964 5895 5895 5963 5963 5895 5895 5965 5965 5896 5896 5966 5966 5896 5896 5965 5965 5896 5896 5967 5967 5897 5897 5969 5969 5897 5897 5967 5967 5897 5897 5969 5969 5898 5898 5898 5898 5970 5970 5900 5900 5971 5971 5900 5900 5970 5970 5900 5900 5971 5971 5924 5924 4523 4523 5817 5817 4524 4524 5938 5938 5976 5976 5974 5974 5948 5948 5976 5976 5938 5938 5960 5960 5902 5902 5977 5977 5948 5948 5959 5959 5976 5976 4520 4520 4530 4530 5809 5809 4436 4436 4435 4435 4434 4434 4546 4546 4506 4506 4548 4548 4471 4471 4490 4490 5761 5761 4541 4541 4793 4793 4539 4539 4530 4530 4520 4520 4519 4519 4452 4452 4496 4496 4494 4494 5761 5761 4253 4253 4255 4255 4505 4505 4548 4548 4506 4506 4492 4492 4490 4490 4471 4471 4455 4455 5813 5813 4523 4523 4537 4537 5773 5773 5771 5771 5808 5808 5773 5773 4537 4537 4466 4466 4496 4496 4452 4452 4550 4550 4348 4348 4552 4552 5761 5761 4255 4255 4473 4473 5813 5813 4455 4455 4526 4526 4531 4531 4817 4817 5810 5810 4531 4531 4815 4815 4817 4817 5801 5801 4510 4510 4345 4345 5816 5816 4838 4838 5818 5818 5556 5556 5561 5561 5555 5555 4489 4489 4767 4767 4770 4770 5561 5561 5556 5556 4394 4394 5764 5764 4767 4767 4489 4489 4553 4553 5770 5770 5789 5789 5789 5789 5770 5770 4773 4773 4483 4483 5719 5719 4481 4481 4483 4483 5721 5721 5719 5719 4508 4508 4542 4542 4509 4509 4542 4542 4508 4508 4544 4544 4491 4491 5723 5723 5762 5762 4491 4491 5725 5725 5723 5723 4436 4436 4434 4434 4433 4433 4436 4436 4433 4433 4438 4438 5767 5767 4478 4478 4350 4350 4350 4350 5769 5769 4349 4349 4769 4769 5766 5766 4486 4486 4350 4350 4478 4478 5769 5769 4489 4489 4770 4770 4487 4487 4507 4507 4544 4544 4508 4508 4542 4542 4540 4540 4509 4509 5749 5749 4467 4467 4494 4494 4507 4507 5799 5799 4544 4544 4509 4509 4540 4540 4538 4538 4452 4452 4494 4494 4467 4467 5259 5259 5326 5326 6024 6024 5259 5259 5456 5456 5326 5326 5456 5456 5259 5259 5261 5261 5456 5456 5261 5261 5458 5458 6026 6026 5458 5458 5261 5261 5458 5458 6026 6026 6023 6023 6026 6026 5263 5263 6023 6023 6023 6023 5263 5263 6021 6021 5263 5263 6028 6028 6021 6021 5270 5270 6021 6021 6028 6028 6021 6021 5270 5270 5461 5461 5272 5272 5461 5461 5270 5270 5461 5461 5272 5272 5463 5463 5272 5272 6030 6030 5463 5463 5463 5463 6030 6030 5274 5274 5463 5463 5274 5274 5465 5465 5276 5276 5465 5465 5274 5274 5465 5465 5276 5276 5467 5467 5276 5276 5319 5319 5467 5467 5467 5467 5319 5319 6032 6032 5467 5467 6032 6032 5469 5469 6034 6034 5469 5469 6032 6032 5469 5469 6034 6034 5471 5471 6034 6034 6036 6036 5471 5471 5471 5471 6036 6036 6038 6038 5471 5471 6038 6038 5473 5473 6040 6040 5473 5473 6038 6038 5473 5473 6040 6040 5475 5475 6040 6040 5368 5368 5475 5475 5475 5475 5368 5368 6042 6042 5475 5475 6042 6042 6019 6019 5374 5374 6019 6019 6042 6042 6019 6019 5374 5374 6017 6017 5378 5378 6017 6017 5374 5374 6017 6017 5378 5378 6015 6015 5378 5378 5386 5386 6015 6015 6015 6015 5386 5386 6044 6044 6015 6015 6044 6044 5479 5479 6046 6046 5479 5479 6044 6044 5479 5479 6046 6046 5481 5481 6046 6046 6048 6048 5481 5481 5481 5481 6048 6048 5394 5394 5481 5481 5394 5394 6013 6013 5396 5396 6013 6013 5394 5394 6013 6013 5396 5396 6011 6011 5399 5399 6011 6011 5396 5396 5849 5849 6011 6011 5399 5399 5300 5300 6011 6011 5849 5849 4432 4432 4438 4438 4433 4433 4438 4438 4432 4432 4439 4439 5777 5777 5775 5775 5806 5806 4425 4425 4439 4439 4432 4432 4439 4439 4425 4425 4441 4441 4421 4421 4441 4441 4425 4425 4441 4441 4421 4421 4262 4262 4417 4417 4262 4262 4421 4421 4262 4262 4417 4417 4261 4261 4261 4261 4417 4417 4415 4415 4414 4414 4261 4261 4415 4415 4414 4414 4265 4265 4261 4261 4265 4265 4414 4414 4395 4395 4411 4411 4395 4395 4414 4414 4412 4412 4398 4398 4396 4396 5552 5552 4398 4398 4412 4412 5552 5552 4252 4252 4398 4398 5553 5553 4252 4252 5552 5552 4252 4252 5553 5553 4250 4250 4250 4250 5553 5553 4408 4408 5554 5554 4250 4250 4408 4408 5554 5554 4249 4249 4250 4250 4248 4248 4249 4249 5554 5554 5750 5750 4740 4740 4749 4749 4705 4705 5746 5746 5744 5744 5729 5729 5756 5756 5754 5754 4740 4740 5750 5750 4495 4495 4705 4705 5744 5744 4702 4702 5752 5752 5729 5729 5754 5754 5814 5814 4836 4836 5816 5816 4836 4836 5814 5814 4527 4527 4493 4493 5725 5725 4491 4491 5725 5725 4493 4493 4763 4763 4763 4763 4493 4493 5760 5760 4757 4757 4763 4763 5760 5760 4767 4767 5764 5764 5723 5723 4740 4740 4495 4495 5731 5731 5742 5742 4702 4702 5744 5744 5723 5723 5764 5764 5762 5762 4497 4497 5731 5731 4495 4495 4702 4702 5742 5742 5821 5821 5773 5773 5808 5808 5775 5775 5775 5775 5808 5808 5806 5806 5777 5777 5804 5804 5779 5779 5802 5802 5779 5779 5804 5804 5779 5779 5802 5802 4793 4793 4793 4793 5802 5802 4539 4539 4543 4543 4787 4787 4541 4541 4543 4543 4785 4785 4787 4787 5800 5800 5781 5781 4545 4545 5781 5781 5800 5800 5783 5783 5798 5798 5783 5783 5800 5800 5798 5798 4781 4781 5783 5783 4785 4785 4543 4543 4545 4545 4785 4785 4545 4545 5781 5781 5731 5731 4497 4497 5733 5733 4499 4499 5733 5733 4497 4497 4477 4477 5767 5767 4350 4350 4499 4499 5735 5735 5733 5733 4501 4501 5735 5735 4499 4499 5739 5739 5737 5737 5748 5748 4503 4503 5739 5739 5748 5748 5821 5821 5742 5742 5820 5820 5820 5820 5818 5818 5821 5821 5821 5821 5818 5818 4840 4840 4838 4838 4840 4840 5818 5818 4541 4541 4787 4787 4793 4793 4406 4406 4248 4248 5554 5554 4248 4248 4406 4406 4399 4399 4248 4248 4399 4399 4247 4247 4358 4358 5765 5765 4351 4351 5761 5761 4473 4473 4472 4472 5765 5765 4358 4358 4484 4484 4360 4360 4475 4475 5763 5763 4471 4471 5761 5761 4472 4472 4475 4475 4263 4263 5763 5763 5763 5763 4474 4474 4264 4264 5823 5823 5422 5422 4284 4284 5758 5758 4757 4757 5760 5760 4757 4757 5758 5758 5727 5727 4775 4775 4777 4777 4549 4549 4836 4836 4838 4838 5816 5816 5765 5765 4482 4482 4351 4351 5558 5558 5562 5562 5557 5557 5558 5558 5579 5579 5562 5562 4465 4465 4500 4500 4466 4466 4500 4500 4465 4465 5747 5747 5428 5428 4292 4292 4293 4293 5756 5756 5727 5727 5758 5758 5727 5727 5756 5756 5729 5729 4533 4533 4815 4815 4531 4531 4815 4815 4533 4533 5771 5771 5715 5715 4773 4773 5770 5770 5550 5550 5533 5533 5541 5541 4479 4479 5715 5715 5770 5770 4451 4451 5759 5759 4450 4450 5759 5759 4451 4451 5757 5757 5529 5529 5528 5528 4392 4392 5550 5550 5534 5534 5533 5533 4836 4836 4527 4527 4827 4827 4450 4450 4492 4492 4471 4471 4392 4392 5528 5528 5530 5530 4492 4492 4450 4450 5759 5759 5771 5771 4533 4533 4535 4535 4537 4537 5771 5771 4535 4535 4393 4393 5559 5559 5560 5560 4393 4393 5560 5560 5220 5220 5559 5559 5579 5579 5558 5558 5804 5804 5777 5777 5806 5806 5559 5559 4393 4393 5579 5579 5807 5807 4536 4536 4513 4513 4512 4512 5807 5807 4513 4513 4705 4705 5739 5739 4503 4503 5746 5746 4705 4705 4503 4503 4532 4532 4515 4515 4534 4534 4534 4534 4515 4515 4298 4298 5424 5424 5412 5412 5423 5423 5423 5423 5411 5411 5422 5422 4510 4510 5801 5801 5803 5803 4470 4470 5757 5757 4451 4451 4470 4470 5755 5755 5757 5757 5717 5717 5768 5768 4481 4481 5717 5717 4481 4481 5719 5719 5540 5540 5530 5530 5528 5528 5540 5540 5531 5531 5530 5530 4488 4488 4476 4476 4360 4360 4488 4488 4360 4360 5763 5763 5745 5745 4502 4502 4464 4464 4463 4463 5745 5745 4464 4464 4462 4462 5741 5741 5743 5743 5557 5557 4394 4394 5556 5556 5557 5557 5562 5562 4394 4394 5741 5741 4462 4462 4525 4525 5749 5749 5751 5751 4468 4468 5421 5421 5427 5427 5426 5426 5427 5427 5421 5421 4704 4704 4532 4532 4517 4517 4278 4278 4505 4505 5795 5795 4548 4548 4467 4467 5749 5749 4468 4468 4516 4516 4280 4280 4270 4270 5785 5785 5794 5794 5792 5792 5793 5793 5795 5795 4505 4505 4504 4504 5791 5791 4347 4347 4504 4504 4550 4550 5791 5791 4476 4476 4485 4485 4359 4359 4476 4476 4488 4488 4485 4485 4534 4534 4514 4514 4271 4271 4534 4534 4298 4298 4514 4514 5741 5741 4525 4525 5819 5819 4525 4525 4524 4524 5819 5819 4468 4468 5753 5753 4469 4469 5420 5420 5426 5426 4292 4292 5421 5421 5426 5426 5420 5420 4347 4347 5793 5793 4505 4505 4468 4468 5751 5751 5753 5753 4550 4550 4504 4504 4348 4348 5793 5793 4347 4347 5791 5791 5801 5801 4345 4345 4538 4538 4509 4509 4538 4538 4345 4345 5551 5551 5534 5534 5550 5550 5551 5551 5535 5535 5534 5534 4466 4466 4498 4498 4496 4496 4522 4522 4526 4526 4455 4455 4500 4500 4498 4498 4466 4466 5812 5812 4827 4827 4527 4527 4513 4513 4534 4534 4271 4271 4522 4522 5811 5811 4526 4526 4513 4513 4536 4536 4534 4534 5755 5755 4470 4470 4469 4469 4532 4532 4278 4278 4515 4515 5755 5755 4469 4469 5753 5753 5767 5767 4477 4477 4480 4480 4351 4351 4480 4480 4477 4477 4272 4272 5431 5431 4294 4294 5430 5430 4294 4294 5431 5431 4332 4332 5410 5410 4330 4330 5541 5541 5531 5531 5540 5540 5541 5541 5533 5533 5531 5531 4464 4464 4502 4502 5747 5747 4464 4464 5747 5747 4465 4465 4523 4523 5815 5815 5817 5817 4821 4821 4529 4529 4817 4817 5813 5813 5815 5815 4523 4523 4817 4817 4529 4529 5810 5810 5785 5785 5792 5792 5787 5787 4551 4551 5787 5787 5792 5792 5868 5868 5872 5872 5870 5870 5119 5119 5872 5872 5868 5868 5119 5119 5874 5874 5872 5872 5114 5114 5874 5874 5119 5119 5790 5790 5874 5874 5114 5114 5790 5790 5230 5230 5874 5874 4774 4774 5230 5230 5790 5790 5716 5716 5230 5230 4774 4774 5716 5716 5232 5232 5230 5230 5718 5718 5232 5232 5716 5716 5718 5718 5234 5234 5232 5232 5720 5720 5234 5234 5718 5718 5720 5720 5236 5236 5234 5234 5722 5722 5236 5236 5720 5720 5722 5722 5239 5239 5236 5236 4771 4771 5239 5239 5722 5722 4772 4772 5242 5242 5240 5240 4768 4768 5242 5242 4772 4772 4768 4768 5244 5244 5242 5242 5724 5724 5244 5244 4768 4768 5724 5724 5877 5877 5244 5244 5724 5724 5254 5254 5877 5877 5726 5726 5254 5254 5724 5724 5726 5726 5256 5256 5254 5254 4764 4764 5256 5256 5726 5726 4764 4764 5258 5258 5256 5256 4758 4758 5258 5258 4764 4764 4758 4758 6025 6025 5258 5258 5728 5728 6025 6025 4758 4758 5728 5728 5260 5260 6025 6025 5730 5730 5260 5260 5728 5728 5730 5730 5262 5262 5260 5260 4750 4750 5262 5262 5730 5730 4750 4750 6027 6027 5262 5262 4750 4750 5264 5264 6027 6027 4741 4741 5264 5264 4750 4750 4741 4741 6029 6029 5264 5264 5732 5732 6029 6029 4741 4741 5732 5732 5271 5271 6029 6029 5734 5734 5271 5271 5732 5732 5736 5736 5271 5271 5734 5734 5736 5736 5273 5273 5271 5271 5736 5736 6031 6031 5273 5273 5738 5738 6031 6031 5736 5736 5738 5738 5275 5275 6031 6031 5740 5740 5275 5275 5738 5738 4706 4706 5275 5275 5740 5740 4706 4706 5277 5277 5275 5275 4703 4703 5277 5277 4706 4706 5320 5320 4703 4703 5822 5822 5320 5320 5277 5277 4703 4703 5114 5114 5788 5788 5790 5790 5059 5059 5788 5788 5114 5114 5059 5059 5786 5786 5788 5788 5059 5059 4776 4776 5786 5786 5866 5866 4776 4776 5059 5059 5866 5866 4778 4778 4776 4776 5864 5864 4778 4778 5866 5866 4988 4988 4778 4778 5864 5864 4988 4988 4782 4782 4778 4778 4988 4988 5784 5784 4782 4782 5862 5862 5784 5784 4988 4988 5862 5862 5782 5782 5784 5784 5860 5860 5782 5782 5862 5862 5860 5860 4786 4786 5782 5782 5858 5858 4786 4786 5860 5860 5856 5856 4786 4786 5858 5858 5856 5856 4788 4788 4786 4786 5854 5854 4788 4788 5856 5856 5854 5854 4794 4794 4788 4788 5852 5852 4794 4794 5854 5854 5852 5852 5780 5780 4794 4794 5850 5850 5780 5780 5852 5852 5850 5850 5778 5778 5780 5780 5400 5400 5778 5778 5850 5850 5400 5400 5776 5776 5778 5778 5397 5397 5776 5776 5400 5400 5397 5397 5774 5774 5776 5776 5395 5395 5774 5774 5397 5397 6049 6049 5774 5774 5395 5395 6049 6049 5772 5772 5774 5774 6047 6047 5772 5772 6049 6049 6047 6047 4816 4816 5772 5772 6045 6045 4816 4816 6047 6047 6045 6045 4818 4818 4816 4816 5387 5387 4818 4818 6045 6045 5387 5387 4822 4822 4818 4818 5379 5379 4822 4822 5387 5387 5379 5379 4828 4828 4822 4822 5375 5375 4828 4828 5379 5379 5375 5375 4837 4837 4828 4828 6043 6043 4837 4837 5375 5375 6043 6043 4839 4839 4837 4837 6043 6043 4841 4841 4839 4839 5369 5369 4841 4841 6043 6043 5369 5369 5822 5822 4841 4841 6041 6041 5320 5320 5822 5822 5822 5822 5369 5369 6041 6041 6041 6041 6033 6033 5320 5320 6039 6039 6033 6033 6041 6041 6039 6039 6035 6035 6033 6033 6039 6039 6037 6037 6035 6035 5424 5424 5413 5413 5412 5412 5766 5766 5721 5721 4483 4483 5721 5721 5766 5766 4769 4769 5427 5427 4704 4704 5401 5401 4474 4474 5763 5763 4263 4263 5735 5735 4501 4501 5737 5737 5737 5737 4501 4501 5748 5748 5425 5425 5413 5413 5424 5424 5650 5650 6007 6007 5640 5640 5215 5215 6007 6007 5650 5650 6008 6008 5216 5216 5218 5218 5989 5989 5217 5217 5214 5214 5989 5989 5026 5026 5217 5217 5026 5026 5989 5989 5651 5651 5026 5026 5651 5651 6050 6050 5651 5651 5245 5245 6050 6050 6050 6050 5245 5245 5991 5991 5245 5245 5695 5695 5991 5991 5695 5695 5988 5988 5991 5991 5988 5988 5221 5221 5991 5991 5616 5616 5221 5221 5988 5988 5617 5617 5221 5221 5616 5616 5221 5221 5617 5617 4783 4783 5221 5221 4783 4783 6051 6051 6051 6051 4783 4783 5600 5600 6051 6051 5600 5600 5269 5269 5600 5600 4905 4905 5269 5269 5601 5601 4905 4905 5600 5600 4905 4905 5601 5601 6091 6091 5601 5601 5830 5830 6091 6091 6090 6090 6091 6091 5830 5830 6090 6090 5246 5246 6091 6091 5246 5246 6090 6090 5994 5994 5246 5246 5994 5994 6052 6052 6052 6052 5994 5994 5990 5990 6052 6052 5990 5990 4922 4922 5990 5990 6053 6053 4922 4922 5524 5524 6053 6053 5990 5990 6053 6053 5524 5524 5704 5704 5524 5524 5932 5932 5704 5704 5220 5220 5704 5704 5932 5932 5560 5560 5704 5704 5220 5220 5704 5704 5560 5560 4694 4694 5937 5937 4694 4694 5560 5560 4694 4694 5937 5937 6054 6054 6054 6054 5937 5937 5529 5529 6054 6054 5529 5529 6055 6055 4392 4392 6055 6055 5529 5529 5525 5525 6055 6055 4392 4392 5525 5525 6056 6056 6055 6055 6056 6056 5525 5525 5526 5526 6056 6056 5526 5526 6057 6057 6057 6057 5526 5526 5527 5527 6057 6057 5527 5527 5987 5987 5987 5987 5527 5527 4689 4689 5987 5987 4689 4689 5252 5252 5252 5252 4689 4689 5222 5222 5252 5252 5222 5222 5267 5267 5828 5828 5267 5267 5222 5222 6058 6058 5267 5267 5828 5828 6058 6058 5828 5828 4805 4805 6058 6058 4805 4805 6059 6059 6060 6060 6059 6059 4805 4805 5509 5509 6060 6060 4805 4805 5509 5509 6061 6061 6060 6060 5510 5510 6061 6061 5509 5509 6061 6061 5510 5510 5219 5219 5510 5510 5495 5495 5219 5219 5219 5219 5476 5476 6062 6062 5495 5495 5476 5476 5219 5219 5496 5496 5476 5476 5495 5495 5251 5251 4282 4282 6087 6087 5250 5250 5824 5824 4281 4281 6001 6001 5824 5824 5250 5250 6000 6000 5995 5995 5825 5825 6064 6064 5995 5995 6000 6000 5995 5995 6064 6064 5483 5483 6064 6064 5482 5482 5483 5483 6063 6063 5482 5482 6064 6064 5482 5482 6063 6063 6062 6062 5482 5482 6062 6062 5477 5477 5476 5476 5477 5477 6062 6062 6065 6065 5709 5709 5484 5484 5693 5693 5709 5709 6065 6065 5709 5709 5693 5693 5997 5997 5692 5692 5997 5997 5693 5693 5997 5997 5692 5692 6086 6086 4696 4696 6086 6086 5692 5692 6086 6086 4696 4696 6087 6087 4696 4696 5251 5251 6087 6087 5484 5484 5978 5978 6065 6065 5459 5459 5978 5978 5484 5484 5978 5978 5459 5459 5359 5359 5978 5978 5359 5359 5986 5986 5359 5359 5968 5968 5986 5986 5358 5358 5968 5968 5359 5359 5968 5968 5358 5358 5707 5707 5360 5360 5707 5707 5358 5358 5707 5707 5360 5360 5249 5249 5360 5360 5447 5447 5249 5249 5690 5690 5247 5247 5446 5446 5248 5248 5691 5691 6066 6066 5929 5929 6066 6066 5691 5691 5448 5448 6066 6066 5929 5929 5448 5448 5827 5827 6066 6066 5827 5827 5448 5448 5451 5451 5827 5827 5451 5451 6092 6092 5451 5451 5452 5452 6092 6092 6092 6092 5452 5452 5453 5453 6092 6092 5453 5453 5357 5357 5453 5453 5454 5454 5357 5357 5454 5454 5266 5266 5357 5357 5437 5437 5266 5266 5454 5454 5993 5993 5266 5266 5437 5437 5266 5266 5993 5993 5992 5992 5266 5266 5992 5992 5714 5714 5714 5714 5992 5992 5154 5154 5714 5714 5154 5154 5110 5110 5154 5154 4843 4843 5110 5110 5878 5878 4843 4843 5154 5154 4843 4843 5878 5878 6067 6067 5878 5878 5398 5398 6067 6067 6002 6002 6067 6067 5398 5398 6002 6002 5712 5712 6067 6067 5712 5712 6002 6002 5350 5350 5712 5712 5350 5350 5265 5265 5265 5265 5350 5350 5875 5875 5265 5265 5875 5875 5705 5705 5875 5875 5703 5703 5705 5705 5711 5711 5703 5703 5875 5875 5703 5703 5711 5711 5701 5701 5711 5711 5102 5102 5701 5701 5401 5401 5701 5701 5102 5102 4704 4704 5701 5701 5401 5401 5701 5701 4704 4704 6068 6068 4691 4691 6068 6068 4704 4704 6068 6068 4691 4691 6069 6069 6069 6069 4691 4691 5823 5823 6069 6069 5823 5823 4813 4813 4284 4284 4813 4813 5823 5823 5407 5407 4814 4814 4283 4283 5407 5407 5372 5372 4814 4814 5372 5372 5407 5407 5710 5710 5372 5372 5710 5710 6070 6070 6070 6070 5710 5710 5700 5700 6070 6070 5700 5700 6071 6071 6071 6071 5700 5700 5702 5702 6071 6071 5702 5702 5697 5697 5697 5697 5702 5702 5888 5888 5697 5697 5888 5888 6072 6072 4935 4935 6072 6072 5888 5888 6073 6073 6072 6072 4935 4935 6073 6073 4935 4935 5393 5393 6073 6073 5393 5393 4960 4960 5694 5694 4960 4960 5393 5393 6088 6088 5694 5694 5393 5393 6088 6088 6089 6089 5694 5694 5996 5996 6089 6089 6088 6088 6089 6089 5996 5996 6074 6074 5996 5996 5699 5699 6074 6074 6074 6074 5377 5377 4853 4853 5699 5699 5377 5377 6074 6074 5392 5392 5377 5377 5699 5699 6081 6081 5388 5388 5998 5998 6077 6077 5389 5389 6079 6079 6078 6078 5706 5706 5390 5390 6076 6076 5706 5706 6078 6078 5706 5706 6076 6076 5385 5385 6075 6075 5385 5385 6076 6076 6075 6075 5384 5384 5385 5385 5384 5384 6075 6075 5380 5380 6075 6075 4853 4853 5380 5380 5377 5377 5380 5380 4853 4853 5268 5268 4820 4820 5696 5696 5213 5213 4820 4820 5268 5268 4820 4820 5213 5213 5829 5829 6083 6083 5829 5829 5213 5213 5829 5829 6083 6083 5391 5391 6082 6082 5391 5391 6083 6083 5391 5391 6082 6082 5999 5999 6082 6082 6080 6080 5999 5999 5696 5696 4710 4710 5268 5268 5373 5373 4710 4710 5696 5696 4710 4710 5373 5373 5713 5713 4710 4710 5713 5713 5826 5826 5713 5713 6084 6084 5826 5826 4995 4995 6084 6084 5713 5713 6084 6084 4995 4995 6085 6085 5708 5708 6085 6085 4995 4995 6085 6085 5708 5708 6009 6009 5708 5708 5641 5641 6009 6009 6138 6138 6118 6118 6119 6119 6138 6138 6119 6119 6120 6120 6138 6138 6120 6120 6121 6121 6138 6138 6121 6121 6122 6122 6139 6139 6138 6138 6122 6122 6120 6120 6119 6119 6123 6123 6124 6124 6120 6120 6123 6123 6125 6125 6139 6139 6122 6122 6127 6127 6118 6118 6126 6126 6119 6119 6118 6118 6127 6127 6128 6128 6119 6119 6127 6127 6123 6123 6119 6119 6128 6128 6129 6129 6123 6123 6128 6128 6124 6124 6123 6123 6129 6129 6130 6130 6124 6124 6129 6129 6131 6131 6124 6124 6130 6130 6120 6120 6124 6124 6131 6131 6132 6132 6120 6120 6131 6131 6121 6121 6120 6120 6132 6132 6133 6133 6121 6121 6132 6132 6122 6122 6121 6121 6133 6133 6134 6134 6122 6122 6133 6133 6135 6135 6122 6122 6134 6134 6125 6125 6122 6122 6135 6135 6178 6178 6125 6125 6135 6135 6216 6216 6126 6126 6136 6136 6214 6214 6126 6126 6216 6216 6212 6212 6126 6126 6214 6214 6127 6127 6126 6126 6212 6212 6093 6093 6127 6127 6212 6212 6210 6210 6127 6127 6093 6093 6208 6208 6127 6127 6210 6210 6128 6128 6127 6127 6208 6208 6095 6095 6128 6128 6208 6208 6206 6206 6128 6128 6095 6095 6204 6204 6128 6128 6206 6206 6129 6129 6128 6128 6204 6204 6097 6097 6129 6129 6204 6204 6202 6202 6129 6129 6097 6097 6200 6200 6129 6129 6202 6202 6130 6130 6129 6129 6200 6200 6099 6099 6130 6130 6200 6200 6101 6101 6130 6130 6099 6099 6131 6131 6130 6130 6101 6101 6103 6103 6131 6131 6101 6101 6105 6105 6131 6131 6103 6103 6132 6132 6131 6131 6105 6105 6107 6107 6132 6132 6105 6105 6198 6198 6132 6132 6107 6107 6109 6109 6132 6132 6198 6198 6133 6133 6132 6132 6109 6109 6111 6111 6133 6133 6109 6109 6196 6196 6133 6133 6111 6111 6134 6134 6133 6133 6196 6196 6194 6194 6134 6134 6196 6196 6192 6192 6134 6134 6194 6194 6135 6135 6134 6134 6192 6192 6113 6113 6135 6135 6192 6192 6115 6115 6135 6135 6113 6113 6190 6190 6135 6135 6115 6115 6178 6178 6135 6135 6190 6190 6188 6188 6178 6178 6190 6190 6276 6276 6178 6178 6188 6188 6170 6170 6117 6117 6140 6140 6170 6170 6138 6138 6117 6117 6141 6141 6170 6170 6140 6140 6138 6138 6170 6170 6171 6171 6138 6138 6171 6171 6172 6172 6138 6138 6172 6172 6173 6173 6174 6174 6138 6138 6173 6173 6138 6138 6174 6174 6118 6118 6141 6141 6125 6125 6170 6170 6175 6175 6170 6170 6125 6125 6176 6176 6170 6170 6175 6175 6171 6171 6170 6170 6176 6176 6172 6172 6171 6171 6177 6177 6179 6179 6125 6125 6178 6178 6175 6175 6125 6125 6179 6179 6180 6180 6175 6175 6179 6179 6176 6176 6175 6175 6180 6180 6181 6181 6176 6176 6180 6180 6171 6171 6176 6176 6181 6181 6182 6182 6171 6171 6181 6181 6183 6183 6171 6171 6182 6182 6177 6177 6171 6171 6183 6183 6184 6184 6177 6177 6183 6183 6172 6172 6177 6177 6184 6184 6185 6185 6172 6172 6184 6184 6173 6173 6172 6172 6185 6185 6186 6186 6173 6173 6185 6185 6187 6187 6173 6173 6186 6186 6174 6174 6173 6173 6187 6187 6126 6126 6174 6174 6187 6187 6118 6118 6174 6174 6126 6126 6178 6178 6276 6276 6142 6142 6144 6144 6178 6178 6142 6142 6146 6146 6178 6178 6144 6144 6179 6179 6178 6178 6146 6146 6274 6274 6179 6179 6146 6146 6272 6272 6179 6179 6274 6274 6270 6270 6179 6179 6272 6272 6180 6180 6179 6179 6270 6270 6268 6268 6180 6180 6270 6270 6148 6148 6180 6180 6268 6268 6266 6266 6180 6180 6148 6148 6181 6181 6180 6180 6266 6266 6264 6264 6181 6181 6266 6266 6150 6150 6181 6181 6264 6264 6152 6152 6181 6181 6150 6150 6182 6182 6181 6181 6152 6152 6154 6154 6182 6182 6152 6152 6262 6262 6182 6182 6154 6154 6183 6183 6182 6182 6262 6262 6156 6156 6183 6183 6262 6262 6260 6260 6183 6183 6156 6156 6184 6184 6183 6183 6260 6260 6258 6258 6184 6184 6260 6260 6256 6256 6184 6184 6258 6258 6158 6158 6184 6184 6256 6256 6185 6185 6184 6184 6158 6158 6254 6254 6185 6185 6158 6158 6160 6160 6185 6185 6254 6254 6186 6186 6185 6185 6160 6160 6252 6252 6186 6186 6160 6160 6250 6250 6186 6186 6252 6252 6187 6187 6186 6186 6250 6250 6162 6162 6187 6187 6250 6250 6164 6164 6187 6187 6162 6162 6166 6166 6187 6187 6164 6164 6126 6126 6187 6187 6166 6166 6168 6168 6126 6126 6166 6166 6136 6136 6126 6126 6168 6168 6299 6299 6303 6303 6301 6301 6299 6299 6305 6305 6303 6303 6297 6297 6305 6305 6299 6299 6297 6297 6233 6233 6305 6305 6235 6235 6233 6233 6297 6297 6235 6235 6231 6231 6233 6233 6237 6237 6231 6231 6235 6235 6104 6104 6231 6231 6237 6237 6102 6102 6231 6231 6104 6104 6100 6100 6231 6231 6102 6102 6100 6100 6229 6229 6231 6231 6201 6201 6229 6229 6100 6100 6203 6203 6229 6229 6201 6201 6203 6203 6307 6307 6229 6229 6098 6098 6307 6307 6203 6203 6098 6098 6309 6309 6307 6307 6205 6205 6309 6309 6098 6098 6207 6207 6309 6309 6205 6205 6207 6207 6311 6311 6309 6309 6096 6096 6311 6311 6207 6207 6209 6209 6311 6311 6096 6096 6209 6209 6227 6227 6311 6311 6211 6211 6227 6227 6209 6209 6211 6211 6225 6225 6227 6227 6094 6094 6225 6225 6211 6211 6213 6213 6225 6225 6094 6094 6213 6213 6223 6223 6225 6225 6215 6215 6223 6223 6213 6213 6215 6215 6221 6221 6223 6223 6217 6217 6221 6221 6215 6215 6137 6137 6221 6221 6217 6217 6219 6219 6221 6221 6137 6137 6237 6237 6106 6106 6104 6104 6237 6237 6108 6108 6106 6106 6239 6239 6108 6108 6237 6237 6239 6239 6199 6199 6108 6108 6295 6295 6199 6199 6239 6239 6295 6295 6110 6110 6199 6199 6295 6295 6112 6112 6110 6110 6293 6293 6112 6112 6295 6295 6293 6293 6197 6197 6112 6112 6291 6291 6197 6197 6293 6293 6291 6291 6195 6195 6197 6197 6241 6241 6195 6195 6291 6291 6241 6241 6193 6193 6195 6195 6243 6243 6193 6193 6241 6241 6243 6243 6114 6114 6193 6193 6243 6243 6116 6116 6114 6114 6245 6245 6116 6116 6243 6243 6245 6245 6191 6191 6116 6116 6247 6247 6191 6191 6245 6245 6247 6247 6189 6189 6191 6191 6249 6249 6189 6189 6247 6247 6277 6277 6189 6189 6249 6249 6341 6341 6345 6345 6343 6343 6341 6341 6347 6347 6345 6345 6339 6339 6347 6347 6341 6341 6339 6339 6349 6349 6347 6347 6337 6337 6349 6349 6339 6339 6337 6337 6351 6351 6349 6349 6335 6335 6351 6351 6337 6337 6157 6157 6351 6351 6335 6335 6263 6263 6351 6351 6157 6157 6155 6155 6351 6351 6263 6263 6155 6155 6285 6285 6351 6351 6153 6153 6285 6285 6155 6155 6151 6151 6285 6285 6153 6153 6151 6151 6283 6283 6285 6285 6265 6265 6283 6283 6151 6151 6265 6265 6353 6353 6283 6283 6267 6267 6353 6353 6265 6265 6149 6149 6353 6353 6267 6267 6149 6149 6355 6355 6353 6353 6269 6269 6355 6355 6149 6149 6271 6271 6355 6355 6269 6269 6271 6271 6281 6281 6355 6355 6273 6273 6281 6281 6271 6271 6273 6273 6279 6279 6281 6281 6275 6275 6279 6279 6273 6273 6147 6147 6279 6279 6275 6275 6147 6147 6357 6357 6279 6279 6145 6145 6357 6357 6147 6147 6145 6145 6359 6359 6357 6357 6143 6143 6359 6359 6145 6145 6277 6277 6359 6359 6143 6143 6249 6249 6359 6359 6277 6277 6335 6335 6261 6261 6157 6157 6335 6335 6259 6259 6261 6261 6333 6333 6259 6259 6335 6335 6333 6333 6257 6257 6259 6259 6331 6331 6257 6257 6333 6333 6331 6331 6159 6159 6257 6257 6331 6331 6255 6255 6159 6159 6287 6287 6255 6255 6331 6331 6287 6287 6161 6161 6255 6255 6289 6289 6161 6161 6287 6287 6289 6289 6253 6253 6161 6161 6329 6329 6253 6253 6289 6289 6329 6329 6251 6251 6253 6253 6327 6327 6251 6251 6329 6329 6327 6327 6163 6163 6251 6251 6327 6327 6165 6165 6163 6163 6325 6325 6165 6165 6327 6327 6325 6325 6167 6167 6165 6165 6323 6323 6167 6167 6325 6325 6323 6323 6169 6169 6167 6167 6219 6219 6169 6169 6323 6323 6137 6137 6169 6169 6219 6219 6248 6248 6403 6403 6482 6482 6246 6246 6403 6403 6248 6248 6403 6403 6246 6246 6405 6405 6244 6244 6405 6405 6246 6246 6244 6244 6407 6407 6405 6405 6407 6407 6244 6244 6409 6409 6244 6244 6242 6242 6409 6409 6409 6409 6242 6242 6411 6411 6242 6242 6240 6240 6411 6411 6240 6240 6413 6413 6411 6411 6290 6290 6413 6413 6240 6240 6413 6413 6290 6290 6415 6415 6290 6290 6292 6292 6415 6415 6415 6415 6292 6292 6294 6294 6415 6415 6294 6294 6417 6417 6238 6238 6417 6417 6294 6294 6417 6417 6238 6238 6419 6419 6236 6236 6419 6419 6238 6238 6236 6236 6421 6421 6419 6419 6421 6421 6236 6236 6423 6423 6236 6236 6234 6234 6423 6423 6296 6296 6423 6423 6234 6234 6423 6423 6296 6296 6425 6425 6298 6298 6425 6425 6296 6296 6298 6298 6427 6427 6425 6425 6427 6427 6298 6298 6300 6300 6427 6427 6300 6300 6429 6429 6302 6302 6429 6429 6300 6300 6429 6429 6302 6302 6431 6431 6304 6304 6431 6431 6302 6302 6304 6304 6433 6433 6431 6431 6433 6433 6304 6304 6435 6435 6304 6304 6232 6232 6435 6435 6435 6435 6232 6232 6230 6230 6435 6435 6230 6230 6437 6437 6230 6230 6321 6321 6437 6437 6228 6228 6321 6321 6230 6230 6321 6321 6228 6228 6319 6319 6228 6228 6306 6306 6319 6319 6319 6319 6306 6306 6308 6308 6319 6319 6308 6308 6317 6317 6308 6308 6315 6315 6317 6317 6310 6310 6315 6315 6308 6308 6315 6315 6310 6310 6439 6439 6439 6439 6310 6310 6226 6226 6439 6439 6226 6226 6441 6441 6224 6224 6441 6441 6226 6226 6224 6224 6443 6443 6441 6441 6443 6443 6224 6224 6445 6445 6224 6224 6222 6222 6445 6445 6445 6445 6222 6222 6313 6313 6222 6222 6220 6220 6313 6313 6218 6218 6313 6313 6220 6220 6456 6456 6313 6313 6218 6218 6218 6218 6389 6389 6456 6456 6322 6322 6389 6389 6218 6218 6389 6389 6322 6322 6458 6458 6324 6324 6458 6458 6322 6322 6324 6324 6460 6460 6458 6458 6460 6460 6324 6324 6462 6462 6324 6324 6326 6326 6462 6462 6462 6462 6326 6326 6464 6464 6326 6326 6328 6328 6464 6464 6328 6328 6466 6466 6464 6464 6288 6288 6466 6466 6328 6328 6466 6466 6288 6288 6468 6468 6288 6288 6286 6286 6468 6468 6468 6468 6286 6286 6330 6330 6468 6468 6330 6330 6470 6470 6332 6332 6470 6470 6330 6330 6470 6470 6332 6332 6472 6472 6334 6334 6472 6472 6332 6332 6334 6334 6387 6387 6472 6472 6387 6387 6334 6334 6385 6385 6334 6334 6336 6336 6385 6385 6338 6338 6385 6385 6336 6336 6385 6385 6338 6338 6383 6383 6340 6340 6383 6383 6338 6338 6340 6340 6381 6381 6383 6383 6381 6381 6340 6340 6342 6342 6381 6381 6342 6342 6379 6379 6344 6344 6379 6379 6342 6342 6379 6379 6344 6344 6377 6377 6346 6346 6377 6377 6344 6344 6346 6346 6375 6375 6377 6377 6375 6375 6346 6346 6373 6373 6346 6346 6348 6348 6373 6373 6373 6373 6348 6348 6350 6350 6373 6373 6350 6350 6371 6371 6350 6350 6369 6369 6371 6371 6284 6284 6369 6369 6350 6350 6369 6369 6284 6284 6474 6474 6284 6284 6282 6282 6474 6474 6474 6474 6282 6282 6352 6352 6474 6474 6352 6352 6476 6476 6352 6352 6478 6478 6476 6476 6354 6354 6478 6478 6352 6352 6478 6478 6354 6354 6367 6367 6367 6367 6354 6354 6280 6280 6367 6367 6280 6280 6365 6365 6278 6278 6365 6365 6280 6280 6278 6278 6363 6363 6365 6365 6363 6363 6278 6278 6361 6361 6278 6278 6356 6356 6361 6361 6361 6361 6356 6356 6480 6480 6356 6356 6358 6358 6480 6480 6248 6248 6480 6480 6358 6358 6482 6482 6480 6480 6248 6248 6390 6390 6312 6312 6455 6455 6491 6491 6312 6312 6390 6390 6312 6312 6491 6491 6444 6444 6490 6490 6444 6444 6491 6491 6444 6444 6490 6490 6442 6442 6489 6489 6442 6442 6490 6490 6489 6489 6440 6440 6442 6442 6440 6440 6489 6489 6438 6438 6489 6489 6488 6488 6438 6438 6438 6438 6488 6488 6314 6314 6487 6487 6314 6314 6488 6488 6487 6487 6316 6316 6314 6314 6316 6316 6487 6487 6318 6318 6487 6487 6391 6391 6318 6318 6318 6318 6391 6391 6320 6320 6392 6392 6320 6320 6391 6391 6392 6392 6436 6436 6320 6320 6436 6436 6392 6392 6434 6434 6392 6392 6486 6486 6434 6434 6434 6434 6486 6486 6432 6432 6486 6486 6393 6393 6432 6432 6393 6393 6430 6430 6432 6432 6430 6430 6393 6393 6428 6428 6393 6393 6394 6394 6428 6428 6428 6428 6394 6394 6485 6485 6428 6428 6485 6485 6426 6426 6485 6485 6424 6424 6426 6426 6484 6484 6424 6424 6485 6485 6424 6424 6484 6484 6422 6422 6422 6422 6484 6484 6395 6395 6422 6422 6395 6395 6420 6420 6395 6395 6418 6418 6420 6420 6483 6483 6418 6418 6395 6395 6418 6418 6483 6483 6416 6416 6396 6396 6416 6416 6483 6483 6416 6416 6396 6396 6414 6414 6414 6414 6396 6396 6397 6397 6414 6414 6397 6397 6412 6412 6397 6397 6410 6410 6412 6412 6398 6398 6410 6410 6397 6397 6410 6410 6398 6398 6408 6408 6408 6408 6398 6398 6399 6399 6408 6408 6399 6399 6406 6406 6399 6399 6404 6404 6406 6406 6400 6400 6404 6404 6399 6399 6404 6404 6400 6400 6402 6402 6401 6401 6402 6402 6400 6400 6481 6481 6402 6402 6401 6401 6401 6401 6479 6479 6481 6481 6501 6501 6479 6479 6401 6401 6479 6479 6501 6501 6360 6360 6500 6500 6360 6360 6501 6501 6360 6360 6500 6500 6362 6362 6446 6446 6362 6362 6500 6500 6446 6446 6364 6364 6362 6362 6364 6364 6446 6446 6366 6366 6446 6446 6447 6447 6366 6366 6366 6366 6447 6447 6477 6477 6499 6499 6477 6477 6447 6447 6499 6499 6475 6475 6477 6477 6475 6475 6499 6499 6473 6473 6499 6499 6498 6498 6473 6473 6473 6473 6498 6498 6368 6368 6497 6497 6368 6368 6498 6498 6497 6497 6370 6370 6368 6368 6370 6370 6497 6497 6372 6372 6497 6497 6448 6448 6372 6372 6372 6372 6448 6448 6374 6374 6448 6448 6449 6449 6374 6374 6449 6449 6376 6376 6374 6374 6376 6376 6449 6449 6378 6378 6449 6449 6496 6496 6378 6378 6378 6378 6496 6496 6495 6495 6378 6378 6495 6495 6380 6380 6495 6495 6382 6382 6380 6380 6450 6450 6382 6382 6495 6495 6382 6382 6450 6450 6384 6384 6384 6384 6450 6450 6494 6494 6384 6384 6494 6494 6386 6386 6494 6494 6471 6471 6386 6386 6451 6451 6471 6471 6494 6494 6471 6471 6451 6451 6469 6469 6452 6452 6469 6469 6451 6451 6469 6469 6452 6452 6467 6467 6467 6467 6452 6452 6453 6453 6467 6467 6453 6453 6465 6465 6453 6453 6463 6463 6465 6465 6493 6493 6463 6463 6453 6453 6463 6463 6493 6493 6461 6461 6461 6461 6493 6493 6492 6492 6461 6461 6492 6492 6459 6459 6492 6492 6457 6457 6459 6459 6454 6454 6457 6457 6492 6492 6457 6457 6454 6454 6388 6388 6390 6390 6388 6388 6454 6454 6455 6455 6388 6388 6390 6390 6547 6547 6527 6527 6528 6528 6547 6547 6528 6528 6529 6529 6547 6547 6529 6529 6530 6530 6547 6547 6530 6530 6531 6531 6548 6548 6547 6547 6531 6531 6529 6529 6528 6528 6532 6532 6533 6533 6529 6529 6532 6532 6534 6534 6548 6548 6531 6531 6549 6549 6548 6548 6534 6534 6536 6536 6527 6527 6535 6535 6528 6528 6527 6527 6536 6536 6537 6537 6528 6528 6536 6536 6532 6532 6528 6528 6537 6537 6538 6538 6532 6532 6537 6537 6533 6533 6532 6532 6538 6538 6539 6539 6533 6533 6538 6538 6540 6540 6533 6533 6539 6539 6529 6529 6533 6533 6540 6540 6541 6541 6529 6529 6540 6540 6530 6530 6529 6529 6541 6541 6542 6542 6530 6530 6541 6541 6531 6531 6530 6530 6542 6542 6543 6543 6531 6531 6542 6542 6544 6544 6531 6531 6543 6543 6534 6534 6531 6531 6544 6544 6586 6586 6534 6534 6544 6544 6624 6624 6535 6535 6545 6545 6622 6622 6535 6535 6624 6624 6620 6620 6535 6535 6622 6622 6536 6536 6535 6535 6620 6620 6502 6502 6536 6536 6620 6620 6618 6618 6536 6536 6502 6502 6616 6616 6536 6536 6618 6618 6537 6537 6536 6536 6616 6616 6504 6504 6537 6537 6616 6616 6614 6614 6537 6537 6504 6504 6612 6612 6537 6537 6614 6614 6538 6538 6537 6537 6612 6612 6506 6506 6538 6538 6612 6612 6610 6610 6538 6538 6506 6506 6608 6608 6538 6538 6610 6610 6539 6539 6538 6538 6608 6608 6508 6508 6539 6539 6608 6608 6510 6510 6539 6539 6508 6508 6540 6540 6539 6539 6510 6510 6512 6512 6540 6540 6510 6510 6514 6514 6540 6540 6512 6512 6541 6541 6540 6540 6514 6514 6516 6516 6541 6541 6514 6514 6606 6606 6541 6541 6516 6516 6518 6518 6541 6541 6606 6606 6542 6542 6541 6541 6518 6518 6520 6520 6542 6542 6518 6518 6604 6604 6542 6542 6520 6520 6543 6543 6542 6542 6604 6604 6602 6602 6543 6543 6604 6604 6600 6600 6543 6543 6602 6602 6544 6544 6543 6543 6600 6600 6522 6522 6544 6544 6600 6600 6524 6524 6544 6544 6522 6522 6598 6598 6544 6544 6524 6524 6586 6586 6544 6544 6598 6598 6596 6596 6586 6586 6598 6598 6684 6684 6586 6586 6596 6596 6578 6578 6526 6526 6548 6548 6578 6578 6547 6547 6526 6526 6549 6549 6578 6578 6548 6548 6547 6547 6578 6578 6579 6579 6547 6547 6579 6579 6580 6580 6547 6547 6580 6580 6581 6581 6582 6582 6547 6547 6581 6581 6547 6547 6582 6582 6527 6527 6549 6549 6534 6534 6578 6578 6583 6583 6578 6578 6534 6534 6584 6584 6578 6578 6583 6583 6579 6579 6578 6578 6584 6584 6580 6580 6579 6579 6585 6585 6587 6587 6534 6534 6586 6586 6583 6583 6534 6534 6587 6587 6588 6588 6583 6583 6587 6587 6584 6584 6583 6583 6588 6588 6589 6589 6584 6584 6588 6588 6579 6579 6584 6584 6589 6589 6590 6590 6579 6579 6589 6589 6591 6591 6579 6579 6590 6590 6585 6585 6579 6579 6591 6591 6592 6592 6585 6585 6591 6591 6580 6580 6585 6585 6592 6592 6593 6593 6580 6580 6592 6592 6581 6581 6580 6580 6593 6593 6594 6594 6581 6581 6593 6593 6595 6595 6581 6581 6594 6594 6582 6582 6581 6581 6595 6595 6535 6535 6582 6582 6595 6595 6527 6527 6582 6582 6535 6535 6586 6586 6684 6684 6550 6550 6552 6552 6586 6586 6550 6550 6554 6554 6586 6586 6552 6552 6587 6587 6586 6586 6554 6554 6682 6682 6587 6587 6554 6554 6680 6680 6587 6587 6682 6682 6678 6678 6587 6587 6680 6680 6588 6588 6587 6587 6678 6678 6676 6676 6588 6588 6678 6678 6556 6556 6588 6588 6676 6676 6674 6674 6588 6588 6556 6556 6589 6589 6588 6588 6674 6674 6672 6672 6589 6589 6674 6674 6558 6558 6589 6589 6672 6672 6560 6560 6589 6589 6558 6558 6590 6590 6589 6589 6560 6560 6562 6562 6590 6590 6560 6560 6670 6670 6590 6590 6562 6562 6591 6591 6590 6590 6670 6670 6564 6564 6591 6591 6670 6670 6668 6668 6591 6591 6564 6564 6592 6592 6591 6591 6668 6668 6666 6666 6592 6592 6668 6668 6664 6664 6592 6592 6666 6666 6566 6566 6592 6592 6664 6664 6593 6593 6592 6592 6566 6566 6662 6662 6593 6593 6566 6566 6568 6568 6593 6593 6662 6662 6594 6594 6593 6593 6568 6568 6660 6660 6594 6594 6568 6568 6658 6658 6594 6594 6660 6660 6595 6595 6594 6594 6658 6658 6570 6570 6595 6595 6658 6658 6572 6572 6595 6595 6570 6570 6574 6574 6595 6595 6572 6572 6535 6535 6595 6595 6574 6574 6576 6576 6535 6535 6574 6574 6545 6545 6535 6535 6576 6576 6707 6707 6711 6711 6709 6709 6707 6707 6713 6713 6711 6711 6705 6705 6713 6713 6707 6707 6705 6705 6641 6641 6713 6713 6643 6643 6641 6641 6705 6705 6643 6643 6639 6639 6641 6641 6645 6645 6639 6639 6643 6643 6513 6513 6639 6639 6645 6645 6511 6511 6639 6639 6513 6513 6509 6509 6639 6639 6511 6511 6509 6509 6637 6637 6639 6639 6609 6609 6637 6637 6509 6509 6611 6611 6637 6637 6609 6609 6611 6611 6715 6715 6637 6637 6507 6507 6715 6715 6611 6611 6507 6507 6717 6717 6715 6715 6613 6613 6717 6717 6507 6507 6615 6615 6717 6717 6613 6613 6615 6615 6719 6719 6717 6717 6505 6505 6719 6719 6615 6615 6617 6617 6719 6719 6505 6505 6617 6617 6635 6635 6719 6719 6619 6619 6635 6635 6617 6617 6619 6619 6633 6633 6635 6635 6503 6503 6633 6633 6619 6619 6621 6621 6633 6633 6503 6503 6621 6621 6631 6631 6633 6633 6623 6623 6631 6631 6621 6621 6623 6623 6629 6629 6631 6631 6625 6625 6629 6629 6623 6623 6546 6546 6629 6629 6625 6625 6627 6627 6629 6629 6546 6546 6645 6645 6515 6515 6513 6513 6645 6645 6517 6517 6515 6515 6647 6647 6517 6517 6645 6645 6647 6647 6607 6607 6517 6517 6703 6703 6607 6607 6647 6647 6703 6703 6519 6519 6607 6607 6703 6703 6521 6521 6519 6519 6701 6701 6521 6521 6703 6703 6701 6701 6605 6605 6521 6521 6699 6699 6605 6605 6701 6701 6699 6699 6603 6603 6605 6605 6649 6649 6603 6603 6699 6699 6649 6649 6601 6601 6603 6603 6651 6651 6601 6601 6649 6649 6651 6651 6523 6523 6601 6601 6651 6651 6525 6525 6523 6523 6653 6653 6525 6525 6651 6651 6653 6653 6599 6599 6525 6525 6655 6655 6599 6599 6653 6653 6655 6655 6597 6597 6599 6599 6657 6657 6597 6597 6655 6655 6685 6685 6597 6597 6657 6657 6749 6749 6753 6753 6751 6751 6749 6749 6755 6755 6753 6753 6747 6747 6755 6755 6749 6749 6747 6747 6757 6757 6755 6755 6745 6745 6757 6757 6747 6747 6745 6745 6759 6759 6757 6757 6743 6743 6759 6759 6745 6745 6565 6565 6759 6759 6743 6743 6671 6671 6759 6759 6565 6565 6563 6563 6759 6759 6671 6671 6563 6563 6693 6693 6759 6759 6561 6561 6693 6693 6563 6563 6559 6559 6693 6693 6561 6561 6559 6559 6691 6691 6693 6693 6673 6673 6691 6691 6559 6559 6673 6673 6761 6761 6691 6691 6675 6675 6761 6761 6673 6673 6557 6557 6761 6761 6675 6675 6557 6557 6763 6763 6761 6761 6677 6677 6763 6763 6557 6557 6679 6679 6763 6763 6677 6677 6679 6679 6689 6689 6763 6763 6681 6681 6689 6689 6679 6679 6681 6681 6687 6687 6689 6689 6683 6683 6687 6687 6681 6681 6555 6555 6687 6687 6683 6683 6555 6555 6765 6765 6687 6687 6553 6553 6765 6765 6555 6555 6553 6553 6767 6767 6765 6765 6551 6551 6767 6767 6553 6553 6685 6685 6767 6767 6551 6551 6657 6657 6767 6767 6685 6685 6743 6743 6669 6669 6565 6565 6743 6743 6667 6667 6669 6669 6741 6741 6667 6667 6743 6743 6741 6741 6665 6665 6667 6667 6739 6739 6665 6665 6741 6741 6739 6739 6567 6567 6665 6665 6739 6739 6663 6663 6567 6567 6695 6695 6663 6663 6739 6739 6695 6695 6569 6569 6663 6663 6697 6697 6569 6569 6695 6695 6697 6697 6661 6661 6569 6569 6737 6737 6661 6661 6697 6697 6737 6737 6659 6659 6661 6661 6735 6735 6659 6659 6737 6737 6735 6735 6571 6571 6659 6659 6735 6735 6573 6573 6571 6571 6733 6733 6573 6573 6735 6735 6733 6733 6575 6575 6573 6573 6731 6731 6575 6575 6733 6733 6731 6731 6577 6577 6575 6575 6627 6627 6577 6577 6731 6731 6546 6546 6577 6577 6627 6627 6656 6656 6811 6811 6890 6890 6654 6654 6811 6811 6656 6656 6811 6811 6654 6654 6813 6813 6652 6652 6813 6813 6654 6654 6652 6652 6815 6815 6813 6813 6815 6815 6652 6652 6817 6817 6652 6652 6650 6650 6817 6817 6817 6817 6650 6650 6819 6819 6650 6650 6648 6648 6819 6819 6648 6648 6821 6821 6819 6819 6698 6698 6821 6821 6648 6648 6821 6821 6698 6698 6823 6823 6698 6698 6700 6700 6823 6823 6823 6823 6700 6700 6702 6702 6823 6823 6702 6702 6825 6825 6646 6646 6825 6825 6702 6702 6825 6825 6646 6646 6827 6827 6644 6644 6827 6827 6646 6646 6644 6644 6829 6829 6827 6827 6829 6829 6644 6644 6831 6831 6644 6644 6642 6642 6831 6831 6704 6704 6831 6831 6642 6642 6831 6831 6704 6704 6833 6833 6706 6706 6833 6833 6704 6704 6706 6706 6835 6835 6833 6833 6835 6835 6706 6706 6708 6708 6835 6835 6708 6708 6837 6837 6710 6710 6837 6837 6708 6708 6837 6837 6710 6710 6839 6839 6712 6712 6839 6839 6710 6710 6712 6712 6841 6841 6839 6839 6841 6841 6712 6712 6843 6843 6712 6712 6640 6640 6843 6843 6843 6843 6640 6640 6638 6638 6843 6843 6638 6638 6845 6845 6638 6638 6729 6729 6845 6845 6636 6636 6729 6729 6638 6638 6729 6729 6636 6636 6727 6727 6636 6636 6714 6714 6727 6727 6727 6727 6714 6714 6716 6716 6727 6727 6716 6716 6725 6725 6716 6716 6723 6723 6725 6725 6718 6718 6723 6723 6716 6716 6723 6723 6718 6718 6847 6847 6847 6847 6718 6718 6634 6634 6847 6847 6634 6634 6849 6849 6632 6632 6849 6849 6634 6634 6632 6632 6851 6851 6849 6849 6851 6851 6632 6632 6853 6853 6632 6632 6630 6630 6853 6853 6853 6853 6630 6630 6721 6721 6630 6630 6628 6628 6721 6721 6626 6626 6721 6721 6628 6628 6864 6864 6721 6721 6626 6626 6626 6626 6797 6797 6864 6864 6730 6730 6797 6797 6626 6626 6797 6797 6730 6730 6866 6866 6732 6732 6866 6866 6730 6730 6732 6732 6868 6868 6866 6866 6868 6868 6732 6732 6870 6870 6732 6732 6734 6734 6870 6870 6870 6870 6734 6734 6872 6872 6734 6734 6736 6736 6872 6872 6736 6736 6874 6874 6872 6872 6696 6696 6874 6874 6736 6736 6874 6874 6696 6696 6876 6876 6696 6696 6694 6694 6876 6876 6876 6876 6694 6694 6738 6738 6876 6876 6738 6738 6878 6878 6740 6740 6878 6878 6738 6738 6878 6878 6740 6740 6880 6880 6742 6742 6880 6880 6740 6740 6742 6742 6795 6795 6880 6880 6795 6795 6742 6742 6793 6793 6742 6742 6744 6744 6793 6793 6746 6746 6793 6793 6744 6744 6793 6793 6746 6746 6791 6791 6748 6748 6791 6791 6746 6746 6748 6748 6789 6789 6791 6791 6789 6789 6748 6748 6750 6750 6789 6789 6750 6750 6787 6787 6752 6752 6787 6787 6750 6750 6787 6787 6752 6752 6785 6785 6754 6754 6785 6785 6752 6752 6754 6754 6783 6783 6785 6785 6783 6783 6754 6754 6781 6781 6754 6754 6756 6756 6781 6781 6781 6781 6756 6756 6758 6758 6781 6781 6758 6758 6779 6779 6758 6758 6777 6777 6779 6779 6692 6692 6777 6777 6758 6758 6777 6777 6692 6692 6882 6882 6692 6692 6690 6690 6882 6882 6882 6882 6690 6690 6760 6760 6882 6882 6760 6760 6884 6884 6760 6760 6886 6886 6884 6884 6762 6762 6886 6886 6760 6760 6886 6886 6762 6762 6775 6775 6775 6775 6762 6762 6688 6688 6775 6775 6688 6688 6773 6773 6686 6686 6773 6773 6688 6688 6686 6686 6771 6771 6773 6773 6771 6771 6686 6686 6769 6769 6686 6686 6764 6764 6769 6769 6769 6769 6764 6764 6888 6888 6764 6764 6766 6766 6888 6888 6656 6656 6888 6888 6766 6766 6890 6890 6888 6888 6656 6656 6798 6798 6720 6720 6863 6863 6899 6899 6720 6720 6798 6798 6720 6720 6899 6899 6852 6852 6898 6898 6852 6852 6899 6899 6852 6852 6898 6898 6850 6850 6897 6897 6850 6850 6898 6898 6897 6897 6848 6848 6850 6850 6848 6848 6897 6897 6846 6846 6897 6897 6896 6896 6846 6846 6846 6846 6896 6896 6722 6722 6895 6895 6722 6722 6896 6896 6895 6895 6724 6724 6722 6722 6724 6724 6895 6895 6726 6726 6895 6895 6799 6799 6726 6726 6726 6726 6799 6799 6728 6728 6800 6800 6728 6728 6799 6799 6800 6800 6844 6844 6728 6728 6844 6844 6800 6800 6842 6842 6800 6800 6894 6894 6842 6842 6842 6842 6894 6894 6840 6840 6894 6894 6801 6801 6840 6840 6801 6801 6838 6838 6840 6840 6838 6838 6801 6801 6836 6836 6801 6801 6802 6802 6836 6836 6836 6836 6802 6802 6893 6893 6836 6836 6893 6893 6834 6834 6893 6893 6832 6832 6834 6834 6892 6892 6832 6832 6893 6893 6832 6832 6892 6892 6830 6830 6830 6830 6892 6892 6803 6803 6830 6830 6803 6803 6828 6828 6803 6803 6826 6826 6828 6828 6891 6891 6826 6826 6803 6803 6826 6826 6891 6891 6824 6824 6804 6804 6824 6824 6891 6891 6824 6824 6804 6804 6822 6822 6822 6822 6804 6804 6805 6805 6822 6822 6805 6805 6820 6820 6805 6805 6818 6818 6820 6820 6806 6806 6818 6818 6805 6805 6818 6818 6806 6806 6816 6816 6816 6816 6806 6806 6807 6807 6816 6816 6807 6807 6814 6814 6807 6807 6812 6812 6814 6814 6808 6808 6812 6812 6807 6807 6812 6812 6808 6808 6810 6810 6809 6809 6810 6810 6808 6808 6889 6889 6810 6810 6809 6809 6809 6809 6887 6887 6889 6889 6909 6909 6887 6887 6809 6809 6887 6887 6909 6909 6768 6768 6908 6908 6768 6768 6909 6909 6768 6768 6908 6908 6770 6770 6854 6854 6770 6770 6908 6908 6854 6854 6772 6772 6770 6770 6772 6772 6854 6854 6774 6774 6854 6854 6855 6855 6774 6774 6774 6774 6855 6855 6885 6885 6907 6907 6885 6885 6855 6855 6907 6907 6883 6883 6885 6885 6883 6883 6907 6907 6881 6881 6907 6907 6906 6906 6881 6881 6881 6881 6906 6906 6776 6776 6905 6905 6776 6776 6906 6906 6905 6905 6778 6778 6776 6776 6778 6778 6905 6905 6780 6780 6905 6905 6856 6856 6780 6780 6780 6780 6856 6856 6782 6782 6856 6856 6857 6857 6782 6782 6857 6857 6784 6784 6782 6782 6784 6784 6857 6857 6786 6786 6857 6857 6904 6904 6786 6786 6786 6786 6904 6904 6903 6903 6786 6786 6903 6903 6788 6788 6903 6903 6790 6790 6788 6788 6858 6858 6790 6790 6903 6903 6790 6790 6858 6858 6792 6792 6792 6792 6858 6858 6902 6902 6792 6792 6902 6902 6794 6794 6902 6902 6879 6879 6794 6794 6859 6859 6879 6879 6902 6902 6879 6879 6859 6859 6877 6877 6860 6860 6877 6877 6859 6859 6877 6877 6860 6860 6875 6875 6875 6875 6860 6860 6861 6861 6875 6875 6861 6861 6873 6873 6861 6861 6871 6871 6873 6873 6901 6901 6871 6871 6861 6861 6871 6871 6901 6901 6869 6869 6869 6869 6901 6901 6900 6900 6869 6869 6900 6900 6867 6867 6900 6900 6865 6865 6867 6867 6862 6862 6865 6865 6900 6900 6865 6865 6862 6862 6796 6796 6798 6798 6796 6796 6862 6862 6863 6863 6796 6796 6798 6798 6926 6926 7007 7007 7005 7005 7136 7136 7007 7007 6926 6926 7007 7007 7136 7136 6923 6923 7136 7136 6928 6928 6923 6923 6923 6923 6928 6928 6921 6921 6928 6928 7134 7134 6921 6921 6921 6921 7134 7134 7009 7009 7134 7134 7132 7132 7009 7009 7009 7009 7132 7132 7130 7130 7009 7009 7130 7130 7011 7011 7011 7011 7130 7130 6930 6930 7011 7011 6930 6930 7013 7013 7013 7013 6930 6930 6933 6933 7013 7013 6933 6933 7015 7015 7128 7128 7015 7015 6933 6933 7015 7015 7128 7128 7017 7017 7126 7126 7017 7017 7128 7128 7017 7017 7126 7126 7019 7019 7126 7126 7123 7123 7019 7019 7019 7019 7123 7123 7021 7021 7123 7123 6936 6936 7021 7021 7021 7021 6936 6936 6918 6918 6936 6936 6938 6938 6918 6918 6918 6918 6938 6938 6916 6916 6938 6938 6940 6940 6916 6916 6916 6916 6940 6940 7168 7168 6940 6940 7121 7121 7168 7168 6916 6916 7168 7168 6914 6914 6914 6914 7168 7168 6942 6942 6914 6914 6942 6942 6912 6912 6944 6944 6912 6912 6942 6942 6947 6947 6912 6912 6944 6944 6910 6910 6912 6912 6947 6947 6947 6947 6988 6988 6910 6910 7202 7202 6988 6988 6947 6947 6988 6988 7202 7202 7199 7199 6988 6988 7199 7199 7024 7024 7273 7273 7199 7199 6949 6949 7024 7024 7199 7199 7026 7026 7199 7199 7273 7273 7026 7026 7026 7026 7273 7273 6952 6952 7026 7026 6952 6952 6986 6986 7271 7271 6986 6986 6952 6952 6986 6986 7271 7271 6984 6984 6954 6954 6984 6984 7271 7271 6984 6984 6954 6954 6982 6982 7269 7269 6982 6982 6954 6954 6982 6982 7269 7269 7029 7029 7267 7267 7029 7029 7269 7269 7029 7029 7267 7267 6980 6980 6956 6956 6980 6980 7267 7267 6980 6980 6956 6956 7031 7031 6958 6958 7031 7031 6956 6956 7031 7031 6958 6958 7033 7033 6958 6958 6960 6960 7033 7033 7033 7033 6960 6960 6962 6962 7033 7033 6962 6962 6978 6978 6978 6978 6962 6962 6964 6964 6978 6978 6964 6964 6976 6976 6976 6976 6964 6964 6966 6966 6976 6976 6966 6966 6974 6974 6974 6974 6966 6966 7265 7265 6974 6974 7265 7265 6972 6972 7370 7370 6972 6972 7265 7265 7418 7418 6972 6972 7370 7370 7402 7402 6972 6972 7418 7418 7401 7401 6972 6972 7402 7402 7035 7035 6972 6972 7401 7401 7265 7265 7371 7371 7370 7370 7265 7265 7342 7342 7371 7371 7265 7265 7343 7343 7342 7342 7265 7265 7355 7355 7343 7343 7265 7265 6970 6970 7355 7355 7265 7265 6969 6969 6970 6970 7018 7018 7014 7014 7016 7016 7020 7020 7014 7014 7018 7018 7020 7020 7012 7012 7014 7014 7020 7020 7060 7060 7012 7012 7020 7020 7566 7566 7060 7060 7022 7022 7566 7566 7020 7020 7022 7022 7567 7567 7566 7566 7022 7022 7059 7059 7567 7567 6919 6919 7059 7059 7022 7022 6919 6919 7568 7568 7059 7059 6917 6917 7568 7568 6919 6919 6917 6917 7569 7569 7568 7568 6915 6915 7569 7569 6917 6917 6915 6915 7570 7570 7569 7569 6913 6913 7570 7570 6915 6915 6913 6913 7571 7571 7570 7570 6911 6911 7571 7571 6913 6913 6911 6911 7058 7058 7571 7571 6989 6989 7058 7058 6911 6911 6989 6989 7572 7572 7058 7058 7025 7025 7572 7572 6989 6989 7025 7025 7057 7057 7572 7572 7025 7025 7558 7558 7057 7057 7027 7027 7558 7558 7025 7025 7027 7027 7075 7075 7558 7558 6987 6987 7075 7075 7027 7027 6987 6987 7074 7074 7075 7075 6987 6987 7574 7574 7074 7074 6985 6985 7574 7574 6987 6987 6985 6985 7073 7073 7574 7574 6983 6983 7073 7073 6985 6985 6983 6983 7575 7575 7073 7073 7030 7030 7575 7575 6983 6983 7030 7030 7576 7576 7575 7575 7030 7030 7577 7577 7576 7576 6981 6981 7577 7577 7030 7030 6981 6981 7578 7578 7577 7577 6981 6981 7579 7579 7578 7578 7032 7032 7579 7579 6981 6981 7032 7032 7580 7580 7579 7579 7032 7032 7071 7071 7580 7580 7032 7032 7034 7034 7071 7071 7061 7061 7012 7012 7060 7060 7061 7061 7010 7010 7012 7012 7565 7565 7010 7010 7061 7061 7564 7564 7010 7010 7565 7565 7564 7564 6922 6922 7010 7010 7563 7563 6922 6922 7564 7564 7562 7562 6922 6922 7563 7563 7562 7562 6924 6924 6922 6922 7561 7561 6924 6924 7562 7562 7561 7561 7008 7008 6924 6924 7062 7062 7008 7008 7561 7561 7062 7062 7006 7006 7008 7008 7063 7063 7006 7006 7062 7062 7063 7063 7080 7080 7006 7006 7063 7063 7004 7004 7080 7080 7063 7063 7082 7082 7004 7004 7063 7063 7084 7084 7082 7082 7063 7063 7086 7086 7084 7084 7560 7560 7086 7086 7063 7063 7560 7560 7088 7088 7086 7086 7560 7560 7090 7090 7088 7088 7560 7560 7490 7490 7090 7090 7064 7064 7490 7490 7560 7560 7559 7559 7490 7490 7064 7064 7585 7585 7490 7490 7559 7559 7584 7584 7490 7490 7585 7585 7584 7584 7491 7491 7490 7490 7584 7584 7439 7439 7491 7491 7584 7584 7440 7440 7439 7439 7065 7065 7440 7440 7584 7584 7065 7065 7001 7001 7440 7440 7065 7065 7000 7000 7001 7001 7065 7065 6999 6999 7000 7000 7065 7065 6998 6998 6999 6999 7065 7065 6997 6997 6998 6998 7583 7583 6997 6997 7065 7065 7583 7583 7482 7482 6997 6997 7583 7583 6996 6996 7482 7482 7583 7583 7441 7441 6996 6996 7583 7583 6995 6995 7441 7441 7583 7583 7484 7484 6995 6995 7581 7581 7483 7483 7582 7582 7581 7581 6993 6993 7483 7483 7581 7581 6991 6991 6993 6993 7066 7066 6991 6991 7581 7581 7067 7067 6991 6991 7066 7066 7068 7068 6991 6991 7067 7067 7068 7068 7518 7518 6991 6991 7069 7069 7518 7518 7068 7068 7040 7040 7518 7518 7069 7069 7042 7042 7518 7518 7040 7040 7396 7396 7518 7518 7042 7042 7044 7044 7518 7518 7396 7396 7394 7394 7518 7518 7044 7044 7046 7046 7518 7518 7394 7394 7392 7392 7518 7518 7046 7046 7390 7390 7518 7518 7392 7392 7388 7388 7518 7518 7390 7390 7386 7386 7518 7518 7388 7388 7048 7048 7518 7518 7386 7386 7050 7050 7518 7518 7048 7048 7052 7052 7518 7518 7050 7050 7054 7054 7518 7518 7052 7052 7513 7513 7518 7518 7054 7054 7069 7069 7398 7398 7040 7040 7069 7069 7400 7400 7398 7398 7069 7069 7038 7038 7400 7400 7069 7069 7036 7036 7038 7038 7070 7070 7036 7036 7069 7069 7071 7071 7036 7036 7070 7070 7034 7034 7036 7036 7071 7071 7034 7034 6973 6973 7036 7036 6979 6979 6973 6973 7034 7034 6979 6979 6975 6975 6973 6973 6979 6979 6977 6977 6975 6975 7618 7618 7485 7485 7092 7092 7618 7618 7487 7487 7485 7485 7147 7147 7487 7487 7618 7618 7147 7147 7489 7489 7487 7487 7489 7489 7147 7147 7089 7089 7147 7147 7144 7144 7089 7089 7089 7089 7144 7144 7087 7087 7144 7144 7142 7142 7087 7087 7087 7087 7142 7142 7085 7085 7142 7142 7078 7078 7085 7085 7085 7085 7078 7078 7083 7083 7078 7078 7140 7140 7083 7083 7083 7083 7140 7140 7081 7081 7138 7138 7081 7081 7140 7140 7081 7081 7138 7138 7003 7003 6926 6926 7003 7003 7138 7138 7003 7003 6926 6926 7079 7079 7005 7005 7079 7079 6926 6926 6931 6931 7124 7124 7127 7127 6929 6929 7125 7125 6932 6932 6929 6929 7122 7122 7125 7125 7129 7129 7122 7122 6929 6929 7129 7129 6935 6935 7122 7122 7129 7129 7650 7650 6935 6935 7131 7131 7650 7650 7129 7129 7131 7131 7652 7652 7650 7650 7131 7131 7654 7654 7652 7652 7131 7131 7656 7656 7654 7654 7133 7133 7656 7656 7131 7131 7133 7133 7097 7097 7656 7656 7133 7133 7658 7658 7097 7097 6927 6927 7658 7658 7133 7133 6927 6927 7660 7660 7658 7658 7135 7135 7660 7660 6927 6927 7135 7135 7662 7662 7660 7660 7135 7135 7664 7664 7662 7662 6925 6925 7664 7664 7135 7135 7137 7137 7664 7664 6925 6925 7139 7139 7664 7664 7137 7137 7139 7139 7666 7666 7664 7664 7077 7077 7666 7666 7139 7139 7141 7141 7666 7666 7077 7077 7143 7143 7666 7666 7141 7141 7095 7095 7666 7666 7143 7143 7143 7143 7145 7145 7095 7095 7146 7146 7626 7626 7094 7094 7684 7684 7626 7626 7146 7146 7683 7683 7626 7626 7684 7684 7148 7148 7626 7626 7683 7683 7148 7148 7625 7625 7626 7626 7149 7149 7625 7625 7148 7148 7149 7149 7733 7733 7625 7625 7149 7149 7734 7734 7733 7733 7149 7149 7735 7735 7734 7734 7150 7150 7735 7735 7149 7149 7150 7150 7736 7736 7735 7735 7150 7150 7737 7737 7736 7736 7150 7150 7738 7738 7737 7737 7682 7682 7738 7738 7150 7150 7682 7682 7739 7739 7738 7738 7682 7682 7155 7155 7739 7739 7682 7682 7740 7740 7155 7155 7682 7682 7154 7154 7740 7740 7682 7682 7741 7741 7154 7154 7682 7682 7742 7742 7741 7741 7682 7682 7743 7743 7742 7742 7153 7153 7743 7743 7682 7682 7682 7682 7152 7152 7153 7153 7648 7648 6935 6935 7650 7650 7646 7646 6935 6935 7648 7648 7646 7646 6937 6937 6935 6935 7644 7644 6937 6937 7646 7646 7644 7644 6939 6939 6937 6937 7642 7642 6939 6939 7644 7644 7642 7642 7120 7120 6939 6939 7640 7640 7120 7120 7642 7642 7640 7640 7118 7118 7120 7120 7640 7640 7116 7116 7118 7118 7640 7640 7114 7114 7116 7116 7640 7640 7112 7112 7114 7114 7640 7640 7110 7110 7112 7112 7640 7640 7108 7108 7110 7110 7637 7637 7108 7108 7640 7640 7637 7637 7106 7106 7108 7108 7637 7637 7104 7104 7106 7106 7637 7637 7169 7169 7104 7104 7637 7637 7172 7172 7169 7169 7637 7637 7102 7102 7172 7172 7637 7637 7100 7100 7102 7102 7637 7637 7669 7669 7100 7100 7168 7168 7121 7121 7119 7119 7168 7168 7119 7119 7204 7204 7204 7204 7119 7119 7206 7206 7117 7117 7206 7206 7119 7119 7206 7206 7117 7117 7166 7166 7166 7166 7117 7117 7115 7115 7166 7166 7115 7115 7208 7208 7208 7208 7115 7115 7164 7164 7115 7115 7113 7113 7164 7164 7164 7164 7113 7113 7161 7161 7113 7113 7111 7111 7161 7161 7161 7161 7111 7111 7159 7159 7109 7109 7159 7159 7111 7111 7159 7159 7109 7109 7157 7157 7107 7107 7157 7157 7109 7109 7157 7157 7107 7107 7210 7210 7210 7210 7107 7107 7105 7105 7210 7210 7105 7105 7212 7212 7212 7212 7105 7105 7214 7214 7171 7171 7214 7214 7105 7105 7215 7215 7170 7170 7216 7216 7216 7216 7170 7170 7217 7217 7170 7170 7173 7173 7217 7217 7217 7217 7173 7173 7218 7218 7173 7173 7103 7103 7218 7218 7218 7218 7103 7103 7668 7668 7103 7103 7101 7101 7668 7668 7201 7201 7196 7196 7198 7198 7201 7201 7194 7194 7196 7196 7201 7201 7192 7192 7194 7194 7201 7201 7190 7190 7192 7192 7201 7201 7188 7188 7190 7190 6946 6946 7188 7188 7201 7201 6946 6946 7186 7186 7188 7188 6943 6943 7186 7186 6946 6946 6943 6943 7235 7235 7186 7186 6943 6943 7184 7184 7235 7235 6943 6943 7237 7237 7184 7184 6943 6943 7182 7182 7237 7237 6943 6943 7180 7180 7182 7182 6941 6941 7180 7180 6943 6943 6941 6941 7177 7177 7180 7180 6941 6941 7760 7760 7177 7177 6941 6941 7762 7762 7760 7760 6941 6941 7764 7764 7762 7762 6941 6941 7766 7766 7764 7764 6941 6941 7768 7768 7766 7766 6941 6941 7770 7770 7768 7768 7770 7770 7163 7163 7175 7175 6941 6941 7163 7163 7770 7770 6941 6941 7207 7207 7163 7163 6941 6941 7165 7165 7207 7207 6941 6941 7205 7205 7165 7165 6941 6941 7203 7203 7205 7205 6941 6941 7167 7167 7203 7203 7160 7160 7758 7758 7162 7162 7158 7158 7758 7758 7160 7160 7156 7156 7758 7758 7158 7158 7209 7209 7758 7758 7156 7156 7211 7211 7758 7758 7209 7209 7213 7213 7758 7758 7211 7211 7800 7800 7234 7234 7228 7228 7800 7800 7815 7815 7234 7234 7229 7229 7815 7815 7800 7800 7229 7229 7816 7816 7815 7815 7229 7229 7817 7817 7816 7816 7229 7229 7818 7818 7817 7817 7229 7229 7819 7819 7818 7818 7230 7230 7819 7819 7229 7229 7230 7230 7820 7820 7819 7819 7230 7230 7821 7821 7820 7820 7230 7230 7822 7822 7821 7821 7231 7231 7822 7822 7230 7230 7231 7231 7823 7823 7822 7822 7231 7231 7824 7824 7823 7823 7231 7231 7825 7825 7824 7824 7231 7231 7826 7826 7825 7825 7231 7231 7807 7807 7826 7826 7231 7231 7803 7803 7807 7807 7232 7232 7805 7805 7802 7802 7232 7232 7806 7806 7805 7805 7799 7799 7806 7806 7232 7232 7789 7789 7788 7788 7227 7227 7197 7197 6950 6950 7200 7200 6950 6950 7197 7197 7275 7275 7195 7195 7275 7275 7197 7197 7275 7275 7195 7195 7277 7277 7277 7277 7195 7195 7279 7279 7195 7195 7193 7193 7279 7279 7279 7279 7193 7193 7281 7281 7191 7191 7281 7281 7193 7193 7281 7281 7191 7191 7247 7247 7247 7247 7191 7191 7189 7189 7247 7247 7189 7189 7245 7245 7245 7245 7189 7189 7243 7243 7187 7187 7243 7243 7189 7189 7243 7243 7187 7187 7241 7241 7241 7241 7187 7187 7236 7236 7241 7241 7236 7236 7283 7283 7283 7283 7236 7236 7285 7285 7236 7236 7185 7185 7285 7285 7285 7285 7185 7185 7287 7287 7185 7185 7238 7238 7287 7287 7287 7287 7238 7238 7289 7289 7183 7183 7289 7289 7238 7238 7289 7289 7183 7183 7291 7291 7183 7183 7181 7181 7291 7291 7181 7181 7294 7294 7291 7291 7181 7181 7179 7179 7294 7294 7288 7288 7284 7284 7286 7286 7288 7288 7282 7282 7284 7284 7290 7290 7282 7282 7288 7288 7290 7290 7240 7240 7282 7282 7292 7292 7240 7240 7290 7290 7292 7292 7242 7242 7240 7240 7292 7292 7244 7244 7242 7242 7295 7295 7244 7244 7292 7292 7295 7295 7246 7246 7244 7244 7295 7295 7280 7280 7246 7246 7777 7777 7280 7280 7295 7295 7777 7777 7278 7278 7280 7280 7775 7775 7278 7278 7777 7777 7775 7775 7276 7276 7278 7278 7297 7297 7276 7276 7775 7775 7297 7297 7274 7274 7276 7276 7297 7297 6948 6948 7274 7274 7299 7299 6948 6948 7297 7297 7301 7301 6948 6948 7299 7299 7303 7303 6948 6948 7301 7301 7772 7772 6948 6948 7303 7303 7755 7755 6948 6948 7772 7772 7755 7755 7272 7272 6948 6948 7754 7754 7272 7272 7755 7755 7754 7754 6951 6951 7272 7272 7305 7305 6951 6951 7754 7754 7305 7305 7270 7270 6951 6951 7753 7753 7270 7270 7305 7305 7306 7306 7270 7270 7753 7753 7307 7307 7270 7270 7306 7306 7307 7307 6953 6953 7270 7270 7308 7308 6953 6953 7307 7307 7308 7308 7268 7268 6953 6953 7752 7752 7268 7268 7308 7308 7751 7751 7268 7268 7752 7752 7751 7751 7266 7266 7268 7268 7309 7309 7266 7266 7751 7751 7310 7310 7266 7266 7309 7309 7310 7310 6955 6955 7266 7266 7750 7750 6955 6955 7310 7310 7749 7749 6955 6955 7750 7750 7748 7748 6955 6955 7749 7749 7261 7261 6955 6955 7748 7748 7321 7321 6955 6955 7261 7261 7347 7347 6955 6955 7321 7321 7345 7345 6955 6955 7347 7347 7319 7319 6955 6955 7345 7345 6968 6968 6955 6955 7319 7319 6968 6968 6957 6957 6955 6955 7264 7264 6957 6957 6968 6968 7264 7264 6959 6959 6957 6957 6965 6965 6959 6959 7264 7264 6965 6965 6961 6961 6959 6959 6965 6965 6963 6963 6961 6961 7316 7316 7314 7314 7315 7315 7316 7316 7313 7313 7314 7314 7317 7317 7313 7313 7316 7316 7836 7836 7313 7313 7317 7317 7836 7836 7744 7744 7313 7313 7835 7835 7744 7744 7836 7836 7834 7834 7744 7744 7835 7835 7834 7834 7745 7745 7744 7744 7833 7833 7745 7745 7834 7834 7833 7833 7312 7312 7745 7745 7832 7832 7312 7312 7833 7833 7831 7831 7312 7312 7832 7832 7830 7830 7312 7312 7831 7831 7829 7829 7312 7312 7830 7830 7828 7828 7312 7312 7829 7829 7827 7827 7312 7312 7828 7828 7318 7318 7312 7312 7827 7827 7813 7813 7312 7312 7318 7318 7812 7812 7746 7746 7311 7311 7812 7812 7747 7747 7746 7746 7747 7747 7261 7261 7748 7748 7812 7812 7261 7261 7747 7747 7812 7812 7259 7259 7261 7261 7812 7812 7323 7323 7259 7259 7812 7812 7325 7325 7323 7323 7812 7812 7327 7327 7325 7325 7812 7812 7329 7329 7327 7327 7812 7812 7331 7331 7329 7329 7812 7812 7333 7333 7331 7331 7812 7812 7335 7335 7333 7333 7249 7249 7335 7335 7812 7812 7249 7249 7257 7257 7335 7335 7249 7249 7255 7255 7257 7257 7249 7249 7839 7839 7255 7255 7249 7249 7252 7252 7839 7839 7320 7320 6970 6970 6969 6969 7346 7346 6970 6970 7320 7320 7262 7262 7348 7348 7322 7322 7356 7356 7349 7349 7263 7263 7260 7260 7356 7356 7263 7263 7324 7324 7356 7356 7260 7260 7351 7351 7356 7356 7324 7324 7326 7326 7351 7351 7324 7324 7328 7328 7351 7351 7326 7326 7330 7330 7351 7351 7328 7328 7332 7332 7351 7351 7330 7330 7353 7353 7351 7351 7332 7332 7334 7334 7353 7353 7332 7332 7336 7336 7353 7353 7334 7334 7931 7931 7727 7727 7959 7959 7258 7258 7353 7353 7336 7336 7256 7256 7353 7353 7258 7258 7354 7354 7353 7353 7256 7256 7840 7840 7354 7354 7256 7256 7346 7346 7355 7355 6970 6970 7360 7360 7355 7355 7346 7346 7349 7349 7360 7360 7346 7346 7356 7356 7360 7360 7349 7349 7351 7351 7361 7361 7356 7356 7362 7362 7361 7361 7351 7351 7357 7357 7362 7362 7351 7351 7353 7353 7357 7357 7351 7351 7359 7359 7357 7357 7353 7353 7354 7354 7359 7359 7353 7353 7360 7360 7343 7343 7355 7355 7361 7361 7360 7360 7356 7356 6990 6990 6967 6967 7975 7975 6967 6967 7407 7407 7975 7975 7357 7357 7363 7363 7362 7362 7364 7364 7363 7363 7357 7357 7359 7359 7364 7364 7357 7357 7365 7365 7364 7364 7359 7359 7343 7343 7371 7371 7342 7342 7371 7371 7343 7343 7372 7372 7360 7360 7372 7372 7343 7343 7372 7372 7360 7360 7341 7341 7341 7341 7360 7360 7340 7340 7361 7361 7340 7340 7360 7360 7340 7340 7361 7361 7339 7339 7339 7339 7361 7361 7338 7338 7362 7362 7338 7338 7361 7361 7338 7338 7362 7362 7337 7337 7337 7337 7362 7362 7373 7373 7363 7363 7373 7373 7362 7362 7373 7373 7363 7363 7375 7375 7376 7376 7363 7363 7378 7378 7364 7364 7378 7378 7363 7363 7378 7378 7364 7364 7379 7379 7379 7379 7364 7364 7380 7380 7380 7380 7364 7364 7381 7381 7365 7365 7381 7381 7364 7364 7381 7381 7365 7365 7382 7382 7370 7370 7371 7371 7372 7372 7370 7370 7372 7372 7403 7403 7403 7403 7372 7372 7341 7341 7403 7403 7341 7341 7404 7404 7404 7404 7341 7341 7369 7369 7341 7341 7340 7340 7369 7369 7369 7369 7340 7340 7405 7405 7340 7340 7339 7339 7405 7405 7405 7405 7339 7339 7368 7368 7339 7339 7338 7338 7368 7368 7368 7368 7338 7338 7406 7406 7338 7338 7337 7337 7406 7406 7406 7406 7337 7337 7367 7367 7337 7337 7373 7373 7367 7367 7367 7367 7373 7373 7366 7366 7373 7373 7375 7375 7366 7366 7366 7366 7375 7375 7408 7408 7409 7409 7376 7376 7378 7378 7409 7409 7378 7378 7411 7411 7411 7411 7378 7378 7379 7379 7411 7411 7379 7379 7412 7412 7412 7412 7379 7379 7380 7380 7412 7412 7380 7380 7413 7413 7413 7413 7380 7380 7414 7414 7380 7380 7381 7381 7414 7414 7414 7414 7381 7381 7415 7415 7381 7381 7382 7382 7415 7415 7403 7403 7418 7418 7370 7370 7401 7401 7418 7418 7403 7403 7404 7404 7401 7401 7403 7403 7369 7369 7401 7401 7404 7404 7421 7421 7401 7401 7369 7369 7405 7405 7421 7421 7369 7369 7368 7368 7421 7421 7405 7405 7422 7422 7421 7421 7368 7368 7406 7406 7422 7422 7368 7368 7367 7367 7422 7422 7406 7406 7423 7423 7422 7422 7367 7367 7366 7366 7423 7423 7367 7367 7408 7408 7423 7423 7366 7366 7411 7411 7423 7423 7409 7409 7419 7419 7423 7423 7411 7411 7412 7412 7419 7419 7411 7411 7413 7413 7419 7419 7412 7412 7414 7414 7419 7419 7413 7413 7420 7420 7419 7419 7414 7414 7415 7415 7420 7420 7414 7414 7402 7402 7418 7418 7401 7401 7239 7239 7721 7721 7971 7971 7926 7926 7055 7055 7927 7927 7974 7974 7971 7971 7721 7721 7419 7419 7424 7424 7423 7423 7514 7514 7424 7424 7419 7419 7420 7420 7514 7514 7419 7419 7970 7970 7219 7219 7931 7931 7219 7219 7473 7473 7931 7931 7421 7421 7037 7037 7401 7401 7399 7399 7037 7037 7421 7421 7422 7422 7399 7399 7421 7421 7041 7041 7399 7399 7422 7422 7423 7423 7041 7041 7422 7422 7425 7425 7041 7041 7423 7423 7424 7424 7425 7425 7423 7423 7426 7426 7425 7425 7424 7424 7427 7427 7426 7426 7424 7424 7514 7514 7427 7427 7424 7424 7035 7035 7401 7401 7037 7037 7397 7397 7399 7399 7039 7039 7041 7041 7039 7039 7399 7399 7395 7395 7041 7041 7043 7043 7043 7043 7041 7041 7393 7393 7425 7425 7393 7393 7041 7041 7393 7393 7425 7425 7045 7045 7045 7045 7425 7425 7391 7391 7426 7426 7391 7391 7425 7425 7391 7391 7426 7426 7389 7389 7426 7426 7387 7387 7389 7389 7387 7387 7426 7426 7385 7385 7385 7385 7426 7426 7047 7047 7427 7427 7047 7047 7426 7426 7047 7047 7427 7427 7049 7049 7049 7049 7427 7427 7051 7051 7051 7051 7427 7427 7053 7053 7857 7857 7497 7497 7496 7496 7495 7495 7857 7857 7496 7496 7434 7434 7456 7456 7495 7495 7495 7495 7456 7456 7857 7857 7457 7457 7857 7857 7456 7456 7433 7433 7857 7857 7457 7457 7432 7432 7433 7433 7457 7457 7407 7407 7962 7962 7508 7508 7430 7430 7431 7431 7458 7458 7859 7859 7430 7430 7459 7459 7860 7860 7859 7859 7459 7459 7872 7872 7860 7860 7459 7459 7449 7449 7860 7860 7872 7872 7451 7451 7860 7860 7449 7449 7453 7453 7860 7860 7450 7450 7434 7434 7460 7460 7456 7456 7462 7462 7457 7457 7456 7456 7463 7463 7457 7457 7462 7462 7432 7432 7457 7457 7463 7463 7464 7464 7432 7432 7463 7463 7431 7431 7432 7432 7464 7464 7458 7458 7431 7431 7464 7464 7465 7465 7430 7430 7458 7458 7459 7459 7430 7430 7465 7465 7872 7872 7459 7459 7447 7447 7435 7435 7466 7466 7460 7460 7456 7456 7460 7460 7466 7466 7462 7462 7456 7456 7466 7466 7446 7446 7459 7459 7465 7465 7447 7447 7459 7459 7446 7446 7494 7494 7468 7468 7435 7435 7435 7435 7468 7468 7466 7466 7469 7469 7466 7466 7468 7468 7977 7977 7759 7759 7978 7978 7462 7462 7466 7466 7469 7469 7463 7463 7462 7462 7470 7470 7471 7471 7463 7463 7470 7470 7464 7464 7463 7463 7471 7471 7472 7472 7464 7464 7471 7471 7458 7458 7464 7464 7472 7472 7465 7465 7458 7458 7472 7472 7446 7446 7465 7465 7862 7862 6945 6945 6934 6934 7407 7407 7470 7470 7462 7462 7469 7469 7445 7445 7465 7465 7472 7472 7862 7862 7465 7465 7445 7445 7474 7474 7494 7494 7436 7436 7468 7468 7494 7494 7474 7474 7469 7469 7468 7468 7474 7474 7475 7475 7469 7469 7474 7474 7470 7470 7469 7469 7475 7475 7471 7471 7470 7470 7476 7476 7477 7477 7471 7471 7476 7476 7472 7472 7471 7471 7477 7477 7444 7444 7472 7472 7477 7477 7445 7445 7472 7472 7444 7444 7493 7493 7478 7478 7437 7437 7437 7437 7478 7478 7436 7436 7474 7474 7436 7436 7478 7478 7470 7470 7475 7475 7479 7479 7476 7476 7470 7470 7479 7479 7444 7444 7477 7477 7443 7443 7493 7493 7481 7481 7478 7478 7475 7475 7474 7474 7478 7478 7482 7482 7475 7475 7478 7478 7479 7479 7475 7475 7482 7482 7484 7484 7476 7476 7479 7479 7477 7477 7476 7476 7484 7484 7442 7442 7477 7477 7484 7484 7443 7443 7477 7477 7442 7442 7492 7492 7491 7491 7439 7439 7492 7492 7439 7439 7481 7481 7440 7440 7481 7481 7439 7439 7478 7478 7481 7481 7440 7440 7001 7001 7478 7478 7440 7440 7000 7000 7478 7478 7001 7001 6999 6999 7478 7478 7000 7000 6998 6998 7478 7478 6999 6999 7482 7482 7478 7478 6998 6998 6997 6997 7482 7482 6998 6998 7407 7407 7508 7508 7975 7975 6996 6996 7479 7479 7482 7482 7441 7441 7479 7479 6996 6996 7484 7484 7479 7479 7441 7441 6995 6995 7484 7484 7441 7441 6994 6994 7442 7442 7484 7484 7442 7442 6994 6994 6992 6992 7492 7492 7490 7490 7491 7491 7490 7490 7492 7492 7481 7481 7490 7490 7481 7481 7488 7488 7493 7493 7488 7488 7481 7481 7488 7488 7493 7493 7437 7437 7488 7488 7437 7437 7486 7486 7437 7437 7588 7588 7486 7486 7436 7436 7588 7588 7437 7437 7588 7588 7436 7436 7590 7590 7494 7494 7590 7590 7436 7436 7590 7590 7494 7494 7592 7592 7435 7435 7592 7592 7494 7494 7592 7592 7435 7435 7594 7594 7594 7594 7435 7435 7460 7460 7594 7594 7460 7460 7596 7596 7596 7596 7460 7460 7434 7434 7596 7596 7434 7434 7505 7505 7434 7434 7503 7503 7505 7505 7495 7495 7503 7503 7434 7434 7503 7503 7495 7495 7501 7501 7496 7496 7501 7501 7495 7495 7501 7501 7496 7496 7599 7599 7497 7497 7599 7599 7496 7496 7499 7499 7599 7599 7497 7497 7053 7053 7520 7520 7512 7512 7427 7427 7520 7520 7053 7053 7514 7514 7520 7520 7427 7427 7520 7520 7514 7514 7509 7509 7420 7420 7509 7509 7514 7514 7509 7509 7420 7420 7521 7521 7415 7415 7521 7521 7420 7420 7523 7523 7521 7521 7415 7415 7250 7250 7534 7534 7254 7254 7250 7250 7531 7531 7534 7534 7250 7250 7529 7529 7531 7531 7250 7250 7527 7527 7529 7529 7810 7810 7527 7527 7250 7250 7527 7527 7810 7810 7525 7525 7535 7535 7525 7525 7810 7810 7535 7535 7842 7842 7525 7525 7842 7842 7535 7535 7845 7845 7535 7535 7539 7539 7845 7845 7845 7845 7539 7539 7902 7902 7845 7845 7902 7902 7524 7524 7902 7902 7900 7900 7524 7524 7900 7900 7540 7540 7524 7524 7540 7540 7541 7541 7524 7524 7541 7541 7899 7899 7524 7524 7899 7899 7898 7898 7524 7524 7898 7898 7897 7897 7524 7524 7542 7542 7524 7524 7897 7897 7543 7543 7524 7524 7542 7542 7896 7896 7524 7524 7543 7543 7895 7895 7524 7524 7896 7896 7904 7904 7524 7524 7895 7895 7906 7906 7524 7524 7904 7904 7906 7906 7522 7522 7524 7524 7906 7906 7510 7510 7522 7522 7905 7905 7510 7510 7906 7906 7544 7544 7510 7510 7905 7905 7545 7545 7510 7510 7544 7544 7545 7545 7519 7519 7510 7510 7557 7557 7519 7519 7545 7545 7556 7556 7519 7519 7557 7557 7546 7546 7519 7519 7556 7556 7546 7546 7511 7511 7519 7519 7555 7555 7511 7511 7546 7546 7547 7547 7511 7511 7555 7555 7554 7554 7511 7511 7547 7547 7548 7548 7511 7511 7554 7554 7553 7553 7511 7511 7548 7548 7552 7552 7511 7511 7553 7553 7517 7517 7511 7511 7552 7552 7485 7485 7620 7620 7092 7092 7485 7485 7613 7613 7620 7620 7485 7485 7622 7622 7613 7613 7485 7485 7624 7624 7622 7622 7485 7485 7611 7611 7624 7624 7485 7485 7609 7609 7611 7611 7485 7485 7607 7607 7609 7609 7485 7485 7605 7605 7607 7607 7485 7485 7603 7603 7605 7605 7485 7485 7601 7601 7603 7603 7485 7485 7892 7892 7601 7601 7587 7587 7892 7892 7485 7485 7589 7589 7892 7892 7587 7587 7591 7591 7892 7892 7589 7589 7593 7593 7892 7892 7591 7591 7595 7595 7892 7892 7593 7593 7504 7504 7892 7892 7595 7595 7502 7502 7892 7892 7504 7504 7500 7500 7892 7892 7502 7502 7598 7598 7892 7892 7500 7500 7498 7498 7892 7892 7598 7598 7146 7146 7685 7685 7684 7684 7617 7617 7685 7685 7146 7146 7685 7685 7617 7617 7693 7693 7091 7091 7693 7693 7617 7617 7091 7091 7694 7694 7693 7693 7694 7694 7091 7091 7619 7619 7694 7694 7619 7619 7686 7686 7612 7612 7686 7686 7619 7619 7686 7686 7612 7612 7615 7615 7621 7621 7615 7615 7612 7612 7621 7621 7687 7687 7615 7615 7687 7687 7621 7621 7623 7623 7687 7687 7623 7623 7688 7688 7623 7623 7610 7610 7688 7688 7688 7688 7610 7610 7608 7608 7688 7688 7608 7608 7689 7689 7606 7606 7689 7689 7608 7608 7689 7689 7606 7606 7690 7690 7606 7606 7604 7604 7690 7690 7690 7690 7604 7604 7602 7602 7690 7690 7602 7602 7708 7708 7600 7600 7708 7708 7602 7602 7708 7708 7600 7600 7614 7614 7894 7894 7614 7614 7600 7600 7934 7934 7614 7614 7894 7894 7638 7638 7674 7674 7670 7670 7639 7639 7636 7636 7673 7673 7636 7636 7639 7639 7641 7641 7636 7636 7641 7641 7635 7635 7643 7643 7635 7635 7641 7641 7635 7635 7643 7643 7921 7921 7645 7645 7921 7921 7643 7643 7921 7921 7645 7645 7922 7922 7647 7647 7922 7922 7645 7645 7922 7922 7647 7647 7923 7923 7923 7923 7647 7647 7649 7649 7923 7923 7649 7649 7634 7634 7651 7651 7634 7634 7649 7649 7634 7634 7651 7651 7633 7633 7653 7653 7633 7633 7651 7651 7633 7633 7653 7653 7655 7655 7633 7633 7655 7655 7632 7632 7632 7632 7655 7655 7657 7657 7632 7632 7657 7657 7631 7631 7098 7098 7631 7631 7657 7657 7630 7630 7631 7631 7098 7098 7659 7659 7630 7630 7098 7098 7659 7659 7924 7924 7630 7630 7924 7924 7659 7659 7925 7925 7659 7659 7661 7661 7925 7925 7663 7663 7925 7925 7661 7661 7925 7925 7663 7663 7629 7629 7665 7665 7629 7629 7663 7663 7629 7629 7665 7665 7628 7628 7628 7628 7665 7665 7667 7667 7628 7628 7667 7667 7627 7627 7627 7627 7667 7667 7096 7096 7668 7668 7672 7672 7784 7784 7101 7101 7672 7672 7668 7668 7671 7671 7672 7672 7101 7101 7675 7675 7784 7784 7672 7672 7683 7683 7684 7684 7685 7685 7693 7693 7683 7683 7685 7685 7683 7683 7693 7693 7148 7148 7149 7149 7148 7148 7693 7693 7150 7150 7149 7149 7682 7682 7681 7681 7682 7682 7149 7149 7682 7682 7681 7681 7152 7152 7695 7695 7693 7693 7694 7694 7149 7149 7693 7693 7695 7695 7696 7696 7149 7149 7695 7695 7681 7681 7149 7149 7696 7696 7681 7681 7696 7696 7680 7680 7695 7695 7694 7694 7686 7686 7597 7597 7933 7933 7944 7944 7680 7680 7696 7696 7716 7716 7687 7687 7697 7697 7615 7615 7615 7615 7697 7697 7686 7686 7695 7695 7686 7686 7697 7697 7698 7698 7695 7695 7697 7697 7696 7696 7695 7695 7698 7698 7699 7699 7696 7696 7698 7698 7716 7716 7696 7696 7699 7699 7716 7716 7699 7699 7717 7717 7717 7717 7699 7699 7718 7718 7972 7972 7055 7055 7926 7926 7701 7701 7687 7687 7688 7688 7697 7697 7687 7687 7701 7701 7702 7702 7697 7697 7701 7701 7698 7698 7697 7697 7702 7702 7703 7703 7698 7698 7702 7702 7699 7699 7698 7698 7703 7703 7704 7704 7699 7699 7703 7703 7718 7718 7699 7699 7704 7704 7718 7718 7704 7704 7679 7679 7705 7705 7688 7688 7689 7689 7701 7701 7688 7688 7705 7705 7679 7679 7704 7704 7706 7706 6945 6945 7407 7407 6967 6967 7705 7705 7689 7689 7709 7709 7710 7710 7701 7701 7705 7705 7702 7702 7701 7701 7710 7710 7711 7711 7702 7702 7710 7710 7703 7703 7702 7702 7711 7711 7712 7712 7703 7703 7711 7711 7704 7704 7703 7703 7712 7712 7678 7678 7704 7704 7712 7712 7707 7707 7704 7704 7678 7678 7239 7239 7971 7971 7725 7725 7705 7705 7709 7709 7713 7713 7710 7710 7705 7705 7713 7713 7725 7725 7971 7971 7970 7970 7711 7711 7710 7710 7714 7714 7678 7678 7712 7712 7715 7715 7961 7961 7597 7597 7928 7928 7678 7678 7715 7715 7677 7677 7713 7713 7709 7709 7934 7934 7932 7932 7677 7677 7715 7715 7756 7756 7174 7174 7773 7773 7761 7761 7293 7293 7178 7178 7293 7293 7761 7761 7296 7296 7763 7763 7296 7296 7761 7761 7296 7296 7763 7763 7778 7778 7765 7765 7778 7778 7763 7763 7778 7778 7765 7765 7776 7776 7767 7767 7776 7776 7765 7765 7767 7767 7298 7298 7776 7776 7298 7298 7767 7767 7300 7300 7767 7767 7769 7769 7300 7300 7300 7300 7769 7769 7302 7302 7769 7769 7771 7771 7302 7302 7302 7302 7771 7771 7304 7304 7771 7771 7176 7176 7304 7304 7304 7304 7176 7176 7774 7774 7176 7176 7757 7757 7774 7774 7779 7779 7912 7912 7787 7787 7912 7912 7779 7779 7913 7913 7779 7779 7780 7780 7913 7913 7913 7913 7780 7780 7914 7914 7780 7780 7226 7226 7914 7914 7225 7225 7914 7914 7226 7226 7914 7914 7225 7225 7915 7915 7224 7224 7915 7915 7225 7225 7915 7915 7224 7224 7916 7916 7224 7224 7223 7223 7916 7916 7916 7916 7223 7223 7222 7222 7916 7916 7222 7222 7786 7786 7222 7222 7785 7785 7786 7786 7221 7221 7785 7785 7222 7222 7785 7785 7221 7221 7919 7919 7221 7221 7781 7781 7919 7919 7782 7782 7919 7919 7781 7781 7919 7919 7782 7782 7920 7920 7782 7782 7783 7783 7920 7920 7783 7783 7675 7675 7920 7920 7783 7783 7784 7784 7675 7675 7814 7814 7811 7811 7251 7251 7814 7814 7536 7536 7811 7811 7808 7808 7536 7536 7814 7814 7538 7538 7537 7537 7809 7809 7903 7903 7538 7538 7809 7809 7809 7809 7804 7804 7903 7903 7901 7901 7538 7538 7903 7903 7382 7382 7530 7530 7528 7528 7365 7365 7530 7530 7382 7382 7530 7530 7365 7365 7532 7532 7359 7359 7532 7532 7365 7365 7532 7532 7359 7359 7533 7533 7354 7354 7533 7533 7359 7359 7840 7840 7533 7533 7354 7354 7253 7253 7533 7533 7840 7840 7415 7415 7844 7844 7523 7523 7415 7415 7843 7843 7844 7844 7415 7415 7526 7526 7843 7843 7382 7382 7526 7526 7415 7415 7528 7528 7526 7526 7382 7382 7857 7857 7856 7856 7497 7497 7857 7857 7855 7855 7856 7856 7855 7855 7857 7857 7854 7854 7857 7857 7433 7433 7854 7854 7854 7854 7433 7433 7853 7853 7853 7853 7433 7433 7852 7852 7852 7852 7433 7433 7432 7432 7852 7852 7432 7432 7851 7851 7851 7851 7432 7432 7431 7431 7851 7851 7431 7431 7874 7874 7874 7874 7431 7431 7878 7878 7878 7878 7431 7431 7430 7430 7878 7878 7430 7430 7850 7850 7850 7850 7430 7430 7859 7859 7850 7850 7859 7859 7849 7849 7849 7849 7859 7859 7860 7860 7849 7849 7860 7860 7848 7848 7848 7848 7860 7860 7879 7879 7879 7879 7860 7860 7453 7453 7879 7879 7453 7453 7881 7881 7847 7847 7881 7881 7453 7453 7967 7967 7881 7881 7847 7847 7727 7727 7937 7937 7980 7980 7937 7937 7952 7952 7980 7980 7597 7597 7969 7969 7933 7933 7969 7969 7960 7960 7933 7933 7957 7957 7358 7358 7055 7055 6990 6990 7975 7975 7002 7002 7934 7934 7730 7730 7891 7891 7891 7891 7926 7926 7934 7934 7894 7894 7730 7730 7934 7934 7893 7893 7889 7889 7729 7729 7499 7499 7889 7889 7893 7893 7887 7887 7889 7889 7499 7499 7497 7497 7887 7887 7499 7499 7497 7497 7939 7939 7887 7887 7497 7497 7856 7856 7939 7939 7927 7927 7934 7934 7926 7926 7934 7934 7927 7927 7713 7713 7927 7927 7973 7973 7713 7713 7973 7973 7979 7979 7713 7713 7713 7713 7979 7979 7710 7710 7979 7979 7480 7480 7710 7710 7710 7710 7480 7480 7714 7714 7480 7480 7866 7866 7714 7714 7971 7971 7219 7219 7970 7970 7866 7866 7867 7867 7714 7714 7714 7714 7867 7867 7711 7711 7867 7867 7944 7944 7711 7711 7711 7711 7944 7944 7712 7712 7944 7944 7933 7933 7712 7712 7712 7712 7933 7933 7715 7715 7933 7933 7929 7929 7715 7715 7928 7928 7597 7597 7944 7944 7929 7929 7960 7960 7715 7715 7715 7715 7960 7960 7930 7930 7715 7715 7930 7930 7461 7461 7715 7715 7461 7461 7932 7932 7719 7719 7932 7932 7461 7461 7928 7928 7944 7944 7867 7867 7978 7978 7759 7759 7961 7961 7865 7865 7928 7928 7883 7883 7883 7883 7928 7928 7866 7866 7977 7977 7978 7978 7865 7865 7969 7969 7461 7461 7960 7960 7930 7930 7960 7960 7461 7461 7866 7866 7928 7928 7867 7867 7759 7759 7968 7968 7961 7961 7055 7055 7973 7973 7927 7927 7961 7961 7968 7968 7597 7597 6934 6934 7725 7725 7407 7407 7727 7727 7980 7980 7968 7968 7407 7407 7724 7724 7962 7962 7979 7979 7883 7883 7480 7480 7937 7937 7727 7727 7938 7938 7002 7002 7975 7975 7358 7358 7952 7952 7936 7936 7980 7980 7933 7933 7960 7960 7929 7929 7508 7508 7962 7962 7977 7977 7358 7358 7865 7865 7883 7883 7883 7883 7866 7866 7480 7480 7724 7724 7959 7959 7962 7962 7358 7358 7883 7883 7973 7973 7973 7973 7883 7883 7979 7979 7971 7971 7974 7974 7219 7219 7725 7725 7724 7724 7407 7407 7725 7725 7970 7970 7724 7724 7055 7055 7358 7358 7973 7973 7508 7508 7977 7977 7865 7865 7931 7931 7938 7938 7727 7727 7865 7865 7978 7978 7928 7928 7970 7970 7931 7931 7724 7724 7724 7724 7931 7931 7959 7959 7975 7975 7508 7508 7358 7358 7358 7358 7508 7508 7865 7865 7962 7962 7759 7759 7977 7977 7473 7473 7938 7938 7931 7931 6920 6920 7725 7725 6934 6934 7978 7978 7961 7961 7928 7928 7969 7969 7936 7936 7461 7461 7950 7950 7461 7461 7936 7936 6920 6920 7239 7239 7725 7725 7759 7759 7727 7727 7968 7968 7692 7692 7976 7976 7911 7911 7962 7962 7959 7959 7759 7759 7002 7002 7358 7358 7958 7958 7958 7958 7358 7358 7957 7957 7461 7461 7950 7950 7719 7719 7597 7597 7968 7968 7969 7969 7877 7877 7855 7855 7854 7854 7855 7855 7877 7877 7856 7856 7877 7877 7946 7946 7856 7856 7959 7959 7727 7727 7759 7759 7874 7874 7876 7876 7851 7851 7851 7851 7876 7876 7852 7852 7875 7875 7852 7852 7876 7876 7854 7854 7852 7852 7875 7875 7873 7873 7854 7854 7875 7875 7877 7877 7854 7854 7873 7873 7882 7882 7877 7877 7873 7873 7878 7878 7850 7850 7871 7871 7878 7878 7871 7871 7874 7874 7876 7876 7874 7874 7871 7871 7870 7870 7876 7876 7871 7871 7875 7875 7876 7876 7870 7870 7700 7700 7873 7873 7875 7875 7884 7884 7873 7873 7700 7700 7882 7882 7873 7873 7884 7884 7849 7849 7452 7452 7850 7850 7448 7448 7850 7850 7452 7452 7871 7871 7850 7850 7448 7448 7410 7410 7871 7871 7448 7448 7377 7377 7871 7871 7410 7410 7870 7870 7871 7871 7377 7377 7374 7374 7870 7870 7377 7377 7880 7880 7870 7870 7374 7374 7875 7875 7870 7870 7880 7880 7700 7700 7875 7875 7880 7880 7848 7848 7864 7864 7849 7849 7551 7551 7849 7849 7864 7864 7452 7452 7849 7849 7551 7551 7448 7448 7452 7452 7551 7551 7880 7880 7374 7374 7220 7220 7438 7438 7880 7880 7220 7220 7943 7943 7880 7880 7438 7438 7700 7700 7880 7880 7943 7943 7879 7879 7881 7881 7864 7864 7879 7879 7864 7864 7848 7848 7448 7448 7551 7551 7350 7350 7410 7410 7448 7448 7350 7350 7868 7868 7410 7410 7350 7350 7377 7377 7410 7410 7868 7868 7374 7374 7377 7377 7868 7868 7220 7220 7374 7374 7868 7868 7967 7967 7954 7954 7881 7881 7966 7966 7881 7881 7954 7954 7720 7720 7881 7881 7966 7966 7864 7864 7881 7881 7720 7720 7233 7233 7864 7864 7720 7720 7551 7551 7864 7864 7233 7233 7863 7863 7551 7551 7233 7233 7350 7350 7551 7551 7863 7863 7951 7951 7350 7350 7863 7863 7868 7868 7350 7350 7951 7951 7691 7691 7868 7868 7951 7951 7220 7220 7868 7868 7691 7691 7942 7942 7220 7220 7691 7691 7438 7438 7220 7220 7942 7942 7233 7233 7720 7720 7945 7945 7616 7616 7233 7233 7945 7945 7352 7352 7233 7233 7616 7616 7863 7863 7233 7233 7352 7352 7885 7885 7863 7863 7352 7352 7951 7951 7863 7863 7885 7885 7691 7691 7951 7951 7885 7885 7941 7941 7691 7691 7935 7935 7942 7942 7691 7691 7941 7941 7352 7352 7616 7616 7467 7467 7907 7907 7352 7352 7467 7467 7885 7885 7352 7352 7907 7907 7691 7691 7885 7885 7869 7869 7940 7940 7691 7691 7869 7869 7935 7935 7691 7691 7940 7940 7965 7965 7885 7885 7907 7907 7869 7869 7885 7885 7965 7965 7964 7964 7940 7940 7869 7869 7963 7963 7940 7940 7964 7964 7946 7946 7939 7939 7856 7856 7946 7946 7947 7947 7939 7939 7947 7947 7946 7946 7877 7877 7947 7947 7877 7877 7948 7948 7882 7882 7948 7948 7877 7877 7882 7882 7918 7918 7948 7948 7918 7918 7882 7882 7917 7917 7882 7882 7884 7884 7917 7917 7917 7917 7884 7884 7700 7700 7917 7917 7700 7700 7910 7910 7910 7910 7700 7700 7943 7943 7910 7910 7943 7943 7949 7949 7949 7949 7943 7943 7438 7438 7949 7949 7438 7438 7909 7909 7909 7909 7438 7438 7942 7942 7909 7909 7942 7942 7908 7908 7908 7908 7942 7942 7953 7953 7942 7942 7941 7941 7953 7953 7953 7953 7941 7941 7955 7955 7941 7941 7935 7935 7955 7955 7955 7955 7935 7935 7940 7940 7955 7955 7940 7940 7956 7956 7963 7963 7956 7956 7940 7940 7947 7947 7887 7887 7939 7939 7947 7947 7837 7837 7886 7886 7837 7837 7947 7947 7838 7838 7947 7947 7948 7948 7838 7838 7918 7918 7838 7838 7948 7948 7838 7838 7918 7918 7801 7801 7917 7917 7801 7801 7918 7918 7801 7801 7917 7917 7841 7841 7841 7841 7917 7917 7846 7846 7917 7917 7910 7910 7846 7846 7846 7846 7910 7910 7858 7858 7949 7949 7858 7858 7910 7910 7858 7858 7949 7949 7798 7798 7798 7798 7949 7949 7909 7909 7798 7798 7909 7909 7797 7797 7861 7861 7797 7797 7909 7909 7908 7908 7861 7861 7909 7909 7908 7908 7796 7796 7861 7861 7953 7953 7796 7796 7908 7908 7796 7796 7953 7953 7795 7795 7955 7955 7795 7795 7953 7953 7955 7955 7794 7794 7795 7795 7955 7955 7793 7793 7794 7794 7956 7956 7793 7793 7955 7955 7890 7890 7888 7888 7792 7792 7792 7792 7728 7728 7890 7890 7792 7792 7550 7550 7728 7728 7792 7792 7732 7732 7550 7550 7792 7792 7516 7516 7732 7732 7792 7792 7507 7507 7516 7516 7792 7792 7455 7455 7507 7507 7792 7792 7429 7429 7455 7455 7792 7792 7417 7417 7429 7429 7792 7792 7384 7384 7417 7417 7730 7730 7573 7573 7891 7891 7549 7549 7573 7573 7730 7730 7549 7549 7586 7586 7573 7573 7731 7731 7586 7586 7549 7549 7731 7731 7151 7151 7586 7586 7151 7151 7731 7731 7099 7099 7515 7515 7099 7099 7731 7731 7099 7099 7515 7515 7093 7093 7093 7093 7515 7515 7076 7076 7515 7515 7506 7506 7076 7076 7076 7076 7506 7506 7072 7072 7454 7454 7072 7072 7506 7506 7072 7072 7454 7454 7056 7056 7056 7056 7454 7454 7428 7428 7056 7056 7428 7428 7676 7676 7676 7676 7428 7428 7416 7416 7676 7676 7416 7416 7028 7028 7383 7383 7028 7028 7416 7416 7028 7028 7383 7383 7023 7023 7790 7790 7023 7023 7383 7383 7023 7023 7790 7790 7722 7722 7344 7344 7722 7722 7790 7790 7722 7722 7344 7344 7723 7723 7723 7723 7344 7344 7791 7791 7723 7723 7791 7791 6971 6971 6971 6971 7791 7791 7726 7726 7791 7791 7248 7248 7726 7726 7726 7726 7248 7248 7911 7911 7573 7573 7926 7926 7891 7891 7573 7573 7972 7972 7926 7926 7972 7972 7573 7573 7586 7586 7972 7972 7586 7586 7055 7055 7151 7151 7055 7055 7586 7586 7151 7151 7957 7957 7055 7055 7957 7957 7151 7151 7958 7958 7151 7151 7099 7099 7958 7958 7093 7093 7958 7958 7099 7099 7958 7958 7093 7093 7002 7002 7093 7093 7076 7076 7002 7002 7072 7072 7002 7002 7076 7076 7002 7002 7072 7072 6990 6990 7072 7072 7056 7056 6990 6990 6990 6990 7056 7056 7676 7676 6990 6990 7676 7676 6967 6967 7028 7028 6967 6967 7676 7676 6967 6967 7028 7028 6945 6945 7028 7028 7023 7023 6945 6945 6945 6945 7023 7023 6934 6934 7023 7023 7722 7722 6934 6934 6934 6934 7722 7722 7723 7723 6934 6934 7723 7723 6920 6920 7723 7723 6971 6971 6920 6920 6920 6920 6971 6971 7726 7726 6920 6920 7726 7726 7239 7239 7911 7911 7239 7239 7726 7726 7976 7976 7239 7239 7911 7911 7968 7968 7980 7980 7969 7969 7980 7980 7936 7936 7969 7969</p>
        </triangles>
      </mesh>
    </geometry>
  </library_geometries>
  <library_materials>
    <material id="baeedc50fadf410a9ba4013a9424c44d" name="defaultmaterial">
      <instance_effect url="#9de46b1faf134d7a9cc9758b220f6c48"/>
    </material>
  </library_materials>
  <library_visual_scenes>
    <visual_scene id="scene">
      <node id="node0" name="node0">
        <instance_geometry url="#38784f9b72d24843ac829b20b0cde43d">
          <bind_material>
            <technique_common>
              <instance_material symbol="material0" target="#baeedc50fadf410a9ba4013a9424c44d"/>
            </technique_common>
          </bind_material>
        </instance_geometry>
      </node>
    </visual_scene>
  </library_visual_scenes>
  <scene>
    <instance_visual_scene url="#scene"/>
  </scene>
</COLLADA>
